2025-10-21 13:52:39,715 - INFO - scraping urls from file: ../google_scraping/article_urls/Telegraph/telegraph.co.uk_2024-10-01_2024-10-31_urls.csv
2025-10-21 13:52:39,716 - INFO - Successfully retrieved session from session_Telegraph.pickle
2025-10-21 13:52:39,794 - INFO - Parsing url: https://www.telegraph.co.uk/films/2024/10/02/meet-nina-gold-who-discovers-britains-acting-talent/
2025-10-21 13:52:39,848 - INFO - Parsing url: https://www.telegraph.co.uk/news/2024/10/04/ocean-rebellion-stage-oil-drowning-protest/
2025-10-21 13:52:39,935 - INFO - Parsing url: https://www.telegraph.co.uk/books/non-fiction/britain-nuclear-trains-history-today-simon-bradley/
2025-10-21 13:52:39,987 - INFO - Parsing url: https://www.telegraph.co.uk/keir-starmer/page-116/
2025-10-21 13:52:40,041 - INFO - article dropped, no body text found: https://www.telegraph.co.uk/keir-starmer/page-116/
2025-10-21 13:52:40,051 - INFO - downloading images for file article_contents/Telegraph/telegraph.co.uk_2024-10-01_2024-10-31_parsed.json
2025-10-21 13:52:40,051 - INFO - downloading images for article https://www.telegraph.co.uk/films/2024/10/02/meet-nina-gold-who-discovers-britains-acting-talent/
2025-10-21 13:52:40,052 - INFO - Successfully retrieved session from session_Telegraph.pickle
2025-10-21 13:52:40,058 - INFO - Not re-downloading file at https://www.telegraph.co.uk/content/dam/films/2024/10/01/TELEMMGLPICT000396335947_17278074629140_trans_NvBQzQNjv4BqAw6BzeVXMhy-xmeloyGevDXaG_3FkRG2WH2SGzlVXbs.jpeg; already present as article_images/Telegraph/Telegraph_2024-10-02_The-most-important-person_img1
2025-10-21 13:52:40,062 - INFO - Not re-downloading file at https://www.telegraph.co.uk/content/dam/films/2024/10/02/TELEMMGLPICT000396430223_17278595281690_trans_NvBQzQNjv4BqqVzuuqpFlyLIwiB6NTmJweF-e4JIsq-ct-wp148DSLY.jpeg; already present as article_images/Telegraph/Telegraph_2024-10-02_The-most-important-person_img2
2025-10-21 13:52:40,065 - INFO - Not re-downloading file at https://www.telegraph.co.uk/content/dam/films/2024/10/02/TELEMMGLPICT000396430211_17278597059700_trans_NvBQzQNjv4BqplGOf-dgG3z4gg9owgQTXIatO1ydnFBWxopcGoGuA78.jpeg; already present as article_images/Telegraph/Telegraph_2024-10-02_The-most-important-person_img3
2025-10-21 13:52:40,068 - INFO - Not re-downloading file at https://www.telegraph.co.uk/content/dam/films/2024/10/02/TELEMMGLPICT000396430229_17278597661390_trans_NvBQzQNjv4BqY81RmRFWk4VnNFCr6f0Ssvsk8kLhwz5WNT6fv1-oHr0.jpeg; already present as article_images/Telegraph/Telegraph_2024-10-02_The-most-important-person_img4
2025-10-21 13:52:40,071 - INFO - Not re-downloading file at https://www.telegraph.co.uk/content/dam/films/2024/10/02/TELEMMGLPICT000396430225_17278598505910_trans_NvBQzQNjv4BqZgEkZX3M936N5BQK4Va8RWtT0gK_6EfZT336f62EI5U.jpeg; already present as article_images/Telegraph/Telegraph_2024-10-02_The-most-important-person_img5
2025-10-21 13:52:40,073 - INFO - Not re-downloading file at https://www.telegraph.co.uk/content/dam/films/2024/10/02/TELEMMGLPICT000396430210_17278596350290_trans_NvBQzQNjv4Bqqdjb-p7zzJOPNWzBBDV6FEgS7S-ukhk48w-_KmtyACY.jpeg; already present as article_images/Telegraph/Telegraph_2024-10-02_The-most-important-person_img6
2025-10-21 13:52:40,076 - INFO - Not re-downloading file at https://www.telegraph.co.uk/content/dam/films/2024/10/02/TELEMMGLPICT000396431513_17278600129530_trans_NvBQzQNjv4BqIkUhv7k5mil0w0oeVCztIrMQtAAvAF-TapDMQ9Ir1IM.jpeg; already present as article_images/Telegraph/Telegraph_2024-10-02_The-most-important-person_img7
2025-10-21 13:52:40,078 - INFO - Not re-downloading file at https://www.telegraph.co.uk/content/dam/films/2024/10/02/TELEMMGLPICT000396431922_17278602722630_trans_NvBQzQNjv4BqNJjoeBT78QIaYdkJdEY4CnGTJFJS74MYhNY6w3GNbO8.jpeg; already present as article_images/Telegraph/Telegraph_2024-10-02_The-most-important-person_img8
2025-10-21 13:52:40,080 - INFO - Not re-downloading file at https://www.telegraph.co.uk/content/dam/films/2024/10/02/TELEMMGLPICT000396430205_17278603300100_trans_NvBQzQNjv4Bq0pH3PG1RG0jTfKqidAZjirAGLIqw3-UGQfihKkRs-p8.jpeg; already present as article_images/Telegraph/Telegraph_2024-10-02_The-most-important-person_img9
2025-10-21 13:52:40,082 - INFO - Not re-downloading file at https://www.telegraph.co.uk/content/dam/films/2024/10/02/TELEMMGLPICT000396430208_17278596518240_trans_NvBQzQNjv4BqZgEkZX3M936N5BQK4Va8RWtT0gK_6EfZT336f62EI5U.jpeg; already present as article_images/Telegraph/Telegraph_2024-10-02_The-most-important-person_img10
2025-10-21 13:52:40,084 - INFO - Not re-downloading file at https://www.telegraph.co.uk/content/dam/films/2024/10/02/TELEMMGLPICT000396430217_17278595628490_trans_NvBQzQNjv4BqIV7oyeD2v6RwZ2czbMk7JMy7Wcw4WusMINLM_cjBFBU.jpeg; already present as article_images/Telegraph/Telegraph_2024-10-02_The-most-important-person_img11
2025-10-21 13:52:40,085 - INFO - Not re-downloading file at https://www.telegraph.co.uk/content/dam/films/2024/10/02/TELEMMGLPICT000396430216_17278597369140_trans_NvBQzQNjv4BqNJjoeBT78QIaYdkJdEY4CnGTJFJS74MYhNY6w3GNbO8.jpeg; already present as article_images/Telegraph/Telegraph_2024-10-02_The-most-important-person_img12
2025-10-21 13:52:40,087 - INFO - Not re-downloading file at https://www.telegraph.co.uk/content/dam/films/2024/10/02/TELEMMGLPICT000396430227_17278603607590_trans_NvBQzQNjv4BqK50_A0VF2YxpdgOboQIZiLAGLIqw3-UGQfihKkRs-p8.jpeg; already present as article_images/Telegraph/Telegraph_2024-10-02_The-most-important-person_img13
2025-10-21 13:52:40,087 - INFO - downloading images for article https://www.telegraph.co.uk/news/2024/10/04/ocean-rebellion-stage-oil-drowning-protest/
2025-10-21 13:52:40,088 - INFO - Successfully retrieved session from session_Telegraph.pickle
2025-10-21 13:52:40,089 - INFO - downloading file at https://www.telegraph.co.uk/content/dam/news/2024/10/04/TELEMMGLPICT000396702266_17280535776940_trans_NvBQzQNjv4BqFBTTwrxpj_tUoQoselH1Rey8HRJpjKbiKjihhf2oqH0.jpeg
2025-10-21 13:52:42,121 - INFO - downloading images for article https://www.telegraph.co.uk/books/non-fiction/britain-nuclear-trains-history-today-simon-bradley/
2025-10-21 13:52:42,122 - INFO - Successfully retrieved session from session_Telegraph.pickle
2025-10-21 13:52:42,132 - INFO - Not re-downloading file at https://www.telegraph.co.uk/content/dam/books/2024/10/16/TELEMMGLPICT000397852018_17290888853390_trans_NvBQzQNjv4BqqVzuuqpFlyLIwiB6NTmJwSX5rhseiWKOo9p9OQ-ymek.jpeg; already present as article_images/Telegraph/Telegraph_2024-10-16_The-day-Britains-nuclear_img1
2025-10-21 13:52:42,140 - INFO - Not re-downloading file at https://www.telegraph.co.uk/content/dam/books/2024/10/16/TELEMMGLPICT000397853030_17290889171400_trans_NvBQzQNjv4BqWy_u4a9GUNQgLIY2EGV3qkgS7S-ukhk48w-_KmtyACY.jpeg; already present as article_images/Telegraph/Telegraph_2024-10-16_The-day-Britains-nuclear_img2
2025-10-21 13:52:42,149 - INFO - Not re-downloading file at https://www.telegraph.co.uk/content/dam/books/2024/10/16/TELEMMGLPICT000397851824_17290896270040_trans_NvBQzQNjv4BqRo0U4xU-30oDveS4pXV-Vv4Xpit_DMGvdp2n7FDd82k.jpeg; already present as article_images/Telegraph/Telegraph_2024-10-16_The-day-Britains-nuclear_img3
2025-10-21 13:52:42,150 - INFO - scraping urls from file: ../google_scraping/article_urls/Telegraph/telegraph.co.uk_2024-11-01_2024-11-30_urls.csv
2025-10-21 13:52:42,151 - INFO - Successfully retrieved session from session_Telegraph.pickle
2025-10-21 13:52:42,192 - INFO - Parsing url: https://www.telegraph.co.uk/news/2024/11/19/tractor-protest-live-inheritance-tax-raid-clarkson/
2025-10-21 13:52:42,234 - INFO - article dropped, no body text found: https://www.telegraph.co.uk/news/2024/11/19/tractor-protest-live-inheritance-tax-raid-clarkson/
2025-10-21 13:52:42,234 - INFO - Parsing url: https://www.telegraph.co.uk/news/2024/11/13/ed-milibands-climate-crusade-is-humiliating-britain/
2025-10-21 13:52:42,283 - INFO - Parsing url: https://www.telegraph.co.uk/business/2024/11/24/how-trump-launch-elon-musk-spacex-to-mars/
2025-10-21 13:52:42,326 - INFO - image parsing unsuccessful due to name 'image' is not defined
2025-10-21 13:52:42,330 - INFO - article dropped, search terms not present: https://www.telegraph.co.uk/business/2024/11/24/how-trump-launch-elon-musk-spacex-to-mars/
2025-10-21 13:52:42,330 - INFO - Parsing url: https://www.telegraph.co.uk/business/2024/11/12/shell-defeats-climate-activists-in-landmark-court-battle-ov/
2025-10-21 13:52:42,371 - INFO - article dropped, search terms not present: https://www.telegraph.co.uk/business/2024/11/12/shell-defeats-climate-activists-in-landmark-court-battle-ov/
2025-10-21 13:52:42,371 - INFO - Parsing url: https://www.telegraph.co.uk/business/2024/11/12/ftse-100-markets-latest-news-uk-wages-reeves-trump-crypto/
2025-10-21 13:52:42,409 - INFO - article dropped, no body text found: https://www.telegraph.co.uk/business/2024/11/12/ftse-100-markets-latest-news-uk-wages-reeves-trump-crypto/
2025-10-21 13:52:42,409 - INFO - Parsing url: https://www.telegraph.co.uk/protests/page-12/
2025-10-21 13:52:42,458 - INFO - article dropped, no body text found: https://www.telegraph.co.uk/protests/page-12/
2025-10-21 13:52:42,458 - INFO - downloading images for file article_contents/Telegraph/telegraph.co.uk_2024-11-01_2024-11-30_parsed.json
2025-10-21 13:52:42,458 - INFO - downloading images for article https://www.telegraph.co.uk/news/2024/11/13/ed-milibands-climate-crusade-is-humiliating-britain/
2025-10-21 13:52:42,458 - INFO - Successfully retrieved session from session_Telegraph.pickle
2025-10-21 13:52:42,460 - INFO - downloading file at https://www.telegraph.co.uk/content/dam/news/2024/11/13/TELEMMGLPICT000400721127_17314865110220_trans_NvBQzQNjv4BqpVlberWd9EgFPZtcLiMQf0Rf_Wk3V23H2268P_XkPxc.jpeg
2025-10-21 13:52:44,324 - INFO - scraping urls from file: ../google_scraping/article_urls/Telegraph/telegraph.co.uk_2024-12-01_2024-12-31_urls.csv
2025-10-21 13:52:44,325 - INFO - Successfully retrieved session from session_Telegraph.pickle
2025-10-21 13:52:44,376 - INFO - Parsing url: https://www.telegraph.co.uk/travel/travel-winners-and-losers-2024/
2025-10-21 13:52:44,528 - INFO - Parsing url: https://www.telegraph.co.uk/world-news/2024/12/23/carbon-credit-schemes-uprooting-maasai-tribes/
2025-10-21 13:52:44,577 - INFO - Parsing url: https://www.telegraph.co.uk/news/2024/12/11/dale-vince-green-tycoon-labour-millions-divorce-payout-ex/
2025-10-21 13:52:44,617 - INFO - Parsing url: https://www.telegraph.co.uk/news/2024/12/20/miliband-eco-lunacy-wreck-britain-enrich-china-dictatorship/
2025-10-21 13:52:44,666 - INFO - Parsing url: https://www.telegraph.co.uk/news/2024/12/11/greta-thunbergs-descent-climate-militant-pro-palestine/
2025-10-21 13:52:44,715 - INFO - Parsing url: https://www.telegraph.co.uk/news/2024/12/12/grantchester-parish-magazine-praise-jailed-oil-protester/
2025-10-21 13:52:44,758 - INFO - image parsing unsuccessful due to name 'image' is not defined
2025-10-21 13:52:44,771 - INFO - downloading images for file article_contents/Telegraph/telegraph.co.uk_2024-12-01_2024-12-31_parsed.json
2025-10-21 13:52:44,771 - INFO - downloading images for article https://www.telegraph.co.uk/travel/travel-winners-and-losers-2024/
2025-10-21 13:52:44,772 - INFO - Successfully retrieved session from session_Telegraph.pickle
2025-10-21 13:52:44,776 - INFO - downloading file at https://www.telegraph.co.uk/content/dam/travel/2024/12/20/TELEMMGLPICT000405942990_17347117287860_trans_NvBQzQNjv4BqqVzuuqpFlyLIwiB6NTmJwfSVWeZ_vEN7c6bHu2jJnT8.jpeg
2025-10-21 13:52:46,731 - INFO - downloading file at https://www.telegraph.co.uk/content/dam/travel/2024/12/20/TELEMMGLPICT000397938259_17347102790640_trans_NvBQzQNjv4BqpVlberWd9EgFPZtcLiMQf-0Jyi0jPPD6Zx1hiwTPhlc.jpeg
2025-10-21 13:52:48,936 - INFO - downloading file at https://www.telegraph.co.uk/content/dam/travel/2024/12/20/TELEMMGLPICT000404618519_17347103729880_trans_NvBQzQNjv4BqpVlberWd9EgFPZtcLiMQf0Rf_Wk3V23H2268P_XkPxc.jpeg
2025-10-21 13:52:51,091 - INFO - downloading file at https://www.telegraph.co.uk/content/dam/travel/2024/12/20/TELEMMGLPICT000398756520_17347107130860_trans_NvBQzQNjv4BqZgEkZX3M936N5BQK4Va8RWtT0gK_6EfZT336f62EI5U.jpeg
2025-10-21 13:52:52,837 - INFO - downloading file at https://www.telegraph.co.uk/content/dam/travel/2024/12/20/TELEMMGLPICT000404184519_17347107671300_trans_NvBQzQNjv4BqpVlberWd9EgFPZtcLiMQf-0Jyi0jPPD6Zx1hiwTPhlc.jpeg
2025-10-21 13:52:54,888 - INFO - downloading file at https://www.telegraph.co.uk/content/dam/travel/2024/12/20/TELEMMGLPICT000377127876_17347109779810_trans_NvBQzQNjv4BqRo0U4xU-30oDveS4pXV-Vv4Xpit_DMGvdp2n7FDd82k.jpeg
2025-10-21 13:52:57,046 - INFO - downloading file at https://www.telegraph.co.uk/content/dam/travel/2024/12/20/TELEMMGLPICT000405764917_17347111145250_trans_NvBQzQNjv4BqgsaO8O78rhmZrDxTlQBjdLdu0TL-Cg_AMOUqySXmFgU.jpeg
2025-10-21 13:52:59,208 - INFO - downloading file at https://www.telegraph.co.uk/content/dam/travel/2024/12/20/TELEMMGLPICT000321863504_17347110531030_trans_NvBQzQNjv4Bqek9vKm18v_rkIPH9w2GMNpPHkRvugymKLtqq96r_VP8.jpeg
2025-10-21 13:53:01,482 - INFO - downloading file at https://www.telegraph.co.uk/content/dam/travel/2024/12/20/TELEMMGLPICT000404828793_17347111924680_trans_NvBQzQNjv4BqNJjoeBT78QIaYdkJdEY4CnGTJFJS74MYhNY6w3GNbO8.jpeg
2025-10-21 13:53:03,132 - INFO - downloading file at https://www.telegraph.co.uk/content/dam/travel/2024/12/20/TELEMMGLPICT000365476328_17347116358230_trans_NvBQzQNjv4BqpVlberWd9EgFPZtcLiMQf0Rf_Wk3V23H2268P_XkPxc.jpeg
2025-10-21 13:53:05,252 - INFO - downloading file at https://www.telegraph.co.uk/content/dam/travel/2024/12/20/TELEMMGLPICT000376582021_17347115449090_trans_NvBQzQNjv4BqpVlberWd9EgFPZtcLiMQf0Rf_Wk3V23H2268P_XkPxc.jpeg
2025-10-21 13:53:06,996 - INFO - downloading file at https://www.telegraph.co.uk/content/dam/travel/2024/12/20/TELEMMGLPICT000405112254_17347115065670_trans_NvBQzQNjv4BqpVlberWd9EgFPZtcLiMQf0Rf_Wk3V23H2268P_XkPxc.jpeg
2025-10-21 13:53:09,131 - INFO - downloading file at https://www.telegraph.co.uk/content/dam/travel/2024/12/20/TELEMMGLPICT000403495408_17347114573890_trans_NvBQzQNjv4Bqek9vKm18v_rkIPH9w2GMNpPHkRvugymKLtqq96r_VP8.jpeg
2025-10-21 13:53:11,395 - INFO - downloading images for article https://www.telegraph.co.uk/world-news/2024/12/23/carbon-credit-schemes-uprooting-maasai-tribes/
2025-10-21 13:53:11,396 - INFO - Successfully retrieved session from session_Telegraph.pickle
2025-10-21 13:53:11,405 - INFO - downloading file at https://www.telegraph.co.uk/content/dam/world-news/2024/12/23/TELEMMGLPICT000406210959_17349677706800_trans_NvBQzQNjv4BqgsaO8O78rhmZrDxTlQBjdLdu0TL-Cg_AMOUqySXmFgU.jpeg
2025-10-21 13:53:13,258 - INFO - downloading file at https://www.telegraph.co.uk/content/dam/world-news/2024/12/23/TELEMMGLPICT000406211195_17349678828470_trans_NvBQzQNjv4BqA7N2CxnJWnYI3tCbVBgu9T0aesusvN1TE7a0ddd_esI.jpeg
2025-10-21 13:53:15,095 - INFO - downloading file at https://www.telegraph.co.uk/content/dam/world-news/2024/12/23/TELEMMGLPICT000406211194_17349678659990_trans_NvBQzQNjv4BqpVlberWd9EgFPZtcLiMQf0Rf_Wk3V23H2268P_XkPxc.jpeg
2025-10-21 13:53:16,800 - INFO - downloading images for article https://www.telegraph.co.uk/news/2024/12/11/dale-vince-green-tycoon-labour-millions-divorce-payout-ex/
2025-10-21 13:53:16,801 - INFO - Successfully retrieved session from session_Telegraph.pickle
2025-10-21 13:53:16,811 - INFO - downloading file at https://www.telegraph.co.uk/content/dam/news/2024/12/11/TELEMMGLPICT000396557630_17339114067630_trans_NvBQzQNjv4BqB1hv6Y8HU52iuoXtIM681LWnluEe96SmHRD6XLQ4o_w.jpeg
2025-10-21 13:53:18,992 - INFO - downloading file at https://www.telegraph.co.uk/content/dam/news/2024/12/11/TELEMMGLPICT000338629048_17339114361710_trans_NvBQzQNjv4BqBd03B951JMxuLpnbx6w-l-ZiWbrhCs6fk-J_O0BRS-c.jpeg
2025-10-21 13:53:20,773 - INFO - downloading file at https://www.telegraph.co.uk/content/dam/news/2024/12/11/TELEMMGLPICT000400018264_17339114258450_trans_NvBQzQNjv4Bq6CLlwFblRu3p59XGhTHsBaj-AdBS5wuonwrCER0Agvw.jpeg
2025-10-21 13:53:22,601 - INFO - downloading images for article https://www.telegraph.co.uk/news/2024/12/20/miliband-eco-lunacy-wreck-britain-enrich-china-dictatorship/
2025-10-21 13:53:22,603 - INFO - Successfully retrieved session from session_Telegraph.pickle
2025-10-21 13:53:22,612 - INFO - downloading file at https://www.telegraph.co.uk/content/dam/news/2024/12/20/TELEMMGLPICT000405764378_17347052768890_trans_NvBQzQNjv4Bq2wHKr9_uHUEl_nmj3Nb7_l5NUcTKNHKqy85KLqtvPLE.jpeg
2025-10-21 13:53:24,437 - INFO - downloading images for article https://www.telegraph.co.uk/news/2024/12/11/greta-thunbergs-descent-climate-militant-pro-palestine/
2025-10-21 13:53:24,439 - INFO - Successfully retrieved session from session_Telegraph.pickle
2025-10-21 13:53:24,449 - INFO - downloading file at https://www.telegraph.co.uk/content/dam/news/2024/12/11/TELEMMGLPICT000405011629_17339425587530_trans_NvBQzQNjv4BqqVzuuqpFlyLIwiB6NTmJwfSVWeZ_vEN7c6bHu2jJnT8.jpeg
2025-10-21 13:53:25,822 - INFO - downloading file at https://www.telegraph.co.uk/content/dam/news/2024/12/11/TELEMMGLPICT000194980955_17339444526560_trans_NvBQzQNjv4BqqVzuuqpFlyLIwiB6NTmJwSX5rhseiWKOo9p9OQ-ymek.jpeg
2025-10-21 13:53:27,531 - INFO - downloading file at https://www.telegraph.co.uk/content/dam/news/2024/12/11/TELEMMGLPICT000377246689_17339429495750_trans_NvBQzQNjv4Bq59lijCM63Oj8iWu9BcDMJLDlaIMPS9FIrSqSLjN7Xew.jpeg
2025-10-21 13:53:29,205 - INFO - downloading file at https://www.telegraph.co.uk/content/dam/news/2024/12/11/TELEMMGLPICT000210004418_17339433509600_trans_NvBQzQNjv4Bqwpbc6sDblXVxFGgJP73TCR0d6pZuiWZdwo0V2T1lg68.jpeg
2025-10-21 13:53:30,993 - INFO - downloading images for article https://www.telegraph.co.uk/news/2024/12/12/grantchester-parish-magazine-praise-jailed-oil-protester/
2025-10-21 13:53:30,995 - INFO - Successfully retrieved session from session_Telegraph.pickle
2025-10-21 13:53:31,000 - INFO - scraping urls from file: ../google_scraping/article_urls/Telegraph/telegraph.co.uk_2025-01-01_2025-01-31_urls.csv
2025-10-21 13:53:31,001 - INFO - Successfully retrieved session from session_Telegraph.pickle
2025-10-21 13:53:33,567 - INFO - Parsing url: https://www.telegraph.co.uk/business/2025/01/30/judge-halts-jackdaw-rosebank-north-sea-oil-and-gas-projects/
2025-10-21 13:53:33,638 - INFO - Parsing url: https://www.telegraph.co.uk/news/2025/01/14/just-stop-oil-protesters-charged-charles-darwin-grave-abbey/
2025-10-21 13:53:33,674 - INFO - Parsing url: https://www.telegraph.co.uk/business/2025/01/27/dont-mourn-passing-wh-smith-been-soulless-ripoff-years/
2025-10-21 13:53:33,718 - INFO - article dropped, search terms not present: https://www.telegraph.co.uk/business/2025/01/27/dont-mourn-passing-wh-smith-been-soulless-ripoff-years/
2025-10-21 13:53:33,718 - INFO - Parsing url: https://www.telegraph.co.uk/news/2025/01/23/green-energy-net-zero-renewables-uk-miliband/
2025-10-21 13:53:33,835 - INFO - image parsing unsuccessful due to name 'image' is not defined
2025-10-21 13:53:33,838 - INFO - article dropped, search terms not present: https://www.telegraph.co.uk/news/2025/01/23/green-energy-net-zero-renewables-uk-miliband/
2025-10-21 13:53:33,838 - INFO - Parsing url: https://www.telegraph.co.uk/business/2025/01/27/labour-backing-green-tycoon-25m-payday-oil-rich-uae/
2025-10-21 13:53:33,886 - INFO - Parsing url: https://www.telegraph.co.uk/business/2025/01/02/glastonbury-doubling-profits-after-neil-young-critcism/
2025-10-21 13:53:33,927 - INFO - Parsing url: https://www.telegraph.co.uk/business/2025/01/28/rachel-reeves-wrong-put-growth-before-net-zero-dale-vince/
2025-10-21 13:53:33,963 - INFO - Parsing url: https://www.telegraph.co.uk/multimedia/archive/02952/Telegraph1914_2606_2952002a.pdf
2025-10-21 13:53:39,933 - INFO - date to string conversion for json unsuccessful due to 'NoneType' object has no attribute 'strftime'
2025-10-21 13:53:39,933 - INFO - could not format info from https://www.telegraph.co.uk/multimedia/archive/02952/Telegraph1914_2606_2952002a.pdf due to expected string or bytes-like object, got 'NoneType'; kept unformatted
2025-10-21 13:53:39,933 - INFO - article dropped, no body text found: https://www.telegraph.co.uk/multimedia/archive/02952/Telegraph1914_2606_2952002a.pdf
2025-10-21 13:53:39,934 - INFO - downloading images for file article_contents/Telegraph/telegraph.co.uk_2025-01-01_2025-01-31_parsed.json
2025-10-21 13:53:39,934 - INFO - downloading images for article https://www.telegraph.co.uk/business/2025/01/30/judge-halts-jackdaw-rosebank-north-sea-oil-and-gas-projects/
2025-10-21 13:53:39,934 - INFO - Successfully retrieved session from session_Telegraph.pickle
2025-10-21 13:53:39,937 - INFO - downloading file at https://www.telegraph.co.uk/content/dam/business/2025/01/30/TELEMMGLPICT000410084930_17382274427760_trans_NvBQzQNjv4BqDAhgqueztHZTLYm6xT31qHw2Cexkaraa9YWtoMz00zo.jpeg
2025-10-21 13:53:41,955 - INFO - downloading images for article https://www.telegraph.co.uk/news/2025/01/14/just-stop-oil-protesters-charged-charles-darwin-grave-abbey/
2025-10-21 13:53:41,956 - INFO - Successfully retrieved session from session_Telegraph.pickle
2025-10-21 13:53:41,966 - INFO - downloading file at https://www.telegraph.co.uk/content/dam/news/2025/01/14/TELEMMGLPICT000407953472_17368499438930_trans_NvBQzQNjv4Bq0Iim1wRawAAvJ9qCpH_XcnGTJFJS74MYhNY6w3GNbO8.jpeg
2025-10-21 13:53:43,970 - INFO - downloading images for article https://www.telegraph.co.uk/business/2025/01/27/labour-backing-green-tycoon-25m-payday-oil-rich-uae/
2025-10-21 13:53:43,972 - INFO - Successfully retrieved session from session_Telegraph.pickle
2025-10-21 13:53:43,981 - INFO - downloading file at https://www.telegraph.co.uk/content/dam/business/2025/01/27/TELEMMGLPICT000352260819_17380042352190_trans_NvBQzQNjv4BqfzOMAl0Xij9hZ3C3ekNETf4Xpit_DMGvdp2n7FDd82k.jpeg
2025-10-21 13:53:45,747 - INFO - downloading file at https://www.telegraph.co.uk/content/dam/business/2025/01/27/TELEMMGLPICT000396557630_17380041035690_trans_NvBQzQNjv4BqB1hv6Y8HU52iuoXtIM681LWnluEe96SmHRD6XLQ4o_w.jpeg
2025-10-21 13:53:47,494 - INFO - downloading images for article https://www.telegraph.co.uk/business/2025/01/02/glastonbury-doubling-profits-after-neil-young-critcism/
2025-10-21 13:53:47,495 - INFO - Successfully retrieved session from session_Telegraph.pickle
2025-10-21 13:53:47,507 - INFO - downloading file at https://www.telegraph.co.uk/content/dam/business/2025/01/02/TELEMMGLPICT000340487869_17358338299290_trans_NvBQzQNjv4Bqf77JxcWT4B3tC7Pqq24egATZGGO61ilbVM6LegAmnzo.jpeg
2025-10-21 13:53:49,288 - INFO - downloading file at https://www.telegraph.co.uk/content/dam/business/2025/01/02/TELEMMGLPICT000406849179_17358334689990_trans_NvBQzQNjv4BqqhjXK3L97HltNhQPCA9eIPfBEdcjyBcrDKKxJYPYlo4.jpeg
2025-10-21 13:53:51,230 - INFO - downloading file at https://www.telegraph.co.uk/content/dam/business/2025/01/02/TELEMMGLPICT000375005107_17358335785750_trans_NvBQzQNjv4BqzccoJS-E8Wb-wOXrdJto24X55UGE1-QmdhXTcMmlCx4.jpeg
2025-10-21 13:53:52,914 - INFO - downloading images for article https://www.telegraph.co.uk/business/2025/01/28/rachel-reeves-wrong-put-growth-before-net-zero-dale-vince/
2025-10-21 13:53:52,915 - INFO - Successfully retrieved session from session_Telegraph.pickle
2025-10-21 13:53:52,925 - INFO - downloading file at https://www.telegraph.co.uk/content/dam/business/2025/01/28/TELEMMGLPICT000408427092_17380663583420_trans_NvBQzQNjv4BqpVlberWd9EgFPZtcLiMQf0Rf_Wk3V23H2268P_XkPxc.jpeg
2025-10-21 13:53:54,704 - INFO - scraping urls from file: ../google_scraping/article_urls/Telegraph/telegraph.co.uk_2025-02-01_2025-02-28_urls.csv
2025-10-21 13:53:54,705 - INFO - Successfully retrieved session from session_Telegraph.pickle
2025-10-21 13:53:54,745 - INFO - Parsing url: https://www.telegraph.co.uk/world-news/2025/02/21/germany-takes-the-fight-to-russia-in-undersea-cable-war/
2025-10-21 13:53:55,360 - INFO - Parsing url: https://www.telegraph.co.uk/news/2025/02/23/grangemouth-refinery-site-200m-subsidy-starmer-ratcliffe/
2025-10-21 13:53:55,423 - INFO - article dropped, search terms not present: https://www.telegraph.co.uk/news/2025/02/23/grangemouth-refinery-site-200m-subsidy-starmer-ratcliffe/
2025-10-21 13:53:55,423 - INFO - Parsing url: https://www.telegraph.co.uk/business/2025/02/23/bp-the-oil-industrys-biggest-loser-on-net-zero/
2025-10-21 13:53:55,478 - INFO - article dropped, search terms not present: https://www.telegraph.co.uk/business/2025/02/23/bp-the-oil-industrys-biggest-loser-on-net-zero/
2025-10-21 13:53:55,478 - INFO - Parsing url: https://www.telegraph.co.uk/news/2025/02/03/children-gripped-by-climate-change-anxiety/
2025-10-21 13:53:55,524 - INFO - Parsing url: https://www.telegraph.co.uk/rachel-reeves/page-40/
2025-10-21 13:53:55,585 - INFO - article dropped, no body text found: https://www.telegraph.co.uk/rachel-reeves/page-40/
2025-10-21 13:53:55,586 - INFO - Parsing url: https://www.telegraph.co.uk/rachel-reeves/page-41/
2025-10-21 13:53:55,660 - INFO - article dropped, no body text found: https://www.telegraph.co.uk/rachel-reeves/page-41/
2025-10-21 13:53:55,660 - INFO - Parsing url: https://www.telegraph.co.uk/authors/b/bp-bt/brendan-oneill/page-2/
2025-10-21 13:53:55,722 - INFO - article dropped, no body text found: https://www.telegraph.co.uk/authors/b/bp-bt/brendan-oneill/page-2/
2025-10-21 13:53:55,723 - INFO - downloading images for file article_contents/Telegraph/telegraph.co.uk_2025-02-01_2025-02-28_parsed.json
2025-10-21 13:53:55,723 - INFO - downloading images for article https://www.telegraph.co.uk/world-news/2025/02/21/germany-takes-the-fight-to-russia-in-undersea-cable-war/
2025-10-21 13:53:55,723 - INFO - Successfully retrieved session from session_Telegraph.pickle
2025-10-21 13:53:55,726 - INFO - downloading file at https://www.telegraph.co.uk/content/dam/world-news/2025/02/20/TELEMMGLPICT000412807996_17400771231440_trans_NvBQzQNjv4BqJXCop0BhN7drf8SdgStuconh8Fvxi6tv5VtW_FIA2o0.jpeg
2025-10-21 13:53:57,362 - INFO - downloading file at https://www.telegraph.co.uk/content/dam/world-news/2025/02/20/TELEMMGLPICT000402483090_17400773336880_trans_NvBQzQNjv4BqgsaO8O78rhmZrDxTlQBjdLdu0TL-Cg_AMOUqySXmFgU.jpeg
2025-10-21 13:53:59,308 - INFO - downloading file at https://www.telegraph.co.uk/content/dam/world-news/2025/02/20/TELEMMGLPICT000412809737_17400773670810_trans_NvBQzQNjv4BqdX_p8zrfPOdyL47zPLcV0RJV6xWXZnfgbn7PLjMrFrY.jpeg
2025-10-21 13:54:01,574 - INFO - downloading file at https://www.telegraph.co.uk/content/dam/world-news/2025/02/20/TELEMMGLPICT000412802211_17400773883140_trans_NvBQzQNjv4BqpVlberWd9EgFPZtcLiMQf0Rf_Wk3V23H2268P_XkPxc.jpeg
2025-10-21 13:54:04,236 - INFO - downloading file at https://www.telegraph.co.uk/content/dam/world-news/2025/02/20/TELEMMGLPICT000412808688_17400773165590_trans_NvBQzQNjv4BqkUE_BTgBOQu3VWKvpDGX9QidJvfuFJmBq3TREsU3sqM.jpeg
2025-10-21 13:54:06,646 - INFO - downloading images for article https://www.telegraph.co.uk/news/2025/02/03/children-gripped-by-climate-change-anxiety/
2025-10-21 13:54:06,647 - INFO - Successfully retrieved session from session_Telegraph.pickle
2025-10-21 13:54:06,657 - INFO - downloading file at https://www.telegraph.co.uk/content/dam/news/2025/02/02/TELEMMGLPICT000410595658_17385222913200_trans_NvBQzQNjv4BqyuLFFzXshuGqnr8zPdDWXhbQKbwj1ZsnNMhuR7O6ySI.jpeg
2025-10-21 13:54:09,095 - INFO - downloading file at https://www.telegraph.co.uk/content/dam/news/2025/02/02/TELEMMGLPICT000410596504_17385223828790_trans_NvBQzQNjv4BqpVlberWd9EgFPZtcLiMQf0Rf_Wk3V23H2268P_XkPxc.jpeg
2025-10-21 13:54:10,957 - INFO - scraping urls from file: ../google_scraping/article_urls/Telegraph/telegraph.co.uk_2025-03-01_2025-03-31_urls.csv
2025-10-21 13:54:10,958 - INFO - Successfully retrieved session from session_Telegraph.pickle
2025-10-21 13:54:11,012 - INFO - Parsing url: https://www.telegraph.co.uk/politics/2025/03/25/anas-sarwar-ed-miliband-drill-baby-new-oil-gas-fields-fudge/
2025-10-21 13:54:11,066 - INFO - article dropped, search terms not present: https://www.telegraph.co.uk/politics/2025/03/25/anas-sarwar-ed-miliband-drill-baby-new-oil-gas-fields-fudge/
2025-10-21 13:54:11,066 - INFO - Parsing url: https://www.telegraph.co.uk/us/news/2025/03/10/pseudoscience-government-weather-agency-doge/
2025-10-21 13:54:11,113 - INFO - article dropped, search terms not present: https://www.telegraph.co.uk/us/news/2025/03/10/pseudoscience-government-weather-agency-doge/
2025-10-21 13:54:11,113 - INFO - Parsing url: https://www.telegraph.co.uk/news/2025/03/07/just-stop-oil-cofounders-prison-sentence-reduced/
2025-10-21 13:54:11,231 - INFO - Parsing url: https://www.telegraph.co.uk/world-news/2025/03/21/austria-attempting-to-deport-german-climate-activist/
2025-10-21 13:54:11,280 - INFO - Parsing url: https://www.telegraph.co.uk/books/authors/peter-florence-interview/
2025-10-21 13:54:11,339 - INFO - article dropped, search terms not present: https://www.telegraph.co.uk/books/authors/peter-florence-interview/
2025-10-21 13:54:11,339 - INFO - Parsing url: https://www.telegraph.co.uk/us/news/2025/03/20/greenpeace-pay-millions-dakota-oil-pipeline-protest/
2025-10-21 13:54:11,382 - INFO - Parsing url: https://www.telegraph.co.uk/rachel-reeves/page-39/
2025-10-21 13:54:11,436 - INFO - article dropped, no body text found: https://www.telegraph.co.uk/rachel-reeves/page-39/
2025-10-21 13:54:11,437 - INFO - downloading images for file article_contents/Telegraph/telegraph.co.uk_2025-03-01_2025-03-31_parsed.json
2025-10-21 13:54:11,437 - INFO - downloading images for article https://www.telegraph.co.uk/news/2025/03/07/just-stop-oil-cofounders-prison-sentence-reduced/
2025-10-21 13:54:11,437 - INFO - Successfully retrieved session from session_Telegraph.pickle
2025-10-21 13:54:11,440 - INFO - downloading file at https://www.telegraph.co.uk/content/dam/news/2025/03/07/TELEMMGLPICT000415366603_17413459158880_trans_NvBQzQNjv4BqrpfQw2hJyG_yckwxPAr0gmyy-GsNrhPQbLesooHneHs.jpeg
2025-10-21 13:54:13,284 - INFO - downloading images for article https://www.telegraph.co.uk/world-news/2025/03/21/austria-attempting-to-deport-german-climate-activist/
2025-10-21 13:54:13,285 - INFO - Successfully retrieved session from session_Telegraph.pickle
2025-10-21 13:54:13,292 - INFO - downloading file at https://www.telegraph.co.uk/content/dam/world-news/2025/03/21/TELEMMGLPICT000417215038_17425624566470_trans_NvBQzQNjv4BqsvEi3P8Qkw0HLYn_ZSpox6AlU1rqWEMlwrSxW1sRyts.jpeg
2025-10-21 13:54:14,524 - INFO - downloading file at https://www.telegraph.co.uk/content/dam/world-news/2025/03/21/TELEMMGLPICT000417226339_17425690136120_trans_NvBQzQNjv4Bq2aizoQ_BaLt4dX785YMTtWOlUPzFtuVyBx5ijy2EvtY.jpeg
2025-10-21 13:54:16,377 - INFO - downloading images for article https://www.telegraph.co.uk/us/news/2025/03/20/greenpeace-pay-millions-dakota-oil-pipeline-protest/
2025-10-21 13:54:16,378 - INFO - Successfully retrieved session from session_Telegraph.pickle
2025-10-21 13:54:16,384 - INFO - Not re-downloading file at https://www.telegraph.co.uk/content/dam/en-us/news/2025/03/20/TELEMMGLPICT000417017515_17424300728170_trans_NvBQzQNjv4BqpVlberWd9EgFPZtcLiMQf0Rf_Wk3V23H2268P_XkPxc.jpeg; already present as article_images/Telegraph/Telegraph_2025-03-20_Greenpeace-hit-with-660m_img1
2025-10-21 13:54:16,387 - INFO - Not re-downloading file at https://www.telegraph.co.uk/content/dam/en-us/news/2025/03/20/TELEMMGLPICT000413445412_17424302535550_trans_NvBQzQNjv4BqH8oGYaaASnJZUiuddQ1p_7mpu42r6n7OLzlToLFXwsU.jpeg; already present as article_images/Telegraph/Telegraph_2025-03-20_Greenpeace-hit-with-660m_img2
2025-10-21 13:54:16,388 - INFO - scraping urls from file: ../google_scraping/article_urls/Telegraph/telegraph.co.uk_2025-04-01_2025-04-30_urls.csv
2025-10-21 13:54:16,388 - INFO - Successfully retrieved session from session_Telegraph.pickle
2025-10-21 13:54:16,434 - INFO - Parsing url: https://www.telegraph.co.uk/news/2025/04/10/greenpeace-uk-head-arrested-us-embassy-protest/
2025-10-21 13:54:16,492 - INFO - Parsing url: https://www.telegraph.co.uk/news/2025/04/15/just-top-oil-supporter-net-zero-church-of-england-heating/
2025-10-21 13:54:16,552 - INFO - Parsing url: https://www.telegraph.co.uk/business/2025/04/21/britain-must-crush-nimbys-get-building-again/
2025-10-21 13:54:16,606 - INFO - article dropped, search terms not present: https://www.telegraph.co.uk/business/2025/04/21/britain-must-crush-nimbys-get-building-again/
2025-10-21 13:54:16,606 - INFO - Parsing url: https://www.telegraph.co.uk/money/meddling-lobbyists-sucking-life-out-of-britain-be-stopped/
2025-10-21 13:54:16,736 - INFO - Parsing url: https://www.telegraph.co.uk/protests/page-8/
2025-10-21 13:54:16,794 - INFO - article dropped, no body text found: https://www.telegraph.co.uk/protests/page-8/
2025-10-21 13:54:16,794 - INFO - Parsing url: https://www.telegraph.co.uk/us/culture/tv-streaming/page-358/
2025-10-21 13:54:16,851 - INFO - article dropped, no body text found: https://www.telegraph.co.uk/us/culture/tv-streaming/page-358/
2025-10-21 13:54:16,852 - INFO - Parsing url: https://www.telegraph.co.uk/authors/m/mf-mj/michael-deacon/page-4/
2025-10-21 13:54:16,913 - INFO - article dropped, no body text found: https://www.telegraph.co.uk/authors/m/mf-mj/michael-deacon/page-4/
2025-10-21 13:54:16,914 - INFO - downloading images for file article_contents/Telegraph/telegraph.co.uk_2025-04-01_2025-04-30_parsed.json
2025-10-21 13:54:16,914 - INFO - downloading images for article https://www.telegraph.co.uk/news/2025/04/10/greenpeace-uk-head-arrested-us-embassy-protest/
2025-10-21 13:54:16,914 - INFO - Successfully retrieved session from session_Telegraph.pickle
2025-10-21 13:54:16,917 - INFO - downloading file at https://www.telegraph.co.uk/content/dam/briefs/2025/04/10/TELEMMGLPICT000419665346_17442838821430_trans_NvBQzQNjv4BqqVzuuqpFlyLIwiB6NTmJwfSVWeZ_vEN7c6bHu2jJnT8.jpeg
2025-10-21 13:54:19,043 - INFO - downloading file at https://www.telegraph.co.uk/content/dam/briefs/2025/04/10/TELEMMGLPICT000419664881_17442839762960_trans_NvBQzQNjv4BqpVlberWd9EgFPZtcLiMQf0Rf_Wk3V23H2268P_XkPxc.jpeg
2025-10-21 13:54:20,991 - INFO - downloading file at https://www.telegraph.co.uk/content/dam/briefs/2025/04/10/TELEMMGLPICT000419664857_17442839415430_trans_NvBQzQNjv4Bqx1rGucoo2J_ExhuM2sOt-4XYXonGmLHMiv_Nv9kpPHk.jpeg
2025-10-21 13:54:22,720 - INFO - downloading images for article https://www.telegraph.co.uk/news/2025/04/15/just-top-oil-supporter-net-zero-church-of-england-heating/
2025-10-21 13:54:22,721 - INFO - Successfully retrieved session from session_Telegraph.pickle
2025-10-21 13:54:22,732 - INFO - downloading file at https://www.telegraph.co.uk/content/dam/news/2025/04/14/TELEMMGLPICT000419414725_17446603253860_trans_NvBQzQNjv4BqpVlberWd9EgFPZtcLiMQf0Rf_Wk3V23H2268P_XkPxc.jpeg
2025-10-21 13:54:24,111 - INFO - downloading file at https://www.telegraph.co.uk/content/dam/news/2025/04/14/TELEMMGLPICT000419414440_17446603758620_trans_NvBQzQNjv4BqpVlberWd9EgFPZtcLiMQf0Rf_Wk3V23H2268P_XkPxc.jpeg
2025-10-21 13:54:27,303 - INFO - downloading file at https://www.telegraph.co.uk/content/dam/news/2025/04/14/TELEMMGLPICT000419414862_17446603598390_trans_NvBQzQNjv4BqpVlberWd9EgFPZtcLiMQf0Rf_Wk3V23H2268P_XkPxc.jpeg
2025-10-21 13:54:29,076 - INFO - downloading images for article https://www.telegraph.co.uk/money/meddling-lobbyists-sucking-life-out-of-britain-be-stopped/
2025-10-21 13:54:29,077 - INFO - Successfully retrieved session from session_Telegraph.pickle
2025-10-21 13:54:29,087 - INFO - downloading file at https://www.telegraph.co.uk/content/dam/money/2025/04/13/TELEMMGLPICT000417908792_17445492005660_trans_NvBQzQNjv4BqUfzVlsGcLF5DhwV4ooyq3pDn0oV3tIN_aQy-ylLbdYE.jpeg
2025-10-21 13:54:30,774 - INFO - scraping urls from file: ../google_scraping/article_urls/Telegraph/telegraph.co.uk_2025-05-01_2025-05-31_urls.csv
2025-10-21 13:54:30,776 - INFO - Successfully retrieved session from session_Telegraph.pickle
2025-10-21 13:54:30,853 - INFO - Parsing url: https://www.telegraph.co.uk/news/2025/05/17/refuse-to-live-ed-miliband-grim-future-without-shower/
2025-10-21 13:54:30,905 - INFO - Parsing url: https://www.telegraph.co.uk/books/non-fiction/review-consumed-saabira-chaudhuri/
2025-10-21 13:54:30,952 - INFO - article dropped, search terms not present: https://www.telegraph.co.uk/books/non-fiction/review-consumed-saabira-chaudhuri/
2025-10-21 13:54:30,952 - INFO - Parsing url: https://www.telegraph.co.uk/news/2025/05/22/net-zero-is-a-mental-illness/
2025-10-21 13:54:31,019 - INFO - image parsing unsuccessful due to name 'image' is not defined
2025-10-21 13:54:31,024 - INFO - article dropped, search terms not present: https://www.telegraph.co.uk/news/2025/05/22/net-zero-is-a-mental-illness/
2025-10-21 13:54:31,024 - INFO - Parsing url: https://www.telegraph.co.uk/world-news/2025/05/24/george-floyd-death-five-years-blm/
2025-10-21 13:54:31,079 - INFO - Parsing url: https://www.telegraph.co.uk/business/2025/05/07/uk-biggest-north-sea-operator-slashes-jobs-windfall-tax/
2025-10-21 13:54:31,207 - INFO - article dropped, search terms not present: https://www.telegraph.co.uk/business/2025/05/07/uk-biggest-north-sea-operator-slashes-jobs-windfall-tax/
2025-10-21 13:54:31,207 - INFO - Parsing url: https://www.telegraph.co.uk/world-news/2025/05/24/russia-putin-building-new-force-to-take-on-nato-countries/
2025-10-21 13:54:31,258 - INFO - article dropped, search terms not present: https://www.telegraph.co.uk/world-news/2025/05/24/russia-putin-building-new-force-to-take-on-nato-countries/
2025-10-21 13:54:31,258 - INFO - Parsing url: https://www.telegraph.co.uk/news/2025/05/08/good-riddance-to-carla-denyer-wrong-about-everything/
2025-10-21 13:54:31,309 - INFO - image parsing unsuccessful due to name 'image' is not defined
2025-10-21 13:54:31,314 - INFO - Parsing url: https://www.telegraph.co.uk/business/2025/05/17/now-even-greenpeace-is-worried-about-north-sea-oil-jobs/
2025-10-21 13:54:31,360 - INFO - Parsing url: https://www.telegraph.co.uk/politics/2025/05/02/local-elections-live-runcorn-byelection-reform-labour-tory/
2025-10-21 13:54:31,402 - INFO - article dropped, search terms not present: https://www.telegraph.co.uk/politics/2025/05/02/local-elections-live-runcorn-byelection-reform-labour-tory/
2025-10-21 13:54:31,403 - INFO - Parsing url: https://www.telegraph.co.uk/authors/e/ea-ee/ed-cumming/page-3/
2025-10-21 13:54:31,456 - INFO - article dropped, no body text found: https://www.telegraph.co.uk/authors/e/ea-ee/ed-cumming/page-3/
2025-10-21 13:54:31,457 - INFO - downloading images for file article_contents/Telegraph/telegraph.co.uk_2025-05-01_2025-05-31_parsed.json
2025-10-21 13:54:31,457 - INFO - downloading images for article https://www.telegraph.co.uk/news/2025/05/17/refuse-to-live-ed-miliband-grim-future-without-shower/
2025-10-21 13:54:31,458 - INFO - Successfully retrieved session from session_Telegraph.pickle
2025-10-21 13:54:31,460 - INFO - downloading file at https://www.telegraph.co.uk/content/dam/news/2025/05/17/TELEMMGLPICT000422041310_17474887182810_trans_NvBQzQNjv4Bq1N76_h4kJYCSBjfocyQ34QgYS90-ad_7pWEw9GU9tmA.jpeg
2025-10-21 13:54:33,094 - INFO - downloading images for article https://www.telegraph.co.uk/world-news/2025/05/24/george-floyd-death-five-years-blm/
2025-10-21 13:54:33,095 - INFO - Successfully retrieved session from session_Telegraph.pickle
2025-10-21 13:54:33,105 - INFO - downloading file at https://www.telegraph.co.uk/content/dam/world-news/2025/05/23/TELEMMGLPICT000232390586_17480182618030_trans_NvBQzQNjv4BqpEWnc5C83Th7bYLJZj0mM1mo6_-4PpzPo6hOxtz9c6E.jpeg
2025-10-21 13:54:34,586 - INFO - downloading file at https://www.telegraph.co.uk/content/dam/world-news/2025/05/23/TELEMMGLPICT000244543998_17480164649550_trans_NvBQzQNjv4BqrpfQw2hJyG_yckwxPAr0gmyy-GsNrhPQbLesooHneHs.jpeg
2025-10-21 13:54:36,135 - INFO - downloading file at https://www.telegraph.co.uk/content/dam/world-news/2025/05/23/TELEMMGLPICT000235589015_17480337554680_trans_NvBQzQNjv4BqjJeHvIwLm2xPr27m7LF8mWVLDaeaWzlxIQpTU2T6YjQ.jpeg
2025-10-21 13:54:37,899 - INFO - downloading file at https://www.telegraph.co.uk/content/dam/world-news/2025/05/23/TELEMMGLPICT000232538232_17480196328820_trans_NvBQzQNjv4BqA7N2CxnJWnYI3tCbVBgu9T0aesusvN1TE7a0ddd_esI.jpeg
2025-10-21 13:54:39,709 - INFO - downloading file at https://www.telegraph.co.uk/content/dam/world-news/2025/05/23/TELEMMGLPICT000232782711_17480169349280_trans_NvBQzQNjv4BqZgEkZX3M936N5BQK4Va8RWtT0gK_6EfZT336f62EI5U.jpeg
2025-10-21 13:54:41,536 - INFO - downloading file at https://www.telegraph.co.uk/content/dam/world-news/2025/05/23/TELEMMGLPICT000347437332_17480167069480_trans_NvBQzQNjv4Bqek9vKm18v_rkIPH9w2GMNpPHkRvugymKLtqq96r_VP8.jpeg
2025-10-21 13:54:43,392 - INFO - downloading file at https://www.telegraph.co.uk/content/dam/world-news/2025/05/23/TELEMMGLPICT000232672434_17480185666090_trans_NvBQzQNjv4BqpVlberWd9EgFPZtcLiMQf0Rf_Wk3V23H2268P_XkPxc.jpeg
2025-10-21 13:54:45,792 - INFO - downloading images for article https://www.telegraph.co.uk/news/2025/05/08/good-riddance-to-carla-denyer-wrong-about-everything/
2025-10-21 13:54:45,793 - INFO - Successfully retrieved session from session_Telegraph.pickle
2025-10-21 13:54:45,794 - INFO - downloading images for article https://www.telegraph.co.uk/business/2025/05/17/now-even-greenpeace-is-worried-about-north-sea-oil-jobs/
2025-10-21 13:54:45,796 - INFO - Successfully retrieved session from session_Telegraph.pickle
2025-10-21 13:54:45,801 - INFO - downloading file at https://www.telegraph.co.uk/content/dam/briefs/2025/05/16/TELEMMGLPICT000424105273_17474067818890_trans_NvBQzQNjv4BqBoAHBNnsOk47ZzuFbgUwCnOsWJCMlwFkkWdM4jelwsA.jpeg
2025-10-21 13:54:47,486 - INFO - scraping urls from file: ../google_scraping/article_urls/Telegraph/telegraph.co.uk_2025-06-01_2025-06-30_urls.csv
2025-10-21 13:54:47,488 - INFO - Successfully retrieved session from session_Telegraph.pickle
2025-10-21 13:54:47,612 - INFO - Parsing url: https://www.telegraph.co.uk/music/news/how-glastonbury-lost-the-plot/
2025-10-21 13:54:47,661 - INFO - image parsing unsuccessful due to name 'image' is not defined
2025-10-21 13:54:47,666 - INFO - Parsing url: https://www.telegraph.co.uk/music/news/glastonbury-2025-saturday-live/
2025-10-21 13:54:47,715 - INFO - article dropped, search terms not present: https://www.telegraph.co.uk/music/news/glastonbury-2025-saturday-live/
2025-10-21 13:54:47,715 - INFO - Parsing url: https://www.telegraph.co.uk/politics/2025/06/09/politics-latest-news-nigel-farage-reform-wales-steel-coal/
2025-10-21 13:54:47,755 - INFO - article dropped, search terms not present: https://www.telegraph.co.uk/politics/2025/06/09/politics-latest-news-nigel-farage-reform-wales-steel-coal/
2025-10-21 13:54:47,755 - INFO - Parsing url: https://www.telegraph.co.uk/business/2025/06/19/ed-miliband-open-door-to-north-sea-drilling/
2025-10-21 13:54:47,926 - INFO - Parsing url: https://www.telegraph.co.uk/news/2025/06/25/whats-wrong-with-30-million-wedding-jeff-bezos-amazon/
2025-10-21 13:54:47,982 - INFO - article dropped, search terms not present: https://www.telegraph.co.uk/news/2025/06/25/whats-wrong-with-30-million-wedding-jeff-bezos-amazon/
2025-10-21 13:54:47,982 - INFO - Parsing url: https://www.telegraph.co.uk/news/2025/06/29/trump-to-visit-scotland-to-tour-his-three-golf-courses/
2025-10-21 13:54:48,031 - INFO - Parsing url: https://www.telegraph.co.uk/business/2025/06/30/british-manufacturing-dying-labour/
2025-10-21 13:54:48,082 - INFO - Parsing url: https://www.telegraph.co.uk/business/2025/06/08/british-manufacturing-is-dying-before-our-eyes/
2025-10-21 13:54:48,136 - INFO - article dropped, search terms not present: https://www.telegraph.co.uk/business/2025/06/08/british-manufacturing-is-dying-before-our-eyes/
2025-10-21 13:54:48,136 - INFO - Parsing url: https://www.telegraph.co.uk/world-news/2025/06/23/protest-venice-huge-banner-jeff-bezos-wedding-tourism-tax/
2025-10-21 13:54:48,190 - INFO - Parsing url: https://www.telegraph.co.uk/news/2025/06/24/failing-to-crush-just-stop-oil-brought-us-palestine-action/
2025-10-21 13:54:48,239 - INFO - Parsing url: https://www.telegraph.co.uk/music/news/glastonbury-2025-friday-live-the-1975/
2025-10-21 13:54:48,289 - INFO - Parsing url: https://www.telegraph.co.uk/business/2025/06/25/skoda-overtakes-teslas-ev-sales-in-europe-musk-backlash/
2025-10-21 13:54:48,340 - INFO - article dropped, search terms not present: https://www.telegraph.co.uk/business/2025/06/25/skoda-overtakes-teslas-ev-sales-in-europe-musk-backlash/
2025-10-21 13:54:48,340 - INFO - Parsing url: https://www.telegraph.co.uk/world-news/2025/06/02/macron-waxwork-stolen-paris-museum-greenpeace-protest/
2025-10-21 13:54:48,550 - INFO - Parsing url: https://www.telegraph.co.uk/news/2024/10/10/art-vandals-self-indulgent-idiots-protests-national-gallary/
2025-10-21 13:54:48,552 - INFO - title parsing unsuccessful due to 'NoneType' object has no attribute 'text'
2025-10-21 13:54:48,553 - INFO - date to string conversion for json unsuccessful due to 'NoneType' object has no attribute 'strftime'
2025-10-21 13:54:48,553 - INFO - could not format info from https://www.telegraph.co.uk/news/2024/10/10/art-vandals-self-indulgent-idiots-protests-national-gallary/ due to expected string or bytes-like object, got 'NoneType'; kept unformatted
2025-10-21 13:54:48,553 - INFO - article dropped, no body text found: https://www.telegraph.co.uk/news/2024/10/10/art-vandals-self-indulgent-idiots-protests-national-gallary/
2025-10-21 13:54:48,553 - INFO - Parsing url: https://www.telegraph.co.uk/business/2025/06/27/how-inflation-is-killing-off-the-pint/
2025-10-21 13:54:48,612 - INFO - image parsing unsuccessful due to name 'image' is not defined
2025-10-21 13:54:48,618 - INFO - article dropped, search terms not present: https://www.telegraph.co.uk/business/2025/06/27/how-inflation-is-killing-off-the-pint/
2025-10-21 13:54:48,618 - INFO - Parsing url: https://www.telegraph.co.uk/authors/i/ik-io/iona-cleave/page-6/
2025-10-21 13:54:48,677 - INFO - article dropped, no body text found: https://www.telegraph.co.uk/authors/i/ik-io/iona-cleave/page-6/
2025-10-21 13:54:48,679 - INFO - downloading images for file article_contents/Telegraph/telegraph.co.uk_2025-06-01_2025-06-30_parsed.json
2025-10-21 13:54:48,679 - INFO - downloading images for article https://www.telegraph.co.uk/music/news/how-glastonbury-lost-the-plot/
2025-10-21 13:54:48,679 - INFO - Successfully retrieved session from session_Telegraph.pickle
2025-10-21 13:54:48,679 - INFO - downloading images for article https://www.telegraph.co.uk/business/2025/06/19/ed-miliband-open-door-to-north-sea-drilling/
2025-10-21 13:54:48,679 - INFO - Successfully retrieved session from session_Telegraph.pickle
2025-10-21 13:54:48,681 - INFO - downloading file at https://www.telegraph.co.uk/content/dam/business/2025/06/19/TELEMMGLPICT000428397428_17503171545220_trans_NvBQzQNjv4BqzK9QdOevxEEatiKeZqSwk9Olg9QRXFhC4v-gBbV5BaM.jpeg
2025-10-21 13:54:50,717 - INFO - downloading file at https://www.telegraph.co.uk/content/dam/briefs/2025/06/18/TELEMMGLPICT000382278270_17502734027590_trans_NvBQzQNjv4BqpVlberWd9EgFPZtcLiMQf0Rf_Wk3V23H2268P_XkPxc.jpeg
2025-10-21 13:54:52,770 - INFO - downloading images for article https://www.telegraph.co.uk/news/2025/06/29/trump-to-visit-scotland-to-tour-his-three-golf-courses/
2025-10-21 13:54:52,772 - INFO - Successfully retrieved session from session_Telegraph.pickle
2025-10-21 13:54:52,777 - INFO - downloading file at https://www.telegraph.co.uk/content/dam/briefs/2025/06/29/TELEMMGLPICT000402493908_17512104885810_trans_NvBQzQNjv4Bqci5vAVrCdQ9d-At7KL20q4B9bQR5O1DaBGi5AlX855o.jpeg
2025-10-21 13:54:54,541 - INFO - downloading file at https://www.telegraph.co.uk/content/dam/briefs/2025/06/29/TELEMMGLPICT000199692454_17512106186790_trans_NvBQzQNjv4BqRw7uKImMqa3-pkk5JsRT8dHhMh81Y8GqX3ipA8YMo0k.jpeg
2025-10-21 13:54:56,186 - INFO - downloading file at https://www.telegraph.co.uk/content/dam/news/2025/06/29/TELEMMGLPICT000415494905_17512109224250_trans_NvBQzQNjv4BqjvE9Rr87xStm87qEynN5NP4Xpit_DMGvdp2n7FDd82k.jpeg
2025-10-21 13:54:58,333 - INFO - downloading images for article https://www.telegraph.co.uk/business/2025/06/30/british-manufacturing-dying-labour/
2025-10-21 13:54:58,334 - INFO - Successfully retrieved session from session_Telegraph.pickle
2025-10-21 13:54:58,341 - INFO - downloading file at https://www.telegraph.co.uk/content/dam/business/2025/06/30/TELEMMGLPICT000002225522_17513028710990_trans_NvBQzQNjv4BqLrSseiYmS3q0g1a2ZonCzZgojZYlP8f0i9h2tPqCNsM.jpeg
2025-10-21 13:55:00,616 - INFO - downloading file at https://www.telegraph.co.uk/content/dam/business/2025/06/30/TELEMMGLPICT000423353744_17513017236380_trans_NvBQzQNjv4BqOFETOfxYGjVMc6tecZdrRGXlmm31wmT8gxvqLVWyrms.jpeg
2025-10-21 13:55:02,281 - INFO - downloading images for article https://www.telegraph.co.uk/world-news/2025/06/23/protest-venice-huge-banner-jeff-bezos-wedding-tourism-tax/
2025-10-21 13:55:02,283 - INFO - Successfully retrieved session from session_Telegraph.pickle
2025-10-21 13:55:02,288 - INFO - downloading file at https://www.telegraph.co.uk/content/dam/briefs/2025/06/23/TELEMMGLPICT000429735127_17506908734250_trans_NvBQzQNjv4BqiJKnWu1VZ98U_FRh7aGdy7essG4FBIUTYsprwQB4T-o.jpeg
2025-10-21 13:55:04,129 - INFO - downloading file at https://www.telegraph.co.uk/content/dam/briefs/2025/06/23/TELEMMGLPICT000429746734_17506910397550_trans_NvBQzQNjv4Bqmn74KtMQRTQR_66nVs-Q_3-lc3MoKhBIB36Nr_UxZBk.jpeg
2025-10-21 13:55:06,269 - INFO - downloading file at https://www.telegraph.co.uk/content/dam/briefs/2025/06/23/TELEMMGLPICT000429634271_17506912144910_trans_NvBQzQNjv4BqqVzuuqpFlyLIwiB6NTmJwXlNMros__ArxXuazEoVa-Q.jpeg
2025-10-21 13:55:08,214 - INFO - downloading file at https://www.telegraph.co.uk/content/dam/briefs/2025/06/23/TELEMMGLPICT000429137670_17506909869950_trans_NvBQzQNjv4Bq2X5v5tIY989kbirmSO0CVObcKT0qz8TVYRdQb4Z0vGQ.jpeg
2025-10-21 13:55:10,506 - INFO - downloading file at https://www.telegraph.co.uk/content/dam/briefs/2025/06/23/TELEMMGLPICT000429639291_17506910842260_trans_NvBQzQNjv4BqeqwFWFrh2b9NqBzLPCrLjuBu4Dtux322Eqyv1UnPUWw.jpeg
2025-10-21 13:55:12,793 - INFO - downloading images for article https://www.telegraph.co.uk/news/2025/06/24/failing-to-crush-just-stop-oil-brought-us-palestine-action/
2025-10-21 13:55:12,794 - INFO - Successfully retrieved session from session_Telegraph.pickle
2025-10-21 13:55:12,800 - INFO - downloading file at https://www.telegraph.co.uk/content/dam/news/2025/06/24/TELEMMGLPICT000429754007_17507614820030_trans_NvBQzQNjv4BqepFX7Cjaz_vGTytwS0xbx15NUcTKNHKqy85KLqtvPLE.jpeg
2025-10-21 13:55:14,695 - INFO - downloading images for article https://www.telegraph.co.uk/music/news/glastonbury-2025-friday-live-the-1975/
2025-10-21 13:55:14,697 - INFO - Successfully retrieved session from session_Telegraph.pickle
2025-10-21 13:55:14,707 - INFO - downloading file at https://www.telegraph.co.uk/content/dam/music/2025/06/27/TELEMMGLPICT000430339388_17510458894580_trans_NvBQzQNjv4BqAHFvc2WzbX_v7BQ2hCChD8NnNwX0XWWymFycdFkkuyk.jpeg
2025-10-21 13:55:16,736 - INFO - downloading file at https://www.telegraph.co.uk/content/dam/music/2025/06/27/TELEMMGLPICT000226976627_17510463430100_trans_NvBQzQNjv4BqqVzuuqpFlyLIwiB6NTmJwSX5rhseiWKOo9p9OQ-ymek.jpeg
2025-10-21 13:55:19,550 - INFO - downloading file at https://www.telegraph.co.uk/content/dam/music/2025/06/27/TELEMMGLPICT000430338088_17510458078790_trans_NvBQzQNjv4Bq7t4Eljyiy6iRMFuEKY2dXA1vLvhkMtVb21dMmpQBfEs.jpeg
2025-10-21 13:55:21,084 - INFO - downloading file at https://www.telegraph.co.uk/content/dam/music/2025/06/27/TELEMMGLPICT000430320030_17510439472140_trans_NvBQzQNjv4BqqVzuuqpFlyLIwiB6NTmJwSX5rhseiWKOo9p9OQ-ymek.jpeg
2025-10-21 13:55:23,555 - INFO - downloading file at https://www.telegraph.co.uk/content/dam/music/2025/06/27/TELEMMGLPICT000430326818_17510417021680_trans_NvBQzQNjv4BqqVzuuqpFlyLIwiB6NTmJwSX5rhseiWKOo9p9OQ-ymek.jpeg
2025-10-21 13:55:25,211 - INFO - downloading file at https://www.telegraph.co.uk/content/dam/music/2025/06/27/TELEMMGLPICT000430324337_17510402593150_trans_NvBQzQNjv4BqVnGZDHLVbaDWtLqzwQh5-VHmPOpeFd0SyQx9dn7kM_w.jpeg
2025-10-21 13:55:27,631 - INFO - downloading images for article https://www.telegraph.co.uk/world-news/2025/06/02/macron-waxwork-stolen-paris-museum-greenpeace-protest/
2025-10-21 13:55:27,631 - INFO - Successfully retrieved session from session_Telegraph.pickle
2025-10-21 13:55:27,634 - INFO - downloading file at https://www.telegraph.co.uk/content/dam/briefs/2025/06/02/TELEMMGLPICT000427121970_17488721358950_trans_NvBQzQNjv4Bq9k_NRcUxd_vb3GsOEtUiIv4Xpit_DMGvdp2n7FDd82k.jpeg
2025-10-21 13:55:29,603 - INFO - downloading file at https://www.telegraph.co.uk/content/dam/briefs/2025/06/02/TELEMMGLPICT000427121512_17488721451770_trans_NvBQzQNjv4BqpVlberWd9EgFPZtcLiMQf0Rf_Wk3V23H2268P_XkPxc.jpeg
2025-10-21 13:55:31,324 - INFO - downloading file at https://www.telegraph.co.uk/content/dam/briefs/2025/06/02/TELEMMGLPICT000426651577_17488721931610_trans_NvBQzQNjv4BqvcbZMXX-vCpvwlOvyIj3IvAom1AprPiz55zIIp-jjTw.jpeg
2025-10-21 13:55:33,522 - INFO - scraping urls from file: ../google_scraping/article_urls/Telegraph/telegraph.co.uk_2025-07-01_2025-07-31_urls.csv
2025-10-21 13:55:33,524 - INFO - Successfully retrieved session from session_Telegraph.pickle
2025-10-21 13:55:33,602 - INFO - Parsing url: https://www.telegraph.co.uk/us/news/2025/07/25/trump-opens-door-to-ghislaine-maxwell-pardon/
2025-10-21 13:55:33,661 - INFO - Parsing url: https://www.telegraph.co.uk/news/2025/07/26/greenpeace-activists-arrested-abseiling-forth-road-bridge/
2025-10-21 13:55:33,716 - INFO - Parsing url: https://www.telegraph.co.uk/us/politics/2025/07/25/donald-trump-britain-migration-scotland-trip/
2025-10-21 13:55:33,776 - INFO - Parsing url: https://www.telegraph.co.uk/news/2025/07/25/abseiling-eco-protesters-shut-forth-road-bridge/
2025-10-21 13:55:33,827 - INFO - Parsing url: https://www.telegraph.co.uk/politics/2025/07/24/scottish-secretary-donald-trump-warm-welcome-visit/
2025-10-21 13:55:33,880 - INFO - article dropped, search terms not present: https://www.telegraph.co.uk/politics/2025/07/24/scottish-secretary-donald-trump-warm-welcome-visit/
2025-10-21 13:55:33,880 - INFO - Parsing url: https://www.telegraph.co.uk/news/2025/07/25/turnberry-turned-into-american-prison-for-trumps-arrival/
2025-10-21 13:55:33,929 - INFO - Parsing url: https://www.telegraph.co.uk/business/2025/07/12/musks-antisemitic-ai-blunders-must-stopped-catastrophe/
2025-10-21 13:55:34,114 - INFO - article dropped, search terms not present: https://www.telegraph.co.uk/business/2025/07/12/musks-antisemitic-ai-blunders-must-stopped-catastrophe/
2025-10-21 13:55:34,114 - INFO - Parsing url: https://www.telegraph.co.uk/books/what-to-read/review-best-novels-to-read-july/
2025-10-21 13:55:34,169 - INFO - article dropped, search terms not present: https://www.telegraph.co.uk/books/what-to-read/review-best-novels-to-read-july/
2025-10-21 13:55:34,169 - INFO - Parsing url: https://www.telegraph.co.uk/business/2025/07/07/reeves-pours-millions-peak-district-carbon-capture/
2025-10-21 13:55:34,219 - INFO - Parsing url: https://www.telegraph.co.uk/opinion/columnists/page-49/
2025-10-21 13:55:34,299 - INFO - could not format info from https://www.telegraph.co.uk/opinion/columnists/page-49/ due to expected string or bytes-like object, got 'NoneType'; kept unformatted
2025-10-21 13:55:34,299 - INFO - article dropped, no body text found: https://www.telegraph.co.uk/opinion/columnists/page-49/
2025-10-21 13:55:34,299 - INFO - Parsing url: https://www.telegraph.co.uk/authors/j/jk-jo/jonathan-leake/page-3/
2025-10-21 13:55:34,358 - INFO - article dropped, no body text found: https://www.telegraph.co.uk/authors/j/jk-jo/jonathan-leake/page-3/
2025-10-21 13:55:34,358 - INFO - Parsing url: https://www.telegraph.co.uk/opinion/columnists/page-50/
2025-10-21 13:55:34,422 - INFO - could not format info from https://www.telegraph.co.uk/opinion/columnists/page-50/ due to expected string or bytes-like object, got 'NoneType'; kept unformatted
2025-10-21 13:55:34,422 - INFO - article dropped, no body text found: https://www.telegraph.co.uk/opinion/columnists/page-50/
2025-10-21 13:55:34,423 - INFO - downloading images for file article_contents/Telegraph/telegraph.co.uk_2025-07-01_2025-07-31_parsed.json
2025-10-21 13:55:34,423 - INFO - downloading images for article https://www.telegraph.co.uk/us/news/2025/07/25/trump-opens-door-to-ghislaine-maxwell-pardon/
2025-10-21 13:55:34,423 - INFO - Successfully retrieved session from session_Telegraph.pickle
2025-10-21 13:55:34,425 - INFO - Not re-downloading file at https://www.telegraph.co.uk/content/dam/briefs/2025/07/25/TELEMMGLPICT000432819474_17534557300780_trans_NvBQzQNjv4BqfomibfiECf3r_FyzyHF01OFG2jSR6q_BFADOdRomMN8.jpeg; already present as article_images/Telegraph/Telegraph_2025-07-25_Trump-Im-allowed-to_img1
2025-10-21 13:55:34,427 - INFO - Not re-downloading file at https://www.telegraph.co.uk/content/dam/briefs/2025/07/25/TELEMMGLPICT000433542673_17534558177540_trans_NvBQzQNjv4BqpVlberWd9EgFPZtcLiMQf0Rf_Wk3V23H2268P_XkPxc.jpeg; already present as article_images/Telegraph/Telegraph_2025-07-25_Trump-Im-allowed-to_img2
2025-10-21 13:55:34,430 - INFO - Not re-downloading file at https://www.telegraph.co.uk/content/dam/en-us/news/2025/07/25/TELEMMGLPICT000432808445_17534607491910_trans_NvBQzQNjv4BqV7P-rG3wEO47DQS4bwCPF5Qd0gUcdddCv0EDOkSO7vg.jpeg; already present as article_images/Telegraph/Telegraph_2025-07-25_Trump-Im-allowed-to_img3
2025-10-21 13:55:34,432 - INFO - Not re-downloading file at https://www.telegraph.co.uk/content/dam/briefs/2025/07/25/TELEMMGLPICT000433552714_17534555233510_trans_NvBQzQNjv4BqpVlberWd9EgFPZtcLiMQf0Rf_Wk3V23H2268P_XkPxc.jpeg; already present as article_images/Telegraph/Telegraph_2025-07-25_Trump-Im-allowed-to_img4
2025-10-21 13:55:34,432 - INFO - downloading images for article https://www.telegraph.co.uk/news/2025/07/26/greenpeace-activists-arrested-abseiling-forth-road-bridge/
2025-10-21 13:55:34,432 - INFO - Successfully retrieved session from session_Telegraph.pickle
2025-10-21 13:55:34,434 - INFO - downloading file at https://www.telegraph.co.uk/content/dam/briefs/2025/07/26/TELEMMGLPICT000433548447_17535362914120_trans_NvBQzQNjv4BqtLiXk9I2QPXgI4Uxb3W8Ef4Xpit_DMGvdp2n7FDd82k.jpeg
2025-10-21 13:55:36,660 - INFO - downloading file at https://www.telegraph.co.uk/content/dam/briefs/2025/07/26/TELEMMGLPICT000433548445_17535363044280_trans_NvBQzQNjv4BqfUlZ8sN0R_V7pIfznXBv1Tc_WR1zkHlH8c4lE2ighF0.jpeg
2025-10-21 13:55:38,381 - INFO - downloading images for article https://www.telegraph.co.uk/us/politics/2025/07/25/donald-trump-britain-migration-scotland-trip/
2025-10-21 13:55:38,382 - INFO - Successfully retrieved session from session_Telegraph.pickle
2025-10-21 13:55:38,384 - INFO - Not re-downloading file at https://www.telegraph.co.uk/content/dam/en-us/politics/2025/07/25/TELEMMGLPICT000433593690_17534774590960_trans_NvBQzQNjv4BqpVlberWd9EgFPZtcLiMQf0Rf_Wk3V23H2268P_XkPxc.jpeg; already present as article_images/Telegraph/Telegraph_2025-07-25_Trump-Horrible-migrant-invasion_img1
2025-10-21 13:55:38,387 - INFO - Not re-downloading file at https://www.telegraph.co.uk/content/dam/en-us/politics/2025/07/25/TELEMMGLPICT000433593029_17534750339180_trans_NvBQzQNjv4BqZgEkZX3M936N5BQK4Va8RWtT0gK_6EfZT336f62EI5U.jpeg; already present as article_images/Telegraph/Telegraph_2025-07-25_Trump-Horrible-migrant-invasion_img2
2025-10-21 13:55:38,389 - INFO - Not re-downloading file at https://www.telegraph.co.uk/content/dam/en-us/politics/2025/07/25/TELEMMGLPICT000433591050_17534755666600_trans_NvBQzQNjv4BqUa2thMnvKQadTDM5oFKzfFVuduJKBIVmdsWxwOVYZQY.jpeg; already present as article_images/Telegraph/Telegraph_2025-07-25_Trump-Horrible-migrant-invasion_img3
2025-10-21 13:55:38,391 - INFO - Not re-downloading file at https://www.telegraph.co.uk/content/dam/en-us/politics/2025/07/25/TELEMMGLPICT000433593484_17534764035100_trans_NvBQzQNjv4BqEzw5OF8VsBey80ir11mphkgR7PVUJ79uLnSHs-A1YSI.jpeg; already present as article_images/Telegraph/Telegraph_2025-07-25_Trump-Horrible-migrant-invasion_img4
2025-10-21 13:55:38,391 - INFO - downloading images for article https://www.telegraph.co.uk/news/2025/07/25/abseiling-eco-protesters-shut-forth-road-bridge/
2025-10-21 13:55:38,392 - INFO - Successfully retrieved session from session_Telegraph.pickle
2025-10-21 13:55:38,394 - INFO - downloading file at https://www.telegraph.co.uk/content/dam/briefs/2025/07/25/TELEMMGLPICT000433544515_17534510406460_trans_NvBQzQNjv4BqRo0U4xU-30oDveS4pXV-Vv4Xpit_DMGvdp2n7FDd82k.jpeg
2025-10-21 13:55:40,148 - INFO - downloading file at https://www.telegraph.co.uk/content/dam/briefs/2025/07/25/TELEMMGLPICT000433544514_17534510474580_trans_NvBQzQNjv4BqgsaO8O78rhmZrDxTlQBjdLdu0TL-Cg_AMOUqySXmFgU.jpeg
2025-10-21 13:55:41,844 - INFO - downloading images for article https://www.telegraph.co.uk/news/2025/07/25/turnberry-turned-into-american-prison-for-trumps-arrival/
2025-10-21 13:55:41,845 - INFO - Successfully retrieved session from session_Telegraph.pickle
2025-10-21 13:55:41,847 - INFO - downloading file at https://www.telegraph.co.uk/content/dam/briefs/2025/07/25/TELEMMGLPICT000433553712_17534652758510_trans_NvBQzQNjv4BqpVlberWd9EgFPZtcLiMQf0Rf_Wk3V23H2268P_XkPxc.jpeg
2025-10-21 13:55:43,770 - INFO - downloading file at https://www.telegraph.co.uk/content/dam/briefs/2025/07/25/TELEMMGLPICT000433554113_17534652124480_trans_NvBQzQNjv4BqpVlberWd9EgFPZtcLiMQf0Rf_Wk3V23H2268P_XkPxc.jpeg
2025-10-21 13:55:45,528 - INFO - downloading file at https://www.telegraph.co.uk/content/dam/briefs/2025/07/25/TELEMMGLPICT000433515608_17534652337820_trans_NvBQzQNjv4BqnQSfWb85vljghMlIYmeE7QDiQB0ks0OTe8ztTf-odhA.jpeg
2025-10-21 13:55:48,536 - INFO - downloading file at https://www.telegraph.co.uk/content/dam/briefs/2025/07/25/TELEMMGLPICT000433447585_17534652430020_trans_NvBQzQNjv4BqaxhR1vC4M3eHXTZuhDlJpx1xV8CovEEUFWalDmJ1l-M.jpeg
2025-10-21 13:55:50,650 - INFO - downloading images for article https://www.telegraph.co.uk/business/2025/07/07/reeves-pours-millions-peak-district-carbon-capture/
2025-10-21 13:55:50,651 - INFO - Successfully retrieved session from session_Telegraph.pickle
2025-10-21 13:55:50,655 - INFO - scraping urls from file: ../google_scraping/article_urls/Telegraph/telegraph.co.uk_2025-08-01_2025-08-31_urls.csv
2025-10-21 13:55:50,655 - INFO - Successfully retrieved session from session_Telegraph.pickle
2025-10-21 13:55:50,705 - INFO - Parsing url: https://www.telegraph.co.uk/politics/2025/08/26/labour-donor-dale-vince-has-35m-contracts-with-sadiq-khan/
2025-10-21 13:55:50,750 - INFO - Parsing url: https://www.telegraph.co.uk/news/2025/08/11/why-palestine-action-was-proscribed-as-a-terror-group/
2025-10-21 13:55:50,791 - INFO - image parsing unsuccessful due to name 'image' is not defined
2025-10-21 13:55:50,795 - INFO - article dropped, search terms not present: https://www.telegraph.co.uk/news/2025/08/11/why-palestine-action-was-proscribed-as-a-terror-group/
2025-10-21 13:55:50,796 - INFO - Parsing url: https://www.telegraph.co.uk/news/2025/08/26/woman-86-among-dozens-charged-supporting-palestine-action/
2025-10-21 13:55:50,911 - INFO - Parsing url: https://www.telegraph.co.uk/news/2025/08/09/palestine-action-protests-live-israel-gaza-war-police/
2025-10-21 13:55:50,952 - INFO - article dropped, search terms not present: https://www.telegraph.co.uk/news/2025/08/09/palestine-action-protests-live-israel-gaza-war-police/
2025-10-21 13:55:50,952 - INFO - Parsing url: https://www.telegraph.co.uk/news/2025/08/02/enough-doom-mongering-about-climate-change/
2025-10-21 13:55:51,002 - INFO - Parsing url: https://www.telegraph.co.uk/news/2025/08/29/palestine-action-proscription-may-backfire/
2025-10-21 13:55:51,048 - INFO - image parsing unsuccessful due to name 'image' is not defined
2025-10-21 13:55:51,051 - INFO - Parsing url: https://www.telegraph.co.uk/news/2025/08/11/grey-haired-granny-activists-are-ruining-britain/
2025-10-21 13:55:51,098 - INFO - Parsing url: https://www.telegraph.co.uk/news/2025/08/29/pro-palestine-group-vandalises-policy-exchange-offices/
2025-10-21 13:55:51,142 - INFO - Parsing url: https://www.telegraph.co.uk/business/2025/08/11/the-hidden-net-zero-tax-crushing-british-industry/
2025-10-21 13:55:51,184 - INFO - image parsing unsuccessful due to name 'image' is not defined
2025-10-21 13:55:51,187 - INFO - Parsing url: https://www.telegraph.co.uk/opinion/columnists/page-30/
2025-10-21 13:55:51,248 - INFO - could not format info from https://www.telegraph.co.uk/opinion/columnists/page-30/ due to expected string or bytes-like object, got 'NoneType'; kept unformatted
2025-10-21 13:55:51,248 - INFO - article dropped, no body text found: https://www.telegraph.co.uk/opinion/columnists/page-30/
2025-10-21 13:55:51,249 - INFO - downloading images for file article_contents/Telegraph/telegraph.co.uk_2025-08-01_2025-08-31_parsed.json
2025-10-21 13:55:51,249 - INFO - downloading images for article https://www.telegraph.co.uk/politics/2025/08/26/labour-donor-dale-vince-has-35m-contracts-with-sadiq-khan/
2025-10-21 13:55:51,249 - INFO - Successfully retrieved session from session_Telegraph.pickle
2025-10-21 13:55:51,252 - INFO - downloading file at https://www.telegraph.co.uk/content/dam/briefs/2025/08/26/TELEMMGLPICT000436895657_17562213333970_trans_NvBQzQNjv4Bq-IWLY18X4-CzgyIcjLEAj0k9u7HhRJvuo-ZLenGRumA.jpeg
2025-10-21 13:55:52,683 - INFO - downloading images for article https://www.telegraph.co.uk/news/2025/08/26/woman-86-among-dozens-charged-supporting-palestine-action/
2025-10-21 13:55:52,684 - INFO - Successfully retrieved session from session_Telegraph.pickle
2025-10-21 13:55:52,690 - INFO - downloading file at https://www.telegraph.co.uk/content/dam/briefs/2025/08/26/TELEMMGLPICT000382557270_17562312604140_trans_NvBQzQNjv4BqpVlberWd9EgFPZtcLiMQf0Rf_Wk3V23H2268P_XkPxc.jpeg
2025-10-21 13:55:54,392 - INFO - downloading images for article https://www.telegraph.co.uk/news/2025/08/02/enough-doom-mongering-about-climate-change/
2025-10-21 13:55:54,393 - INFO - Successfully retrieved session from session_Telegraph.pickle
2025-10-21 13:55:54,399 - INFO - downloading file at https://www.telegraph.co.uk/content/dam/briefs/2025/07/23/TELEMMGLPICT000433285333_17532661260440_trans_NvBQzQNjv4BqVxNGaDcVZlELr2jxuNFMZOSg6cpUPcvv2QuDOC33Xp8.jpeg
2025-10-21 13:55:56,019 - INFO - downloading file at https://www.telegraph.co.uk/content/dam/briefs/2025/07/23/TELEMMGLPICT000433199896_17532662192460_trans_NvBQzQNjv4BqjmpNrzJ7bQ_M5ql9FqM8ztf11FLKtqwYaxK652uKeQE.jpeg
2025-10-21 13:55:59,023 - INFO - downloading file at https://www.telegraph.co.uk/content/dam/briefs/2025/07/25/TELEMMGLPICT000433513909_17534428752130_trans_NvBQzQNjv4BqNoPeQducRYqO5q5glHc4xQxruNgKkmqrVIlXMjpo7PA.jpeg
2025-10-21 13:56:01,260 - INFO - downloading file at https://www.telegraph.co.uk/content/dam/environment/2025/07/29/TELEMMGLPICT000434023884_17538049831690_trans_NvBQzQNjv4Bq7t4Eljyiy6iRMFuEKY2dXEikPYR0xYwuEBLwP9UFqPg.jpeg
2025-10-21 13:56:05,144 - INFO - downloading images for article https://www.telegraph.co.uk/news/2025/08/29/palestine-action-proscription-may-backfire/
2025-10-21 13:56:05,145 - INFO - Successfully retrieved session from session_Telegraph.pickle
2025-10-21 13:56:05,146 - INFO - downloading images for article https://www.telegraph.co.uk/news/2025/08/11/grey-haired-granny-activists-are-ruining-britain/
2025-10-21 13:56:05,147 - INFO - Successfully retrieved session from session_Telegraph.pickle
2025-10-21 13:56:05,158 - INFO - downloading file at https://www.telegraph.co.uk/content/dam/news/2025/08/11/TELEMMGLPICT000435111510_17549236207060_trans_NvBQzQNjv4BqxwKIWfNlPVfpry8kavVcWVjOaCVDMIr3yDAnCMgPIqk.jpeg
2025-10-21 13:56:06,910 - INFO - downloading images for article https://www.telegraph.co.uk/news/2025/08/29/pro-palestine-group-vandalises-policy-exchange-offices/
2025-10-21 13:56:06,912 - INFO - Successfully retrieved session from session_Telegraph.pickle
2025-10-21 13:56:06,922 - INFO - downloading file at https://www.telegraph.co.uk/content/dam/briefs/2025/08/29/TELEMMGLPICT000437298581_17564739622280_trans_NvBQzQNjv4Bq-IWLY18X4-CzgyIcjLEAj0k9u7HhRJvuo-ZLenGRumA.jpeg
2025-10-21 13:56:09,221 - INFO - downloading file at https://www.telegraph.co.uk/content/dam/briefs/2025/08/29/TELEMMGLPICT000437274073_17564739124310_trans_NvBQzQNjv4BqgorLzNIuWKFjctv8STCiZmuT-RD8RsYMxMpJRtmVdl4.jpeg
2025-10-21 13:56:10,440 - INFO - downloading images for article https://www.telegraph.co.uk/business/2025/08/11/the-hidden-net-zero-tax-crushing-british-industry/
2025-10-21 13:56:10,441 - INFO - Successfully retrieved session from session_Telegraph.pickle
2025-10-21 13:56:10,445 - INFO - scraping urls from file: ../google_scraping/article_urls/Telegraph/telegraph.co.uk_2025-09-01_2025-09-30_urls.csv
2025-10-21 13:56:10,446 - INFO - Successfully retrieved session from session_Telegraph.pickle
2025-10-21 13:56:10,503 - INFO - Parsing url: https://www.telegraph.co.uk/news/2025/09/02/badenoch-cowed-by-climate-change-bullies/
2025-10-21 13:56:10,553 - INFO - Parsing url: https://www.telegraph.co.uk/business/2025/09/18/why-starmer-will-struggle-to-deliver-nuclear-golden-age/
2025-10-21 13:56:10,688 - INFO - Parsing url: https://www.telegraph.co.uk/news/2025/09/25/palestine-action-co-founder-claims-ban-is-discrimination-uk/
2025-10-21 13:56:10,742 - INFO - Parsing url: https://www.telegraph.co.uk/business/2025/09/20/anti-ai-doom-prophets-launch-hunger-strike-outside-google/
2025-10-21 13:56:10,792 - INFO - article dropped, search terms not present: https://www.telegraph.co.uk/business/2025/09/20/anti-ai-doom-prophets-launch-hunger-strike-outside-google/
2025-10-21 13:56:10,792 - INFO - Parsing url: https://www.telegraph.co.uk/news/2025/09/08/has-proscribing-palestine-action-backfired/
2025-10-21 13:56:10,852 - INFO - article dropped, no body text found: https://www.telegraph.co.uk/news/2025/09/08/has-proscribing-palestine-action-backfired/
2025-10-21 13:56:10,852 - INFO - Parsing url: https://www.telegraph.co.uk/business/2025/09/07/jet-zero-is-a-sham-that-we-should-stop-wasting-money-on/
2025-10-21 13:56:10,917 - INFO - article dropped, no body text found: https://www.telegraph.co.uk/business/2025/09/07/jet-zero-is-a-sham-that-we-should-stop-wasting-money-on/
2025-10-21 13:56:10,917 - INFO - Parsing url: https://www.telegraph.co.uk/news/2025/09/05/palestine-action-supporters-will-be-celebrated-in-prison/
2025-10-21 13:56:10,980 - INFO - article dropped, no body text found: https://www.telegraph.co.uk/news/2025/09/05/palestine-action-supporters-will-be-celebrated-in-prison/
2025-10-21 13:56:10,988 - INFO - downloading images for file article_contents/Telegraph/telegraph.co.uk_2025-09-01_2025-09-30_parsed.json
2025-10-21 13:56:10,988 - INFO - downloading images for article https://www.telegraph.co.uk/news/2025/09/02/badenoch-cowed-by-climate-change-bullies/
2025-10-21 13:56:10,988 - INFO - Successfully retrieved session from session_Telegraph.pickle
2025-10-21 13:56:10,990 - INFO - downloading file at https://www.telegraph.co.uk/content/dam/news/2025/09/02/TELEMMGLPICT000438159312_17568329016410_trans_NvBQzQNjv4BqgsaO8O78rhmZrDxTlQBjdLdu0TL-Cg_AMOUqySXmFgU.jpeg
2025-10-21 13:56:12,703 - INFO - downloading file at https://www.telegraph.co.uk/content/dam/news/2025/09/02/TELEMMGLPICT000410084930_17568383337600_trans_NvBQzQNjv4BqpVlberWd9EgFPZtcLiMQf0Rf_Wk3V23H2268P_XkPxc.jpeg
2025-10-21 13:56:14,610 - INFO - downloading images for article https://www.telegraph.co.uk/business/2025/09/18/why-starmer-will-struggle-to-deliver-nuclear-golden-age/
2025-10-21 13:56:14,611 - INFO - Successfully retrieved session from session_Telegraph.pickle
2025-10-21 13:56:14,616 - INFO - downloading file at https://www.telegraph.co.uk/content/dam/briefs/2025/09/17/TELEMMGLPICT000338317258_17581052601360_trans_NvBQzQNjv4BqnEX-tC5FsiafN53vJjzdGvWvE2gGMw2vOJvY5uJkv04.jpeg
2025-10-21 13:56:16,008 - INFO - downloading file at https://www.telegraph.co.uk/content/dam/business/2025/09/17/TELEMMGLPICT000428149160_17581437660240_trans_NvBQzQNjv4BqtR1WRZ4lb6BOb1-FBRpn-lFGGjcI28awSNtOPAVs6pc.jpeg
2025-10-21 13:56:18,182 - INFO - downloading images for article https://www.telegraph.co.uk/news/2025/09/25/palestine-action-co-founder-claims-ban-is-discrimination-uk/
2025-10-21 13:56:18,184 - INFO - Successfully retrieved session from session_Telegraph.pickle
2025-10-21 13:56:18,191 - INFO - downloading file at https://www.telegraph.co.uk/content/dam/news/2025/09/25/TELEMMGLPICT000432144397_17588296314240_trans_NvBQzQNjv4BqA7N2CxnJWnYI3tCbVBgu9T0aesusvN1TE7a0ddd_esI.jpeg
2025-10-21 13:56:19,893 - INFO - downloading file at https://www.telegraph.co.uk/content/dam/news/2025/09/25/TELEMMGLPICT000429384958_17588295544650_trans_NvBQzQNjv4BqpVlberWd9EgFPZtcLiMQf0Rf_Wk3V23H2268P_XkPxc.jpeg
2025-10-21 13:56:22,036 - INFO - downloading file at https://www.telegraph.co.uk/content/dam/news/2025/09/25/TELEMMGLPICT000369774881_17588295999490_trans_NvBQzQNjv4BqbDMv8JwwlDswndjPykimv8OiAAw_KxdDaJxuM8wpX2g.jpeg
2025-10-21 14:01:01,684 - INFO - scraping urls from file: ../google_scraping/article_urls/Telegraph/telegraph.co.uk_2023-10-01_2023-10-31_urls.csv
2025-10-21 14:01:01,684 - INFO - Successfully retrieved session from session_Telegraph.pickle
2025-10-21 14:01:01,761 - INFO - Parsing url: https://www.telegraph.co.uk/sir-jim-ratcliffe/
2025-10-21 14:01:01,795 - INFO - article dropped, no body text found: https://www.telegraph.co.uk/sir-jim-ratcliffe/
2025-10-21 14:01:01,795 - INFO - Parsing url: https://www.telegraph.co.uk/politics/2023/10/10/labour-party-conference-keir-starmer-speech-reeves/
2025-10-21 14:01:01,876 - INFO - image parsing unsuccessful due to expected string or bytes-like object, got 'NoneType'
2025-10-21 14:01:01,880 - INFO - article dropped, search terms not present: https://www.telegraph.co.uk/politics/2023/10/10/labour-party-conference-keir-starmer-speech-reeves/
2025-10-21 14:01:01,880 - INFO - Parsing url: https://www.telegraph.co.uk/news/2023/10/14/polar-bear-suffolk-jimmy-doherty-wildlife-zoo-tundra/
2025-10-21 14:01:01,925 - INFO - image parsing unsuccessful due to expected string or bytes-like object, got 'NoneType'
2025-10-21 14:01:01,930 - INFO - Parsing url: https://www.telegraph.co.uk/news/2023/10/17/greta-thunberg-arrested-oil-protest-london-hotel-park-lane/
2025-10-21 14:01:01,974 - INFO - article dropped, search terms not present: https://www.telegraph.co.uk/news/2023/10/17/greta-thunberg-arrested-oil-protest-london-hotel-park-lane/
2025-10-21 14:01:01,974 - INFO - Parsing url: https://www.telegraph.co.uk/authors/s/sf-sj/shauna-brown/
2025-10-21 14:01:02,000 - INFO - article dropped, no body text found: https://www.telegraph.co.uk/authors/s/sf-sj/shauna-brown/
2025-10-21 14:01:02,000 - INFO - Parsing url: https://www.telegraph.co.uk/greta-thunberg/page-3/
2025-10-21 14:01:02,052 - INFO - article dropped, no body text found: https://www.telegraph.co.uk/greta-thunberg/page-3/
2025-10-21 14:01:02,053 - INFO - downloading images for file article_contents/Telegraph/telegraph.co.uk_2023-10-01_2023-10-31_parsed.json
2025-10-21 14:01:02,053 - INFO - downloading images for article https://www.telegraph.co.uk/news/2023/10/14/polar-bear-suffolk-jimmy-doherty-wildlife-zoo-tundra/
2025-10-21 14:01:02,053 - INFO - Successfully retrieved session from session_Telegraph.pickle
2025-10-21 14:01:02,060 - INFO - scraping urls from file: ../google_scraping/article_urls/Telegraph/telegraph.co.uk_2023-11-01_2023-11-30_urls.csv
2025-10-21 14:01:02,061 - INFO - Successfully retrieved session from session_Telegraph.pickle
2025-10-21 14:01:02,094 - INFO - Parsing url: https://www.telegraph.co.uk/world-news/2023/11/16/bear-mauls-eco-activist-trying-to-prove-logging-emptied-den/
2025-10-21 14:01:02,133 - INFO - Parsing url: https://www.telegraph.co.uk/news/2023/11/14/gretas-zealous-supporters-owe-the-free-world-an-apology/
2025-10-21 14:01:02,176 - INFO - Parsing url: https://www.telegraph.co.uk/environment/2023/11/22/is-the-rise-in-whale-deaths-due-to-offshore-wind-farms/
2025-10-21 14:01:02,218 - INFO - image parsing unsuccessful due to expected string or bytes-like object, got 'NoneType'
2025-10-21 14:01:02,222 - INFO - Parsing url: https://www.telegraph.co.uk/news/2023/11/15/greta-thunberg-not-guilty-london-public-order-offence/
2025-10-21 14:01:02,268 - INFO - Parsing url: https://www.telegraph.co.uk/priti-patel/page-4/
2025-10-21 14:01:02,396 - INFO - article dropped, no body text found: https://www.telegraph.co.uk/priti-patel/page-4/
2025-10-21 14:01:02,396 - INFO - Parsing url: https://www.telegraph.co.uk/authors/h/ha-he/hayley-dixon/page-6/
2025-10-21 14:01:02,452 - INFO - article dropped, no body text found: https://www.telegraph.co.uk/authors/h/ha-he/hayley-dixon/page-6/
2025-10-21 14:01:02,461 - INFO - downloading images for file article_contents/Telegraph/telegraph.co.uk_2023-11-01_2023-11-30_parsed.json
2025-10-21 14:01:02,461 - INFO - downloading images for article https://www.telegraph.co.uk/world-news/2023/11/16/bear-mauls-eco-activist-trying-to-prove-logging-emptied-den/
2025-10-21 14:01:02,462 - INFO - Successfully retrieved session from session_Telegraph.pickle
2025-10-21 14:01:02,468 - INFO - downloading file at https://www.telegraph.co.uk/content/dam/world-news/2023/11/16/TELEMMGLPICT000356949894_trans_NvBQzQNjv4BqBUEs63lDNgga1v5t4ZrK_2_Jsy7TvJV4tGLuvbVXx58.jpeg
2025-10-21 14:01:04,769 - INFO - downloading images for article https://www.telegraph.co.uk/news/2023/11/14/gretas-zealous-supporters-owe-the-free-world-an-apology/
2025-10-21 14:01:04,771 - INFO - Successfully retrieved session from session_Telegraph.pickle
2025-10-21 14:01:04,780 - INFO - downloading file at https://www.telegraph.co.uk/content/dam/news/2023/11/14/TELEMMGLPICT000356522634_16999864919990_trans_NvBQzQNjv4BqTCCX6TN09Wsw953wy5SsXkikPYR0xYwuEBLwP9UFqPg.jpeg
2025-10-21 14:01:06,758 - INFO - downloading images for article https://www.telegraph.co.uk/environment/2023/11/22/is-the-rise-in-whale-deaths-due-to-offshore-wind-farms/
2025-10-21 14:01:06,759 - INFO - Successfully retrieved session from session_Telegraph.pickle
2025-10-21 14:01:06,760 - INFO - downloading images for article https://www.telegraph.co.uk/news/2023/11/15/greta-thunberg-not-guilty-london-public-order-offence/
2025-10-21 14:01:06,761 - INFO - Successfully retrieved session from session_Telegraph.pickle
2025-10-21 14:01:06,765 - INFO - downloading file at https://www.telegraph.co.uk/content/dam/news/2023/11/15/TELEMMGLPICT000356764004_17000501165380_trans_NvBQzQNjv4Bqqe94gVf5fwATDoCZ63F3bF5NUcTKNHKqy85KLqtvPLE.jpeg
2025-10-21 14:01:08,493 - INFO - scraping urls from file: ../google_scraping/article_urls/Telegraph/telegraph.co.uk_2023-12-01_2023-12-31_urls.csv
2025-10-21 14:01:08,494 - INFO - Successfully retrieved session from session_Telegraph.pickle
2025-10-21 14:01:08,526 - INFO - Parsing url: https://www.telegraph.co.uk/health-fitness/wellbeing/stress/deepak-chopra-author-interview/
2025-10-21 14:01:08,576 - INFO - image parsing unsuccessful due to expected string or bytes-like object, got 'NoneType'
2025-10-21 14:01:08,581 - INFO - article dropped, no body text found: https://www.telegraph.co.uk/health-fitness/wellbeing/stress/deepak-chopra-author-interview/
2025-10-21 14:01:08,581 - INFO - Parsing url: https://www.telegraph.co.uk/money/net-zero/just-stop-oil-what-happens-six-billion-might-die/
2025-10-21 14:01:08,627 - INFO - Parsing url: https://www.telegraph.co.uk/business/2023/12/03/london-decline-crime-chaos-home-working-ulez/
2025-10-21 14:01:08,677 - INFO - image parsing unsuccessful due to expected string or bytes-like object, got 'NoneType'
2025-10-21 14:01:08,681 - INFO - Parsing url: https://www.telegraph.co.uk/news/2023/12/07/chris-packham-sacked-by-bird-charity-too-political/
2025-10-21 14:01:08,716 - INFO - Parsing url: https://www.telegraph.co.uk/authors/v/vf-vj/vivian-song/page-6/
2025-10-21 14:01:08,766 - INFO - article dropped, no body text found: https://www.telegraph.co.uk/authors/v/vf-vj/vivian-song/page-6/
2025-10-21 14:01:08,767 - INFO - downloading images for file article_contents/Telegraph/telegraph.co.uk_2023-12-01_2023-12-31_parsed.json
2025-10-21 14:01:08,767 - INFO - downloading images for article https://www.telegraph.co.uk/money/net-zero/just-stop-oil-what-happens-six-billion-might-die/
2025-10-21 14:01:08,767 - INFO - Successfully retrieved session from session_Telegraph.pickle
2025-10-21 14:01:08,769 - INFO - downloading file at https://www.telegraph.co.uk/content/dam/money/2023/12/18/TELEMMGLPICT000343533575_17029212464800_trans_NvBQzQNjv4Bq_Q1ILu06sxsA6j_eQJ7bcR8WzKyQDtZdoPByVJvBwnA.jpeg
2025-10-21 14:01:10,406 - INFO - downloading images for article https://www.telegraph.co.uk/business/2023/12/03/london-decline-crime-chaos-home-working-ulez/
2025-10-21 14:01:10,407 - INFO - Successfully retrieved session from session_Telegraph.pickle
2025-10-21 14:01:10,408 - INFO - downloading images for article https://www.telegraph.co.uk/news/2023/12/07/chris-packham-sacked-by-bird-charity-too-political/
2025-10-21 14:01:10,409 - INFO - Successfully retrieved session from session_Telegraph.pickle
2025-10-21 14:01:10,412 - INFO - downloading file at https://www.telegraph.co.uk/content/dam/news/2023/12/07/TELEMMGLPICT000351124924_17019634262300_trans_NvBQzQNjv4BqpVlberWd9EgFPZtcLiMQf0Rf_Wk3V23H2268P_XkPxc.jpeg
2025-10-21 14:01:12,111 - INFO - scraping urls from file: ../google_scraping/article_urls/Telegraph/telegraph.co.uk_2024-01-01_2024-01-31_urls.csv
2025-10-21 14:01:12,113 - INFO - Successfully retrieved session from session_Telegraph.pickle
2025-10-21 14:01:12,135 - INFO - Parsing url: https://www.telegraph.co.uk/world-news/2024/01/28/mona-lisa-attack-soup-climate-protesters-louvre-paris/
2025-10-21 14:01:12,179 - INFO - article dropped, search terms not present: https://www.telegraph.co.uk/world-news/2024/01/28/mona-lisa-attack-soup-climate-protesters-louvre-paris/
2025-10-21 14:01:12,179 - INFO - Parsing url: https://www.telegraph.co.uk/business/2024/01/14/vivienne-westwood-cuts-office-hours-two-days-net-zero-push/
2025-10-21 14:01:12,216 - INFO - Parsing url: https://www.telegraph.co.uk/travel/destinations/europe/norway/best-cruises-in-norway-book-northern-lights/
2025-10-21 14:01:12,348 - INFO - image parsing unsuccessful due to expected string or bytes-like object, got 'NoneType'
2025-10-21 14:01:12,355 - INFO - downloading images for file article_contents/Telegraph/telegraph.co.uk_2024-01-01_2024-01-31_parsed.json
2025-10-21 14:01:12,355 - INFO - downloading images for article https://www.telegraph.co.uk/business/2024/01/14/vivienne-westwood-cuts-office-hours-two-days-net-zero-push/
2025-10-21 14:01:12,355 - INFO - Successfully retrieved session from session_Telegraph.pickle
2025-10-21 14:01:12,358 - INFO - downloading file at https://www.telegraph.co.uk/content/dam/business/2024/01/14/TELEMMGLPICT000213377495_17052569446320_trans_NvBQzQNjv4BqqVzuuqpFlyLIwiB6NTmJwZ-noePaJta23NuHfKFFEj8.jpeg
2025-10-21 14:01:13,924 - INFO - downloading images for article https://www.telegraph.co.uk/travel/destinations/europe/norway/best-cruises-in-norway-book-northern-lights/
2025-10-21 14:01:13,926 - INFO - Successfully retrieved session from session_Telegraph.pickle
2025-10-21 14:01:13,928 - INFO - scraping urls from file: ../google_scraping/article_urls/Telegraph/telegraph.co.uk_2024-02-01_2024-02-29_urls.csv
2025-10-21 14:01:13,929 - INFO - Successfully retrieved session from session_Telegraph.pickle
2025-10-21 14:01:13,994 - INFO - Parsing url: https://www.telegraph.co.uk/news/2024/02/03/greta-thunberg-ruffian-masquerading-as-latter-day-saint/
2025-10-21 14:01:14,033 - INFO - image parsing unsuccessful due to name 'image' is not defined
2025-10-21 14:01:14,036 - INFO - Parsing url: https://www.telegraph.co.uk/news/2024/02/01/greta-thunberg-given-final-warning-before-london-arrest/
2025-10-21 14:01:14,076 - INFO - Parsing url: https://www.telegraph.co.uk/business/2024/02/28/britain-biggest-power-station-drax-burns-forest-green-fuel/
2025-10-21 14:01:14,115 - INFO - Parsing url: https://www.telegraph.co.uk/news/2024/02/02/great-thunberg-public-order-charge-thrown-out-judge/
2025-10-21 14:01:14,147 - INFO - Parsing url: https://www.telegraph.co.uk/business/2024/02/27/ftse-100-markets-latest-news-russia-oil-exports-ocado-abrdn/
2025-10-21 14:01:14,183 - INFO - image parsing unsuccessful due to expected string or bytes-like object, got 'NoneType'
2025-10-21 14:01:14,186 - INFO - article dropped, search terms not present: https://www.telegraph.co.uk/business/2024/02/27/ftse-100-markets-latest-news-russia-oil-exports-ocado-abrdn/
2025-10-21 14:01:14,186 - INFO - Parsing url: https://www.telegraph.co.uk/news/2024/02/12/body-shop-administration-aurelius-takeover-anita-roddick/
2025-10-21 14:01:14,220 - INFO - image parsing unsuccessful due to name 'image' is not defined
2025-10-21 14:01:14,223 - INFO - article dropped, search terms not present: https://www.telegraph.co.uk/news/2024/02/12/body-shop-administration-aurelius-takeover-anita-roddick/
2025-10-21 14:01:14,223 - INFO - Parsing url: https://www.telegraph.co.uk/protests/page-22/
2025-10-21 14:01:14,272 - INFO - article dropped, no body text found: https://www.telegraph.co.uk/protests/page-22/
2025-10-21 14:01:14,273 - INFO - downloading images for file article_contents/Telegraph/telegraph.co.uk_2024-02-01_2024-02-29_parsed.json
2025-10-21 14:01:14,273 - INFO - downloading images for article https://www.telegraph.co.uk/news/2024/02/03/greta-thunberg-ruffian-masquerading-as-latter-day-saint/
2025-10-21 14:01:14,273 - INFO - Successfully retrieved session from session_Telegraph.pickle
2025-10-21 14:01:14,273 - INFO - downloading images for article https://www.telegraph.co.uk/news/2024/02/01/greta-thunberg-given-final-warning-before-london-arrest/
2025-10-21 14:01:14,273 - INFO - Successfully retrieved session from session_Telegraph.pickle
2025-10-21 14:01:14,275 - INFO - downloading file at https://www.telegraph.co.uk/content/dam/news/2024/02/01/TELEMMGLPICT000364851998_17068227174860_trans_NvBQzQNjv4Bq-IWLY18X4-CzgyIcjLEAjxbYerGXAJoneKy0RNsgrI0.jpeg
2025-10-21 14:01:16,026 - INFO - downloading images for article https://www.telegraph.co.uk/business/2024/02/28/britain-biggest-power-station-drax-burns-forest-green-fuel/
2025-10-21 14:01:16,027 - INFO - Successfully retrieved session from session_Telegraph.pickle
2025-10-21 14:01:16,033 - INFO - downloading file at https://www.telegraph.co.uk/content/dam/business/2024/02/28/TELEMMGLPICT000323044625_17091285593190_trans_NvBQzQNjv4BqFZ2mKB99NyfWHs4BvtAqLh_k7ZsagzP-7JFb_VvIr2o.jpeg
2025-10-21 14:01:17,867 - INFO - downloading images for article https://www.telegraph.co.uk/news/2024/02/02/great-thunberg-public-order-charge-thrown-out-judge/
2025-10-21 14:01:17,868 - INFO - Successfully retrieved session from session_Telegraph.pickle
2025-10-21 14:01:17,873 - INFO - downloading file at https://www.telegraph.co.uk/content/dam/news/2024/02/02/TELEMMGLPICT000364903852_17068886594710_trans_NvBQzQNjv4BqrS8Z1b0ZQjNoViJZ3HnGQ3dJc07HAYL41V_gkWNKJsI.jpeg
2025-10-21 14:01:20,718 - INFO - scraping urls from file: ../google_scraping/article_urls/Telegraph/telegraph.co.uk_2024-03-01_2024-03-31_urls.csv
2025-10-21 14:01:20,719 - INFO - Successfully retrieved session from session_Telegraph.pickle
2025-10-21 14:01:20,750 - INFO - Parsing url: https://www.telegraph.co.uk/news/2024/03/01/mob-rule-rishi-sunak-sarah-everard-failed-state/
2025-10-21 14:01:20,787 - INFO - Parsing url: https://www.telegraph.co.uk/tv/0/3-body-problem-series-netflix-episode-5-review-judgment-day/
2025-10-21 14:01:20,829 - INFO - image parsing unsuccessful due to expected string or bytes-like object, got 'NoneType'
2025-10-21 14:01:20,833 - INFO - article dropped, search terms not present: https://www.telegraph.co.uk/tv/0/3-body-problem-series-netflix-episode-5-review-judgment-day/
2025-10-21 14:01:20,833 - INFO - Parsing url: https://www.telegraph.co.uk/authors/m/mf-mj/michael-deacon/page-10/
2025-10-21 14:01:20,968 - INFO - article dropped, no body text found: https://www.telegraph.co.uk/authors/m/mf-mj/michael-deacon/page-10/
2025-10-21 14:01:20,968 - INFO - Parsing url: https://www.telegraph.co.uk/books/page-38/
2025-10-21 14:01:21,033 - INFO - could not format info from https://www.telegraph.co.uk/books/page-38/ due to expected string or bytes-like object, got 'NoneType'; kept unformatted
2025-10-21 14:01:21,033 - INFO - article dropped, no body text found: https://www.telegraph.co.uk/books/page-38/
2025-10-21 14:01:21,042 - INFO - downloading images for file article_contents/Telegraph/telegraph.co.uk_2024-03-01_2024-03-31_parsed.json
2025-10-21 14:01:21,042 - INFO - downloading images for article https://www.telegraph.co.uk/news/2024/03/01/mob-rule-rishi-sunak-sarah-everard-failed-state/
2025-10-21 14:01:21,042 - INFO - Successfully retrieved session from session_Telegraph.pickle
2025-10-21 14:01:21,048 - INFO - downloading file at https://www.telegraph.co.uk/content/dam/news/2024/03/01/TELEMMGLPICT000361731470_17093092647970_trans_NvBQzQNjv4Bq7vu_Vf30gq_IWBjW2U8qIWOq77IW8zOH997mDpM4KzA.jpeg
2025-10-21 14:01:23,306 - INFO - scraping urls from file: ../google_scraping/article_urls/Telegraph/telegraph.co.uk_2024-04-01_2024-04-30_urls.csv
2025-10-21 14:01:23,307 - INFO - Successfully retrieved session from session_Telegraph.pickle
2025-10-21 14:01:23,320 - INFO - Parsing url: https://www.telegraph.co.uk/business/2024/04/01/emma-thompson-stephen-fry-accuse-shell-greenpeace-attack/
2025-10-21 14:01:23,368 - INFO - image parsing unsuccessful due to expected string or bytes-like object, got 'NoneType'
2025-10-21 14:01:23,371 - INFO - Parsing url: https://www.telegraph.co.uk/authors/d/dk-do/dominic-penna/page-37/
2025-10-21 14:01:23,434 - INFO - article dropped, no body text found: https://www.telegraph.co.uk/authors/d/dk-do/dominic-penna/page-37/
2025-10-21 14:01:23,435 - INFO - downloading images for file article_contents/Telegraph/telegraph.co.uk_2024-04-01_2024-04-30_parsed.json
2025-10-21 14:01:23,435 - INFO - downloading images for article https://www.telegraph.co.uk/business/2024/04/01/emma-thompson-stephen-fry-accuse-shell-greenpeace-attack/
2025-10-21 14:01:23,435 - INFO - Successfully retrieved session from session_Telegraph.pickle
2025-10-21 14:01:23,443 - INFO - scraping urls from file: ../google_scraping/article_urls/Telegraph/telegraph.co.uk_2024-05-01_2024-05-31_urls.csv
2025-10-21 14:01:23,444 - INFO - Successfully retrieved session from session_Telegraph.pickle
2025-10-21 14:01:23,479 - INFO - Parsing url: https://www.telegraph.co.uk/royal-family/2024/05/03/daniel-bath-teacher-lucy-illingworth-coronation-concert/
2025-10-21 14:01:23,526 - INFO - Parsing url: https://www.telegraph.co.uk/news/2024/05/14/climate-protester-cleared-scotland-yard-paint-rosa-parks/
2025-10-21 14:01:23,580 - INFO - Parsing url: https://www.telegraph.co.uk/evening-briefing/
2025-10-21 14:01:23,613 - INFO - article dropped, no body text found: https://www.telegraph.co.uk/evening-briefing/
2025-10-21 14:01:23,613 - INFO - Parsing url: https://www.telegraph.co.uk/authors/a/aa-ae/abigail-buchanan/page-5/
2025-10-21 14:01:23,671 - INFO - article dropped, no body text found: https://www.telegraph.co.uk/authors/a/aa-ae/abigail-buchanan/page-5/
2025-10-21 14:01:23,671 - INFO - downloading images for file article_contents/Telegraph/telegraph.co.uk_2024-05-01_2024-05-31_parsed.json
2025-10-21 14:01:23,671 - INFO - downloading images for article https://www.telegraph.co.uk/royal-family/2024/05/03/daniel-bath-teacher-lucy-illingworth-coronation-concert/
2025-10-21 14:01:23,672 - INFO - Successfully retrieved session from session_Telegraph.pickle
2025-10-21 14:01:23,674 - INFO - downloading file at https://www.telegraph.co.uk/content/dam/royal-family/2024/05/03/TELEMMGLPICT000376168553_17147562138520_trans_NvBQzQNjv4BqfTlWJUdQyqCwQ8EZ5mqjuhHLaiIa8JuhJ5ZeZZuwaqc.jpeg
2025-10-21 14:01:25,360 - INFO - downloading file at https://www.telegraph.co.uk/content/dam/royal-family/2024/05/03/TELEMMGLPICT000376168408_17147564124870_trans_NvBQzQNjv4Bqr4SPc_a_5jg3WlhxAQzK-cJDCAS9nsLoGr4omay4xXI.jpeg
2025-10-21 14:01:27,610 - INFO - downloading images for article https://www.telegraph.co.uk/news/2024/05/14/climate-protester-cleared-scotland-yard-paint-rosa-parks/
2025-10-21 14:01:27,611 - INFO - Successfully retrieved session from session_Telegraph.pickle
2025-10-21 14:01:27,616 - INFO - downloading file at https://www.telegraph.co.uk/content/dam/news/2024/05/14/TELEMMGLPICT000376816507_17157172005540_trans_NvBQzQNjv4BqF6ZbFw_tp6Di2QbhEmANyhK_ttBklHtYQZmG40XYfRU.jpeg
2025-10-21 14:01:29,717 - INFO - downloading file at https://www.telegraph.co.uk/content/dam/news/2024/05/14/TELEMMGLPICT000377602692_17157155290610_trans_NvBQzQNjv4Bq9CHTadMEvkjj9yNgSg0MCv4Xpit_DMGvdp2n7FDd82k.jpeg
2025-10-21 14:01:31,581 - INFO - downloading file at https://www.telegraph.co.uk/content/dam/news/2024/05/14/TELEMMGLPICT000376816506_17157155436010_trans_NvBQzQNjv4BqHps5lUliYIqgcK9S7R5oO1fJF0EM4dK0APHdPHIua_0.jpeg
2025-10-21 14:01:33,419 - INFO - scraping urls from file: ../google_scraping/article_urls/Telegraph/telegraph.co.uk_2024-06-01_2024-06-30_urls.csv
2025-10-21 14:01:33,420 - INFO - Successfully retrieved session from session_Telegraph.pickle
2025-10-21 14:01:35,881 - INFO - Parsing url: https://www.telegraph.co.uk/travel/advice/flight-cover-just-stop-oil-protesters/
2025-10-21 14:01:36,026 - INFO - Parsing url: https://www.telegraph.co.uk/vladimir-putin/page-52/
2025-10-21 14:01:36,082 - INFO - article dropped, no body text found: https://www.telegraph.co.uk/vladimir-putin/page-52/
2025-10-21 14:01:36,082 - INFO - Parsing url: https://www.telegraph.co.uk/news/2024/06/10/barclays-bank-branches-vandalised-pro-palestine-activists/
2025-10-21 14:01:36,124 - INFO - article dropped, search terms not present: https://www.telegraph.co.uk/news/2024/06/10/barclays-bank-branches-vandalised-pro-palestine-activists/
2025-10-21 14:01:36,125 - INFO - Parsing url: https://www.telegraph.co.uk/music/news/glastonbury-festival-2024-highlights-friday-day-1/
2025-10-21 14:01:36,169 - INFO - article dropped, search terms not present: https://www.telegraph.co.uk/music/news/glastonbury-festival-2024-highlights-friday-day-1/
2025-10-21 14:01:36,169 - INFO - Parsing url: https://www.telegraph.co.uk/tv/2024/06/09/on-thin-ice-putin-vs-greenpeace-bbc-two-review/
2025-10-21 14:01:36,207 - INFO - Parsing url: https://www.telegraph.co.uk/fashion/news/vivienne-westwood-andreas-kronthaler-auction-christies/
2025-10-21 14:01:36,254 - INFO - Parsing url: https://www.telegraph.co.uk/multimedia/archive/03610/Telegraph1916_1909_3610237a.pdf
2025-10-21 14:01:41,766 - INFO - date to string conversion for json unsuccessful due to 'NoneType' object has no attribute 'strftime'
2025-10-21 14:01:42,522 - INFO - article dropped, no body text found: https://www.telegraph.co.uk/multimedia/archive/03610/Telegraph1916_1909_3610237a.pdf
2025-10-21 14:01:43,023 - INFO - downloading images for file article_contents/Telegraph/telegraph.co.uk_2024-06-01_2024-06-30_parsed.json
2025-10-21 14:01:43,023 - INFO - downloading images for article https://www.telegraph.co.uk/travel/advice/flight-cover-just-stop-oil-protesters/
2025-10-21 14:01:43,024 - INFO - Successfully retrieved session from session_Telegraph.pickle
2025-10-21 14:01:43,030 - INFO - downloading file at https://www.telegraph.co.uk/content/dam/travel/2024/06/26/TELEMMGLPICT000382530953_17193989707970_trans_NvBQzQNjv4BqgsaO8O78rhmZrDxTlQBjdBU--41c5Cba04Sh5SZbNZ8.jpeg
2025-10-21 14:01:45,295 - INFO - downloading images for article https://www.telegraph.co.uk/tv/2024/06/09/on-thin-ice-putin-vs-greenpeace-bbc-two-review/
2025-10-21 14:01:45,296 - INFO - Successfully retrieved session from session_Telegraph.pickle
2025-10-21 14:01:45,302 - INFO - downloading file at https://www.telegraph.co.uk/content/dam/tv/2024/06/07/TELEMMGLPICT000380038083_17177752815460_trans_NvBQzQNjv4BqLUm2LqZ7QfPrWh62iB90NVTmGTZwRSZcqbDiPNar8DA.jpeg
2025-10-21 14:01:46,655 - INFO - downloading images for article https://www.telegraph.co.uk/fashion/news/vivienne-westwood-andreas-kronthaler-auction-christies/
2025-10-21 14:01:46,656 - INFO - Successfully retrieved session from session_Telegraph.pickle
2025-10-21 14:01:46,665 - INFO - downloading file at https://www.telegraph.co.uk/content/dam/fashion/2024/06/13/TELEMMGLPICT000381580639_17182824771200_trans_NvBQzQNjv4BqrpfQw2hJyG_yckwxPAr0gmyy-GsNrhPQbLesooHneHs.jpeg
2025-10-21 14:01:48,586 - INFO - downloading file at https://www.telegraph.co.uk/content/dam/fashion/2024/06/13/TELEMMGLPICT000381580636_17182822734020_trans_NvBQzQNjv4BqUm9QQSHK_tT3NpGr0Hsn0TCCOGVqQsrhoFib3M6rz7Q.jpeg
2025-10-21 14:01:50,503 - INFO - downloading file at https://www.telegraph.co.uk/content/dam/fashion/2024/06/13/TELEMMGLPICT000381580632_17182824983770_trans_NvBQzQNjv4BqpVlberWd9EgFPZtcLiMQf0Rf_Wk3V23H2268P_XkPxc.jpeg
2025-10-21 14:01:52,732 - INFO - downloading file at https://www.telegraph.co.uk/content/dam/fashion/2024/06/13/TELEMMGLPICT000381580618_17182816717220_trans_NvBQzQNjv4BqqVzuuqpFlyLIwiB6NTmJwfSVWeZ_vEN7c6bHu2jJnT8.jpeg
2025-10-21 14:01:54,366 - INFO - downloading file at https://www.telegraph.co.uk/content/dam/fashion/2024/06/13/TELEMMGLPICT000381580624_17182818069680_trans_NvBQzQNjv4BqWhkZ7FdJNyYPrZh0UnsUHOQPE-P2pZ0BwxtYYFfC_vA.jpeg
2025-10-21 14:01:56,539 - INFO - downloading file at https://www.telegraph.co.uk/content/dam/fashion/2024/06/13/TELEMMGLPICT000381580621_17182819099370_trans_NvBQzQNjv4BqEJ4iyFxxUxmVJifPhBjV41nTzsbgY_2mO9W3tq-7lOs.jpeg
2025-10-21 14:01:58,340 - INFO - downloading file at https://www.telegraph.co.uk/content/dam/fashion/2024/06/13/TELEMMGLPICT000381580630_17182822877270_trans_NvBQzQNjv4BqgsaO8O78rhmZrDxTlQBjdLdu0TL-Cg_AMOUqySXmFgU.jpeg
2025-10-21 14:02:00,340 - INFO - downloading file at https://www.telegraph.co.uk/content/dam/fashion/2024/06/13/TELEMMGLPICT000381580625_17182819768400_trans_NvBQzQNjv4Bqz2fS9Wm4YdiceyOEMgxBkS4qgrtIlx42K7Y9llAXE_8.jpeg
2025-10-21 14:02:02,064 - INFO - downloading file at https://www.telegraph.co.uk/content/dam/fashion/2024/06/13/TELEMMGLPICT000381580638_17182819865490_trans_NvBQzQNjv4Bq-gaKsLgbA6-uokDv4MbJV2zmqbnjKNpyJg5a3RLRL0w.jpeg
2025-10-21 14:02:03,897 - INFO - downloading file at https://www.telegraph.co.uk/content/dam/fashion/2024/06/13/TELEMMGLPICT000381580619_17182821917580_trans_NvBQzQNjv4BqFeai-wSz3X3aLKZ-J8uCweADcxwXwsQC0gEYJ9GWv40.jpeg
2025-10-21 14:02:05,581 - INFO - scraping urls from file: ../google_scraping/article_urls/Telegraph/telegraph.co.uk_2024-07-01_2024-07-31_urls.csv
2025-10-21 14:02:05,582 - INFO - Successfully retrieved session from session_Telegraph.pickle
2025-10-21 14:02:05,608 - INFO - Parsing url: https://www.telegraph.co.uk/news/2024/07/24/just-stop-oil-jail-sentence-cressida-gethin-mother-video/
2025-10-21 14:02:05,651 - INFO - Parsing url: https://www.telegraph.co.uk/news/2024/07/12/what-has-britain-done-labour-keir-starmer/
2025-10-21 14:02:05,693 - INFO - Parsing url: https://www.telegraph.co.uk/news/2024/07/18/extinction-rebellion-founder-jailed-for-five-years/
2025-10-21 14:02:05,730 - INFO - Parsing url: https://www.telegraph.co.uk/films/0/glen-powell-twisters-interview/
2025-10-21 14:02:05,782 - INFO - article dropped, search terms not present: https://www.telegraph.co.uk/films/0/glen-powell-twisters-interview/
2025-10-21 14:02:05,782 - INFO - Parsing url: https://www.telegraph.co.uk/news/2024/07/25/progressive-parents-have-brought-up-a-generation-of-entitle/
2025-10-21 14:02:05,821 - INFO - Parsing url: https://www.telegraph.co.uk/business/2024/07/22/stilton-crisis-as-gen-z-rejects-cheese/
2025-10-21 14:02:05,859 - INFO - article dropped, search terms not present: https://www.telegraph.co.uk/business/2024/07/22/stilton-crisis-as-gen-z-rejects-cheese/
2025-10-21 14:02:05,859 - INFO - downloading images for file article_contents/Telegraph/telegraph.co.uk_2024-07-01_2024-07-31_parsed.json
2025-10-21 14:02:05,859 - INFO - downloading images for article https://www.telegraph.co.uk/news/2024/07/24/just-stop-oil-jail-sentence-cressida-gethin-mother-video/
2025-10-21 14:02:05,860 - INFO - Successfully retrieved session from session_Telegraph.pickle
2025-10-21 14:02:05,862 - INFO - downloading file at https://www.telegraph.co.uk/content/dam/news/2024/07/24/TELEMMGLPICT000366773752_17218149443070_trans_NvBQzQNjv4BqqVzuuqpFlyLIwiB6NTmJwfSVWeZ_vEN7c6bHu2jJnT8.jpeg
2025-10-21 14:02:08,484 - INFO - downloading file at https://www.telegraph.co.uk/content/dam/news/2022/11/07/TELEMMGLPICT000315399942_1_trans_NvBQzQNjv4BqZgEkZX3M936N5BQK4Va8RWtT0gK_6EfZT336f62EI5U.jpeg
2025-10-21 14:02:10,495 - INFO - downloading images for article https://www.telegraph.co.uk/news/2024/07/12/what-has-britain-done-labour-keir-starmer/
2025-10-21 14:02:10,496 - INFO - Successfully retrieved session from session_Telegraph.pickle
2025-10-21 14:02:10,501 - INFO - downloading file at https://www.telegraph.co.uk/content/dam/news/2024/07/12/TELEMMGLPICT000385259651_17208032409380_trans_NvBQzQNjv4BqFEEiND-iVAHWLoyxZQxve-dgwEXoorL_43vbdMaYfGA.jpeg
2025-10-21 14:02:11,851 - INFO - downloading images for article https://www.telegraph.co.uk/news/2024/07/18/extinction-rebellion-founder-jailed-for-five-years/
2025-10-21 14:02:11,853 - INFO - Successfully retrieved session from session_Telegraph.pickle
2025-10-21 14:02:11,858 - INFO - downloading file at https://www.telegraph.co.uk/content/dam/news/2024/07/18/TELEMMGLPICT000372806562_17213150492160_trans_NvBQzQNjv4BqpVlberWd9EgFPZtcLiMQf0Rf_Wk3V23H2268P_XkPxc.jpeg
2025-10-21 14:02:14,869 - INFO - downloading file at https://www.telegraph.co.uk/content/dam/news/2024/07/18/TELEMMGLPICT000372774395_17213160788190_trans_NvBQzQNjv4BqtGQB12KHxxQCrwnTZkX0nwgWqwm85JEWpGVhFb46TTg.jpeg
2025-10-21 14:02:17,258 - INFO - downloading file at https://www.telegraph.co.uk/content/dam/news/2024/07/18/TELEMMGLPICT000386030169_17213162541610_trans_NvBQzQNjv4BqzHDhaW2A9CiilXP0xXZ5zmreqapuikfNyCYuptSHoIo.jpeg
2025-10-21 14:02:18,924 - INFO - downloading images for article https://www.telegraph.co.uk/news/2024/07/25/progressive-parents-have-brought-up-a-generation-of-entitle/
2025-10-21 14:02:18,925 - INFO - Successfully retrieved session from session_Telegraph.pickle
2025-10-21 14:02:18,930 - INFO - downloading file at https://www.telegraph.co.uk/content/dam/news/2024/07/25/TELEMMGLPICT000366773752_17219128403540_trans_NvBQzQNjv4BqqVzuuqpFlyLIwiB6NTmJwSX5rhseiWKOo9p9OQ-ymek.jpeg
2025-10-21 14:02:21,211 - INFO - scraping urls from file: ../google_scraping/article_urls/Telegraph/telegraph.co.uk_2024-08-01_2024-08-31_urls.csv
2025-10-21 14:02:21,212 - INFO - Successfully retrieved session from session_Telegraph.pickle
2025-10-21 14:02:21,232 - INFO - Parsing url: https://www.telegraph.co.uk/news/2024/08/04/public-order-has-collapsed-and-starmer-is-too-weak/
2025-10-21 14:02:21,272 - INFO - image parsing unsuccessful due to name 'image' is not defined
2025-10-21 14:02:21,276 - INFO - Parsing url: https://www.telegraph.co.uk/news/2024/08/30/public-avoid-windsor-extinction-rebellion-mass-assembly/
2025-10-21 14:02:21,887 - INFO - downloading images for file article_contents/Telegraph/telegraph.co.uk_2024-08-01_2024-08-31_parsed.json
2025-10-21 14:02:21,887 - INFO - downloading images for article https://www.telegraph.co.uk/news/2024/08/04/public-order-has-collapsed-and-starmer-is-too-weak/
2025-10-21 14:02:21,887 - INFO - Successfully retrieved session from session_Telegraph.pickle
2025-10-21 14:02:21,888 - INFO - downloading images for article https://www.telegraph.co.uk/news/2024/08/30/public-avoid-windsor-extinction-rebellion-mass-assembly/
2025-10-21 14:02:21,888 - INFO - Successfully retrieved session from session_Telegraph.pickle
2025-10-21 14:02:21,890 - INFO - downloading file at https://www.telegraph.co.uk/content/dam/news/2024/08/30/TELEMMGLPICT000391704704_17250144053910_trans_NvBQzQNjv4BqpVlberWd9EgFPZtcLiMQf0Rf_Wk3V23H2268P_XkPxc.jpeg
2025-10-21 14:02:24,342 - INFO - downloading file at https://www.telegraph.co.uk/content/dam/news/2024/08/30/TELEMMGLPICT000391713531_17250144777240_trans_NvBQzQNjv4BqnxsVzbFt55yT5iapkHrLYfykPd8sp5D6i9gcZuZ6PU4.jpeg
2025-10-21 14:02:26,278 - INFO - downloading file at https://www.telegraph.co.uk/content/dam/news/2024/08/30/TELEMMGLPICT000391714182_17250190103940_trans_NvBQzQNjv4BqtGQB12KHxxQCrwnTZkX0nwgWqwm85JEWpGVhFb46TTg.jpeg
2025-10-21 14:02:28,234 - INFO - scraping urls from file: ../google_scraping/article_urls/Telegraph/telegraph.co.uk_2024-09-01_2024-09-30_urls.csv
2025-10-21 14:02:28,235 - INFO - Successfully retrieved session from session_Telegraph.pickle
2025-10-21 14:02:28,384 - INFO - Parsing url: https://www.telegraph.co.uk/news/2024/09/28/three-charged-soup-thrown-van-gogh-paintings/
2025-10-21 14:02:28,440 - INFO - Parsing url: https://www.telegraph.co.uk/business/2024/09/05/ftse-100-markets-latest-news-uk-economy-elon-musk-x/
2025-10-21 14:02:28,498 - INFO - article dropped, search terms not present: https://www.telegraph.co.uk/business/2024/09/05/ftse-100-markets-latest-news-uk-economy-elon-musk-x/
2025-10-21 14:02:28,498 - INFO - Parsing url: https://www.telegraph.co.uk/business/2024/09/08/electric-cars-forcing-britain-confront-pay-per-mile/
2025-10-21 14:02:28,536 - INFO - image parsing unsuccessful due to name 'image' is not defined
2025-10-21 14:02:28,539 - INFO - Parsing url: https://www.telegraph.co.uk/politics/2024/09/06/tate-modern-indigenous-art-hindsbo-just-stop-oil-activists/
2025-10-21 14:02:28,580 - INFO - Parsing url: https://www.telegraph.co.uk/world-news/2024/09/29/activists-soup-just-stop-oil-berlin-van-gogh/
2025-10-21 14:02:28,619 - INFO - Parsing url: https://www.telegraph.co.uk/politics/2024/09/27/labours-new-climate-envoy-backed-extinction-rebellion/
2025-10-21 14:02:28,659 - INFO - Parsing url: https://www.telegraph.co.uk/news/2024/09/15/labours-energy-policy-is-an-act-of-serious-self-harm/
2025-10-21 14:02:28,687 - INFO - image parsing unsuccessful due to name 'image' is not defined
2025-10-21 14:02:28,689 - INFO - Parsing url: https://www.telegraph.co.uk/news/2024/09/30/just-stop-oil-deny-revenge-attack-van-gogh-sunflowers/
2025-10-21 14:02:28,727 - INFO - Parsing url: https://www.telegraph.co.uk/news/2024/09/21/just-stop-oil-priest-accused-magna-carta-vandalism-barred/
2025-10-21 14:02:28,765 - INFO - Parsing url: https://www.telegraph.co.uk/opinion/2024/09/05/letters-labour-shamefully-caved-anti-israel-wing/
2025-10-21 14:02:28,884 - INFO - article dropped, search terms not present: https://www.telegraph.co.uk/opinion/2024/09/05/letters-labour-shamefully-caved-anti-israel-wing/
2025-10-21 14:02:28,885 - INFO - Parsing url: https://www.telegraph.co.uk/news/2024/09/21/gary-lineker-emma-thompson-eco-campaign-hypocrite-jet-set/
2025-10-21 14:02:28,930 - INFO - Parsing url: https://www.telegraph.co.uk/business/2024/09/22/british-airports-are-full-to-bursting-does-starmer-dare-act/
2025-10-21 14:02:28,973 - INFO - Parsing url: https://www.telegraph.co.uk/news/2024/09/30/just-stop-oil-soup-throwing-protests-moral-toddlerhood/
2025-10-21 14:02:29,013 - INFO - Parsing url: https://www.telegraph.co.uk/politics/2024/09/09/extinction-rebellion-climate-cafe-bolton-council/
2025-10-21 14:02:29,045 - INFO - Parsing url: https://www.telegraph.co.uk/news/2024/09/20/greenpeace-activists-charges-dropped-rishi-sunak/
2025-10-21 14:02:29,081 - INFO - Parsing url: https://www.telegraph.co.uk/business/2024/09/05/stopping-north-sea-drilling-risks-safety-shell/
2025-10-21 14:02:29,113 - INFO - Parsing url: https://www.telegraph.co.uk/books/non-fiction/review-all-the-rage-josh-cohen/
2025-10-21 14:02:29,154 - INFO - Parsing url: https://www.telegraph.co.uk/art/reviews/led-by-donkeys-headfirst-bristol-review/
2025-10-21 14:02:29,192 - INFO - Parsing url: https://www.telegraph.co.uk/news/2024/09/14/labour-council-bans-non-vegan-food-and-drink-in-meetings/
2025-10-21 14:02:29,306 - INFO - Parsing url: https://www.telegraph.co.uk/politics/2024/09/22/labour-party-conference-liverpool-starmer-rayner/
2025-10-21 14:02:29,343 - INFO - article dropped, search terms not present: https://www.telegraph.co.uk/politics/2024/09/22/labour-party-conference-liverpool-starmer-rayner/
2025-10-21 14:02:29,343 - INFO - Parsing url: https://www.telegraph.co.uk/politics/2024/09/27/politics-latest-news-starmer-labour-us-trump/
2025-10-21 14:02:29,385 - INFO - article dropped, search terms not present: https://www.telegraph.co.uk/politics/2024/09/27/politics-latest-news-starmer-labour-us-trump/
2025-10-21 14:02:29,385 - INFO - Parsing url: https://www.telegraph.co.uk/news/2024/09/27/just-stop-oil-van-gogh-painting-jail/
2025-10-21 14:02:29,417 - INFO - Parsing url: https://www.telegraph.co.uk/news/2024/09/27/water-companies-flooding-norway/
2025-10-21 14:02:29,453 - INFO - Parsing url: https://www.telegraph.co.uk/global-health/terror-and-security/environmental-activists-murdered-last-year-global-witness/
2025-10-21 14:02:29,493 - INFO - article dropped, search terms not present: https://www.telegraph.co.uk/global-health/terror-and-security/environmental-activists-murdered-last-year-global-witness/
2025-10-21 14:02:29,493 - INFO - Parsing url: https://www.telegraph.co.uk/news/2024/09/13/national-history-museum-climate-change-just-stop-oil/
2025-10-21 14:02:29,530 - INFO - Parsing url: https://www.telegraph.co.uk/politics/2024/09/20/labour-bars-hunting-association-from-party-conference/
2025-10-21 14:02:29,567 - INFO - Parsing url: https://www.telegraph.co.uk/news/2024/09/26/just-stop-oil-soup-throwers-iconoclasts/
2025-10-21 14:02:29,598 - INFO - Parsing url: https://www.telegraph.co.uk/business/2024/09/25/ed-miliband-armed-police-guard-gas-terminals-net-zero/
2025-10-21 14:02:29,630 - INFO - Parsing url: https://www.telegraph.co.uk/travel/comment/tourism-protesters-will-not-stop-until-results/
2025-10-21 14:02:29,748 - INFO - Parsing url: https://www.telegraph.co.uk/tv/2024/09/28/michael-socha-interview-showtrial-bbc-this-is-england/
2025-10-21 14:02:29,798 - INFO - article dropped, search terms not present: https://www.telegraph.co.uk/tv/2024/09/28/michael-socha-interview-showtrial-bbc-this-is-england/
2025-10-21 14:02:29,798 - INFO - Parsing url: https://www.telegraph.co.uk/authors/c/ca-ce/camilla-tominey/page-12/
2025-10-21 14:02:29,855 - INFO - article dropped, no body text found: https://www.telegraph.co.uk/authors/c/ca-ce/camilla-tominey/page-12/
2025-10-21 14:02:29,855 - INFO - Parsing url: https://www.telegraph.co.uk/labour-party/page-92/
2025-10-21 14:02:29,912 - INFO - article dropped, no body text found: https://www.telegraph.co.uk/labour-party/page-92/
2025-10-21 14:02:29,912 - INFO - Parsing url: https://www.telegraph.co.uk/authors/a/ak-ao/alan-cochrane/page-5/
2025-10-21 14:02:29,966 - INFO - article dropped, no body text found: https://www.telegraph.co.uk/authors/a/ak-ao/alan-cochrane/page-5/
2025-10-21 14:02:29,969 - INFO - downloading images for file article_contents/Telegraph/telegraph.co.uk_2024-09-01_2024-09-30_parsed.json
2025-10-21 14:02:29,969 - INFO - downloading images for article https://www.telegraph.co.uk/news/2024/09/28/three-charged-soup-thrown-van-gogh-paintings/
2025-10-21 14:02:29,969 - INFO - Successfully retrieved session from session_Telegraph.pickle
2025-10-21 14:02:29,971 - INFO - Not re-downloading file at https://www.telegraph.co.uk/content/dam/news/2024/09/28/TELEMMGLPICT000395764126_17275413454380_trans_NvBQzQNjv4BqDyn_kzCs85o7bFJrmLDpe9HhMh81Y8GqX3ipA8YMo0k.jpeg; already present as Telegraph_2024-09-28_Three-Just-Stop-Oil_img1.jpg
2025-10-21 14:02:29,971 - INFO - downloading images for article https://www.telegraph.co.uk/business/2024/09/08/electric-cars-forcing-britain-confront-pay-per-mile/
2025-10-21 14:02:29,971 - INFO - Successfully retrieved session from session_Telegraph.pickle
2025-10-21 14:02:29,971 - INFO - downloading images for article https://www.telegraph.co.uk/politics/2024/09/06/tate-modern-indigenous-art-hindsbo-just-stop-oil-activists/
2025-10-21 14:02:29,972 - INFO - Successfully retrieved session from session_Telegraph.pickle
2025-10-21 14:02:29,974 - INFO - Not re-downloading file at https://www.telegraph.co.uk/content/dam/politics/2024/09/06/TELEMMGLPICT000392761010_17256376596120_trans_NvBQzQNjv4BqJZD2-_tgzcjDxiN6CkzP9mQnZJIETfWB_fUbKb77n0w.jpeg; already present as Telegraph_2024-09-06_Tate-Modern-director-says_img1.jpg
2025-10-21 14:02:29,974 - INFO - downloading images for article https://www.telegraph.co.uk/world-news/2024/09/29/activists-soup-just-stop-oil-berlin-van-gogh/
2025-10-21 14:02:29,974 - INFO - Successfully retrieved session from session_Telegraph.pickle
2025-10-21 14:02:29,976 - INFO - Not re-downloading file at https://www.telegraph.co.uk/content/dam/world-news/2024/09/29/TELEMMGLPICT000395770673_17276173218260_trans_NvBQzQNjv4BqpVlberWd9EgFPZtcLiMQf_4Xpit_DMGvdp2n7FDd82k.jpeg; already present as Telegraph_2024-09-29_Activists-throw-soup-on_img1.jpg
2025-10-21 14:02:29,976 - INFO - downloading images for article https://www.telegraph.co.uk/politics/2024/09/27/labours-new-climate-envoy-backed-extinction-rebellion/
2025-10-21 14:02:29,976 - INFO - Successfully retrieved session from session_Telegraph.pickle
2025-10-21 14:02:29,978 - INFO - Not re-downloading file at https://www.telegraph.co.uk/content/dam/politics/2024/09/27/TELEMMGLPICT000395741056_17274404848320_trans_NvBQzQNjv4BqqVzuuqpFlyLIwiB6NTmJwfSVWeZ_vEN7c6bHu2jJnT8.jpeg; already present as Telegraph_2024-09-27_Labours-new-climate-envoy_img1.jpg
2025-10-21 14:02:29,978 - INFO - downloading images for article https://www.telegraph.co.uk/news/2024/09/15/labours-energy-policy-is-an-act-of-serious-self-harm/
2025-10-21 14:02:29,978 - INFO - Successfully retrieved session from session_Telegraph.pickle
2025-10-21 14:02:29,978 - INFO - downloading images for article https://www.telegraph.co.uk/news/2024/09/30/just-stop-oil-deny-revenge-attack-van-gogh-sunflowers/
2025-10-21 14:02:29,979 - INFO - Successfully retrieved session from session_Telegraph.pickle
2025-10-21 14:02:29,980 - INFO - Not re-downloading file at https://www.telegraph.co.uk/content/dam/news/2024/09/30/TELEMMGLPICT000396175678_17277079483280_trans_NvBQzQNjv4BqFQNedjGofLaGbGSxtOURWNVW_3dRZcLrh8s-J5omMxQ.jpeg; already present as Telegraph_2024-09-30_Just-Stop-Oil-activists_img1.jpg
2025-10-21 14:02:29,982 - INFO - Not re-downloading file at https://www.telegraph.co.uk/content/dam/news/2024/09/30/TELEMMGLPICT000395765197_17277079858480_trans_NvBQzQNjv4Bqx5egiJ9MQyAqq6uO2mksLR6vTgUo7goj1e1R4oK598Y.jpeg; already present as Telegraph_2024-09-30_Just-Stop-Oil-activists_img2.jpg
2025-10-21 14:02:29,982 - INFO - downloading images for article https://www.telegraph.co.uk/news/2024/09/21/just-stop-oil-priest-accused-magna-carta-vandalism-barred/
2025-10-21 14:02:29,983 - INFO - Successfully retrieved session from session_Telegraph.pickle
2025-10-21 14:02:29,984 - INFO - Not re-downloading file at https://www.telegraph.co.uk/content/dam/news/2024/09/21/TELEMMGLPICT000394617599_17269174216790_trans_NvBQzQNjv4BqbRJKWhcMdxw5raWg35Kf1ZZv6zZc5qd4q2jVBBqlnGU.jpeg; already present as Telegraph_2024-09-21_Just-Stop-Oil-priest_img1.jpg
2025-10-21 14:02:29,986 - INFO - Not re-downloading file at https://www.telegraph.co.uk/content/dam/news/2024/09/21/TELEMMGLPICT000394617616_17269182133630_trans_NvBQzQNjv4BqxJkIlzrmYG5X2b2tPGrJf5SitdkpNmLB-0JbZMWASXE.jpeg; already present as Telegraph_2024-09-21_Just-Stop-Oil-priest_img2.jpg
2025-10-21 14:02:29,986 - INFO - downloading images for article https://www.telegraph.co.uk/news/2024/09/21/gary-lineker-emma-thompson-eco-campaign-hypocrite-jet-set/
2025-10-21 14:02:29,987 - INFO - Successfully retrieved session from session_Telegraph.pickle
2025-10-21 14:02:29,989 - INFO - Not re-downloading file at https://www.telegraph.co.uk/content/dam/news/2024/09/20/TELEMMGLPICT000382863216_17268530706800_trans_NvBQzQNjv4BqFmvNuCJhb9YlvApoMTSpqv4Xpit_DMGvdp2n7FDd82k.jpeg; already present as Telegraph_2024-09-21_Emma-Thompson-and-Gary_img1.jpg
2025-10-21 14:02:29,991 - INFO - Not re-downloading file at https://www.telegraph.co.uk/content/dam/news/2024/09/20/TELEMMGLPICT000385803593_17268538945280_trans_NvBQzQNjv4BqaFzdr2DJGuylOmIGmDBkO8cfMp-viyCjkTR9P1lwVvo.jpeg; already present as Telegraph_2024-09-21_Emma-Thompson-and-Gary_img2.jpg
2025-10-21 14:02:29,992 - INFO - Not re-downloading file at https://www.telegraph.co.uk/content/dam/news/2024/09/20/TELEMMGLPICT000394752528_17268538287570_trans_NvBQzQNjv4BqqVzuuqpFlyLIwiB6NTmJwfSVWeZ_vEN7c6bHu2jJnT8.jpeg; already present as Telegraph_2024-09-21_Emma-Thompson-and-Gary_img3.jpg
2025-10-21 14:02:29,994 - INFO - Not re-downloading file at https://www.telegraph.co.uk/content/dam/news/2024/09/20/TELEMMGLPICT000394758731_17268540558660_trans_NvBQzQNjv4Bqeo_i_u9APj8RuoebjoAHtyX5rhseiWKOo9p9OQ-ymek.jpeg; already present as Telegraph_2024-09-21_Emma-Thompson-and-Gary_img4.jpg
2025-10-21 14:02:29,994 - INFO - downloading images for article https://www.telegraph.co.uk/business/2024/09/22/british-airports-are-full-to-bursting-does-starmer-dare-act/
2025-10-21 14:02:29,995 - INFO - Successfully retrieved session from session_Telegraph.pickle
2025-10-21 14:02:29,997 - INFO - Not re-downloading file at https://www.telegraph.co.uk/business/2024/09/22/british-airports-are-full-to-bursting-does-starmer-dare-act/null_trans_NvBQzQNjv4BqFGqvaUItPVDPbjGVrMntNkfPF_LZY77Ld1RmNPMn2Wk.null; already present as Telegraph_2024-09-22_Heathrow-was-full-10_img1.html
2025-10-21 14:02:29,998 - INFO - Not re-downloading file at https://www.telegraph.co.uk/business/2024/09/22/british-airports-are-full-to-bursting-does-starmer-dare-act/null_trans_NvBQzQNjv4Bqa_PnK6kcBhniCWc-jzQzOyZ6csrISJGeQyrIY9xSEcE.null; already present as Telegraph_2024-09-22_Heathrow-was-full-10_img2.html
2025-10-21 14:02:30,000 - INFO - Not re-downloading file at https://www.telegraph.co.uk/content/dam/business/2024/09/20/TELEMMGLPICT000218536849_17268419920810_trans_NvBQzQNjv4BqCKQT0PXyAw9lN4HQjnBQHf4Xpit_DMGvdp2n7FDd82k.jpeg; already present as Telegraph_2024-09-22_Heathrow-was-full-10_img3.jpg
2025-10-21 14:02:30,002 - INFO - Not re-downloading file at https://www.telegraph.co.uk/business/2024/09/22/british-airports-are-full-to-bursting-does-starmer-dare-act/null_trans_NvBQzQNjv4BqpVlberWd9EgFPZtcLiMQf0Rf_Wk3V23H2268P_XkPxc.null; already present as Telegraph_2024-09-22_Heathrow-was-full-10_img4.html
2025-10-21 14:02:30,004 - INFO - Not re-downloading file at https://www.telegraph.co.uk/business/2024/09/22/british-airports-are-full-to-bursting-does-starmer-dare-act/null_trans_NvBQzQNjv4Bq4KdjWabbidXRBu7jUVums_4Xpit_DMGvdp2n7FDd82k.null; already present as Telegraph_2024-09-22_Heathrow-was-full-10_img5.html
2025-10-21 14:02:30,006 - INFO - Not re-downloading file at https://www.telegraph.co.uk/content/dam/business/2024/09/20/TELEMMGLPICT000201100690_17268388731610_trans_NvBQzQNjv4BqM4jyXBDWA13jCDOSysTa25gojZYlP8f0i9h2tPqCNsM.jpeg; already present as Telegraph_2024-09-22_Heathrow-was-full-10_img6.jpg
2025-10-21 14:02:30,006 - INFO - downloading images for article https://www.telegraph.co.uk/news/2024/09/30/just-stop-oil-soup-throwing-protests-moral-toddlerhood/
2025-10-21 14:02:30,006 - INFO - Successfully retrieved session from session_Telegraph.pickle
2025-10-21 14:02:30,008 - INFO - Not re-downloading file at https://www.telegraph.co.uk/content/dam/news/2024/09/30/TELEMMGLPICT000312766186_17277093285110_trans_NvBQzQNjv4BqB7LFjgUSrcZL4iLofWR23oVoNwvUzT1qr4Jfz_m1hvU.jpeg; already present as Telegraph_2024-09-30_Soupthrowing-protests-only-happen_img1.jpg
2025-10-21 14:02:30,008 - INFO - downloading images for article https://www.telegraph.co.uk/politics/2024/09/09/extinction-rebellion-climate-cafe-bolton-council/
2025-10-21 14:02:30,008 - INFO - Successfully retrieved session from session_Telegraph.pickle
2025-10-21 14:02:30,008 - INFO - downloading images for article https://www.telegraph.co.uk/news/2024/09/20/greenpeace-activists-charges-dropped-rishi-sunak/
2025-10-21 14:02:30,008 - INFO - Successfully retrieved session from session_Telegraph.pickle
2025-10-21 14:02:30,010 - INFO - Not re-downloading file at https://www.telegraph.co.uk/content/dam/news/2024/09/20/TELEMMGLPICT000344714007_17268452223570_trans_NvBQzQNjv4BqfyXGikpR9ox1sv_ufVxBf2YiV4IsE80NIstg3DW7Rx0.jpeg; already present as Telegraph_2024-09-20_Greenpeace-activists-who-sat_img1.jpg
2025-10-21 14:02:30,010 - INFO - downloading images for article https://www.telegraph.co.uk/business/2024/09/05/stopping-north-sea-drilling-risks-safety-shell/
2025-10-21 14:02:30,010 - INFO - Successfully retrieved session from session_Telegraph.pickle
2025-10-21 14:02:30,012 - INFO - Not re-downloading file at https://www.telegraph.co.uk/content/dam/business/2024/09/05/TELEMMGLPICT000372812844_17255420767110_trans_NvBQzQNjv4BqM1jqde5a-OJSmCYBLBIfDbym30jo0tpVm17_GaFLzx8.jpeg; already present as Telegraph_2024-09-05_Stopping-North-Sea-drilling_img1.jpg
2025-10-21 14:02:30,014 - INFO - Not re-downloading file at https://www.telegraph.co.uk/content/dam/business/2024/09/05/TELEMMGLPICT000387403730_17255432582160_trans_NvBQzQNjv4BqpVlberWd9EgFPZtcLiMQf0Rf_Wk3V23H2268P_XkPxc.jpeg; already present as Telegraph_2024-09-05_Stopping-North-Sea-drilling_img2.jpg
2025-10-21 14:02:30,014 - INFO - downloading images for article https://www.telegraph.co.uk/books/non-fiction/review-all-the-rage-josh-cohen/
2025-10-21 14:02:30,014 - INFO - Successfully retrieved session from session_Telegraph.pickle
2025-10-21 14:02:30,016 - INFO - Not re-downloading file at https://www.telegraph.co.uk/content/dam/books/2024/09/12/TELEMMGLPICT000393331807_17261361574740_trans_NvBQzQNjv4BqgeM9nLqjJU1C6JsEKW4oSt3bi7s1wsZuWO3ma0o_jZI.jpeg; already present as Telegraph_2024-09-21_Do-you-feel-angrier_img1.jpg
2025-10-21 14:02:30,018 - INFO - Not re-downloading file at https://www.telegraph.co.uk/content/dam/books/2024/09/13/TELEMMGLPICT000393778775_17262487363080_trans_NvBQzQNjv4Bq-IWLY18X4-CzgyIcjLEAj0k9u7HhRJvuo-ZLenGRumA.jpeg; already present as Telegraph_2024-09-21_Do-you-feel-angrier_img2.jpg
2025-10-21 14:02:30,019 - INFO - Not re-downloading file at https://www.telegraph.co.uk/content/dam/books/2024/09/13/TELEMMGLPICT000387904262_17262486384190_trans_NvBQzQNjv4BqqVzuuqpFlyLIwiB6NTmJwbLUjRePrDBQTsvCUDBTP5o.jpeg; already present as Telegraph_2024-09-21_Do-you-feel-angrier_img3.jpg
2025-10-21 14:02:30,019 - INFO - downloading images for article https://www.telegraph.co.uk/art/reviews/led-by-donkeys-headfirst-bristol-review/
2025-10-21 14:02:30,020 - INFO - Successfully retrieved session from session_Telegraph.pickle
2025-10-21 14:02:30,021 - INFO - Not re-downloading file at https://www.telegraph.co.uk/content/dam/art/2024/09/12/TELEMMGLPICT000393602527_17261650599300_trans_NvBQzQNjv4Bql7wQU__TbAtOVgGZyPjeIFAQomrBUt26Ss4uDdagtug.jpeg; already present as Telegraph_2024-09-12_Led-By-Donkeys-visual_img1.jpg
2025-10-21 14:02:30,023 - INFO - Not re-downloading file at https://www.telegraph.co.uk/content/dam/art/2024/09/12/TELEMMGLPICT000393602484_17261646256960_trans_NvBQzQNjv4BqLFvFcbCCSSPOPEZoCZQZEv4Xpit_DMGvdp2n7FDd82k.jpeg; already present as Telegraph_2024-09-12_Led-By-Donkeys-visual_img2.jpg
2025-10-21 14:02:30,023 - INFO - downloading images for article https://www.telegraph.co.uk/news/2024/09/14/labour-council-bans-non-vegan-food-and-drink-in-meetings/
2025-10-21 14:02:30,023 - INFO - Successfully retrieved session from session_Telegraph.pickle
2025-10-21 14:02:30,025 - INFO - Not re-downloading file at https://www.telegraph.co.uk/content/dam/news/2024/09/14/TELEMMGLPICT000393856173_17263141955510_trans_NvBQzQNjv4BqgsaO8O78rhmZrDxTlQBjdLdu0TL-Cg_AMOUqySXmFgU.jpeg; already present as Telegraph_2024-09-14_Labour-council-bans-nonvegan_img1.jpg
2025-10-21 14:02:30,027 - INFO - Not re-downloading file at https://www.telegraph.co.uk/content/dam/news/2024/09/14/TELEMMGLPICT000393856434_17263145397880_trans_NvBQzQNjv4BqpVlberWd9EgFPZtcLiMQf0Rf_Wk3V23H2268P_XkPxc.jpeg; already present as Telegraph_2024-09-14_Labour-council-bans-nonvegan_img2.jpg
2025-10-21 14:02:30,027 - INFO - downloading images for article https://www.telegraph.co.uk/news/2024/09/27/just-stop-oil-van-gogh-painting-jail/
2025-10-21 14:02:30,027 - INFO - Successfully retrieved session from session_Telegraph.pickle
2025-10-21 14:02:30,029 - INFO - Not re-downloading file at https://www.telegraph.co.uk/content/dam/news/2024/09/27/TELEMMGLPICT000312766186_17274264658530_trans_NvBQzQNjv4BqWaF659IyFFN8EM3LB-kgrn9IFbd288mCy907Jw3GSvk.jpeg; already present as Telegraph_2024-09-27_Just-Stop-Oil-protesters_img1.jpg
2025-10-21 14:02:30,029 - INFO - downloading images for article https://www.telegraph.co.uk/news/2024/09/27/water-companies-flooding-norway/
2025-10-21 14:02:30,029 - INFO - Successfully retrieved session from session_Telegraph.pickle
2025-10-21 14:02:30,031 - INFO - Not re-downloading file at https://www.telegraph.co.uk/content/dam/columnists/2024/09/27/TELEMMGLPICT000395463038_17274597954010_trans_NvBQzQNjv4BqpVlberWd9EgFPZtcLiMQf0Rf_Wk3V23H2268P_XkPxc.jpeg; already present as Telegraph_2024-09-27_Why-are-our-water_img1.jpg
2025-10-21 14:02:30,031 - INFO - downloading images for article https://www.telegraph.co.uk/news/2024/09/13/national-history-museum-climate-change-just-stop-oil/
2025-10-21 14:02:30,031 - INFO - Successfully retrieved session from session_Telegraph.pickle
2025-10-21 14:02:30,033 - INFO - Not re-downloading file at https://www.telegraph.co.uk/content/dam/news/2024/09/13/TELEMMGLPICT000323104419_17262407959390_trans_NvBQzQNjv4Bq5yQLQqeH37t50SCyM4-zeGcv5yZLmao6LolmWYJrXns.jpeg; already present as Telegraph_2024-09-13_Museums-should-be-custodians_img1.jpg
2025-10-21 14:02:30,033 - INFO - downloading images for article https://www.telegraph.co.uk/politics/2024/09/20/labour-bars-hunting-association-from-party-conference/
2025-10-21 14:02:30,034 - INFO - Successfully retrieved session from session_Telegraph.pickle
2025-10-21 14:02:30,034 - INFO - downloading images for article https://www.telegraph.co.uk/news/2024/09/26/just-stop-oil-soup-throwers-iconoclasts/
2025-10-21 14:02:30,034 - INFO - Successfully retrieved session from session_Telegraph.pickle
2025-10-21 14:02:30,036 - INFO - Not re-downloading file at https://www.telegraph.co.uk/content/dam/news/2024/09/26/TELEMMGLPICT000385815170_17273380984280_trans_NvBQzQNjv4Bq1FiX-SRMfuraXuNMOERWRTYWSP9uAl8vI9v8Z4u-R_A.jpeg; already present as Telegraph_2024-09-26_Just-Stop-Oil-soup_img1.jpg
2025-10-21 14:02:30,037 - INFO - Not re-downloading file at https://www.telegraph.co.uk/content/dam/news/2024/09/26/TELEMMGLPICT000395558770_17273382838080_trans_NvBQzQNjv4Bq44rdSC6sTNv0-awk2LQJvpsxFkfY0lSjs3JnSAie75o.jpeg; already present as Telegraph_2024-09-26_Just-Stop-Oil-soup_img2.jpg
2025-10-21 14:02:30,037 - INFO - downloading images for article https://www.telegraph.co.uk/business/2024/09/25/ed-miliband-armed-police-guard-gas-terminals-net-zero/
2025-10-21 14:02:30,038 - INFO - Successfully retrieved session from session_Telegraph.pickle
2025-10-21 14:02:30,039 - INFO - Not re-downloading file at https://www.telegraph.co.uk/content/dam/business/2024/09/24/TELEMMGLPICT000395317280_17271951192470_trans_NvBQzQNjv4BqAnXj5M-IV3N9CiRngFFZFc8rJV79CK_WG7qpYY5hVEk.jpeg; already present as Telegraph_2024-09-25_Miliband-sends-armed-police_img1.jpg
2025-10-21 14:02:30,041 - INFO - Not re-downloading file at https://www.telegraph.co.uk/content/dam/business/2024/09/24/TELEMMGLPICT000356088447_17271955641510_trans_NvBQzQNjv4BqmPAcVC8mgxEnW3XOYQwuStkM9MM8VM3G1BxlGUO4L8Q.jpeg; already present as Telegraph_2024-09-25_Miliband-sends-armed-police_img2.jpg
2025-10-21 14:02:30,041 - INFO - downloading images for article https://www.telegraph.co.uk/travel/comment/tourism-protesters-will-not-stop-until-results/
2025-10-21 14:02:30,042 - INFO - Successfully retrieved session from session_Telegraph.pickle
2025-10-21 14:02:30,044 - INFO - Not re-downloading file at https://www.telegraph.co.uk/content/dam/travel/2024/09/04/TELEMMGLPICT000391773784_17254474325310_trans_NvBQzQNjv4BqpVlberWd9EgFPZtcLiMQf0Rf_Wk3V23H2268P_XkPxc.jpeg; already present as Telegraph_2024-09-04_Tourism-protesters-are-changing_img1.jpg
2025-10-21 14:02:30,045 - INFO - Not re-downloading file at https://www.telegraph.co.uk/content/dam/travel/2024/09/04/TELEMMGLPICT000385225515_17254474779430_trans_NvBQzQNjv4BqFPFhL3U3M1c3Nuhj1mJa51HmPOpeFd0SyQx9dn7kM_w.jpeg; already present as Telegraph_2024-09-04_Tourism-protesters-are-changing_img2.jpg
2025-10-21 14:02:30,047 - INFO - Not re-downloading file at https://www.telegraph.co.uk/content/dam/travel/2024/09/04/TELEMMGLPICT000386427994_17254474935480_trans_NvBQzQNjv4BqpVlberWd9EgFPZtcLiMQf0Rf_Wk3V23H2268P_XkPxc.jpeg; already present as Telegraph_2024-09-04_Tourism-protesters-are-changing_img3.jpg
2025-10-21 14:02:30,049 - INFO - Not re-downloading file at https://www.telegraph.co.uk/content/dam/travel/2024/09/04/TELEMMGLPICT000374650774_17254474555020_trans_NvBQzQNjv4BqjhyAHTYZpW25XtJw4380rYTPD5foJ9o3wuqP2tL5Yek.jpeg; already present as Telegraph_2024-09-04_Tourism-protesters-are-changing_img4.jpg
2025-10-21 14:02:30,050 - INFO - scraping urls from file: ../google_scraping/article_urls/Telegraph/telegraph.co.uk_2024-10-01_2024-10-31_urls.csv
2025-10-21 14:02:30,051 - INFO - Successfully retrieved session from session_Telegraph.pickle
2025-10-21 14:02:30,068 - INFO - Parsing url: https://www.telegraph.co.uk/films/2024/10/02/meet-nina-gold-who-discovers-britains-acting-talent/
2025-10-21 14:02:30,115 - INFO - Parsing url: https://www.telegraph.co.uk/news/2024/10/04/ocean-rebellion-stage-oil-drowning-protest/
2025-10-21 14:02:30,156 - INFO - Parsing url: https://www.telegraph.co.uk/books/non-fiction/britain-nuclear-trains-history-today-simon-bradley/
2025-10-21 14:02:30,200 - INFO - Parsing url: https://www.telegraph.co.uk/keir-starmer/page-116/
2025-10-21 14:02:30,335 - INFO - article dropped, no body text found: https://www.telegraph.co.uk/keir-starmer/page-116/
2025-10-21 14:02:30,344 - INFO - downloading images for file article_contents/Telegraph/telegraph.co.uk_2024-10-01_2024-10-31_parsed.json
2025-10-21 14:02:30,344 - INFO - downloading images for article https://www.telegraph.co.uk/films/2024/10/02/meet-nina-gold-who-discovers-britains-acting-talent/
2025-10-21 14:02:30,345 - INFO - Successfully retrieved session from session_Telegraph.pickle
2025-10-21 14:02:30,349 - INFO - Not re-downloading file at https://www.telegraph.co.uk/content/dam/films/2024/10/01/TELEMMGLPICT000396335947_17278074629140_trans_NvBQzQNjv4BqAw6BzeVXMhy-xmeloyGevDXaG_3FkRG2WH2SGzlVXbs.jpeg; already present as Telegraph_2024-10-02_The-most-important-person_img1.jpg
2025-10-21 14:02:30,353 - INFO - Not re-downloading file at https://www.telegraph.co.uk/content/dam/films/2024/10/02/TELEMMGLPICT000396430223_17278595281690_trans_NvBQzQNjv4BqqVzuuqpFlyLIwiB6NTmJweF-e4JIsq-ct-wp148DSLY.jpeg; already present as Telegraph_2024-10-02_The-most-important-person_img2.jpg
2025-10-21 14:02:30,356 - INFO - Not re-downloading file at https://www.telegraph.co.uk/content/dam/films/2024/10/02/TELEMMGLPICT000396430211_17278597059700_trans_NvBQzQNjv4BqplGOf-dgG3z4gg9owgQTXIatO1ydnFBWxopcGoGuA78.jpeg; already present as Telegraph_2024-10-02_The-most-important-person_img3.jpg
2025-10-21 14:02:30,359 - INFO - Not re-downloading file at https://www.telegraph.co.uk/content/dam/films/2024/10/02/TELEMMGLPICT000396430229_17278597661390_trans_NvBQzQNjv4BqY81RmRFWk4VnNFCr6f0Ssvsk8kLhwz5WNT6fv1-oHr0.jpeg; already present as Telegraph_2024-10-02_The-most-important-person_img4.jpg
2025-10-21 14:02:30,362 - INFO - Not re-downloading file at https://www.telegraph.co.uk/content/dam/films/2024/10/02/TELEMMGLPICT000396430225_17278598505910_trans_NvBQzQNjv4BqZgEkZX3M936N5BQK4Va8RWtT0gK_6EfZT336f62EI5U.jpeg; already present as Telegraph_2024-10-02_The-most-important-person_img5.jpg
2025-10-21 14:02:30,364 - INFO - Not re-downloading file at https://www.telegraph.co.uk/content/dam/films/2024/10/02/TELEMMGLPICT000396430210_17278596350290_trans_NvBQzQNjv4Bqqdjb-p7zzJOPNWzBBDV6FEgS7S-ukhk48w-_KmtyACY.jpeg; already present as Telegraph_2024-10-02_The-most-important-person_img6.jpg
2025-10-21 14:02:30,366 - INFO - Not re-downloading file at https://www.telegraph.co.uk/content/dam/films/2024/10/02/TELEMMGLPICT000396431513_17278600129530_trans_NvBQzQNjv4BqIkUhv7k5mil0w0oeVCztIrMQtAAvAF-TapDMQ9Ir1IM.jpeg; already present as Telegraph_2024-10-02_The-most-important-person_img7.jpg
2025-10-21 14:02:30,369 - INFO - Not re-downloading file at https://www.telegraph.co.uk/content/dam/films/2024/10/02/TELEMMGLPICT000396431922_17278602722630_trans_NvBQzQNjv4BqNJjoeBT78QIaYdkJdEY4CnGTJFJS74MYhNY6w3GNbO8.jpeg; already present as Telegraph_2024-10-02_The-most-important-person_img8.jpg
2025-10-21 14:02:30,371 - INFO - Not re-downloading file at https://www.telegraph.co.uk/content/dam/films/2024/10/02/TELEMMGLPICT000396430205_17278603300100_trans_NvBQzQNjv4Bq0pH3PG1RG0jTfKqidAZjirAGLIqw3-UGQfihKkRs-p8.jpeg; already present as Telegraph_2024-10-02_The-most-important-person_img9.jpg
2025-10-21 14:02:30,373 - INFO - Not re-downloading file at https://www.telegraph.co.uk/content/dam/films/2024/10/02/TELEMMGLPICT000396430208_17278596518240_trans_NvBQzQNjv4BqZgEkZX3M936N5BQK4Va8RWtT0gK_6EfZT336f62EI5U.jpeg; already present as Telegraph_2024-10-02_The-most-important-person_img10.jpg
2025-10-21 14:02:30,375 - INFO - Not re-downloading file at https://www.telegraph.co.uk/content/dam/films/2024/10/02/TELEMMGLPICT000396430217_17278595628490_trans_NvBQzQNjv4BqIV7oyeD2v6RwZ2czbMk7JMy7Wcw4WusMINLM_cjBFBU.jpeg; already present as Telegraph_2024-10-02_The-most-important-person_img11.jpg
2025-10-21 14:02:30,377 - INFO - Not re-downloading file at https://www.telegraph.co.uk/content/dam/films/2024/10/02/TELEMMGLPICT000396430216_17278597369140_trans_NvBQzQNjv4BqNJjoeBT78QIaYdkJdEY4CnGTJFJS74MYhNY6w3GNbO8.jpeg; already present as Telegraph_2024-10-02_The-most-important-person_img12.jpg
2025-10-21 14:02:30,379 - INFO - Not re-downloading file at https://www.telegraph.co.uk/content/dam/films/2024/10/02/TELEMMGLPICT000396430227_17278603607590_trans_NvBQzQNjv4BqK50_A0VF2YxpdgOboQIZiLAGLIqw3-UGQfihKkRs-p8.jpeg; already present as Telegraph_2024-10-02_The-most-important-person_img13.jpg
2025-10-21 14:02:30,379 - INFO - downloading images for article https://www.telegraph.co.uk/news/2024/10/04/ocean-rebellion-stage-oil-drowning-protest/
2025-10-21 14:02:30,379 - INFO - Successfully retrieved session from session_Telegraph.pickle
2025-10-21 14:02:30,381 - INFO - Not re-downloading file at https://www.telegraph.co.uk/content/dam/news/2024/10/04/TELEMMGLPICT000396702266_17280535776940_trans_NvBQzQNjv4BqFBTTwrxpj_tUoQoselH1Rey8HRJpjKbiKjihhf2oqH0.jpeg; already present as Telegraph_2024-10-04_Pictured-Ocean-Rebellion-stage_img1.jpg
2025-10-21 14:02:30,381 - INFO - downloading images for article https://www.telegraph.co.uk/books/non-fiction/britain-nuclear-trains-history-today-simon-bradley/
2025-10-21 14:02:30,382 - INFO - Successfully retrieved session from session_Telegraph.pickle
2025-10-21 14:02:30,384 - INFO - Not re-downloading file at https://www.telegraph.co.uk/content/dam/books/2024/10/16/TELEMMGLPICT000397852018_17290888853390_trans_NvBQzQNjv4BqqVzuuqpFlyLIwiB6NTmJwSX5rhseiWKOo9p9OQ-ymek.jpeg; already present as Telegraph_2024-10-16_The-day-Britains-nuclear_img1.jpg
2025-10-21 14:02:30,386 - INFO - Not re-downloading file at https://www.telegraph.co.uk/content/dam/books/2024/10/16/TELEMMGLPICT000397853030_17290889171400_trans_NvBQzQNjv4BqWy_u4a9GUNQgLIY2EGV3qkgS7S-ukhk48w-_KmtyACY.jpeg; already present as Telegraph_2024-10-16_The-day-Britains-nuclear_img2.jpg
2025-10-21 14:02:30,388 - INFO - Not re-downloading file at https://www.telegraph.co.uk/content/dam/books/2024/10/16/TELEMMGLPICT000397851824_17290896270040_trans_NvBQzQNjv4BqRo0U4xU-30oDveS4pXV-Vv4Xpit_DMGvdp2n7FDd82k.jpeg; already present as Telegraph_2024-10-16_The-day-Britains-nuclear_img3.jpg
2025-10-21 14:02:30,388 - INFO - scraping urls from file: ../google_scraping/article_urls/Telegraph/telegraph.co.uk_2024-11-01_2024-11-30_urls.csv
2025-10-21 14:02:30,388 - INFO - Successfully retrieved session from session_Telegraph.pickle
2025-10-21 14:02:30,409 - INFO - Parsing url: https://www.telegraph.co.uk/news/2024/11/19/tractor-protest-live-inheritance-tax-raid-clarkson/
2025-10-21 14:02:30,446 - INFO - article dropped, no body text found: https://www.telegraph.co.uk/news/2024/11/19/tractor-protest-live-inheritance-tax-raid-clarkson/
2025-10-21 14:02:30,446 - INFO - Parsing url: https://www.telegraph.co.uk/news/2024/11/13/ed-milibands-climate-crusade-is-humiliating-britain/
2025-10-21 14:02:30,487 - INFO - Parsing url: https://www.telegraph.co.uk/business/2024/11/24/how-trump-launch-elon-musk-spacex-to-mars/
2025-10-21 14:02:30,524 - INFO - image parsing unsuccessful due to name 'image' is not defined
2025-10-21 14:02:30,527 - INFO - article dropped, search terms not present: https://www.telegraph.co.uk/business/2024/11/24/how-trump-launch-elon-musk-spacex-to-mars/
2025-10-21 14:02:30,527 - INFO - Parsing url: https://www.telegraph.co.uk/business/2024/11/12/shell-defeats-climate-activists-in-landmark-court-battle-ov/
2025-10-21 14:02:30,565 - INFO - article dropped, search terms not present: https://www.telegraph.co.uk/business/2024/11/12/shell-defeats-climate-activists-in-landmark-court-battle-ov/
2025-10-21 14:02:30,565 - INFO - Parsing url: https://www.telegraph.co.uk/business/2024/11/12/ftse-100-markets-latest-news-uk-wages-reeves-trump-crypto/
2025-10-21 14:02:30,600 - INFO - article dropped, no body text found: https://www.telegraph.co.uk/business/2024/11/12/ftse-100-markets-latest-news-uk-wages-reeves-trump-crypto/
2025-10-21 14:02:30,600 - INFO - Parsing url: https://www.telegraph.co.uk/protests/page-12/
2025-10-21 14:02:30,647 - INFO - article dropped, no body text found: https://www.telegraph.co.uk/protests/page-12/
2025-10-21 14:02:30,648 - INFO - downloading images for file article_contents/Telegraph/telegraph.co.uk_2024-11-01_2024-11-30_parsed.json
2025-10-21 14:02:30,648 - INFO - downloading images for article https://www.telegraph.co.uk/news/2024/11/13/ed-milibands-climate-crusade-is-humiliating-britain/
2025-10-21 14:02:30,648 - INFO - Successfully retrieved session from session_Telegraph.pickle
2025-10-21 14:02:30,650 - INFO - Not re-downloading file at https://www.telegraph.co.uk/content/dam/news/2024/11/13/TELEMMGLPICT000400721127_17314865110220_trans_NvBQzQNjv4BqpVlberWd9EgFPZtcLiMQf0Rf_Wk3V23H2268P_XkPxc.jpeg; already present as Telegraph_2024-11-13_Ed-Milibands-green-delusions_img1.jpg
2025-10-21 14:02:30,650 - INFO - scraping urls from file: ../google_scraping/article_urls/Telegraph/telegraph.co.uk_2024-12-01_2024-12-31_urls.csv
2025-10-21 14:02:30,650 - INFO - Successfully retrieved session from session_Telegraph.pickle
2025-10-21 14:02:30,684 - INFO - Parsing url: https://www.telegraph.co.uk/travel/travel-winners-and-losers-2024/
2025-10-21 14:02:30,740 - INFO - Parsing url: https://www.telegraph.co.uk/world-news/2024/12/23/carbon-credit-schemes-uprooting-maasai-tribes/
2025-10-21 14:02:30,782 - INFO - Parsing url: https://www.telegraph.co.uk/news/2024/12/11/dale-vince-green-tycoon-labour-millions-divorce-payout-ex/
2025-10-21 14:02:30,898 - INFO - Parsing url: https://www.telegraph.co.uk/news/2024/12/20/miliband-eco-lunacy-wreck-britain-enrich-china-dictatorship/
2025-10-21 14:02:30,946 - INFO - Parsing url: https://www.telegraph.co.uk/news/2024/12/11/greta-thunbergs-descent-climate-militant-pro-palestine/
2025-10-21 14:02:30,990 - INFO - Parsing url: https://www.telegraph.co.uk/news/2024/12/12/grantchester-parish-magazine-praise-jailed-oil-protester/
2025-10-21 14:02:31,026 - INFO - image parsing unsuccessful due to name 'image' is not defined
2025-10-21 14:02:31,030 - INFO - downloading images for file article_contents/Telegraph/telegraph.co.uk_2024-12-01_2024-12-31_parsed.json
2025-10-21 14:02:31,030 - INFO - downloading images for article https://www.telegraph.co.uk/travel/travel-winners-and-losers-2024/
2025-10-21 14:02:31,031 - INFO - Successfully retrieved session from session_Telegraph.pickle
2025-10-21 14:02:31,033 - INFO - Not re-downloading file at https://www.telegraph.co.uk/content/dam/travel/2024/12/20/TELEMMGLPICT000405942990_17347117287860_trans_NvBQzQNjv4BqqVzuuqpFlyLIwiB6NTmJwfSVWeZ_vEN7c6bHu2jJnT8.jpeg; already present as Telegraph_2024-12-22_Travels-50-biggest-winners_img1.jpg
2025-10-21 14:02:31,034 - INFO - Not re-downloading file at https://www.telegraph.co.uk/content/dam/travel/2024/12/20/TELEMMGLPICT000397938259_17347102790640_trans_NvBQzQNjv4BqpVlberWd9EgFPZtcLiMQf-0Jyi0jPPD6Zx1hiwTPhlc.jpeg; already present as Telegraph_2024-12-22_Travels-50-biggest-winners_img2.jpg
2025-10-21 14:02:31,036 - INFO - Not re-downloading file at https://www.telegraph.co.uk/content/dam/travel/2024/12/20/TELEMMGLPICT000404618519_17347103729880_trans_NvBQzQNjv4BqpVlberWd9EgFPZtcLiMQf0Rf_Wk3V23H2268P_XkPxc.jpeg; already present as Telegraph_2024-12-22_Travels-50-biggest-winners_img3.jpg
2025-10-21 14:02:31,038 - INFO - Not re-downloading file at https://www.telegraph.co.uk/content/dam/travel/2024/12/20/TELEMMGLPICT000398756520_17347107130860_trans_NvBQzQNjv4BqZgEkZX3M936N5BQK4Va8RWtT0gK_6EfZT336f62EI5U.jpeg; already present as Telegraph_2024-12-22_Travels-50-biggest-winners_img4.jpg
2025-10-21 14:02:31,040 - INFO - Not re-downloading file at https://www.telegraph.co.uk/content/dam/travel/2024/12/20/TELEMMGLPICT000404184519_17347107671300_trans_NvBQzQNjv4BqpVlberWd9EgFPZtcLiMQf-0Jyi0jPPD6Zx1hiwTPhlc.jpeg; already present as Telegraph_2024-12-22_Travels-50-biggest-winners_img5.jpg
2025-10-21 14:02:31,041 - INFO - Not re-downloading file at https://www.telegraph.co.uk/content/dam/travel/2024/12/20/TELEMMGLPICT000377127876_17347109779810_trans_NvBQzQNjv4BqRo0U4xU-30oDveS4pXV-Vv4Xpit_DMGvdp2n7FDd82k.jpeg; already present as Telegraph_2024-12-22_Travels-50-biggest-winners_img6.jpg
2025-10-21 14:02:31,043 - INFO - Not re-downloading file at https://www.telegraph.co.uk/content/dam/travel/2024/12/20/TELEMMGLPICT000405764917_17347111145250_trans_NvBQzQNjv4BqgsaO8O78rhmZrDxTlQBjdLdu0TL-Cg_AMOUqySXmFgU.jpeg; already present as Telegraph_2024-12-22_Travels-50-biggest-winners_img7.jpg
2025-10-21 14:02:31,045 - INFO - Not re-downloading file at https://www.telegraph.co.uk/content/dam/travel/2024/12/20/TELEMMGLPICT000321863504_17347110531030_trans_NvBQzQNjv4Bqek9vKm18v_rkIPH9w2GMNpPHkRvugymKLtqq96r_VP8.jpeg; already present as Telegraph_2024-12-22_Travels-50-biggest-winners_img8.jpg
2025-10-21 14:02:31,047 - INFO - Not re-downloading file at https://www.telegraph.co.uk/content/dam/travel/2024/12/20/TELEMMGLPICT000404828793_17347111924680_trans_NvBQzQNjv4BqNJjoeBT78QIaYdkJdEY4CnGTJFJS74MYhNY6w3GNbO8.jpeg; already present as Telegraph_2024-12-22_Travels-50-biggest-winners_img9.jpg
2025-10-21 14:02:31,048 - INFO - Not re-downloading file at https://www.telegraph.co.uk/content/dam/travel/2024/12/20/TELEMMGLPICT000365476328_17347116358230_trans_NvBQzQNjv4BqpVlberWd9EgFPZtcLiMQf0Rf_Wk3V23H2268P_XkPxc.jpeg; already present as Telegraph_2024-12-22_Travels-50-biggest-winners_img10.jpg
2025-10-21 14:02:31,050 - INFO - Not re-downloading file at https://www.telegraph.co.uk/content/dam/travel/2024/12/20/TELEMMGLPICT000376582021_17347115449090_trans_NvBQzQNjv4BqpVlberWd9EgFPZtcLiMQf0Rf_Wk3V23H2268P_XkPxc.jpeg; already present as Telegraph_2024-12-22_Travels-50-biggest-winners_img11.jpg
2025-10-21 14:02:31,052 - INFO - Not re-downloading file at https://www.telegraph.co.uk/content/dam/travel/2024/12/20/TELEMMGLPICT000405112254_17347115065670_trans_NvBQzQNjv4BqpVlberWd9EgFPZtcLiMQf0Rf_Wk3V23H2268P_XkPxc.jpeg; already present as Telegraph_2024-12-22_Travels-50-biggest-winners_img12.jpg
2025-10-21 14:02:31,054 - INFO - Not re-downloading file at https://www.telegraph.co.uk/content/dam/travel/2024/12/20/TELEMMGLPICT000403495408_17347114573890_trans_NvBQzQNjv4Bqek9vKm18v_rkIPH9w2GMNpPHkRvugymKLtqq96r_VP8.jpeg; already present as Telegraph_2024-12-22_Travels-50-biggest-winners_img13.jpg
2025-10-21 14:02:31,054 - INFO - downloading images for article https://www.telegraph.co.uk/world-news/2024/12/23/carbon-credit-schemes-uprooting-maasai-tribes/
2025-10-21 14:02:31,054 - INFO - Successfully retrieved session from session_Telegraph.pickle
2025-10-21 14:02:31,056 - INFO - Not re-downloading file at https://www.telegraph.co.uk/content/dam/world-news/2024/12/23/TELEMMGLPICT000406210959_17349677706800_trans_NvBQzQNjv4BqgsaO8O78rhmZrDxTlQBjdLdu0TL-Cg_AMOUqySXmFgU.jpeg; already present as Telegraph_2024-12-23_Carbon-credit-schemes-uprooting_img1.jpg
2025-10-21 14:02:31,057 - INFO - Not re-downloading file at https://www.telegraph.co.uk/content/dam/world-news/2024/12/23/TELEMMGLPICT000406211195_17349678828470_trans_NvBQzQNjv4BqA7N2CxnJWnYI3tCbVBgu9T0aesusvN1TE7a0ddd_esI.jpeg; already present as Telegraph_2024-12-23_Carbon-credit-schemes-uprooting_img2.jpg
2025-10-21 14:02:31,059 - INFO - Not re-downloading file at https://www.telegraph.co.uk/content/dam/world-news/2024/12/23/TELEMMGLPICT000406211194_17349678659990_trans_NvBQzQNjv4BqpVlberWd9EgFPZtcLiMQf0Rf_Wk3V23H2268P_XkPxc.jpeg; already present as Telegraph_2024-12-23_Carbon-credit-schemes-uprooting_img3.jpg
2025-10-21 14:02:31,059 - INFO - downloading images for article https://www.telegraph.co.uk/news/2024/12/11/dale-vince-green-tycoon-labour-millions-divorce-payout-ex/
2025-10-21 14:02:31,059 - INFO - Successfully retrieved session from session_Telegraph.pickle
2025-10-21 14:02:31,061 - INFO - Not re-downloading file at https://www.telegraph.co.uk/content/dam/news/2024/12/11/TELEMMGLPICT000396557630_17339114067630_trans_NvBQzQNjv4BqB1hv6Y8HU52iuoXtIM681LWnluEe96SmHRD6XLQ4o_w.jpeg; already present as Telegraph_2024-12-11_Green-energy-tycoon-gave_img1.jpg
2025-10-21 14:02:31,063 - INFO - Not re-downloading file at https://www.telegraph.co.uk/content/dam/news/2024/12/11/TELEMMGLPICT000338629048_17339114361710_trans_NvBQzQNjv4BqBd03B951JMxuLpnbx6w-l-ZiWbrhCs6fk-J_O0BRS-c.jpeg; already present as Telegraph_2024-12-11_Green-energy-tycoon-gave_img2.jpg
2025-10-21 14:02:31,065 - INFO - Not re-downloading file at https://www.telegraph.co.uk/content/dam/news/2024/12/11/TELEMMGLPICT000400018264_17339114258450_trans_NvBQzQNjv4Bq6CLlwFblRu3p59XGhTHsBaj-AdBS5wuonwrCER0Agvw.jpeg; already present as Telegraph_2024-12-11_Green-energy-tycoon-gave_img3.jpg
2025-10-21 14:02:31,065 - INFO - downloading images for article https://www.telegraph.co.uk/news/2024/12/20/miliband-eco-lunacy-wreck-britain-enrich-china-dictatorship/
2025-10-21 14:02:31,065 - INFO - Successfully retrieved session from session_Telegraph.pickle
2025-10-21 14:02:31,067 - INFO - Not re-downloading file at https://www.telegraph.co.uk/content/dam/news/2024/12/20/TELEMMGLPICT000405764378_17347052768890_trans_NvBQzQNjv4Bq2wHKr9_uHUEl_nmj3Nb7_l5NUcTKNHKqy85KLqtvPLE.jpeg; already present as Telegraph_2024-12-20_Milibands-eco-lunacy-will_img1.jpg
2025-10-21 14:02:31,067 - INFO - downloading images for article https://www.telegraph.co.uk/news/2024/12/11/greta-thunbergs-descent-climate-militant-pro-palestine/
2025-10-21 14:02:31,067 - INFO - Successfully retrieved session from session_Telegraph.pickle
2025-10-21 14:02:31,069 - INFO - Not re-downloading file at https://www.telegraph.co.uk/content/dam/news/2024/12/11/TELEMMGLPICT000405011629_17339425587530_trans_NvBQzQNjv4BqqVzuuqpFlyLIwiB6NTmJwfSVWeZ_vEN7c6bHu2jJnT8.jpeg; already present as Telegraph_2024-12-11_Greta-Thunbergs-descent-from_img1.jpg
2025-10-21 14:02:31,070 - INFO - Not re-downloading file at https://www.telegraph.co.uk/content/dam/news/2024/12/11/TELEMMGLPICT000194980955_17339444526560_trans_NvBQzQNjv4BqqVzuuqpFlyLIwiB6NTmJwSX5rhseiWKOo9p9OQ-ymek.jpeg; already present as Telegraph_2024-12-11_Greta-Thunbergs-descent-from_img2.jpg
2025-10-21 14:02:31,072 - INFO - Not re-downloading file at https://www.telegraph.co.uk/content/dam/news/2024/12/11/TELEMMGLPICT000377246689_17339429495750_trans_NvBQzQNjv4Bq59lijCM63Oj8iWu9BcDMJLDlaIMPS9FIrSqSLjN7Xew.jpeg; already present as Telegraph_2024-12-11_Greta-Thunbergs-descent-from_img3.jpg
2025-10-21 14:02:31,074 - INFO - Not re-downloading file at https://www.telegraph.co.uk/content/dam/news/2024/12/11/TELEMMGLPICT000210004418_17339433509600_trans_NvBQzQNjv4Bqwpbc6sDblXVxFGgJP73TCR0d6pZuiWZdwo0V2T1lg68.jpeg; already present as Telegraph_2024-12-11_Greta-Thunbergs-descent-from_img4.jpg
2025-10-21 14:02:31,074 - INFO - downloading images for article https://www.telegraph.co.uk/news/2024/12/12/grantchester-parish-magazine-praise-jailed-oil-protester/
2025-10-21 14:02:31,074 - INFO - Successfully retrieved session from session_Telegraph.pickle
2025-10-21 14:02:31,075 - INFO - scraping urls from file: ../google_scraping/article_urls/Telegraph/telegraph.co.uk_2025-01-01_2025-01-31_urls.csv
2025-10-21 14:02:31,075 - INFO - Successfully retrieved session from session_Telegraph.pickle
2025-10-21 14:02:33,315 - INFO - Parsing url: https://www.telegraph.co.uk/business/2025/01/30/judge-halts-jackdaw-rosebank-north-sea-oil-and-gas-projects/
2025-10-21 14:02:33,383 - INFO - Parsing url: https://www.telegraph.co.uk/news/2025/01/14/just-stop-oil-protesters-charged-charles-darwin-grave-abbey/
2025-10-21 14:02:33,418 - INFO - Parsing url: https://www.telegraph.co.uk/business/2025/01/27/dont-mourn-passing-wh-smith-been-soulless-ripoff-years/
2025-10-21 14:02:33,459 - INFO - article dropped, search terms not present: https://www.telegraph.co.uk/business/2025/01/27/dont-mourn-passing-wh-smith-been-soulless-ripoff-years/
2025-10-21 14:02:33,459 - INFO - Parsing url: https://www.telegraph.co.uk/news/2025/01/23/green-energy-net-zero-renewables-uk-miliband/
2025-10-21 14:02:33,495 - INFO - image parsing unsuccessful due to name 'image' is not defined
2025-10-21 14:02:33,499 - INFO - article dropped, search terms not present: https://www.telegraph.co.uk/news/2025/01/23/green-energy-net-zero-renewables-uk-miliband/
2025-10-21 14:02:33,499 - INFO - Parsing url: https://www.telegraph.co.uk/business/2025/01/27/labour-backing-green-tycoon-25m-payday-oil-rich-uae/
2025-10-21 14:02:33,543 - INFO - Parsing url: https://www.telegraph.co.uk/business/2025/01/02/glastonbury-doubling-profits-after-neil-young-critcism/
2025-10-21 14:02:33,584 - INFO - Parsing url: https://www.telegraph.co.uk/business/2025/01/28/rachel-reeves-wrong-put-growth-before-net-zero-dale-vince/
2025-10-21 14:02:33,705 - INFO - Parsing url: https://www.telegraph.co.uk/multimedia/archive/02952/Telegraph1914_2606_2952002a.pdf
2025-10-21 14:02:39,511 - INFO - date to string conversion for json unsuccessful due to 'NoneType' object has no attribute 'strftime'
2025-10-21 14:02:39,511 - INFO - could not format info from https://www.telegraph.co.uk/multimedia/archive/02952/Telegraph1914_2606_2952002a.pdf due to expected string or bytes-like object, got 'NoneType'; kept unformatted
2025-10-21 14:02:39,511 - INFO - article dropped, no body text found: https://www.telegraph.co.uk/multimedia/archive/02952/Telegraph1914_2606_2952002a.pdf
2025-10-21 14:02:39,512 - INFO - downloading images for file article_contents/Telegraph/telegraph.co.uk_2025-01-01_2025-01-31_parsed.json
2025-10-21 14:02:39,512 - INFO - downloading images for article https://www.telegraph.co.uk/business/2025/01/30/judge-halts-jackdaw-rosebank-north-sea-oil-and-gas-projects/
2025-10-21 14:02:39,512 - INFO - Successfully retrieved session from session_Telegraph.pickle
2025-10-21 14:02:39,514 - INFO - Not re-downloading file at https://www.telegraph.co.uk/content/dam/business/2025/01/30/TELEMMGLPICT000410084930_17382274427760_trans_NvBQzQNjv4BqDAhgqueztHZTLYm6xT31qHw2Cexkaraa9YWtoMz00zo.jpeg; already present as Telegraph_2025-01-30_Judge-blocks-major-North_img1.jpg
2025-10-21 14:02:39,515 - INFO - downloading images for article https://www.telegraph.co.uk/news/2025/01/14/just-stop-oil-protesters-charged-charles-darwin-grave-abbey/
2025-10-21 14:02:39,515 - INFO - Successfully retrieved session from session_Telegraph.pickle
2025-10-21 14:02:39,517 - INFO - Not re-downloading file at https://www.telegraph.co.uk/content/dam/news/2025/01/14/TELEMMGLPICT000407953472_17368499438930_trans_NvBQzQNjv4Bq0Iim1wRawAAvJ9qCpH_XcnGTJFJS74MYhNY6w3GNbO8.jpeg; already present as Telegraph_2025-01-14_Just-Stop-Oil-protesters_img1.jpg
2025-10-21 14:02:39,517 - INFO - downloading images for article https://www.telegraph.co.uk/business/2025/01/27/labour-backing-green-tycoon-25m-payday-oil-rich-uae/
2025-10-21 14:02:39,517 - INFO - Successfully retrieved session from session_Telegraph.pickle
2025-10-21 14:02:39,519 - INFO - Not re-downloading file at https://www.telegraph.co.uk/content/dam/business/2025/01/27/TELEMMGLPICT000352260819_17380042352190_trans_NvBQzQNjv4BqfzOMAl0Xij9hZ3C3ekNETf4Xpit_DMGvdp2n7FDd82k.jpeg; already present as Telegraph_2025-01-27_Labourbacking-green-tycoon-poised_img1.jpg
2025-10-21 14:02:39,521 - INFO - Not re-downloading file at https://www.telegraph.co.uk/content/dam/business/2025/01/27/TELEMMGLPICT000396557630_17380041035690_trans_NvBQzQNjv4BqB1hv6Y8HU52iuoXtIM681LWnluEe96SmHRD6XLQ4o_w.jpeg; already present as Telegraph_2025-01-27_Labourbacking-green-tycoon-poised_img2.jpg
2025-10-21 14:02:39,521 - INFO - downloading images for article https://www.telegraph.co.uk/business/2025/01/02/glastonbury-doubling-profits-after-neil-young-critcism/
2025-10-21 14:02:39,521 - INFO - Successfully retrieved session from session_Telegraph.pickle
2025-10-21 14:02:39,524 - INFO - Not re-downloading file at https://www.telegraph.co.uk/content/dam/business/2025/01/02/TELEMMGLPICT000340487869_17358338299290_trans_NvBQzQNjv4Bqf77JxcWT4B3tC7Pqq24egATZGGO61ilbVM6LegAmnzo.jpeg; already present as Telegraph_2025-01-02_Glastonbury-profits-nearly-double_img1.jpg
2025-10-21 14:02:39,526 - INFO - Not re-downloading file at https://www.telegraph.co.uk/content/dam/business/2025/01/02/TELEMMGLPICT000406849179_17358334689990_trans_NvBQzQNjv4BqqhjXK3L97HltNhQPCA9eIPfBEdcjyBcrDKKxJYPYlo4.jpeg; already present as Telegraph_2025-01-02_Glastonbury-profits-nearly-double_img2.jpg
2025-10-21 14:02:39,528 - INFO - Not re-downloading file at https://www.telegraph.co.uk/content/dam/business/2025/01/02/TELEMMGLPICT000375005107_17358335785750_trans_NvBQzQNjv4BqzccoJS-E8Wb-wOXrdJto24X55UGE1-QmdhXTcMmlCx4.jpeg; already present as Telegraph_2025-01-02_Glastonbury-profits-nearly-double_img3.jpg
2025-10-21 14:02:39,528 - INFO - downloading images for article https://www.telegraph.co.uk/business/2025/01/28/rachel-reeves-wrong-put-growth-before-net-zero-dale-vince/
2025-10-21 14:02:39,528 - INFO - Successfully retrieved session from session_Telegraph.pickle
2025-10-21 14:02:39,530 - INFO - Not re-downloading file at https://www.telegraph.co.uk/content/dam/business/2025/01/28/TELEMMGLPICT000408427092_17380663583420_trans_NvBQzQNjv4BqpVlberWd9EgFPZtcLiMQf0Rf_Wk3V23H2268P_XkPxc.jpeg; already present as Telegraph_2025-01-28_Reeves-wrong-to-put_img1.jpg
2025-10-21 14:02:39,538 - INFO - scraping urls from file: ../google_scraping/article_urls/Telegraph/telegraph.co.uk_2025-02-01_2025-02-28_urls.csv
2025-10-21 14:02:39,539 - INFO - Successfully retrieved session from session_Telegraph.pickle
2025-10-21 14:02:39,564 - INFO - Parsing url: https://www.telegraph.co.uk/world-news/2025/02/21/germany-takes-the-fight-to-russia-in-undersea-cable-war/
2025-10-21 14:02:39,619 - INFO - Parsing url: https://www.telegraph.co.uk/news/2025/02/23/grangemouth-refinery-site-200m-subsidy-starmer-ratcliffe/
2025-10-21 14:02:39,661 - INFO - article dropped, search terms not present: https://www.telegraph.co.uk/news/2025/02/23/grangemouth-refinery-site-200m-subsidy-starmer-ratcliffe/
2025-10-21 14:02:39,661 - INFO - Parsing url: https://www.telegraph.co.uk/business/2025/02/23/bp-the-oil-industrys-biggest-loser-on-net-zero/
2025-10-21 14:02:39,709 - INFO - article dropped, search terms not present: https://www.telegraph.co.uk/business/2025/02/23/bp-the-oil-industrys-biggest-loser-on-net-zero/
2025-10-21 14:02:39,709 - INFO - Parsing url: https://www.telegraph.co.uk/news/2025/02/03/children-gripped-by-climate-change-anxiety/
2025-10-21 14:02:40,277 - INFO - Parsing url: https://www.telegraph.co.uk/rachel-reeves/page-40/
2025-10-21 14:02:40,336 - INFO - article dropped, no body text found: https://www.telegraph.co.uk/rachel-reeves/page-40/
2025-10-21 14:02:40,336 - INFO - Parsing url: https://www.telegraph.co.uk/rachel-reeves/page-41/
2025-10-21 14:02:40,392 - INFO - article dropped, no body text found: https://www.telegraph.co.uk/rachel-reeves/page-41/
2025-10-21 14:02:40,392 - INFO - Parsing url: https://www.telegraph.co.uk/authors/b/bp-bt/brendan-oneill/page-2/
2025-10-21 14:02:40,445 - INFO - article dropped, no body text found: https://www.telegraph.co.uk/authors/b/bp-bt/brendan-oneill/page-2/
2025-10-21 14:02:40,446 - INFO - downloading images for file article_contents/Telegraph/telegraph.co.uk_2025-02-01_2025-02-28_parsed.json
2025-10-21 14:02:40,446 - INFO - downloading images for article https://www.telegraph.co.uk/world-news/2025/02/21/germany-takes-the-fight-to-russia-in-undersea-cable-war/
2025-10-21 14:02:40,446 - INFO - Successfully retrieved session from session_Telegraph.pickle
2025-10-21 14:02:40,449 - INFO - Not re-downloading file at https://www.telegraph.co.uk/content/dam/world-news/2025/02/20/TELEMMGLPICT000412807996_17400771231440_trans_NvBQzQNjv4BqJXCop0BhN7drf8SdgStuconh8Fvxi6tv5VtW_FIA2o0.jpeg; already present as Telegraph_2025-02-21_Germany-takes-the-fight_img1.jpg
2025-10-21 14:02:40,451 - INFO - Not re-downloading file at https://www.telegraph.co.uk/content/dam/world-news/2025/02/20/TELEMMGLPICT000402483090_17400773336880_trans_NvBQzQNjv4BqgsaO8O78rhmZrDxTlQBjdLdu0TL-Cg_AMOUqySXmFgU.jpeg; already present as Telegraph_2025-02-21_Germany-takes-the-fight_img2.jpg
2025-10-21 14:02:40,453 - INFO - Not re-downloading file at https://www.telegraph.co.uk/content/dam/world-news/2025/02/20/TELEMMGLPICT000412809737_17400773670810_trans_NvBQzQNjv4BqdX_p8zrfPOdyL47zPLcV0RJV6xWXZnfgbn7PLjMrFrY.jpeg; already present as Telegraph_2025-02-21_Germany-takes-the-fight_img3.jpg
2025-10-21 14:02:40,455 - INFO - Not re-downloading file at https://www.telegraph.co.uk/content/dam/world-news/2025/02/20/TELEMMGLPICT000412802211_17400773883140_trans_NvBQzQNjv4BqpVlberWd9EgFPZtcLiMQf0Rf_Wk3V23H2268P_XkPxc.jpeg; already present as Telegraph_2025-02-21_Germany-takes-the-fight_img4.jpg
2025-10-21 14:02:40,457 - INFO - Not re-downloading file at https://www.telegraph.co.uk/content/dam/world-news/2025/02/20/TELEMMGLPICT000412808688_17400773165590_trans_NvBQzQNjv4BqkUE_BTgBOQu3VWKvpDGX9QidJvfuFJmBq3TREsU3sqM.jpeg; already present as Telegraph_2025-02-21_Germany-takes-the-fight_img5.jpg
2025-10-21 14:02:40,457 - INFO - downloading images for article https://www.telegraph.co.uk/news/2025/02/03/children-gripped-by-climate-change-anxiety/
2025-10-21 14:02:40,457 - INFO - Successfully retrieved session from session_Telegraph.pickle
2025-10-21 14:02:40,459 - INFO - Not re-downloading file at https://www.telegraph.co.uk/content/dam/news/2025/02/02/TELEMMGLPICT000410595658_17385222913200_trans_NvBQzQNjv4BqyuLFFzXshuGqnr8zPdDWXhbQKbwj1ZsnNMhuR7O6ySI.jpeg; already present as Telegraph_2025-02-03_Children-gripped-by-climate_img1.jpg
2025-10-21 14:02:40,461 - INFO - Not re-downloading file at https://www.telegraph.co.uk/content/dam/news/2025/02/02/TELEMMGLPICT000410596504_17385223828790_trans_NvBQzQNjv4BqpVlberWd9EgFPZtcLiMQf0Rf_Wk3V23H2268P_XkPxc.jpeg; already present as Telegraph_2025-02-03_Children-gripped-by-climate_img2.jpg
2025-10-21 14:02:40,461 - INFO - scraping urls from file: ../google_scraping/article_urls/Telegraph/telegraph.co.uk_2025-03-01_2025-03-31_urls.csv
2025-10-21 14:02:40,462 - INFO - Successfully retrieved session from session_Telegraph.pickle
2025-10-21 14:02:40,488 - INFO - Parsing url: https://www.telegraph.co.uk/politics/2025/03/25/anas-sarwar-ed-miliband-drill-baby-new-oil-gas-fields-fudge/
2025-10-21 14:02:40,542 - INFO - article dropped, search terms not present: https://www.telegraph.co.uk/politics/2025/03/25/anas-sarwar-ed-miliband-drill-baby-new-oil-gas-fields-fudge/
2025-10-21 14:02:40,542 - INFO - Parsing url: https://www.telegraph.co.uk/us/news/2025/03/10/pseudoscience-government-weather-agency-doge/
2025-10-21 14:02:40,589 - INFO - article dropped, search terms not present: https://www.telegraph.co.uk/us/news/2025/03/10/pseudoscience-government-weather-agency-doge/
2025-10-21 14:02:40,589 - INFO - Parsing url: https://www.telegraph.co.uk/news/2025/03/07/just-stop-oil-cofounders-prison-sentence-reduced/
2025-10-21 14:02:40,630 - INFO - Parsing url: https://www.telegraph.co.uk/world-news/2025/03/21/austria-attempting-to-deport-german-climate-activist/
2025-10-21 14:02:40,670 - INFO - Parsing url: https://www.telegraph.co.uk/books/authors/peter-florence-interview/
2025-10-21 14:02:40,795 - INFO - article dropped, search terms not present: https://www.telegraph.co.uk/books/authors/peter-florence-interview/
2025-10-21 14:02:40,795 - INFO - Parsing url: https://www.telegraph.co.uk/us/news/2025/03/20/greenpeace-pay-millions-dakota-oil-pipeline-protest/
2025-10-21 14:02:40,839 - INFO - Parsing url: https://www.telegraph.co.uk/rachel-reeves/page-39/
2025-10-21 14:02:40,892 - INFO - article dropped, no body text found: https://www.telegraph.co.uk/rachel-reeves/page-39/
2025-10-21 14:02:40,893 - INFO - downloading images for file article_contents/Telegraph/telegraph.co.uk_2025-03-01_2025-03-31_parsed.json
2025-10-21 14:02:40,893 - INFO - downloading images for article https://www.telegraph.co.uk/news/2025/03/07/just-stop-oil-cofounders-prison-sentence-reduced/
2025-10-21 14:02:40,893 - INFO - Successfully retrieved session from session_Telegraph.pickle
2025-10-21 14:02:40,896 - INFO - Not re-downloading file at https://www.telegraph.co.uk/content/dam/news/2025/03/07/TELEMMGLPICT000415366603_17413459158880_trans_NvBQzQNjv4BqrpfQw2hJyG_yckwxPAr0gmyy-GsNrhPQbLesooHneHs.jpeg; already present as Telegraph_2025-03-07_Just-Stop-Oil-cofounders_img1.jpg
2025-10-21 14:02:40,896 - INFO - downloading images for article https://www.telegraph.co.uk/world-news/2025/03/21/austria-attempting-to-deport-german-climate-activist/
2025-10-21 14:02:40,896 - INFO - Successfully retrieved session from session_Telegraph.pickle
2025-10-21 14:02:40,898 - INFO - Not re-downloading file at https://www.telegraph.co.uk/content/dam/world-news/2025/03/21/TELEMMGLPICT000417215038_17425624566470_trans_NvBQzQNjv4BqsvEi3P8Qkw0HLYn_ZSpox6AlU1rqWEMlwrSxW1sRyts.jpeg; already present as Telegraph_2025-03-21_Climate-Shakira-facing-deportation_img1.jpg
2025-10-21 14:02:40,900 - INFO - Not re-downloading file at https://www.telegraph.co.uk/content/dam/world-news/2025/03/21/TELEMMGLPICT000417226339_17425690136120_trans_NvBQzQNjv4Bq2aizoQ_BaLt4dX785YMTtWOlUPzFtuVyBx5ijy2EvtY.jpeg; already present as Telegraph_2025-03-21_Climate-Shakira-facing-deportation_img2.jpg
2025-10-21 14:02:40,900 - INFO - downloading images for article https://www.telegraph.co.uk/us/news/2025/03/20/greenpeace-pay-millions-dakota-oil-pipeline-protest/
2025-10-21 14:02:40,901 - INFO - Successfully retrieved session from session_Telegraph.pickle
2025-10-21 14:02:40,903 - INFO - Not re-downloading file at https://www.telegraph.co.uk/content/dam/en-us/news/2025/03/20/TELEMMGLPICT000417017515_17424300728170_trans_NvBQzQNjv4BqpVlberWd9EgFPZtcLiMQf0Rf_Wk3V23H2268P_XkPxc.jpeg; already present as Telegraph_2025-03-20_Greenpeace-hit-with-660m_img1.jpg
2025-10-21 14:02:40,904 - INFO - Not re-downloading file at https://www.telegraph.co.uk/content/dam/en-us/news/2025/03/20/TELEMMGLPICT000413445412_17424302535550_trans_NvBQzQNjv4BqH8oGYaaASnJZUiuddQ1p_7mpu42r6n7OLzlToLFXwsU.jpeg; already present as Telegraph_2025-03-20_Greenpeace-hit-with-660m_img2.jpg
2025-10-21 14:02:40,905 - INFO - scraping urls from file: ../google_scraping/article_urls/Telegraph/telegraph.co.uk_2025-04-01_2025-04-30_urls.csv
2025-10-21 14:02:40,905 - INFO - Successfully retrieved session from session_Telegraph.pickle
2025-10-21 14:02:40,933 - INFO - Parsing url: https://www.telegraph.co.uk/news/2025/04/10/greenpeace-uk-head-arrested-us-embassy-protest/
2025-10-21 14:02:40,981 - INFO - Parsing url: https://www.telegraph.co.uk/news/2025/04/15/just-top-oil-supporter-net-zero-church-of-england-heating/
2025-10-21 14:02:41,034 - INFO - Parsing url: https://www.telegraph.co.uk/business/2025/04/21/britain-must-crush-nimbys-get-building-again/
2025-10-21 14:02:41,089 - INFO - article dropped, search terms not present: https://www.telegraph.co.uk/business/2025/04/21/britain-must-crush-nimbys-get-building-again/
2025-10-21 14:02:41,089 - INFO - Parsing url: https://www.telegraph.co.uk/money/meddling-lobbyists-sucking-life-out-of-britain-be-stopped/
2025-10-21 14:02:41,140 - INFO - Parsing url: https://www.telegraph.co.uk/protests/page-8/
2025-10-21 14:02:41,192 - INFO - article dropped, no body text found: https://www.telegraph.co.uk/protests/page-8/
2025-10-21 14:02:41,192 - INFO - Parsing url: https://www.telegraph.co.uk/us/culture/tv-streaming/page-358/
2025-10-21 14:02:41,241 - INFO - article dropped, no body text found: https://www.telegraph.co.uk/us/culture/tv-streaming/page-358/
2025-10-21 14:02:41,242 - INFO - Parsing url: https://www.telegraph.co.uk/authors/m/mf-mj/michael-deacon/page-4/
2025-10-21 14:02:41,393 - INFO - article dropped, no body text found: https://www.telegraph.co.uk/authors/m/mf-mj/michael-deacon/page-4/
2025-10-21 14:02:41,394 - INFO - downloading images for file article_contents/Telegraph/telegraph.co.uk_2025-04-01_2025-04-30_parsed.json
2025-10-21 14:02:41,394 - INFO - downloading images for article https://www.telegraph.co.uk/news/2025/04/10/greenpeace-uk-head-arrested-us-embassy-protest/
2025-10-21 14:02:41,395 - INFO - Successfully retrieved session from session_Telegraph.pickle
2025-10-21 14:02:41,397 - INFO - Not re-downloading file at https://www.telegraph.co.uk/content/dam/briefs/2025/04/10/TELEMMGLPICT000419665346_17442838821430_trans_NvBQzQNjv4BqqVzuuqpFlyLIwiB6NTmJwfSVWeZ_vEN7c6bHu2jJnT8.jpeg; already present as Telegraph_2025-04-10_Greenpeace-pours-blood-in_img1.jpg
2025-10-21 14:02:41,400 - INFO - Not re-downloading file at https://www.telegraph.co.uk/content/dam/briefs/2025/04/10/TELEMMGLPICT000419664881_17442839762960_trans_NvBQzQNjv4BqpVlberWd9EgFPZtcLiMQf0Rf_Wk3V23H2268P_XkPxc.jpeg; already present as Telegraph_2025-04-10_Greenpeace-pours-blood-in_img2.jpg
2025-10-21 14:02:41,402 - INFO - Not re-downloading file at https://www.telegraph.co.uk/content/dam/briefs/2025/04/10/TELEMMGLPICT000419664857_17442839415430_trans_NvBQzQNjv4Bqx1rGucoo2J_ExhuM2sOt-4XYXonGmLHMiv_Nv9kpPHk.jpeg; already present as Telegraph_2025-04-10_Greenpeace-pours-blood-in_img3.jpg
2025-10-21 14:02:41,402 - INFO - downloading images for article https://www.telegraph.co.uk/news/2025/04/15/just-top-oil-supporter-net-zero-church-of-england-heating/
2025-10-21 14:02:41,402 - INFO - Successfully retrieved session from session_Telegraph.pickle
2025-10-21 14:02:41,404 - INFO - Not re-downloading file at https://www.telegraph.co.uk/content/dam/news/2025/04/14/TELEMMGLPICT000419414725_17446603253860_trans_NvBQzQNjv4BqpVlberWd9EgFPZtcLiMQf0Rf_Wk3V23H2268P_XkPxc.jpeg; already present as Telegraph_2025-04-15_How-one-Just-Stop_img1.jpg
2025-10-21 14:02:41,406 - INFO - Not re-downloading file at https://www.telegraph.co.uk/content/dam/news/2025/04/14/TELEMMGLPICT000419414440_17446603758620_trans_NvBQzQNjv4BqpVlberWd9EgFPZtcLiMQf0Rf_Wk3V23H2268P_XkPxc.jpeg; already present as Telegraph_2025-04-15_How-one-Just-Stop_img2.jpg
2025-10-21 14:02:41,408 - INFO - Not re-downloading file at https://www.telegraph.co.uk/content/dam/news/2025/04/14/TELEMMGLPICT000419414862_17446603598390_trans_NvBQzQNjv4BqpVlberWd9EgFPZtcLiMQf0Rf_Wk3V23H2268P_XkPxc.jpeg; already present as Telegraph_2025-04-15_How-one-Just-Stop_img3.jpg
2025-10-21 14:02:41,408 - INFO - downloading images for article https://www.telegraph.co.uk/money/meddling-lobbyists-sucking-life-out-of-britain-be-stopped/
2025-10-21 14:02:41,408 - INFO - Successfully retrieved session from session_Telegraph.pickle
2025-10-21 14:02:41,411 - INFO - Not re-downloading file at https://www.telegraph.co.uk/content/dam/money/2025/04/13/TELEMMGLPICT000417908792_17445492005660_trans_NvBQzQNjv4BqUfzVlsGcLF5DhwV4ooyq3pDn0oV3tIN_aQy-ylLbdYE.jpeg; already present as Telegraph_2025-04-14_Lobbyists-are-sucking-the_img1.jpg
2025-10-21 14:02:41,411 - INFO - scraping urls from file: ../google_scraping/article_urls/Telegraph/telegraph.co.uk_2025-05-01_2025-05-31_urls.csv
2025-10-21 14:02:41,411 - INFO - Successfully retrieved session from session_Telegraph.pickle
2025-10-21 14:02:41,449 - INFO - Parsing url: https://www.telegraph.co.uk/news/2025/05/17/refuse-to-live-ed-miliband-grim-future-without-shower/
2025-10-21 14:02:41,499 - INFO - Parsing url: https://www.telegraph.co.uk/books/non-fiction/review-consumed-saabira-chaudhuri/
2025-10-21 14:02:41,546 - INFO - article dropped, search terms not present: https://www.telegraph.co.uk/books/non-fiction/review-consumed-saabira-chaudhuri/
2025-10-21 14:02:41,546 - INFO - Parsing url: https://www.telegraph.co.uk/news/2025/05/22/net-zero-is-a-mental-illness/
2025-10-21 14:02:41,590 - INFO - image parsing unsuccessful due to name 'image' is not defined
2025-10-21 14:02:41,594 - INFO - article dropped, search terms not present: https://www.telegraph.co.uk/news/2025/05/22/net-zero-is-a-mental-illness/
2025-10-21 14:02:41,594 - INFO - Parsing url: https://www.telegraph.co.uk/world-news/2025/05/24/george-floyd-death-five-years-blm/
2025-10-21 14:02:41,643 - INFO - Parsing url: https://www.telegraph.co.uk/business/2025/05/07/uk-biggest-north-sea-operator-slashes-jobs-windfall-tax/
2025-10-21 14:02:41,686 - INFO - article dropped, search terms not present: https://www.telegraph.co.uk/business/2025/05/07/uk-biggest-north-sea-operator-slashes-jobs-windfall-tax/
2025-10-21 14:02:41,686 - INFO - Parsing url: https://www.telegraph.co.uk/world-news/2025/05/24/russia-putin-building-new-force-to-take-on-nato-countries/
2025-10-21 14:02:41,729 - INFO - article dropped, search terms not present: https://www.telegraph.co.uk/world-news/2025/05/24/russia-putin-building-new-force-to-take-on-nato-countries/
2025-10-21 14:02:41,729 - INFO - Parsing url: https://www.telegraph.co.uk/news/2025/05/08/good-riddance-to-carla-denyer-wrong-about-everything/
2025-10-21 14:02:41,770 - INFO - image parsing unsuccessful due to name 'image' is not defined
2025-10-21 14:02:41,774 - INFO - Parsing url: https://www.telegraph.co.uk/business/2025/05/17/now-even-greenpeace-is-worried-about-north-sea-oil-jobs/
2025-10-21 14:02:41,896 - INFO - Parsing url: https://www.telegraph.co.uk/politics/2025/05/02/local-elections-live-runcorn-byelection-reform-labour-tory/
2025-10-21 14:02:41,943 - INFO - article dropped, search terms not present: https://www.telegraph.co.uk/politics/2025/05/02/local-elections-live-runcorn-byelection-reform-labour-tory/
2025-10-21 14:02:41,943 - INFO - Parsing url: https://www.telegraph.co.uk/authors/e/ea-ee/ed-cumming/page-3/
2025-10-21 14:02:42,000 - INFO - article dropped, no body text found: https://www.telegraph.co.uk/authors/e/ea-ee/ed-cumming/page-3/
2025-10-21 14:02:42,001 - INFO - downloading images for file article_contents/Telegraph/telegraph.co.uk_2025-05-01_2025-05-31_parsed.json
2025-10-21 14:02:42,001 - INFO - downloading images for article https://www.telegraph.co.uk/news/2025/05/17/refuse-to-live-ed-miliband-grim-future-without-shower/
2025-10-21 14:02:42,002 - INFO - Successfully retrieved session from session_Telegraph.pickle
2025-10-21 14:02:42,004 - INFO - Not re-downloading file at https://www.telegraph.co.uk/content/dam/news/2025/05/17/TELEMMGLPICT000422041310_17474887182810_trans_NvBQzQNjv4Bq1N76_h4kJYCSBjfocyQ34QgYS90-ad_7pWEw9GU9tmA.jpeg; already present as Telegraph_2025-05-17_I-refuse-to-live_img1.jpg
2025-10-21 14:02:42,004 - INFO - downloading images for article https://www.telegraph.co.uk/world-news/2025/05/24/george-floyd-death-five-years-blm/
2025-10-21 14:02:42,004 - INFO - Successfully retrieved session from session_Telegraph.pickle
2025-10-21 14:02:42,006 - INFO - Not re-downloading file at https://www.telegraph.co.uk/content/dam/world-news/2025/05/23/TELEMMGLPICT000232390586_17480182618030_trans_NvBQzQNjv4BqpEWnc5C83Th7bYLJZj0mM1mo6_-4PpzPo6hOxtz9c6E.jpeg; already present as Telegraph_2025-05-24_Five-years-of-virtue_img1.jpg
2025-10-21 14:02:42,008 - INFO - Not re-downloading file at https://www.telegraph.co.uk/content/dam/world-news/2025/05/23/TELEMMGLPICT000244543998_17480164649550_trans_NvBQzQNjv4BqrpfQw2hJyG_yckwxPAr0gmyy-GsNrhPQbLesooHneHs.jpeg; already present as Telegraph_2025-05-24_Five-years-of-virtue_img2.jpg
2025-10-21 14:02:42,010 - INFO - Not re-downloading file at https://www.telegraph.co.uk/content/dam/world-news/2025/05/23/TELEMMGLPICT000235589015_17480337554680_trans_NvBQzQNjv4BqjJeHvIwLm2xPr27m7LF8mWVLDaeaWzlxIQpTU2T6YjQ.jpeg; already present as Telegraph_2025-05-24_Five-years-of-virtue_img3.jpg
2025-10-21 14:02:42,012 - INFO - Not re-downloading file at https://www.telegraph.co.uk/content/dam/world-news/2025/05/23/TELEMMGLPICT000232538232_17480196328820_trans_NvBQzQNjv4BqA7N2CxnJWnYI3tCbVBgu9T0aesusvN1TE7a0ddd_esI.jpeg; already present as Telegraph_2025-05-24_Five-years-of-virtue_img4.jpg
2025-10-21 14:02:42,014 - INFO - Not re-downloading file at https://www.telegraph.co.uk/content/dam/world-news/2025/05/23/TELEMMGLPICT000232782711_17480169349280_trans_NvBQzQNjv4BqZgEkZX3M936N5BQK4Va8RWtT0gK_6EfZT336f62EI5U.jpeg; already present as Telegraph_2025-05-24_Five-years-of-virtue_img5.jpg
2025-10-21 14:02:42,016 - INFO - Not re-downloading file at https://www.telegraph.co.uk/content/dam/world-news/2025/05/23/TELEMMGLPICT000347437332_17480167069480_trans_NvBQzQNjv4Bqek9vKm18v_rkIPH9w2GMNpPHkRvugymKLtqq96r_VP8.jpeg; already present as Telegraph_2025-05-24_Five-years-of-virtue_img6.jpg
2025-10-21 14:02:42,018 - INFO - Not re-downloading file at https://www.telegraph.co.uk/content/dam/world-news/2025/05/23/TELEMMGLPICT000232672434_17480185666090_trans_NvBQzQNjv4BqpVlberWd9EgFPZtcLiMQf0Rf_Wk3V23H2268P_XkPxc.jpeg; already present as Telegraph_2025-05-24_Five-years-of-virtue_img7.jpg
2025-10-21 14:02:42,018 - INFO - downloading images for article https://www.telegraph.co.uk/news/2025/05/08/good-riddance-to-carla-denyer-wrong-about-everything/
2025-10-21 14:02:42,018 - INFO - Successfully retrieved session from session_Telegraph.pickle
2025-10-21 14:02:42,018 - INFO - downloading images for article https://www.telegraph.co.uk/business/2025/05/17/now-even-greenpeace-is-worried-about-north-sea-oil-jobs/
2025-10-21 14:02:42,018 - INFO - Successfully retrieved session from session_Telegraph.pickle
2025-10-21 14:02:42,020 - INFO - Not re-downloading file at https://www.telegraph.co.uk/content/dam/briefs/2025/05/16/TELEMMGLPICT000424105273_17474067818890_trans_NvBQzQNjv4BqBoAHBNnsOk47ZzuFbgUwCnOsWJCMlwFkkWdM4jelwsA.jpeg; already present as Telegraph_2025-05-17_Now-even-Greenpeace-is_img1.jpg
2025-10-21 14:02:42,021 - INFO - scraping urls from file: ../google_scraping/article_urls/Telegraph/telegraph.co.uk_2025-06-01_2025-06-30_urls.csv
2025-10-21 14:02:42,021 - INFO - Successfully retrieved session from session_Telegraph.pickle
2025-10-21 14:02:42,073 - INFO - Parsing url: https://www.telegraph.co.uk/music/news/how-glastonbury-lost-the-plot/
2025-10-21 14:02:42,119 - INFO - image parsing unsuccessful due to name 'image' is not defined
2025-10-21 14:02:42,123 - INFO - Parsing url: https://www.telegraph.co.uk/music/news/glastonbury-2025-saturday-live/
2025-10-21 14:02:42,165 - INFO - article dropped, search terms not present: https://www.telegraph.co.uk/music/news/glastonbury-2025-saturday-live/
2025-10-21 14:02:42,166 - INFO - Parsing url: https://www.telegraph.co.uk/politics/2025/06/09/politics-latest-news-nigel-farage-reform-wales-steel-coal/
2025-10-21 14:02:42,200 - INFO - article dropped, search terms not present: https://www.telegraph.co.uk/politics/2025/06/09/politics-latest-news-nigel-farage-reform-wales-steel-coal/
2025-10-21 14:02:42,200 - INFO - Parsing url: https://www.telegraph.co.uk/business/2025/06/19/ed-miliband-open-door-to-north-sea-drilling/
2025-10-21 14:02:42,240 - INFO - Parsing url: https://www.telegraph.co.uk/news/2025/06/25/whats-wrong-with-30-million-wedding-jeff-bezos-amazon/
2025-10-21 14:02:42,281 - INFO - article dropped, search terms not present: https://www.telegraph.co.uk/news/2025/06/25/whats-wrong-with-30-million-wedding-jeff-bezos-amazon/
2025-10-21 14:02:42,282 - INFO - Parsing url: https://www.telegraph.co.uk/news/2025/06/29/trump-to-visit-scotland-to-tour-his-three-golf-courses/
2025-10-21 14:02:42,319 - INFO - Parsing url: https://www.telegraph.co.uk/business/2025/06/30/british-manufacturing-dying-labour/
2025-10-21 14:02:42,437 - INFO - Parsing url: https://www.telegraph.co.uk/business/2025/06/08/british-manufacturing-is-dying-before-our-eyes/
2025-10-21 14:02:42,485 - INFO - article dropped, search terms not present: https://www.telegraph.co.uk/business/2025/06/08/british-manufacturing-is-dying-before-our-eyes/
2025-10-21 14:02:42,485 - INFO - Parsing url: https://www.telegraph.co.uk/world-news/2025/06/23/protest-venice-huge-banner-jeff-bezos-wedding-tourism-tax/
2025-10-21 14:02:42,532 - INFO - Parsing url: https://www.telegraph.co.uk/news/2025/06/24/failing-to-crush-just-stop-oil-brought-us-palestine-action/
2025-10-21 14:02:42,569 - INFO - Parsing url: https://www.telegraph.co.uk/music/news/glastonbury-2025-friday-live-the-1975/
2025-10-21 14:02:42,606 - INFO - Parsing url: https://www.telegraph.co.uk/business/2025/06/25/skoda-overtakes-teslas-ev-sales-in-europe-musk-backlash/
2025-10-21 14:02:42,645 - INFO - article dropped, search terms not present: https://www.telegraph.co.uk/business/2025/06/25/skoda-overtakes-teslas-ev-sales-in-europe-musk-backlash/
2025-10-21 14:02:42,645 - INFO - Parsing url: https://www.telegraph.co.uk/world-news/2025/06/02/macron-waxwork-stolen-paris-museum-greenpeace-protest/
2025-10-21 14:02:42,685 - INFO - Parsing url: https://www.telegraph.co.uk/news/2024/10/10/art-vandals-self-indulgent-idiots-protests-national-gallary/
2025-10-21 14:02:42,685 - INFO - title parsing unsuccessful due to 'NoneType' object has no attribute 'text'
2025-10-21 14:02:42,685 - INFO - date to string conversion for json unsuccessful due to 'NoneType' object has no attribute 'strftime'
2025-10-21 14:02:42,686 - INFO - could not format info from https://www.telegraph.co.uk/news/2024/10/10/art-vandals-self-indulgent-idiots-protests-national-gallary/ due to expected string or bytes-like object, got 'NoneType'; kept unformatted
2025-10-21 14:02:42,686 - INFO - article dropped, no body text found: https://www.telegraph.co.uk/news/2024/10/10/art-vandals-self-indulgent-idiots-protests-national-gallary/
2025-10-21 14:02:42,686 - INFO - Parsing url: https://www.telegraph.co.uk/business/2025/06/27/how-inflation-is-killing-off-the-pint/
2025-10-21 14:02:42,722 - INFO - image parsing unsuccessful due to name 'image' is not defined
2025-10-21 14:02:42,725 - INFO - article dropped, search terms not present: https://www.telegraph.co.uk/business/2025/06/27/how-inflation-is-killing-off-the-pint/
2025-10-21 14:02:42,725 - INFO - Parsing url: https://www.telegraph.co.uk/authors/i/ik-io/iona-cleave/page-6/
2025-10-21 14:02:42,770 - INFO - article dropped, no body text found: https://www.telegraph.co.uk/authors/i/ik-io/iona-cleave/page-6/
2025-10-21 14:02:42,771 - INFO - downloading images for file article_contents/Telegraph/telegraph.co.uk_2025-06-01_2025-06-30_parsed.json
2025-10-21 14:02:42,771 - INFO - downloading images for article https://www.telegraph.co.uk/music/news/how-glastonbury-lost-the-plot/
2025-10-21 14:02:42,772 - INFO - Successfully retrieved session from session_Telegraph.pickle
2025-10-21 14:02:42,772 - INFO - downloading images for article https://www.telegraph.co.uk/business/2025/06/19/ed-miliband-open-door-to-north-sea-drilling/
2025-10-21 14:02:42,772 - INFO - Successfully retrieved session from session_Telegraph.pickle
2025-10-21 14:02:42,774 - INFO - Not re-downloading file at https://www.telegraph.co.uk/content/dam/business/2025/06/19/TELEMMGLPICT000428397428_17503171545220_trans_NvBQzQNjv4BqzK9QdOevxEEatiKeZqSwk9Olg9QRXFhC4v-gBbV5BaM.jpeg; already present as Telegraph_2025-06-19_Miliband-to-open-door_img1.jpg
2025-10-21 14:02:42,776 - INFO - Not re-downloading file at https://www.telegraph.co.uk/content/dam/briefs/2025/06/18/TELEMMGLPICT000382278270_17502734027590_trans_NvBQzQNjv4BqpVlberWd9EgFPZtcLiMQf0Rf_Wk3V23H2268P_XkPxc.jpeg; already present as Telegraph_2025-06-19_Miliband-to-open-door_img2.jpg
2025-10-21 14:02:42,776 - INFO - downloading images for article https://www.telegraph.co.uk/news/2025/06/29/trump-to-visit-scotland-to-tour-his-three-golf-courses/
2025-10-21 14:02:42,776 - INFO - Successfully retrieved session from session_Telegraph.pickle
2025-10-21 14:02:42,778 - INFO - Not re-downloading file at https://www.telegraph.co.uk/content/dam/briefs/2025/06/29/TELEMMGLPICT000402493908_17512104885810_trans_NvBQzQNjv4Bqci5vAVrCdQ9d-At7KL20q4B9bQR5O1DaBGi5AlX855o.jpeg; already present as Telegraph_2025-06-29_Trump-to-visit-Scotland_img1.jpg
2025-10-21 14:02:42,779 - INFO - Not re-downloading file at https://www.telegraph.co.uk/content/dam/briefs/2025/06/29/TELEMMGLPICT000199692454_17512106186790_trans_NvBQzQNjv4BqRw7uKImMqa3-pkk5JsRT8dHhMh81Y8GqX3ipA8YMo0k.jpeg; already present as Telegraph_2025-06-29_Trump-to-visit-Scotland_img2.jpg
2025-10-21 14:02:42,781 - INFO - Not re-downloading file at https://www.telegraph.co.uk/content/dam/news/2025/06/29/TELEMMGLPICT000415494905_17512109224250_trans_NvBQzQNjv4BqjvE9Rr87xStm87qEynN5NP4Xpit_DMGvdp2n7FDd82k.jpeg; already present as Telegraph_2025-06-29_Trump-to-visit-Scotland_img3.jpg
2025-10-21 14:02:42,781 - INFO - downloading images for article https://www.telegraph.co.uk/business/2025/06/30/british-manufacturing-dying-labour/
2025-10-21 14:02:42,781 - INFO - Successfully retrieved session from session_Telegraph.pickle
2025-10-21 14:02:42,783 - INFO - Not re-downloading file at https://www.telegraph.co.uk/content/dam/business/2025/06/30/TELEMMGLPICT000002225522_17513028710990_trans_NvBQzQNjv4BqLrSseiYmS3q0g1a2ZonCzZgojZYlP8f0i9h2tPqCNsM.jpeg; already present as Telegraph_2025-06-30_British-manufacturing-could-disappear_img1.jpg
2025-10-21 14:02:42,785 - INFO - Not re-downloading file at https://www.telegraph.co.uk/content/dam/business/2025/06/30/TELEMMGLPICT000423353744_17513017236380_trans_NvBQzQNjv4BqOFETOfxYGjVMc6tecZdrRGXlmm31wmT8gxvqLVWyrms.jpeg; already present as Telegraph_2025-06-30_British-manufacturing-could-disappear_img2.jpg
2025-10-21 14:02:42,785 - INFO - downloading images for article https://www.telegraph.co.uk/world-news/2025/06/23/protest-venice-huge-banner-jeff-bezos-wedding-tourism-tax/
2025-10-21 14:02:42,785 - INFO - Successfully retrieved session from session_Telegraph.pickle
2025-10-21 14:02:42,787 - INFO - Not re-downloading file at https://www.telegraph.co.uk/content/dam/briefs/2025/06/23/TELEMMGLPICT000429735127_17506908734250_trans_NvBQzQNjv4BqiJKnWu1VZ98U_FRh7aGdy7essG4FBIUTYsprwQB4T-o.jpeg; already present as Telegraph_2025-06-23_Protesters-unfurl-huge-banner_img1.jpg
2025-10-21 14:02:42,789 - INFO - Not re-downloading file at https://www.telegraph.co.uk/content/dam/briefs/2025/06/23/TELEMMGLPICT000429746734_17506910397550_trans_NvBQzQNjv4Bqmn74KtMQRTQR_66nVs-Q_3-lc3MoKhBIB36Nr_UxZBk.jpeg; already present as Telegraph_2025-06-23_Protesters-unfurl-huge-banner_img2.jpg
2025-10-21 14:02:42,790 - INFO - Not re-downloading file at https://www.telegraph.co.uk/content/dam/briefs/2025/06/23/TELEMMGLPICT000429634271_17506912144910_trans_NvBQzQNjv4BqqVzuuqpFlyLIwiB6NTmJwXlNMros__ArxXuazEoVa-Q.jpeg; already present as Telegraph_2025-06-23_Protesters-unfurl-huge-banner_img3.jpg
2025-10-21 14:02:42,792 - INFO - Not re-downloading file at https://www.telegraph.co.uk/content/dam/briefs/2025/06/23/TELEMMGLPICT000429137670_17506909869950_trans_NvBQzQNjv4Bq2X5v5tIY989kbirmSO0CVObcKT0qz8TVYRdQb4Z0vGQ.jpeg; already present as Telegraph_2025-06-23_Protesters-unfurl-huge-banner_img4.jpg
2025-10-21 14:02:42,794 - INFO - Not re-downloading file at https://www.telegraph.co.uk/content/dam/briefs/2025/06/23/TELEMMGLPICT000429639291_17506910842260_trans_NvBQzQNjv4BqeqwFWFrh2b9NqBzLPCrLjuBu4Dtux322Eqyv1UnPUWw.jpeg; already present as Telegraph_2025-06-23_Protesters-unfurl-huge-banner_img5.jpg
2025-10-21 14:02:42,794 - INFO - downloading images for article https://www.telegraph.co.uk/news/2025/06/24/failing-to-crush-just-stop-oil-brought-us-palestine-action/
2025-10-21 14:02:42,794 - INFO - Successfully retrieved session from session_Telegraph.pickle
2025-10-21 14:02:42,796 - INFO - Not re-downloading file at https://www.telegraph.co.uk/content/dam/news/2025/06/24/TELEMMGLPICT000429754007_17507614820030_trans_NvBQzQNjv4BqepFX7Cjaz_vGTytwS0xbx15NUcTKNHKqy85KLqtvPLE.jpeg; already present as Telegraph_2025-06-24_The-failure-to-crush_img1.jpg
2025-10-21 14:02:42,796 - INFO - downloading images for article https://www.telegraph.co.uk/music/news/glastonbury-2025-friday-live-the-1975/
2025-10-21 14:02:42,796 - INFO - Successfully retrieved session from session_Telegraph.pickle
2025-10-21 14:02:42,798 - INFO - Not re-downloading file at https://www.telegraph.co.uk/content/dam/music/2025/06/27/TELEMMGLPICT000430339388_17510458894580_trans_NvBQzQNjv4BqAHFvc2WzbX_v7BQ2hCChD8NnNwX0XWWymFycdFkkuyk.jpeg; already present as Telegraph_2025-06-27_LiveGlastonbury-2025-Friday-live_img1.jpg
2025-10-21 14:02:42,800 - INFO - Not re-downloading file at https://www.telegraph.co.uk/content/dam/music/2025/06/27/TELEMMGLPICT000226976627_17510463430100_trans_NvBQzQNjv4BqqVzuuqpFlyLIwiB6NTmJwSX5rhseiWKOo9p9OQ-ymek.jpeg; already present as Telegraph_2025-06-27_LiveGlastonbury-2025-Friday-live_img2.jpg
2025-10-21 14:02:42,801 - INFO - Not re-downloading file at https://www.telegraph.co.uk/content/dam/music/2025/06/27/TELEMMGLPICT000430338088_17510458078790_trans_NvBQzQNjv4Bq7t4Eljyiy6iRMFuEKY2dXA1vLvhkMtVb21dMmpQBfEs.jpeg; already present as Telegraph_2025-06-27_LiveGlastonbury-2025-Friday-live_img3.jpg
2025-10-21 14:02:42,803 - INFO - Not re-downloading file at https://www.telegraph.co.uk/content/dam/music/2025/06/27/TELEMMGLPICT000430320030_17510439472140_trans_NvBQzQNjv4BqqVzuuqpFlyLIwiB6NTmJwSX5rhseiWKOo9p9OQ-ymek.jpeg; already present as Telegraph_2025-06-27_LiveGlastonbury-2025-Friday-live_img4.jpg
2025-10-21 14:02:42,805 - INFO - Not re-downloading file at https://www.telegraph.co.uk/content/dam/music/2025/06/27/TELEMMGLPICT000430326818_17510417021680_trans_NvBQzQNjv4BqqVzuuqpFlyLIwiB6NTmJwSX5rhseiWKOo9p9OQ-ymek.jpeg; already present as Telegraph_2025-06-27_LiveGlastonbury-2025-Friday-live_img5.jpg
2025-10-21 14:02:42,806 - INFO - Not re-downloading file at https://www.telegraph.co.uk/content/dam/music/2025/06/27/TELEMMGLPICT000430324337_17510402593150_trans_NvBQzQNjv4BqVnGZDHLVbaDWtLqzwQh5-VHmPOpeFd0SyQx9dn7kM_w.jpeg; already present as Telegraph_2025-06-27_LiveGlastonbury-2025-Friday-live_img6.jpg
2025-10-21 14:02:42,806 - INFO - downloading images for article https://www.telegraph.co.uk/world-news/2025/06/02/macron-waxwork-stolen-paris-museum-greenpeace-protest/
2025-10-21 14:02:42,807 - INFO - Successfully retrieved session from session_Telegraph.pickle
2025-10-21 14:02:42,808 - INFO - Not re-downloading file at https://www.telegraph.co.uk/content/dam/briefs/2025/06/02/TELEMMGLPICT000427121970_17488721358950_trans_NvBQzQNjv4Bq9k_NRcUxd_vb3GsOEtUiIv4Xpit_DMGvdp2n7FDd82k.jpeg; already present as Telegraph_2025-06-02_Macron-waxwork-stolen-from_img1.jpg
2025-10-21 14:02:42,810 - INFO - Not re-downloading file at https://www.telegraph.co.uk/content/dam/briefs/2025/06/02/TELEMMGLPICT000427121512_17488721451770_trans_NvBQzQNjv4BqpVlberWd9EgFPZtcLiMQf0Rf_Wk3V23H2268P_XkPxc.jpeg; already present as Telegraph_2025-06-02_Macron-waxwork-stolen-from_img2.jpg
2025-10-21 14:02:42,812 - INFO - Not re-downloading file at https://www.telegraph.co.uk/content/dam/briefs/2025/06/02/TELEMMGLPICT000426651577_17488721931610_trans_NvBQzQNjv4BqvcbZMXX-vCpvwlOvyIj3IvAom1AprPiz55zIIp-jjTw.jpeg; already present as Telegraph_2025-06-02_Macron-waxwork-stolen-from_img3.jpg
2025-10-21 14:02:42,813 - INFO - scraping urls from file: ../google_scraping/article_urls/Telegraph/telegraph.co.uk_2025-07-01_2025-07-31_urls.csv
2025-10-21 14:02:42,813 - INFO - Successfully retrieved session from session_Telegraph.pickle
2025-10-21 14:02:42,859 - INFO - Parsing url: https://www.telegraph.co.uk/us/news/2025/07/25/trump-opens-door-to-ghislaine-maxwell-pardon/
2025-10-21 14:02:42,985 - INFO - Parsing url: https://www.telegraph.co.uk/news/2025/07/26/greenpeace-activists-arrested-abseiling-forth-road-bridge/
2025-10-21 14:02:43,030 - INFO - Parsing url: https://www.telegraph.co.uk/us/politics/2025/07/25/donald-trump-britain-migration-scotland-trip/
2025-10-21 14:02:43,072 - INFO - Parsing url: https://www.telegraph.co.uk/news/2025/07/25/abseiling-eco-protesters-shut-forth-road-bridge/
2025-10-21 14:02:43,111 - INFO - Parsing url: https://www.telegraph.co.uk/politics/2025/07/24/scottish-secretary-donald-trump-warm-welcome-visit/
2025-10-21 14:02:43,154 - INFO - article dropped, search terms not present: https://www.telegraph.co.uk/politics/2025/07/24/scottish-secretary-donald-trump-warm-welcome-visit/
2025-10-21 14:02:43,154 - INFO - Parsing url: https://www.telegraph.co.uk/news/2025/07/25/turnberry-turned-into-american-prison-for-trumps-arrival/
2025-10-21 14:02:43,195 - INFO - Parsing url: https://www.telegraph.co.uk/business/2025/07/12/musks-antisemitic-ai-blunders-must-stopped-catastrophe/
2025-10-21 14:02:43,237 - INFO - article dropped, search terms not present: https://www.telegraph.co.uk/business/2025/07/12/musks-antisemitic-ai-blunders-must-stopped-catastrophe/
2025-10-21 14:02:43,237 - INFO - Parsing url: https://www.telegraph.co.uk/books/what-to-read/review-best-novels-to-read-july/
2025-10-21 14:02:43,281 - INFO - article dropped, search terms not present: https://www.telegraph.co.uk/books/what-to-read/review-best-novels-to-read-july/
2025-10-21 14:02:43,281 - INFO - Parsing url: https://www.telegraph.co.uk/business/2025/07/07/reeves-pours-millions-peak-district-carbon-capture/
2025-10-21 14:02:43,319 - INFO - Parsing url: https://www.telegraph.co.uk/opinion/columnists/page-49/
2025-10-21 14:02:43,455 - INFO - could not format info from https://www.telegraph.co.uk/opinion/columnists/page-49/ due to expected string or bytes-like object, got 'NoneType'; kept unformatted
2025-10-21 14:02:43,455 - INFO - article dropped, no body text found: https://www.telegraph.co.uk/opinion/columnists/page-49/
2025-10-21 14:02:43,455 - INFO - Parsing url: https://www.telegraph.co.uk/authors/j/jk-jo/jonathan-leake/page-3/
2025-10-21 14:02:43,504 - INFO - article dropped, no body text found: https://www.telegraph.co.uk/authors/j/jk-jo/jonathan-leake/page-3/
2025-10-21 14:02:43,505 - INFO - Parsing url: https://www.telegraph.co.uk/opinion/columnists/page-50/
2025-10-21 14:02:43,558 - INFO - could not format info from https://www.telegraph.co.uk/opinion/columnists/page-50/ due to expected string or bytes-like object, got 'NoneType'; kept unformatted
2025-10-21 14:02:43,558 - INFO - article dropped, no body text found: https://www.telegraph.co.uk/opinion/columnists/page-50/
2025-10-21 14:02:43,559 - INFO - downloading images for file article_contents/Telegraph/telegraph.co.uk_2025-07-01_2025-07-31_parsed.json
2025-10-21 14:02:43,559 - INFO - downloading images for article https://www.telegraph.co.uk/us/news/2025/07/25/trump-opens-door-to-ghislaine-maxwell-pardon/
2025-10-21 14:02:43,560 - INFO - Successfully retrieved session from session_Telegraph.pickle
2025-10-21 14:02:43,562 - INFO - Not re-downloading file at https://www.telegraph.co.uk/content/dam/briefs/2025/07/25/TELEMMGLPICT000432819474_17534557300780_trans_NvBQzQNjv4BqfomibfiECf3r_FyzyHF01OFG2jSR6q_BFADOdRomMN8.jpeg; already present as Telegraph_2025-07-25_Trump-Im-allowed-to_img1.jpg
2025-10-21 14:02:43,563 - INFO - Not re-downloading file at https://www.telegraph.co.uk/content/dam/briefs/2025/07/25/TELEMMGLPICT000433542673_17534558177540_trans_NvBQzQNjv4BqpVlberWd9EgFPZtcLiMQf0Rf_Wk3V23H2268P_XkPxc.jpeg; already present as Telegraph_2025-07-25_Trump-Im-allowed-to_img2.jpg
2025-10-21 14:02:43,565 - INFO - Not re-downloading file at https://www.telegraph.co.uk/content/dam/en-us/news/2025/07/25/TELEMMGLPICT000432808445_17534607491910_trans_NvBQzQNjv4BqV7P-rG3wEO47DQS4bwCPF5Qd0gUcdddCv0EDOkSO7vg.jpeg; already present as Telegraph_2025-07-25_Trump-Im-allowed-to_img3.jpg
2025-10-21 14:02:43,567 - INFO - Not re-downloading file at https://www.telegraph.co.uk/content/dam/briefs/2025/07/25/TELEMMGLPICT000433552714_17534555233510_trans_NvBQzQNjv4BqpVlberWd9EgFPZtcLiMQf0Rf_Wk3V23H2268P_XkPxc.jpeg; already present as Telegraph_2025-07-25_Trump-Im-allowed-to_img4.jpg
2025-10-21 14:02:43,567 - INFO - downloading images for article https://www.telegraph.co.uk/news/2025/07/26/greenpeace-activists-arrested-abseiling-forth-road-bridge/
2025-10-21 14:02:43,567 - INFO - Successfully retrieved session from session_Telegraph.pickle
2025-10-21 14:02:43,569 - INFO - Not re-downloading file at https://www.telegraph.co.uk/content/dam/briefs/2025/07/26/TELEMMGLPICT000433548447_17535362914120_trans_NvBQzQNjv4BqtLiXk9I2QPXgI4Uxb3W8Ef4Xpit_DMGvdp2n7FDd82k.jpeg; already present as Telegraph_2025-07-26_Greenpeace-activists-arrested-after_img1.jpg
2025-10-21 14:02:43,571 - INFO - Not re-downloading file at https://www.telegraph.co.uk/content/dam/briefs/2025/07/26/TELEMMGLPICT000433548445_17535363044280_trans_NvBQzQNjv4BqfUlZ8sN0R_V7pIfznXBv1Tc_WR1zkHlH8c4lE2ighF0.jpeg; already present as Telegraph_2025-07-26_Greenpeace-activists-arrested-after_img2.jpg
2025-10-21 14:02:43,571 - INFO - downloading images for article https://www.telegraph.co.uk/us/politics/2025/07/25/donald-trump-britain-migration-scotland-trip/
2025-10-21 14:02:43,571 - INFO - Successfully retrieved session from session_Telegraph.pickle
2025-10-21 14:02:43,573 - INFO - Not re-downloading file at https://www.telegraph.co.uk/content/dam/en-us/politics/2025/07/25/TELEMMGLPICT000433593690_17534774590960_trans_NvBQzQNjv4BqpVlberWd9EgFPZtcLiMQf0Rf_Wk3V23H2268P_XkPxc.jpeg; already present as Telegraph_2025-07-25_Trump-Horrible-migrant-invasion_img1.jpg
2025-10-21 14:02:43,574 - INFO - Not re-downloading file at https://www.telegraph.co.uk/content/dam/en-us/politics/2025/07/25/TELEMMGLPICT000433593029_17534750339180_trans_NvBQzQNjv4BqZgEkZX3M936N5BQK4Va8RWtT0gK_6EfZT336f62EI5U.jpeg; already present as Telegraph_2025-07-25_Trump-Horrible-migrant-invasion_img2.jpg
2025-10-21 14:02:43,576 - INFO - Not re-downloading file at https://www.telegraph.co.uk/content/dam/en-us/politics/2025/07/25/TELEMMGLPICT000433591050_17534755666600_trans_NvBQzQNjv4BqUa2thMnvKQadTDM5oFKzfFVuduJKBIVmdsWxwOVYZQY.jpeg; already present as Telegraph_2025-07-25_Trump-Horrible-migrant-invasion_img3.jpg
2025-10-21 14:02:43,578 - INFO - Not re-downloading file at https://www.telegraph.co.uk/content/dam/en-us/politics/2025/07/25/TELEMMGLPICT000433593484_17534764035100_trans_NvBQzQNjv4BqEzw5OF8VsBey80ir11mphkgR7PVUJ79uLnSHs-A1YSI.jpeg; already present as Telegraph_2025-07-25_Trump-Horrible-migrant-invasion_img4.jpg
2025-10-21 14:02:43,578 - INFO - downloading images for article https://www.telegraph.co.uk/news/2025/07/25/abseiling-eco-protesters-shut-forth-road-bridge/
2025-10-21 14:02:43,578 - INFO - Successfully retrieved session from session_Telegraph.pickle
2025-10-21 14:02:43,580 - INFO - Not re-downloading file at https://www.telegraph.co.uk/content/dam/briefs/2025/07/25/TELEMMGLPICT000433544515_17534510406460_trans_NvBQzQNjv4BqRo0U4xU-30oDveS4pXV-Vv4Xpit_DMGvdp2n7FDd82k.jpeg; already present as Telegraph_2025-07-25_Abseiling-eco-activists-shut_img1.jpg
2025-10-21 14:02:43,581 - INFO - Not re-downloading file at https://www.telegraph.co.uk/content/dam/briefs/2025/07/25/TELEMMGLPICT000433544514_17534510474580_trans_NvBQzQNjv4BqgsaO8O78rhmZrDxTlQBjdLdu0TL-Cg_AMOUqySXmFgU.jpeg; already present as Telegraph_2025-07-25_Abseiling-eco-activists-shut_img2.jpg
2025-10-21 14:02:43,581 - INFO - downloading images for article https://www.telegraph.co.uk/news/2025/07/25/turnberry-turned-into-american-prison-for-trumps-arrival/
2025-10-21 14:02:43,582 - INFO - Successfully retrieved session from session_Telegraph.pickle
2025-10-21 14:02:43,583 - INFO - Not re-downloading file at https://www.telegraph.co.uk/content/dam/briefs/2025/07/25/TELEMMGLPICT000433553712_17534652758510_trans_NvBQzQNjv4BqpVlberWd9EgFPZtcLiMQf0Rf_Wk3V23H2268P_XkPxc.jpeg; already present as Telegraph_2025-07-25_Turnberry-turned-into-American_img1.jpg
2025-10-21 14:02:43,585 - INFO - Not re-downloading file at https://www.telegraph.co.uk/content/dam/briefs/2025/07/25/TELEMMGLPICT000433554113_17534652124480_trans_NvBQzQNjv4BqpVlberWd9EgFPZtcLiMQf0Rf_Wk3V23H2268P_XkPxc.jpeg; already present as Telegraph_2025-07-25_Turnberry-turned-into-American_img2.jpg
2025-10-21 14:02:43,587 - INFO - Not re-downloading file at https://www.telegraph.co.uk/content/dam/briefs/2025/07/25/TELEMMGLPICT000433515608_17534652337820_trans_NvBQzQNjv4BqnQSfWb85vljghMlIYmeE7QDiQB0ks0OTe8ztTf-odhA.jpeg; already present as Telegraph_2025-07-25_Turnberry-turned-into-American_img3.jpg
2025-10-21 14:02:43,589 - INFO - Not re-downloading file at https://www.telegraph.co.uk/content/dam/briefs/2025/07/25/TELEMMGLPICT000433447585_17534652430020_trans_NvBQzQNjv4BqaxhR1vC4M3eHXTZuhDlJpx1xV8CovEEUFWalDmJ1l-M.jpeg; already present as Telegraph_2025-07-25_Turnberry-turned-into-American_img4.jpg
2025-10-21 14:02:43,589 - INFO - downloading images for article https://www.telegraph.co.uk/business/2025/07/07/reeves-pours-millions-peak-district-carbon-capture/
2025-10-21 14:02:43,589 - INFO - Successfully retrieved session from session_Telegraph.pickle
2025-10-21 14:02:43,590 - INFO - scraping urls from file: ../google_scraping/article_urls/Telegraph/telegraph.co.uk_2025-08-01_2025-08-31_urls.csv
2025-10-21 14:02:43,590 - INFO - Successfully retrieved session from session_Telegraph.pickle
2025-10-21 14:02:43,625 - INFO - Parsing url: https://www.telegraph.co.uk/politics/2025/08/26/labour-donor-dale-vince-has-35m-contracts-with-sadiq-khan/
2025-10-21 14:02:43,667 - INFO - Parsing url: https://www.telegraph.co.uk/news/2025/08/11/why-palestine-action-was-proscribed-as-a-terror-group/
2025-10-21 14:02:43,704 - INFO - image parsing unsuccessful due to name 'image' is not defined
2025-10-21 14:02:43,708 - INFO - article dropped, search terms not present: https://www.telegraph.co.uk/news/2025/08/11/why-palestine-action-was-proscribed-as-a-terror-group/
2025-10-21 14:02:43,708 - INFO - Parsing url: https://www.telegraph.co.uk/news/2025/08/26/woman-86-among-dozens-charged-supporting-palestine-action/
2025-10-21 14:02:43,744 - INFO - Parsing url: https://www.telegraph.co.uk/news/2025/08/09/palestine-action-protests-live-israel-gaza-war-police/
2025-10-21 14:02:43,779 - INFO - article dropped, search terms not present: https://www.telegraph.co.uk/news/2025/08/09/palestine-action-protests-live-israel-gaza-war-police/
2025-10-21 14:02:43,779 - INFO - Parsing url: https://www.telegraph.co.uk/news/2025/08/02/enough-doom-mongering-about-climate-change/
2025-10-21 14:02:43,820 - INFO - Parsing url: https://www.telegraph.co.uk/news/2025/08/29/palestine-action-proscription-may-backfire/
2025-10-21 14:02:43,930 - INFO - image parsing unsuccessful due to name 'image' is not defined
2025-10-21 14:02:43,934 - INFO - Parsing url: https://www.telegraph.co.uk/news/2025/08/11/grey-haired-granny-activists-are-ruining-britain/
2025-10-21 14:02:43,986 - INFO - Parsing url: https://www.telegraph.co.uk/news/2025/08/29/pro-palestine-group-vandalises-policy-exchange-offices/
2025-10-21 14:02:44,036 - INFO - Parsing url: https://www.telegraph.co.uk/business/2025/08/11/the-hidden-net-zero-tax-crushing-british-industry/
2025-10-21 14:02:44,084 - INFO - image parsing unsuccessful due to name 'image' is not defined
2025-10-21 14:02:44,088 - INFO - Parsing url: https://www.telegraph.co.uk/opinion/columnists/page-30/
2025-10-21 14:02:44,174 - INFO - could not format info from https://www.telegraph.co.uk/opinion/columnists/page-30/ due to expected string or bytes-like object, got 'NoneType'; kept unformatted
2025-10-21 14:02:44,174 - INFO - article dropped, no body text found: https://www.telegraph.co.uk/opinion/columnists/page-30/
2025-10-21 14:02:44,176 - INFO - downloading images for file article_contents/Telegraph/telegraph.co.uk_2025-08-01_2025-08-31_parsed.json
2025-10-21 14:02:44,176 - INFO - downloading images for article https://www.telegraph.co.uk/politics/2025/08/26/labour-donor-dale-vince-has-35m-contracts-with-sadiq-khan/
2025-10-21 14:02:44,177 - INFO - Successfully retrieved session from session_Telegraph.pickle
2025-10-21 14:02:44,180 - INFO - Not re-downloading file at https://www.telegraph.co.uk/content/dam/briefs/2025/08/26/TELEMMGLPICT000436895657_17562213333970_trans_NvBQzQNjv4Bq-IWLY18X4-CzgyIcjLEAj0k9u7HhRJvuo-ZLenGRumA.jpeg; already present as Telegraph_2025-08-26_Labour-donor-Dale-Vince_img1.jpg
2025-10-21 14:02:44,180 - INFO - downloading images for article https://www.telegraph.co.uk/news/2025/08/26/woman-86-among-dozens-charged-supporting-palestine-action/
2025-10-21 14:02:44,181 - INFO - Successfully retrieved session from session_Telegraph.pickle
2025-10-21 14:02:44,184 - INFO - Not re-downloading file at https://www.telegraph.co.uk/content/dam/briefs/2025/08/26/TELEMMGLPICT000382557270_17562312604140_trans_NvBQzQNjv4BqpVlberWd9EgFPZtcLiMQf0Rf_Wk3V23H2268P_XkPxc.jpeg; already present as Telegraph_2025-08-26_Woman-86-among-dozens_img1.jpg
2025-10-21 14:02:44,184 - INFO - downloading images for article https://www.telegraph.co.uk/news/2025/08/02/enough-doom-mongering-about-climate-change/
2025-10-21 14:02:44,184 - INFO - Successfully retrieved session from session_Telegraph.pickle
2025-10-21 14:02:44,187 - INFO - Not re-downloading file at https://www.telegraph.co.uk/content/dam/briefs/2025/07/23/TELEMMGLPICT000433285333_17532661260440_trans_NvBQzQNjv4BqVxNGaDcVZlELr2jxuNFMZOSg6cpUPcvv2QuDOC33Xp8.jpeg; already present as Telegraph_2025-08-02_Enough-doommongering-about-climate_img1.jpg
2025-10-21 14:02:44,189 - INFO - Not re-downloading file at https://www.telegraph.co.uk/content/dam/briefs/2025/07/23/TELEMMGLPICT000433199896_17532662192460_trans_NvBQzQNjv4BqjmpNrzJ7bQ_M5ql9FqM8ztf11FLKtqwYaxK652uKeQE.jpeg; already present as Telegraph_2025-08-02_Enough-doommongering-about-climate_img2.jpg
2025-10-21 14:02:44,191 - INFO - Not re-downloading file at https://www.telegraph.co.uk/content/dam/briefs/2025/07/25/TELEMMGLPICT000433513909_17534428752130_trans_NvBQzQNjv4BqNoPeQducRYqO5q5glHc4xQxruNgKkmqrVIlXMjpo7PA.jpeg; already present as Telegraph_2025-08-02_Enough-doommongering-about-climate_img3.jpg
2025-10-21 14:02:44,195 - INFO - Not re-downloading file at https://www.telegraph.co.uk/content/dam/environment/2025/07/29/TELEMMGLPICT000434023884_17538049831690_trans_NvBQzQNjv4Bq7t4Eljyiy6iRMFuEKY2dXEikPYR0xYwuEBLwP9UFqPg.jpeg; already present as Telegraph_2025-08-02_Enough-doommongering-about-climate_img4.jpg
2025-10-21 14:02:44,196 - INFO - downloading images for article https://www.telegraph.co.uk/news/2025/08/29/palestine-action-proscription-may-backfire/
2025-10-21 14:02:44,197 - INFO - Successfully retrieved session from session_Telegraph.pickle
2025-10-21 14:02:44,198 - INFO - downloading images for article https://www.telegraph.co.uk/news/2025/08/11/grey-haired-granny-activists-are-ruining-britain/
2025-10-21 14:02:44,198 - INFO - Successfully retrieved session from session_Telegraph.pickle
2025-10-21 14:02:44,200 - INFO - Not re-downloading file at https://www.telegraph.co.uk/content/dam/news/2025/08/11/TELEMMGLPICT000435111510_17549236207060_trans_NvBQzQNjv4BqxwKIWfNlPVfpry8kavVcWVjOaCVDMIr3yDAnCMgPIqk.jpeg; already present as Telegraph_2025-08-11_Greyhaired-granny-activists-are_img1.jpg
2025-10-21 14:02:44,200 - INFO - downloading images for article https://www.telegraph.co.uk/news/2025/08/29/pro-palestine-group-vandalises-policy-exchange-offices/
2025-10-21 14:02:44,200 - INFO - Successfully retrieved session from session_Telegraph.pickle
2025-10-21 14:02:44,203 - INFO - Not re-downloading file at https://www.telegraph.co.uk/content/dam/briefs/2025/08/29/TELEMMGLPICT000437298581_17564739622280_trans_NvBQzQNjv4Bq-IWLY18X4-CzgyIcjLEAj0k9u7HhRJvuo-ZLenGRumA.jpeg; already present as Telegraph_2025-08-29_ProPalestine-group-vandalises-Policy_img1.jpg
2025-10-21 14:02:44,206 - INFO - Not re-downloading file at https://www.telegraph.co.uk/content/dam/briefs/2025/08/29/TELEMMGLPICT000437274073_17564739124310_trans_NvBQzQNjv4BqgorLzNIuWKFjctv8STCiZmuT-RD8RsYMxMpJRtmVdl4.jpeg; already present as Telegraph_2025-08-29_ProPalestine-group-vandalises-Policy_img2.jpg
2025-10-21 14:02:44,206 - INFO - downloading images for article https://www.telegraph.co.uk/business/2025/08/11/the-hidden-net-zero-tax-crushing-british-industry/
2025-10-21 14:02:44,207 - INFO - Successfully retrieved session from session_Telegraph.pickle
2025-10-21 14:02:44,208 - INFO - scraping urls from file: ../google_scraping/article_urls/Telegraph/telegraph.co.uk_2025-09-01_2025-09-30_urls.csv
2025-10-21 14:02:44,209 - INFO - Successfully retrieved session from session_Telegraph.pickle
2025-10-21 14:02:44,278 - INFO - Parsing url: https://www.telegraph.co.uk/news/2025/09/02/badenoch-cowed-by-climate-change-bullies/
2025-10-21 14:02:44,340 - INFO - Parsing url: https://www.telegraph.co.uk/business/2025/09/18/why-starmer-will-struggle-to-deliver-nuclear-golden-age/
2025-10-21 14:02:44,400 - INFO - Parsing url: https://www.telegraph.co.uk/news/2025/09/25/palestine-action-co-founder-claims-ban-is-discrimination-uk/
2025-10-21 14:02:44,460 - INFO - Parsing url: https://www.telegraph.co.uk/business/2025/09/20/anti-ai-doom-prophets-launch-hunger-strike-outside-google/
2025-10-21 14:02:44,511 - INFO - article dropped, search terms not present: https://www.telegraph.co.uk/business/2025/09/20/anti-ai-doom-prophets-launch-hunger-strike-outside-google/
2025-10-21 14:02:44,511 - INFO - Parsing url: https://www.telegraph.co.uk/news/2025/09/08/has-proscribing-palestine-action-backfired/
2025-10-21 14:02:44,665 - INFO - article dropped, no body text found: https://www.telegraph.co.uk/news/2025/09/08/has-proscribing-palestine-action-backfired/
2025-10-21 14:02:44,665 - INFO - Parsing url: https://www.telegraph.co.uk/business/2025/09/07/jet-zero-is-a-sham-that-we-should-stop-wasting-money-on/
2025-10-21 14:02:44,737 - INFO - article dropped, no body text found: https://www.telegraph.co.uk/business/2025/09/07/jet-zero-is-a-sham-that-we-should-stop-wasting-money-on/
2025-10-21 14:02:44,737 - INFO - Parsing url: https://www.telegraph.co.uk/news/2025/09/05/palestine-action-supporters-will-be-celebrated-in-prison/
2025-10-21 14:02:44,805 - INFO - article dropped, no body text found: https://www.telegraph.co.uk/news/2025/09/05/palestine-action-supporters-will-be-celebrated-in-prison/
2025-10-21 14:02:44,805 - INFO - downloading images for file article_contents/Telegraph/telegraph.co.uk_2025-09-01_2025-09-30_parsed.json
2025-10-21 14:02:44,805 - INFO - downloading images for article https://www.telegraph.co.uk/news/2025/09/02/badenoch-cowed-by-climate-change-bullies/
2025-10-21 14:02:44,806 - INFO - Successfully retrieved session from session_Telegraph.pickle
2025-10-21 14:02:44,808 - INFO - Not re-downloading file at https://www.telegraph.co.uk/content/dam/news/2025/09/02/TELEMMGLPICT000438159312_17568329016410_trans_NvBQzQNjv4BqgsaO8O78rhmZrDxTlQBjdLdu0TL-Cg_AMOUqySXmFgU.jpeg; already present as Telegraph_2025-09-02_Badenoch-We-wont-be_img1.jpg
2025-10-21 14:02:44,810 - INFO - Not re-downloading file at https://www.telegraph.co.uk/content/dam/news/2025/09/02/TELEMMGLPICT000410084930_17568383337600_trans_NvBQzQNjv4BqpVlberWd9EgFPZtcLiMQf0Rf_Wk3V23H2268P_XkPxc.jpeg; already present as Telegraph_2025-09-02_Badenoch-We-wont-be_img2.jpg
2025-10-21 14:02:44,810 - INFO - downloading images for article https://www.telegraph.co.uk/business/2025/09/18/why-starmer-will-struggle-to-deliver-nuclear-golden-age/
2025-10-21 14:02:44,810 - INFO - Successfully retrieved session from session_Telegraph.pickle
2025-10-21 14:02:44,813 - INFO - Not re-downloading file at https://www.telegraph.co.uk/content/dam/briefs/2025/09/17/TELEMMGLPICT000338317258_17581052601360_trans_NvBQzQNjv4BqnEX-tC5FsiafN53vJjzdGvWvE2gGMw2vOJvY5uJkv04.jpeg; already present as Telegraph_2025-09-18_Why-Starmers-nuclear-golden_img1.jpg
2025-10-21 14:02:44,815 - INFO - Not re-downloading file at https://www.telegraph.co.uk/content/dam/business/2025/09/17/TELEMMGLPICT000428149160_17581437660240_trans_NvBQzQNjv4BqtR1WRZ4lb6BOb1-FBRpn-lFGGjcI28awSNtOPAVs6pc.jpeg; already present as Telegraph_2025-09-18_Why-Starmers-nuclear-golden_img2.jpg
2025-10-21 14:02:44,815 - INFO - downloading images for article https://www.telegraph.co.uk/news/2025/09/25/palestine-action-co-founder-claims-ban-is-discrimination-uk/
2025-10-21 14:02:44,815 - INFO - Successfully retrieved session from session_Telegraph.pickle
2025-10-21 14:02:44,817 - INFO - Not re-downloading file at https://www.telegraph.co.uk/content/dam/news/2025/09/25/TELEMMGLPICT000432144397_17588296314240_trans_NvBQzQNjv4BqA7N2CxnJWnYI3tCbVBgu9T0aesusvN1TE7a0ddd_esI.jpeg; already present as Telegraph_2025-09-25_Palestine-Action-cofounder-claims_img1.jpg
2025-10-21 14:02:44,819 - INFO - Not re-downloading file at https://www.telegraph.co.uk/content/dam/news/2025/09/25/TELEMMGLPICT000429384958_17588295544650_trans_NvBQzQNjv4BqpVlberWd9EgFPZtcLiMQf0Rf_Wk3V23H2268P_XkPxc.jpeg; already present as Telegraph_2025-09-25_Palestine-Action-cofounder-claims_img2.jpg
2025-10-21 14:02:44,821 - INFO - Not re-downloading file at https://www.telegraph.co.uk/content/dam/news/2025/09/25/TELEMMGLPICT000369774881_17588295999490_trans_NvBQzQNjv4BqbDMv8JwwlDswndjPykimv8OiAAw_KxdDaJxuM8wpX2g.jpeg; already present as Telegraph_2025-09-25_Palestine-Action-cofounder-claims_img3.jpg
2025-10-21 16:37:59,012 - INFO - scraping urls from file: ../google_scraping/article_urls/The-Times/thetimes.com_2023-10-01_2023-10-31_urls.csv
2025-10-21 16:37:59,020 - INFO - Successfully retrieved session from session_The-Times.pickle
2025-10-21 16:37:59,285 - INFO - Parsing url: https://www.thetimes.com/uk/politics/article/keir-starmer-speech-labour-glitter-protester-6vwxtlg2m
2025-10-21 16:37:59,329 - INFO - removed image due to bad caption: The Times & The Sunday Times
2025-10-21 16:37:59,332 - INFO - Parsing url: https://www.thetimes.com/culture/tv-radio/article/police-drop-chris-packham-goshawk-chick-sniff-complaint-tjrvx3bxl
2025-10-21 16:37:59,374 - INFO - removed image due to bad caption: The Times & The Sunday Times
2025-10-21 16:37:59,376 - INFO - Parsing url: https://www.thetimes.com/uk/politics/article/jeremy-clarkson-what-do-we-want-a-big-protest-when-do-we-want-it-all-the-time-f087z5cql
2025-10-21 16:37:59,416 - INFO - removed image due to bad caption: The Times & The Sunday Times
2025-10-21 16:37:59,419 - INFO - Parsing url: https://www.thetimes.com/uk/article/greta-thunberg-arrested-london-protest-oil-summit-jf50g3jdn
2025-10-21 16:37:59,490 - INFO - removed image due to bad caption: The Times & The Sunday Times
2025-10-21 16:37:59,492 - INFO - Parsing url: https://www.thetimes.com/uk/article/greta-thunberg-charged-over-oil-protest-in-london-vhjh93c9j
2025-10-21 16:37:59,530 - INFO - removed image due to bad caption: The Times & The Sunday Times
2025-10-21 16:37:59,532 - INFO - Parsing url: https://www.thetimes.com/uk/politics/article/labour-party-conference-live-keir-starmer-latest-news-sjdq08m2c
2025-10-21 16:37:59,584 - INFO - image parsing unsuccessful due to 'NoneType' object has no attribute 'lower'
2025-10-21 16:37:59,589 - INFO - Parsing url: https://www.thetimes.com/uk/education/article/just-stop-oil-oxford-university-freshers-fair-stall-qlh793pkt
2025-10-21 16:37:59,631 - INFO - removed image due to bad caption: The Times & The Sunday Times
2025-10-21 16:37:59,633 - INFO - Parsing url: https://www.thetimes.com/culture/music/article/sarah-edwards-alistair-strathern-labour-new-mps-mid-bedfordshire-tamworth-8n2xq93ml
2025-10-21 16:37:59,664 - INFO - removed image due to bad caption: The Times & The Sunday Times
2025-10-21 16:37:59,666 - INFO - Parsing url: https://www.thetimes.com/uk/politics/article/britain-joins-nations-calling-for-a-ban-on-deep-sea-mining-f3kxvf70k
2025-10-21 16:37:59,700 - INFO - removed image due to bad caption: The Times & The Sunday Times
2025-10-21 16:37:59,711 - INFO - downloading images for file article_contents/The-Times/thetimes.com_2023-10-01_2023-10-31_parsed.json
2025-10-21 16:37:59,711 - INFO - downloading images for article https://www.thetimes.com/uk/politics/article/keir-starmer-speech-labour-glitter-protester-6vwxtlg2m
2025-10-21 16:37:59,713 - INFO - Successfully retrieved session from session_The-Times.pickle
2025-10-21 16:37:59,715 - INFO - downloading file at https://www.thetimes.com/imageserver/image/%2Fmethode%2Ftimes%2Fprod%2Fweb%2Fbin%2Feb173fbe-67a2-11ee-9cdc-99a8af137628.jpg
2025-10-21 16:38:00,948 - INFO - downloading file at https://www.thetimes.com/imageserver/image/%2Fmethode%2Ftimes%2Fprod%2Fweb%2Fbin%2Fe60b7760-67a2-11ee-9cdc-99a8af137628.jpg
2025-10-21 16:38:02,249 - INFO - downloading file at https://www.thetimes.com/imageserver/image/%2Fmethode%2Ftimes%2Fprod%2Fweb%2Fbin%2Fd611fdac-67a2-11ee-9cdc-99a8af137628.jpg
2025-10-21 16:38:03,558 - INFO - downloading file at https://www.thetimes.com/imageserver/image/%2Fmethode%2Ftimes%2Fprod%2Fweb%2Fbin%2F1048eaee-67a3-11ee-9cdc-99a8af137628.jpg
2025-10-21 16:38:04,763 - INFO - downloading file at https://www.thetimes.com/imageserver/image/%2Fmethode%2Ftimes%2Fprod%2Fweb%2Fbin%2Fbb6a68ac-6772-11ee-9cdc-99a8af137628.jpg
2025-10-21 16:38:06,008 - INFO - downloading file at https://www.thetimes.com/imageserver/image/%2Fmethode%2Ftimes%2Fprod%2Fweb%2Fbin%2Fbbadc0ea-6789-11ee-9cdc-99a8af137628.jpg
2025-10-21 16:38:07,180 - INFO - downloading file at https://www.thetimes.com/imageserver/image/%2Fmethode%2Ftimes%2Fprod%2Fweb%2Fbin%2F4b3b45a2-5623-11ee-8902-8ae15399642c.jpg
2025-10-21 16:38:08,469 - INFO - downloading images for article https://www.thetimes.com/culture/tv-radio/article/police-drop-chris-packham-goshawk-chick-sniff-complaint-tjrvx3bxl
2025-10-21 16:38:08,471 - INFO - Successfully retrieved session from session_The-Times.pickle
2025-10-21 16:38:08,474 - INFO - Not re-downloading file at https://www.thetimes.com/imageserver/image/%2Fmethode%2Ftimes%2Fprod%2Fweb%2Fbin%2F7b5144b4-7679-11ee-9496-ba645d21d0d9.jpg; already present as The-Times_2023-10-29_Police-drop-Chris-Packham_img1.jpg
2025-10-21 16:38:08,477 - INFO - downloading file at https://www.thetimes.com/imageserver/image/%2Fmethode%2Ftimes%2Fprod%2Fweb%2Fbin%2F7b5144b4-7679-11ee-9496-ba645d21d0d9.jpg
2025-10-21 16:38:09,686 - INFO - downloading file at https://www.thetimes.com/imageserver/image/%2Fmethode%2Ftimes%2Fprod%2Fweb%2Fbin%2Fb6ee3db8-727f-11ee-81be-c4b540065935.jpg
2025-10-21 16:38:11,011 - INFO - downloading file at https://www.thetimes.com/imageserver/image/%2Fmethode%2Ftimes%2Fprod%2Fweb%2Fbin%2F667d331e-5409-11ee-a518-203f78f24415.jpg
2025-10-21 16:38:12,272 - INFO - downloading images for article https://www.thetimes.com/uk/politics/article/jeremy-clarkson-what-do-we-want-a-big-protest-when-do-we-want-it-all-the-time-f087z5cql
2025-10-21 16:38:12,274 - INFO - Successfully retrieved session from session_The-Times.pickle
2025-10-21 16:38:12,277 - INFO - downloading file at https://www.thetimes.com/imageserver/image/%2Fmethode%2Fsundaytimes%2Fprod%2Fweb%2Fbin%2F9c328c82-69fa-11ee-94a8-d17d6fd95d36.png
2025-10-21 16:38:13,518 - INFO - downloading file at https://www.thetimes.com/imageserver/image/%2Fmethode%2Fsundaytimes%2Fprod%2Fweb%2Fbin%2F762a2898-69e0-11ee-94a8-d17d6fd95d36.jpg
2025-10-21 16:38:15,143 - INFO - downloading file at https://www.thetimes.com/imageserver/image/%2Fmethode%2Fsundaytimes%2Fprod%2Fweb%2Fbin%2Fbe1bef3c-6464-11ee-95ba-ef572a1cc3ed.jpg
2025-10-21 16:38:16,330 - INFO - downloading file at https://www.thetimes.com/imageserver/image/%2Fmethode%2Fsundaytimes%2Fprod%2Fweb%2Fbin%2Fe942dcf6-5402-11ee-bc18-cbdd58145dc6.jpg
2025-10-21 16:38:17,540 - INFO - downloading file at https://www.thetimes.com/imageserver/image/%2Fmethode%2Ftimes%2Fprod%2Fweb%2Fbin%2Ff562825d-4a39-4b71-9772-eb637b077bc5.jpg
2025-10-21 16:38:18,746 - INFO - downloading images for article https://www.thetimes.com/uk/article/greta-thunberg-arrested-london-protest-oil-summit-jf50g3jdn
2025-10-21 16:38:18,747 - INFO - Successfully retrieved session from session_The-Times.pickle
2025-10-21 16:38:18,748 - INFO - downloading file at https://www.thetimes.com/imageserver/image/%2Fmethode%2Ftimes%2Fprod%2Fweb%2Fbin%2F2c933768-6ce9-11ee-b5d7-5487922f056f.jpg
2025-10-21 16:38:19,947 - INFO - downloading file at https://www.thetimes.com/imageserver/image/%2Fmethode%2Ftimes%2Fprod%2Fweb%2Fbin%2F27d141fc-6ce9-11ee-b5d7-5487922f056f.jpg
2025-10-21 16:38:21,144 - INFO - downloading file at https://www.thetimes.com/imageserver/image/%2Fmethode%2Ftimes%2Fprod%2Fweb%2Fbin%2Fd830682a-6b77-11ee-b0f3-053d83492f27.jpg
2025-10-21 16:38:22,386 - INFO - downloading file at https://www.thetimes.com/imageserver/image/%2Fmethode%2Ftimes%2Fprod%2Fweb%2Fbin%2Fd0cffe02-32eb-11ee-8150-731113fe4a83.jpg
2025-10-21 16:38:23,747 - INFO - downloading file at https://www.thetimes.com/imageserver/image/%2Fmethode%2Fsundaytimes%2Fprod%2Fweb%2Fbin%2Fa619a1d8-2d3a-11ee-b08a-322c75b71cee.jpg
2025-10-21 16:38:24,970 - INFO - downloading images for article https://www.thetimes.com/uk/article/greta-thunberg-charged-over-oil-protest-in-london-vhjh93c9j
2025-10-21 16:38:24,972 - INFO - Successfully retrieved session from session_The-Times.pickle
2025-10-21 16:38:24,975 - INFO - downloading file at https://www.thetimes.com/imageserver/image/%2Fmethode%2Ftimes%2Fprod%2Fweb%2Fbin%2F2cf62964-6da6-11ee-9296-6cf683906956.jpg
2025-10-21 16:38:26,358 - INFO - downloading images for article https://www.thetimes.com/uk/politics/article/labour-party-conference-live-keir-starmer-latest-news-sjdq08m2c
2025-10-21 16:38:26,360 - INFO - Successfully retrieved session from session_The-Times.pickle
2025-10-21 16:38:26,360 - INFO - downloading images for article https://www.thetimes.com/uk/education/article/just-stop-oil-oxford-university-freshers-fair-stall-qlh793pkt
2025-10-21 16:38:26,362 - INFO - Successfully retrieved session from session_The-Times.pickle
2025-10-21 16:38:26,364 - INFO - Not re-downloading file at https://www.thetimes.com/imageserver/image/%2Fmethode%2Ftimes%2Fprod%2Fweb%2Fbin%2Fdfca929e-63ad-11ee-977c-44b3e2b54888.jpg; already present as The-Times_2023-10-05_Just-Stop-Oil-allowed_img1.jpg
2025-10-21 16:38:26,365 - INFO - downloading file at https://www.thetimes.com/imageserver/image/%2Fmethode%2Ftimes%2Fprod%2Fweb%2Fbin%2Fdfca929e-63ad-11ee-977c-44b3e2b54888.jpg
2025-10-21 16:38:27,576 - INFO - downloading file at https://www.thetimes.com/imageserver/image/%2Fmethode%2Ftimes%2Fprod%2Fweb%2Fbin%2Fe3b39ae0-63ad-11ee-977c-44b3e2b54888.jpg
2025-10-21 16:38:29,049 - INFO - downloading file at https://www.thetimes.com/imageserver/image/%2Fmethode%2Ftimes%2Fprod%2Fweb%2Fbin%2Fdd8b6fc6-63ad-11ee-977c-44b3e2b54888.jpg
2025-10-21 16:38:30,339 - INFO - downloading file at https://www.thetimes.com/imageserver/image/%2Fmethode%2Ftimes%2Fprod%2Fweb%2Fbin%2F15348866-9052-11ed-b04f-b9bf191ef388.jpg
2025-10-21 16:38:31,722 - INFO - downloading file at https://www.thetimes.com/imageserver/image/%2Fmethode%2Ftimes%2Fprod%2Fweb%2Fbin%2F78f9436a-cf08-11ed-9a00-73fd2b90e22e.jpg
2025-10-21 16:38:32,897 - INFO - downloading file at https://www.thetimes.com/imageserver/image/%2Fmethode%2Ftimes%2Fprod%2Fweb%2Fbin%2F667d331e-5409-11ee-a518-203f78f24415.jpg
2025-10-21 16:38:33,959 - INFO - downloading images for article https://www.thetimes.com/culture/music/article/sarah-edwards-alistair-strathern-labour-new-mps-mid-bedfordshire-tamworth-8n2xq93ml
2025-10-21 16:38:33,961 - INFO - Successfully retrieved session from session_The-Times.pickle
2025-10-21 16:38:33,964 - INFO - downloading file at https://www.thetimes.com/imageserver/image/%2Fmethode%2Ftimes%2Fprod%2Fweb%2Fbin%2Fd2535d62-6f7e-11ee-9296-6cf683906956.jpg
2025-10-21 16:38:35,243 - INFO - downloading file at https://www.thetimes.com/imageserver/image/%2Fmethode%2Ftimes%2Fprod%2Fweb%2Fbin%2Fd2535d62-6f7e-11ee-9296-6cf683906956.jpg
2025-10-21 16:38:36,293 - INFO - downloading file at https://www.thetimes.com/imageserver/image/%2Fmethode%2Ftimes%2Fprod%2Fweb%2Fbin%2F4c23fdd6-6f75-11ee-9296-6cf683906956.jpg
2025-10-21 16:38:37,436 - INFO - downloading file at https://www.thetimes.com/imageserver/image/%2Fmethode%2Ftimes%2Fprod%2Fweb%2Fbin%2F4c23fdd6-6f75-11ee-9296-6cf683906956.jpg
2025-10-21 16:38:38,449 - INFO - downloading file at https://www.thetimes.com/imageserver/image/%2Fmethode%2Ftimes%2Fprod%2Fweb%2Fbin%2Fb6518c92-6f7e-11ee-9296-6cf683906956.jpg
2025-10-21 16:38:39,710 - INFO - downloading file at https://www.thetimes.com/imageserver/image/%2Fmethode%2Ftimes%2Fprod%2Fweb%2Fbin%2F0894707a-6f41-11ee-b0f3-053d83492f27.jpg
2025-10-21 16:38:40,927 - INFO - downloading file at https://www.thetimes.com/imageserver/image/%2Fmethode%2Ftimes%2Fprod%2Fweb%2Fbin%2F558af686-6f1b-11ee-b0f3-053d83492f27.jpg
2025-10-21 16:38:42,341 - INFO - downloading file at https://www.thetimes.com/imageserver/image/%2Fmethode%2Ftimes%2Fprod%2Fweb%2Fbin%2F392defac-6f16-11ee-b0f3-053d83492f27.jpg
2025-10-21 16:38:43,603 - INFO - downloading images for article https://www.thetimes.com/uk/politics/article/britain-joins-nations-calling-for-a-ban-on-deep-sea-mining-f3kxvf70k
2025-10-21 16:38:43,604 - INFO - Successfully retrieved session from session_The-Times.pickle
2025-10-21 16:38:43,605 - INFO - Not re-downloading file at https://www.thetimes.com/imageserver/image/%2Fmethode%2Ftimes%2Fprod%2Fweb%2Fbin%2F3ef80f7e-7738-11ee-9496-ba645d21d0d9.jpg; already present as The-Times_2023-10-31_Britain-joins-nations-calling_img1.jpg
2025-10-21 16:38:43,605 - INFO - downloading file at https://www.thetimes.com/imageserver/image/%2Fmethode%2Ftimes%2Fprod%2Fweb%2Fbin%2F3ef80f7e-7738-11ee-9496-ba645d21d0d9.jpg
2025-10-21 16:38:45,127 - INFO - downloading file at https://www.thetimes.com/imageserver/image/%2Fmethode%2Ftimes%2Fprod%2Fweb%2Fbin%2Fed762740-fb0d-11ed-bc7a-1444acf8fa38.jpg
2025-10-21 16:38:46,289 - INFO - downloading file at https://www.thetimes.com/imageserver/image/%2Fmethode%2Ftimes%2Fprod%2Fweb%2Fbin%2F0f32eec0-19ba-11ee-8434-240b5ab9f9b1.jpg
2025-10-21 16:38:47,534 - INFO - downloading file at https://www.thetimes.com/imageserver/image/%2Fmethode%2Ftimes%2Fprod%2Fweb%2Fbin%2Fbe09bb94-11f5-11ee-a92d-cf7c831c99b5.jpg
2025-10-21 16:41:18,129 - INFO - scraping urls from file: ../google_scraping/article_urls/The-Times/thetimes.com_2023-10-01_2023-10-31_urls.csv
2025-10-21 16:41:18,130 - INFO - Successfully retrieved session from session_The-Times.pickle
2025-10-21 16:41:18,397 - INFO - Parsing url: https://www.thetimes.com/uk/politics/article/keir-starmer-speech-labour-glitter-protester-6vwxtlg2m
2025-10-21 16:41:18,441 - INFO - removed image due to bad caption: The Times & The Sunday Times
2025-10-21 16:41:18,444 - INFO - Parsing url: https://www.thetimes.com/culture/tv-radio/article/police-drop-chris-packham-goshawk-chick-sniff-complaint-tjrvx3bxl
2025-10-21 16:41:18,486 - INFO - removed image due to bad caption: The Times & The Sunday Times
2025-10-21 16:41:18,488 - INFO - Parsing url: https://www.thetimes.com/uk/politics/article/jeremy-clarkson-what-do-we-want-a-big-protest-when-do-we-want-it-all-the-time-f087z5cql
2025-10-21 16:41:18,529 - INFO - removed image due to bad caption: The Times & The Sunday Times
2025-10-21 16:41:18,531 - INFO - Parsing url: https://www.thetimes.com/uk/article/greta-thunberg-arrested-london-protest-oil-summit-jf50g3jdn
2025-10-21 16:41:18,611 - INFO - removed image due to bad caption: The Times & The Sunday Times
2025-10-21 16:41:18,615 - INFO - Parsing url: https://www.thetimes.com/uk/article/greta-thunberg-charged-over-oil-protest-in-london-vhjh93c9j
2025-10-21 16:41:18,663 - INFO - removed image due to bad caption: The Times & The Sunday Times
2025-10-21 16:41:18,667 - INFO - Parsing url: https://www.thetimes.com/uk/politics/article/labour-party-conference-live-keir-starmer-latest-news-sjdq08m2c
2025-10-21 16:41:18,745 - INFO - image parsing unsuccessful due to 'NoneType' object has no attribute 'lower'
2025-10-21 16:41:18,751 - INFO - Parsing url: https://www.thetimes.com/uk/education/article/just-stop-oil-oxford-university-freshers-fair-stall-qlh793pkt
2025-10-21 16:41:18,797 - INFO - removed image due to bad caption: The Times & The Sunday Times
2025-10-21 16:41:18,800 - INFO - Parsing url: https://www.thetimes.com/culture/music/article/sarah-edwards-alistair-strathern-labour-new-mps-mid-bedfordshire-tamworth-8n2xq93ml
2025-10-21 16:41:18,831 - INFO - removed image due to bad caption: The Times & The Sunday Times
2025-10-21 16:41:18,834 - INFO - Parsing url: https://www.thetimes.com/uk/politics/article/britain-joins-nations-calling-for-a-ban-on-deep-sea-mining-f3kxvf70k
2025-10-21 16:41:18,870 - INFO - removed image due to bad caption: The Times & The Sunday Times
2025-10-21 16:41:18,873 - INFO - downloading images for file article_contents/The-Times/thetimes.com_2023-10-01_2023-10-31_parsed.json
2025-10-21 16:41:18,873 - INFO - downloading images for article https://www.thetimes.com/uk/politics/article/keir-starmer-speech-labour-glitter-protester-6vwxtlg2m
2025-10-21 16:41:18,874 - INFO - Successfully retrieved session from session_The-Times.pickle
2025-10-21 16:41:18,875 - INFO - Not re-downloading file at https://www.thetimes.com/imageserver/image/%2Fmethode%2Ftimes%2Fprod%2Fweb%2Fbin%2Feb173fbe-67a2-11ee-9cdc-99a8af137628.jpg; already present as The-Times_2023-10-11_Labour-fury-at-security_img1.jpg
2025-10-21 16:41:18,875 - INFO - Not re-downloading file at https://www.thetimes.com/imageserver/image/%2Fmethode%2Ftimes%2Fprod%2Fweb%2Fbin%2Fe60b7760-67a2-11ee-9cdc-99a8af137628.jpg; already present as The-Times_2023-10-11_Labour-fury-at-security_img2.jpg
2025-10-21 16:41:18,876 - INFO - Not re-downloading file at https://www.thetimes.com/imageserver/image/%2Fmethode%2Ftimes%2Fprod%2Fweb%2Fbin%2Fd611fdac-67a2-11ee-9cdc-99a8af137628.jpg; already present as The-Times_2023-10-11_Labour-fury-at-security_img3.jpg
2025-10-21 16:41:18,877 - INFO - Not re-downloading file at https://www.thetimes.com/imageserver/image/%2Fmethode%2Ftimes%2Fprod%2Fweb%2Fbin%2F1048eaee-67a3-11ee-9cdc-99a8af137628.jpg; already present as The-Times_2023-10-11_Labour-fury-at-security_img4.jpg
2025-10-21 16:41:18,877 - INFO - Not re-downloading file at https://www.thetimes.com/imageserver/image/%2Fmethode%2Ftimes%2Fprod%2Fweb%2Fbin%2Fbb6a68ac-6772-11ee-9cdc-99a8af137628.jpg; already present as The-Times_2023-10-11_Labour-fury-at-security_img5.jpg
2025-10-21 16:41:18,879 - INFO - Not re-downloading file at https://www.thetimes.com/imageserver/image/%2Fmethode%2Ftimes%2Fprod%2Fweb%2Fbin%2Fbbadc0ea-6789-11ee-9cdc-99a8af137628.jpg; already present as The-Times_2023-10-11_Labour-fury-at-security_img6.jpg
2025-10-21 16:41:18,880 - INFO - Not re-downloading file at https://www.thetimes.com/imageserver/image/%2Fmethode%2Ftimes%2Fprod%2Fweb%2Fbin%2F4b3b45a2-5623-11ee-8902-8ae15399642c.jpg; already present as The-Times_2023-10-11_Labour-fury-at-security_img7.jpg
2025-10-21 16:41:18,881 - INFO - downloading images for article https://www.thetimes.com/culture/tv-radio/article/police-drop-chris-packham-goshawk-chick-sniff-complaint-tjrvx3bxl
2025-10-21 16:41:18,881 - INFO - Successfully retrieved session from session_The-Times.pickle
2025-10-21 16:41:18,882 - INFO - Not re-downloading file at https://www.thetimes.com/imageserver/image/%2Fmethode%2Ftimes%2Fprod%2Fweb%2Fbin%2F7b5144b4-7679-11ee-9496-ba645d21d0d9.jpg; already present as The-Times_2023-10-29_Police-drop-Chris-Packham_img1.jpg
2025-10-21 16:41:18,883 - INFO - Not re-downloading file at https://www.thetimes.com/imageserver/image/%2Fmethode%2Ftimes%2Fprod%2Fweb%2Fbin%2F7b5144b4-7679-11ee-9496-ba645d21d0d9.jpg; already present as The-Times_2023-10-29_Police-drop-Chris-Packham_img2.jpg
2025-10-21 16:41:18,884 - INFO - Not re-downloading file at https://www.thetimes.com/imageserver/image/%2Fmethode%2Ftimes%2Fprod%2Fweb%2Fbin%2Fb6ee3db8-727f-11ee-81be-c4b540065935.jpg; already present as The-Times_2023-10-29_Police-drop-Chris-Packham_img3.jpg
2025-10-21 16:41:18,885 - INFO - Not re-downloading file at https://www.thetimes.com/imageserver/image/%2Fmethode%2Ftimes%2Fprod%2Fweb%2Fbin%2F667d331e-5409-11ee-a518-203f78f24415.jpg; already present as The-Times_2023-10-29_Police-drop-Chris-Packham_img4.jpg
2025-10-21 16:41:18,885 - INFO - downloading images for article https://www.thetimes.com/uk/politics/article/jeremy-clarkson-what-do-we-want-a-big-protest-when-do-we-want-it-all-the-time-f087z5cql
2025-10-21 16:41:18,885 - INFO - Successfully retrieved session from session_The-Times.pickle
2025-10-21 16:41:18,886 - INFO - Not re-downloading file at https://www.thetimes.com/imageserver/image/%2Fmethode%2Fsundaytimes%2Fprod%2Fweb%2Fbin%2F9c328c82-69fa-11ee-94a8-d17d6fd95d36.png; already present as The-Times_2023-10-14_Jeremy-Clarkson-What-do_img1.png
2025-10-21 16:41:18,887 - INFO - Not re-downloading file at https://www.thetimes.com/imageserver/image/%2Fmethode%2Fsundaytimes%2Fprod%2Fweb%2Fbin%2F762a2898-69e0-11ee-94a8-d17d6fd95d36.jpg; already present as The-Times_2023-10-14_Jeremy-Clarkson-What-do_img2.jpg
2025-10-21 16:41:18,887 - INFO - Not re-downloading file at https://www.thetimes.com/imageserver/image/%2Fmethode%2Fsundaytimes%2Fprod%2Fweb%2Fbin%2Fbe1bef3c-6464-11ee-95ba-ef572a1cc3ed.jpg; already present as The-Times_2023-10-14_Jeremy-Clarkson-What-do_img3.jpg
2025-10-21 16:41:18,888 - INFO - Not re-downloading file at https://www.thetimes.com/imageserver/image/%2Fmethode%2Fsundaytimes%2Fprod%2Fweb%2Fbin%2Fe942dcf6-5402-11ee-bc18-cbdd58145dc6.jpg; already present as The-Times_2023-10-14_Jeremy-Clarkson-What-do_img4.jpg
2025-10-21 16:41:18,889 - INFO - Not re-downloading file at https://www.thetimes.com/imageserver/image/%2Fmethode%2Ftimes%2Fprod%2Fweb%2Fbin%2Ff562825d-4a39-4b71-9772-eb637b077bc5.jpg; already present as The-Times_2023-10-14_Jeremy-Clarkson-What-do_img5.jpg
2025-10-21 16:41:18,889 - INFO - downloading images for article https://www.thetimes.com/uk/article/greta-thunberg-arrested-london-protest-oil-summit-jf50g3jdn
2025-10-21 16:41:18,889 - INFO - Successfully retrieved session from session_The-Times.pickle
2025-10-21 16:41:18,890 - INFO - Not re-downloading file at https://www.thetimes.com/imageserver/image/%2Fmethode%2Ftimes%2Fprod%2Fweb%2Fbin%2F2c933768-6ce9-11ee-b5d7-5487922f056f.jpg; already present as The-Times_2023-10-17_Greta-Thunberg-arrested-at_img1.jpg
2025-10-21 16:41:18,890 - INFO - Not re-downloading file at https://www.thetimes.com/imageserver/image/%2Fmethode%2Ftimes%2Fprod%2Fweb%2Fbin%2F27d141fc-6ce9-11ee-b5d7-5487922f056f.jpg; already present as The-Times_2023-10-17_Greta-Thunberg-arrested-at_img2.jpg
2025-10-21 16:41:18,891 - INFO - Not re-downloading file at https://www.thetimes.com/imageserver/image/%2Fmethode%2Ftimes%2Fprod%2Fweb%2Fbin%2Fd830682a-6b77-11ee-b0f3-053d83492f27.jpg; already present as The-Times_2023-10-17_Greta-Thunberg-arrested-at_img3.jpg
2025-10-21 16:41:18,892 - INFO - Not re-downloading file at https://www.thetimes.com/imageserver/image/%2Fmethode%2Ftimes%2Fprod%2Fweb%2Fbin%2Fd0cffe02-32eb-11ee-8150-731113fe4a83.jpg; already present as The-Times_2023-10-17_Greta-Thunberg-arrested-at_img4.jpg
2025-10-21 16:41:18,892 - INFO - Not re-downloading file at https://www.thetimes.com/imageserver/image/%2Fmethode%2Fsundaytimes%2Fprod%2Fweb%2Fbin%2Fa619a1d8-2d3a-11ee-b08a-322c75b71cee.jpg; already present as The-Times_2023-10-17_Greta-Thunberg-arrested-at_img5.jpg
2025-10-21 16:41:18,893 - INFO - downloading images for article https://www.thetimes.com/uk/article/greta-thunberg-charged-over-oil-protest-in-london-vhjh93c9j
2025-10-21 16:41:18,893 - INFO - Successfully retrieved session from session_The-Times.pickle
2025-10-21 16:41:18,894 - INFO - Not re-downloading file at https://www.thetimes.com/imageserver/image/%2Fmethode%2Ftimes%2Fprod%2Fweb%2Fbin%2F2cf62964-6da6-11ee-9296-6cf683906956.jpg; already present as The-Times_2023-10-18_Greta-Thunberg-charged-over_img1.jpg
2025-10-21 16:41:18,894 - INFO - downloading images for article https://www.thetimes.com/uk/politics/article/labour-party-conference-live-keir-starmer-latest-news-sjdq08m2c
2025-10-21 16:41:18,894 - INFO - Successfully retrieved session from session_The-Times.pickle
2025-10-21 16:41:18,894 - INFO - downloading images for article https://www.thetimes.com/uk/education/article/just-stop-oil-oxford-university-freshers-fair-stall-qlh793pkt
2025-10-21 16:41:18,894 - INFO - Successfully retrieved session from session_The-Times.pickle
2025-10-21 16:41:18,895 - INFO - Not re-downloading file at https://www.thetimes.com/imageserver/image/%2Fmethode%2Ftimes%2Fprod%2Fweb%2Fbin%2Fdfca929e-63ad-11ee-977c-44b3e2b54888.jpg; already present as The-Times_2023-10-05_Just-Stop-Oil-allowed_img1.jpg
2025-10-21 16:41:18,896 - INFO - Not re-downloading file at https://www.thetimes.com/imageserver/image/%2Fmethode%2Ftimes%2Fprod%2Fweb%2Fbin%2Fdfca929e-63ad-11ee-977c-44b3e2b54888.jpg; already present as The-Times_2023-10-05_Just-Stop-Oil-allowed_img2.jpg
2025-10-21 16:41:18,897 - INFO - Not re-downloading file at https://www.thetimes.com/imageserver/image/%2Fmethode%2Ftimes%2Fprod%2Fweb%2Fbin%2Fe3b39ae0-63ad-11ee-977c-44b3e2b54888.jpg; already present as The-Times_2023-10-05_Just-Stop-Oil-allowed_img3.jpg
2025-10-21 16:41:18,897 - INFO - Not re-downloading file at https://www.thetimes.com/imageserver/image/%2Fmethode%2Ftimes%2Fprod%2Fweb%2Fbin%2Fdd8b6fc6-63ad-11ee-977c-44b3e2b54888.jpg; already present as The-Times_2023-10-05_Just-Stop-Oil-allowed_img4.jpg
2025-10-21 16:41:18,898 - INFO - Not re-downloading file at https://www.thetimes.com/imageserver/image/%2Fmethode%2Ftimes%2Fprod%2Fweb%2Fbin%2F15348866-9052-11ed-b04f-b9bf191ef388.jpg; already present as The-Times_2023-10-05_Just-Stop-Oil-allowed_img5.jpg
2025-10-21 16:41:18,900 - INFO - Not re-downloading file at https://www.thetimes.com/imageserver/image/%2Fmethode%2Ftimes%2Fprod%2Fweb%2Fbin%2F78f9436a-cf08-11ed-9a00-73fd2b90e22e.jpg; already present as The-Times_2023-10-05_Just-Stop-Oil-allowed_img6.jpg
2025-10-21 16:41:18,901 - INFO - Not re-downloading file at https://www.thetimes.com/imageserver/image/%2Fmethode%2Ftimes%2Fprod%2Fweb%2Fbin%2F667d331e-5409-11ee-a518-203f78f24415.jpg; already present as The-Times_2023-10-05_Just-Stop-Oil-allowed_img7.jpg
2025-10-21 16:41:18,901 - INFO - downloading images for article https://www.thetimes.com/culture/music/article/sarah-edwards-alistair-strathern-labour-new-mps-mid-bedfordshire-tamworth-8n2xq93ml
2025-10-21 16:41:18,901 - INFO - Successfully retrieved session from session_The-Times.pickle
2025-10-21 16:41:18,902 - INFO - Not re-downloading file at https://www.thetimes.com/imageserver/image/%2Fmethode%2Ftimes%2Fprod%2Fweb%2Fbin%2Fd2535d62-6f7e-11ee-9296-6cf683906956.jpg; already present as The-Times_2023-10-20_Who-are-Labours-new_img1.jpg
2025-10-21 16:41:18,903 - INFO - Not re-downloading file at https://www.thetimes.com/imageserver/image/%2Fmethode%2Ftimes%2Fprod%2Fweb%2Fbin%2Fd2535d62-6f7e-11ee-9296-6cf683906956.jpg; already present as The-Times_2023-10-20_Who-are-Labours-new_img2.jpg
2025-10-21 16:41:18,904 - INFO - Not re-downloading file at https://www.thetimes.com/imageserver/image/%2Fmethode%2Ftimes%2Fprod%2Fweb%2Fbin%2F4c23fdd6-6f75-11ee-9296-6cf683906956.jpg; already present as The-Times_2023-10-20_Who-are-Labours-new_img3.jpg
2025-10-21 16:41:18,905 - INFO - Not re-downloading file at https://www.thetimes.com/imageserver/image/%2Fmethode%2Ftimes%2Fprod%2Fweb%2Fbin%2F4c23fdd6-6f75-11ee-9296-6cf683906956.jpg; already present as The-Times_2023-10-20_Who-are-Labours-new_img4.jpg
2025-10-21 16:41:18,906 - INFO - Not re-downloading file at https://www.thetimes.com/imageserver/image/%2Fmethode%2Ftimes%2Fprod%2Fweb%2Fbin%2Fb6518c92-6f7e-11ee-9296-6cf683906956.jpg; already present as The-Times_2023-10-20_Who-are-Labours-new_img5.jpg
2025-10-21 16:41:18,907 - INFO - Not re-downloading file at https://www.thetimes.com/imageserver/image/%2Fmethode%2Ftimes%2Fprod%2Fweb%2Fbin%2F0894707a-6f41-11ee-b0f3-053d83492f27.jpg; already present as The-Times_2023-10-20_Who-are-Labours-new_img6.jpg
2025-10-21 16:41:18,908 - INFO - Not re-downloading file at https://www.thetimes.com/imageserver/image/%2Fmethode%2Ftimes%2Fprod%2Fweb%2Fbin%2F558af686-6f1b-11ee-b0f3-053d83492f27.jpg; already present as The-Times_2023-10-20_Who-are-Labours-new_img7.jpg
2025-10-21 16:41:18,908 - INFO - Not re-downloading file at https://www.thetimes.com/imageserver/image/%2Fmethode%2Ftimes%2Fprod%2Fweb%2Fbin%2F392defac-6f16-11ee-b0f3-053d83492f27.jpg; already present as The-Times_2023-10-20_Who-are-Labours-new_img8.jpg
2025-10-21 16:41:18,908 - INFO - downloading images for article https://www.thetimes.com/uk/politics/article/britain-joins-nations-calling-for-a-ban-on-deep-sea-mining-f3kxvf70k
2025-10-21 16:41:18,909 - INFO - Successfully retrieved session from session_The-Times.pickle
2025-10-21 16:41:18,910 - INFO - Not re-downloading file at https://www.thetimes.com/imageserver/image/%2Fmethode%2Ftimes%2Fprod%2Fweb%2Fbin%2F3ef80f7e-7738-11ee-9496-ba645d21d0d9.jpg; already present as The-Times_2023-10-31_Britain-joins-nations-calling_img1.jpg
2025-10-21 16:41:18,910 - INFO - Not re-downloading file at https://www.thetimes.com/imageserver/image/%2Fmethode%2Ftimes%2Fprod%2Fweb%2Fbin%2F3ef80f7e-7738-11ee-9496-ba645d21d0d9.jpg; already present as The-Times_2023-10-31_Britain-joins-nations-calling_img2.jpg
2025-10-21 16:41:18,911 - INFO - Not re-downloading file at https://www.thetimes.com/imageserver/image/%2Fmethode%2Ftimes%2Fprod%2Fweb%2Fbin%2Fed762740-fb0d-11ed-bc7a-1444acf8fa38.jpg; already present as The-Times_2023-10-31_Britain-joins-nations-calling_img3.jpg
2025-10-21 16:41:18,912 - INFO - Not re-downloading file at https://www.thetimes.com/imageserver/image/%2Fmethode%2Ftimes%2Fprod%2Fweb%2Fbin%2F0f32eec0-19ba-11ee-8434-240b5ab9f9b1.jpg; already present as The-Times_2023-10-31_Britain-joins-nations-calling_img4.jpg
2025-10-21 16:41:18,912 - INFO - Not re-downloading file at https://www.thetimes.com/imageserver/image/%2Fmethode%2Ftimes%2Fprod%2Fweb%2Fbin%2Fbe09bb94-11f5-11ee-a92d-cf7c831c99b5.jpg; already present as The-Times_2023-10-31_Britain-joins-nations-calling_img5.jpg
2025-10-21 16:41:18,913 - INFO - scraping urls from file: ../google_scraping/article_urls/The-Times/thetimes.com_2023-11-01_2023-11-30_urls.csv
2025-10-21 16:41:18,914 - INFO - Successfully retrieved session from session_The-Times.pickle
2025-10-21 16:41:18,979 - INFO - Parsing url: https://www.thetimes.com/uk/law/article/climate-protesters-guilty-of-damaging-parliament-9j05h6xjk
2025-10-21 16:41:19,022 - INFO - removed image due to bad caption: The Times & The Sunday Times
2025-10-21 16:41:19,024 - INFO - Parsing url: https://www.thetimes.com/business-money/economics/article/climate-activists-glue-50-barclays-branches-shut-sxnk3g60v
2025-10-21 16:41:19,066 - INFO - image parsing unsuccessful due to 'NoneType' object has no attribute 'lower'
2025-10-21 16:41:19,069 - INFO - Parsing url: https://www.thetimes.com/uk/article/greta-thunberg-court-charged-protest-climate-activist-5mh0nm2jb
2025-10-21 16:41:19,110 - INFO - removed image due to bad caption: The Times & The Sunday Times
2025-10-21 16:41:19,113 - INFO - downloading images for file article_contents/The-Times/thetimes.com_2023-11-01_2023-11-30_parsed.json
2025-10-21 16:41:19,113 - INFO - downloading images for article https://www.thetimes.com/uk/law/article/climate-protesters-guilty-of-damaging-parliament-9j05h6xjk
2025-10-21 16:41:19,114 - INFO - Successfully retrieved session from session_The-Times.pickle
2025-10-21 16:41:19,115 - INFO - Not re-downloading file at https://www.thetimes.com/imageserver/image/%2Fmethode%2Ftimes%2Fprod%2Fweb%2Fbin%2Fd447b764-ca20-45c2-a84d-96a7cce69f8a.jpg; already present as The-Times_2023-11-15_Climate-protesters-guilty-of_img1.jpg
2025-10-21 16:41:19,115 - INFO - downloading file at https://www.thetimes.com/imageserver/image/%2Fmethode%2Ftimes%2Fprod%2Fweb%2Fbin%2Fd447b764-ca20-45c2-a84d-96a7cce69f8a.jpg
2025-10-21 16:41:20,400 - INFO - downloading file at https://www.thetimes.com/imageserver/image/%2Fmethode%2Ftimes%2Fprod%2Fweb%2Fbin%2F5bc581a1-3feb-4105-9666-04dbeaa70abd.jpg
2025-10-21 16:41:21,577 - INFO - downloading file at https://www.thetimes.com/imageserver/image/%2Fmethode%2Ftimes%2Fprod%2Fweb%2Fbin%2Fcc5716aa-78bc-11ee-86e8-a42a2179af55.jpg
2025-10-21 16:41:23,023 - INFO - downloading file at https://www.thetimes.com/imageserver/image/%2Fmethode%2Ftimes%2Fprod%2Fweb%2Fbin%2F0cfb9aa2-773f-11ee-9496-ba645d21d0d9.jpg
2025-10-21 16:41:24,442 - INFO - downloading file at https://www.thetimes.com/imageserver/image/%2Fmethode%2Ftimes%2Fprod%2Fweb%2Fbin%2Fd4298b6a-309b-11ee-b04c-88a034803f06.jpg
2025-10-21 16:41:25,671 - INFO - downloading images for article https://www.thetimes.com/business-money/economics/article/climate-activists-glue-50-barclays-branches-shut-sxnk3g60v
2025-10-21 16:41:25,673 - INFO - Successfully retrieved session from session_The-Times.pickle
2025-10-21 16:41:25,674 - INFO - downloading images for article https://www.thetimes.com/uk/article/greta-thunberg-court-charged-protest-climate-activist-5mh0nm2jb
2025-10-21 16:41:25,676 - INFO - Successfully retrieved session from session_The-Times.pickle
2025-10-21 16:41:25,679 - INFO - downloading file at https://www.thetimes.com/imageserver/image/%2Fmethode%2Ftimes%2Fprod%2Fweb%2Fbin%2F4f569c36-83b4-11ee-ab78-b8f8e234f1ae.jpg
2025-10-21 16:41:27,088 - INFO - downloading file at https://www.thetimes.com/imageserver/image/%2Fmethode%2Ftimes%2Fprod%2Fweb%2Fbin%2Fa17de8a0-8398-11ee-ab78-b8f8e234f1ae.jpg
2025-10-21 16:41:28,591 - INFO - downloading file at https://www.thetimes.com/imageserver/image/%2Fmethode%2Ftimes%2Fprod%2Fweb%2Fbin%2Fe19cc4ea-6e5f-11ee-b5d7-5487922f056f.jpg
2025-10-21 16:41:30,012 - INFO - downloading file at https://www.thetimes.com/imageserver/image/%2Fmethode%2Ftimes%2Fprod%2Fweb%2Fbin%2Fee7c42cc-6cec-11ee-b5d7-5487922f056f.jpg
2025-10-21 16:41:31,320 - INFO - downloading file at https://www.thetimes.com/imageserver/image/%2Fmethode%2Ftimes%2Fprod%2Fweb%2Fbin%2Fee7c42cc-6cec-11ee-b5d7-5487922f056f.jpg
2025-10-21 16:41:32,455 - INFO - scraping urls from file: ../google_scraping/article_urls/The-Times/thetimes.com_2023-12-01_2023-12-31_urls.csv
2025-10-21 16:41:32,456 - INFO - Successfully retrieved session from session_The-Times.pickle
2025-10-21 16:41:32,485 - INFO - Parsing url: https://www.thetimes.com/uk/environment/article/feargal-sharkey-the-fight-for-clean-water-clean-it-up-7jq7dnzf0
2025-10-21 16:41:32,523 - INFO - removed image due to bad caption: The Times & The Sunday Times
2025-10-21 16:41:32,526 - INFO - downloading images for file article_contents/The-Times/thetimes.com_2023-12-01_2023-12-31_parsed.json
2025-10-21 16:41:32,526 - INFO - downloading images for article https://www.thetimes.com/uk/environment/article/feargal-sharkey-the-fight-for-clean-water-clean-it-up-7jq7dnzf0
2025-10-21 16:41:32,526 - INFO - Successfully retrieved session from session_The-Times.pickle
2025-10-21 16:41:32,527 - INFO - downloading file at https://www.thetimes.com/imageserver/image/%2Fmethode%2Ftimes%2Fprod%2Fweb%2Fbin%2Fb4c12899-1b73-46c2-9666-8981e48fcd36.jpg
2025-10-21 16:41:33,901 - INFO - downloading file at https://www.thetimes.com/imageserver/image/%2Fmethode%2Ftimes%2Fprod%2Fweb%2Fbin%2Fb4c12899-1b73-46c2-9666-8981e48fcd36.jpg
2025-10-21 16:41:35,083 - INFO - downloading file at https://www.thetimes.com/imageserver/image/%2Fmethode%2Ftimes%2Fprod%2Fweb%2Fbin%2F0e7dba26-6c15-448d-bc92-beaa029fcee9.jpg
2025-10-21 16:41:36,330 - INFO - downloading file at https://www.thetimes.com/imageserver/image/%2Fmethode%2Ftimes%2Fprod%2Fweb%2Fbin%2Fb71dd05c-3596-465f-949f-09b25173002f.jpg
2025-10-21 16:41:37,616 - INFO - downloading file at https://www.thetimes.com/imageserver/image/%2Fmethode%2Ftimes%2Fprod%2Fweb%2Fbin%2F3907506a-4acf-4192-ad17-3faebb485b18.jpg
2025-10-21 16:41:38,867 - INFO - downloading file at https://www.thetimes.com/imageserver/image/%2Fmethode%2Ftimes%2Fprod%2Fweb%2Fbin%2F512b93b6-ea7d-4a6c-aeed-ee26b7f49d0b.jpg
2025-10-21 16:41:40,113 - INFO - downloading file at https://www.thetimes.com/imageserver/image/%2Fmethode%2Ftimes%2Fprod%2Fweb%2Fbin%2F4ca34560-9429-11ec-bcf4-9dde9b8243da.png
2025-10-21 16:41:41,282 - INFO - downloading file at https://www.thetimes.com/imageserver/image/%2Fmethode%2Ftimes%2Fprod%2Fweb%2Fbin%2F011e1384-e657-44e3-ac4f-f86dd5c78d1c.jpg
2025-10-21 16:41:42,700 - INFO - scraping urls from file: ../google_scraping/article_urls/The-Times/thetimes.com_2024-01-01_2024-01-31_urls.csv
2025-10-21 16:41:42,700 - INFO - Successfully retrieved session from session_The-Times.pickle
2025-10-21 16:41:42,895 - INFO - Parsing url: https://www.thetimes.com/comment/register/article/corrections-and-clarifications-the-sunday-times-2021-nkjww83b6
2025-10-21 16:41:43,040 - INFO - removed image due to bad caption: The Times & The Sunday Times
2025-10-21 16:41:43,046 - INFO - Parsing url: https://www.thetimes.com/comment/columnists/article/beware-the-wave-of-radical-activist-oaps-jl2nsxhmp
2025-10-21 16:41:43,130 - INFO - removed image due to bad caption: The Times & The Sunday Times
2025-10-21 16:41:43,136 - INFO - Parsing url: https://www.thetimes.com/world/article/mona-lisa-protesters-throw-soup-da-vinci-louvre-paris-bwk0gsxrc
2025-10-21 16:41:43,190 - INFO - removed image due to bad caption: The Times & The Sunday Times
2025-10-21 16:41:43,194 - INFO - downloading images for file article_contents/The-Times/thetimes.com_2024-01-01_2024-01-31_parsed.json
2025-10-21 16:41:43,194 - INFO - downloading images for article https://www.thetimes.com/comment/register/article/corrections-and-clarifications-the-sunday-times-2021-nkjww83b6
2025-10-21 16:41:43,194 - INFO - Successfully retrieved session from session_The-Times.pickle
2025-10-21 16:41:43,195 - INFO - downloading file at https://www.thetimes.com/imageserver/image/%2Fmethode%2Ftimes%2Fprod%2Fweb%2Fbin%2F8b111fbf-d88a-48b1-8b5a-7c540c1208fa.png
2025-10-21 16:41:44,334 - INFO - downloading images for article https://www.thetimes.com/comment/columnists/article/beware-the-wave-of-radical-activist-oaps-jl2nsxhmp
2025-10-21 16:41:44,336 - INFO - Successfully retrieved session from session_The-Times.pickle
2025-10-21 16:41:44,341 - INFO - downloading file at https://www.thetimes.com/imageserver/image/%2Fmethode%2Ftimes%2Fprod%2Fweb%2Fbin%2Fee946bc0-8308-4a27-9a81-5247c3fca80a.png
2025-10-21 16:41:45,542 - INFO - downloading file at https://www.thetimes.com/imageserver/image/%2Fmethode%2Ftimes%2Fprod%2Fweb%2Fbin%2F193d14fb-033a-4909-ba1d-cf6040b6d793.jpg
2025-10-21 16:41:46,780 - INFO - downloading file at https://www.thetimes.com/imageserver/image/%2Fmethode%2Fsundaytimes%2Fprod%2Fweb%2Fbin%2F98ff1770-69ef-11ee-815f-31c5e4390927.jpg
2025-10-21 16:41:48,032 - INFO - downloading images for article https://www.thetimes.com/world/article/mona-lisa-protesters-throw-soup-da-vinci-louvre-paris-bwk0gsxrc
2025-10-21 16:41:48,033 - INFO - Successfully retrieved session from session_The-Times.pickle
2025-10-21 16:41:48,036 - INFO - downloading file at https://www.thetimes.com/imageserver/image/%2Fmethode%2Ftimes%2Fprod%2Fweb%2Fbin%2F7c84b071-47c3-42ee-a05e-0cdbdcea1ce5.jpg
2025-10-21 16:41:49,222 - INFO - downloading file at https://www.thetimes.com/imageserver/image/%2Fmethode%2Ftimes%2Fprod%2Fweb%2Fbin%2F5aa6f039-a41e-4c9e-a9fe-1fcd5add8322.jpg
2025-10-21 16:41:50,427 - INFO - downloading file at https://www.thetimes.com/imageserver/image/%2Fmethode%2Ftimes%2Fprod%2Fweb%2Fbin%2Fdf8fc60c-56e0-11ee-aed5-2d6419a1ef3d.jpg
2025-10-21 16:41:51,624 - INFO - downloading file at https://www.thetimes.com/imageserver/image/%2Fmethode%2Ftimes%2Fprod%2Fweb%2Fbin%2F8d13d460-7cae-11ee-a813-d9df8913b6c9.jpg
2025-10-21 16:41:52,830 - INFO - downloading file at https://www.thetimes.com/imageserver/image/%2Fmethode%2Ftimes%2Fprod%2Fweb%2Fbin%2F36582f2e-dde7-11ed-9cc2-0f7e26ed83eb.jpg
2025-10-21 16:41:54,172 - INFO - scraping urls from file: ../google_scraping/article_urls/The-Times/thetimes.com_2024-02-01_2024-02-29_urls.csv
2025-10-21 16:41:54,174 - INFO - Successfully retrieved session from session_The-Times.pickle
2025-10-21 16:41:54,238 - INFO - Parsing url: https://www.thetimes.com/uk/article/greta-thunberg-trial-court-oil-protest-london-r9cp8n2tf
2025-10-21 16:41:54,274 - INFO - removed image due to bad caption: The Times & The Sunday Times
2025-10-21 16:41:54,277 - INFO - Parsing url: https://www.thetimes.com/uk/article/as-the-air-goes-out-of-just-stop-oil-new-tyre-deflaters-hit-the-streets-pv7s6qjvc
2025-10-21 16:41:54,317 - INFO - removed image due to bad caption: The Times & The Sunday Times
2025-10-21 16:41:54,320 - INFO - downloading images for file article_contents/The-Times/thetimes.com_2024-02-01_2024-02-29_parsed.json
2025-10-21 16:41:54,320 - INFO - downloading images for article https://www.thetimes.com/uk/article/greta-thunberg-trial-court-oil-protest-london-r9cp8n2tf
2025-10-21 16:41:54,321 - INFO - Successfully retrieved session from session_The-Times.pickle
2025-10-21 16:41:54,322 - INFO - downloading file at https://www.thetimes.com/imageserver/image/%2Fmethode%2Ftimes%2Fprod%2Fweb%2Fbin%2F204eac6d-89c4-45c9-87cb-c2b0df653094.jpg
2025-10-21 16:41:55,582 - INFO - downloading file at https://www.thetimes.com/imageserver/image/%2Fmethode%2Ftimes%2Fprod%2Fweb%2Fbin%2F19d89846-af46-4024-a70a-90d20c45de09.jpg
2025-10-21 16:41:56,802 - INFO - downloading file at https://www.thetimes.com/imageserver/image/%2Fmethode%2Ftimes%2Fprod%2Fweb%2Fbin%2Fe49210ea-cd58-11ed-b20d-41ba9942b7d9.jpg
2025-10-21 16:41:58,106 - INFO - downloading file at https://www.thetimes.com/imageserver/image/%2Fmethode%2Ftimes%2Fprod%2Fweb%2Fbin%2F2fabc78e-84a0-11ee-ab78-b8f8e234f1ae.jpg
2025-10-21 16:41:59,548 - INFO - downloading images for article https://www.thetimes.com/uk/article/as-the-air-goes-out-of-just-stop-oil-new-tyre-deflaters-hit-the-streets-pv7s6qjvc
2025-10-21 16:41:59,550 - INFO - Successfully retrieved session from session_The-Times.pickle
2025-10-21 16:41:59,554 - INFO - Not re-downloading file at https://www.thetimes.com/imageserver/image/%2Fmethode%2Ftimes%2Fprod%2Fweb%2Fbin%2Fa8795d13-dff6-4a95-804f-cebaee009a8b.jpg; already present as The-Times_2024-02-16_As-the-air-goes_img1.jpg
2025-10-21 16:41:59,557 - INFO - downloading file at https://www.thetimes.com/imageserver/image/%2Fmethode%2Ftimes%2Fprod%2Fweb%2Fbin%2Fa8795d13-dff6-4a95-804f-cebaee009a8b.jpg
2025-10-21 16:42:00,821 - INFO - downloading file at https://www.thetimes.com/imageserver/image/%2Fmethode%2Ftimes%2Fprod%2Fweb%2Fbin%2F8492b4bc-9647-4a13-806d-bce70803e882.jpg
2025-10-21 16:42:01,998 - INFO - downloading file at https://www.thetimes.com/imageserver/image/%2Fmethode%2Ftimes%2Fprod%2Fweb%2Fbin%2F2b71c210-b4e2-44eb-911b-869f3ae34a48.jpg
2025-10-21 16:42:03,259 - INFO - downloading file at https://www.thetimes.com/imageserver/image/%2Fmethode%2Ftimes%2Fprod%2Fweb%2Fbin%2Ffcb440aa-6ce8-11ee-b0f3-053d83492f27.jpg
2025-10-21 16:42:04,714 - INFO - downloading file at https://www.thetimes.com/imageserver/image/%2Fmethode%2Ftimes%2Fprod%2Fweb%2Fbin%2F435de44a-3560-11ee-a54b-14a9a87cf1a8.jpg
2025-10-21 16:42:06,006 - INFO - downloading file at https://www.thetimes.com/imageserver/image/%2Fmethode%2Ftimes%2Fprod%2Fweb%2Fbin%2F8656e900-225e-11ee-9b6f-7186ba87ded7.jpg
2025-10-21 16:42:07,223 - INFO - scraping urls from file: ../google_scraping/article_urls/The-Times/thetimes.com_2024-03-01_2024-03-31_urls.csv
2025-10-21 16:42:07,225 - INFO - Successfully retrieved session from session_The-Times.pickle
2025-10-21 16:42:07,271 - INFO - Parsing url: https://www.thetimes.com/comment/columnists/article/principled-vandals-extinction-rebellion-just-stop-oil-comment-dpflb6fdp
2025-10-21 16:42:07,310 - INFO - removed image due to bad caption: The Times & The Sunday Times
2025-10-21 16:42:07,312 - INFO - Parsing url: https://www.thetimes.com/uk/politics/article/why-i-wont-stop-hunting-with-hounds-zk8tbcrfx
2025-10-21 16:42:07,353 - INFO - image parsing unsuccessful due to 'NoneType' object has no attribute 'lower'
2025-10-21 16:42:07,355 - INFO - article dropped, search terms not present: https://www.thetimes.com/uk/politics/article/why-i-wont-stop-hunting-with-hounds-zk8tbcrfx
2025-10-21 16:42:07,356 - INFO - downloading images for file article_contents/The-Times/thetimes.com_2024-03-01_2024-03-31_parsed.json
2025-10-21 16:42:07,356 - INFO - downloading images for article https://www.thetimes.com/comment/columnists/article/principled-vandals-extinction-rebellion-just-stop-oil-comment-dpflb6fdp
2025-10-21 16:42:07,356 - INFO - Successfully retrieved session from session_The-Times.pickle
2025-10-21 16:42:07,357 - INFO - downloading file at https://www.thetimes.com/imageserver/image/%2Fmethode%2Ftimes%2Fprod%2Fweb%2Fbin%2F7aa2a788-1da2-488a-82b4-252c9186aa3f.png
2025-10-21 16:42:08,406 - INFO - downloading file at https://www.thetimes.com/imageserver/image/%2Fmethode%2Ftimes%2Fprod%2Fweb%2Fbin%2Ff83cac81-44ae-445a-abd7-76130d077ac1.jpg
2025-10-21 16:42:09,644 - INFO - downloading file at https://www.thetimes.com/imageserver/image/%2Fmethode%2Ftimes%2Fprod%2Fweb%2Fbin%2Fa2a45991-9260-4460-b752-09c213ef2c86.png
2025-10-21 16:42:10,887 - INFO - downloading file at https://www.thetimes.com/imageserver/image/%2Fmethode%2Ftimes%2Fprod%2Fweb%2Fbin%2F992b77e7-fafe-4e5b-b284-d864b024eed8.png
2025-10-21 16:42:12,122 - INFO - downloading file at https://www.thetimes.com/imageserver/image/%2Fmethode%2Ftimes%2Fprod%2Fweb%2Fbin%2F992b77e7-fafe-4e5b-b284-d864b024eed8.png
2025-10-21 16:42:13,144 - INFO - scraping urls from file: ../google_scraping/article_urls/The-Times/thetimes.com_2024-04-01_2024-04-30_urls.csv
2025-10-21 16:42:13,146 - INFO - Successfully retrieved session from session_The-Times.pickle
2025-10-21 16:42:13,155 - INFO - downloading images for file article_contents/The-Times/thetimes.com_2024-04-01_2024-04-30_parsed.json
2025-10-21 16:42:13,158 - INFO - scraping urls from file: ../google_scraping/article_urls/The-Times/thetimes.com_2024-05-01_2024-05-31_urls.csv
2025-10-21 16:42:13,159 - INFO - Successfully retrieved session from session_The-Times.pickle
2025-10-21 16:42:13,188 - INFO - Parsing url: https://www.thetimes.com/uk/environment/article/arrested-in-our-80s-over-magna-carta-meet-just-stop-oils-pensioners-r2qhz9mn7
2025-10-21 16:42:13,223 - INFO - removed image due to bad caption: The Times & The Sunday Times
2025-10-21 16:42:13,226 - INFO - downloading images for file article_contents/The-Times/thetimes.com_2024-05-01_2024-05-31_parsed.json
2025-10-21 16:42:13,226 - INFO - downloading images for article https://www.thetimes.com/uk/environment/article/arrested-in-our-80s-over-magna-carta-meet-just-stop-oils-pensioners-r2qhz9mn7
2025-10-21 16:42:13,227 - INFO - Successfully retrieved session from session_The-Times.pickle
2025-10-21 16:42:13,228 - INFO - downloading file at https://www.thetimes.com/imageserver/image/%2Fmethode%2Ftimes%2Fprod%2Fweb%2Fbin%2F6bea5676-0339-407f-8eeb-920b349f86c0.jpg
2025-10-21 16:42:14,595 - INFO - downloading file at https://www.thetimes.com/imageserver/image/%2Fmethode%2Ftimes%2Fprod%2Fweb%2Fbin%2F6bea5676-0339-407f-8eeb-920b349f86c0.jpg
2025-10-21 16:42:15,667 - INFO - downloading file at https://www.thetimes.com/imageserver/image/%2Fmethode%2Ftimes%2Fprod%2Fweb%2Fbin%2Fbb54c1fe-38d9-4ebe-9a85-a8b7443f5b2d.jpg
2025-10-21 16:42:16,933 - INFO - downloading file at https://www.thetimes.com/imageserver/image/%2Fmethode%2Ftimes%2Fprod%2Fweb%2Fbin%2F374b48c4-200d-40e6-b9c0-ec1abb5e9d12.jpg
2025-10-21 16:42:18,087 - INFO - downloading file at https://www.thetimes.com/imageserver/image/%2Fmethode%2Ftimes%2Fprod%2Fweb%2Fbin%2F4b229418-73f8-40af-a7fa-9fd8c93eac6e.jpg
2025-10-21 16:42:19,323 - INFO - downloading file at https://www.thetimes.com/imageserver/image/%2Fmethode%2Ftimes%2Fprod%2Fweb%2Fbin%2Fd187b6f2-0143-11ee-a575-61f34e4c266a.jpg
2025-10-21 16:42:20,554 - INFO - downloading file at https://www.thetimes.com/imageserver/image/%2Fmethode%2Ftimes%2Fprod%2Fweb%2Fbin%2F13f2eac4-c84a-4c76-aaca-b6a2d2f39c13.jpg
2025-10-21 16:42:21,746 - INFO - scraping urls from file: ../google_scraping/article_urls/The-Times/thetimes.com_2024-06-01_2024-06-30_urls.csv
2025-10-21 16:42:21,748 - INFO - Successfully retrieved session from session_The-Times.pickle
2025-10-21 16:42:21,840 - INFO - Parsing url: https://www.thetimes.com/culture/music/article/friday-glastonbury-2024-live-latest-news-0nkk0x272
2025-10-21 16:42:21,904 - INFO - image parsing unsuccessful due to 'NoneType' object has no attribute 'lower'
2025-10-21 16:42:21,909 - INFO - Parsing url: https://www.thetimes.com/life-style/fashion/article/vivienne-westwoods-wardrobe-is-up-for-sale-at-christies-sb7dgfhf5
2025-10-21 16:42:21,951 - INFO - removed image due to bad caption: The Times & The Sunday Times
2025-10-21 16:42:21,954 - INFO - Parsing url: https://www.thetimes.com/world/europe/article/attacking-art-should-be-criminal-offence-even-if-theres-no-damage-lhf2vhjrq
2025-10-21 16:42:21,995 - INFO - removed image due to bad caption: The Times & The Sunday Times
2025-10-21 16:42:21,998 - INFO - downloading images for file article_contents/The-Times/thetimes.com_2024-06-01_2024-06-30_parsed.json
2025-10-21 16:42:21,998 - INFO - downloading images for article https://www.thetimes.com/culture/music/article/friday-glastonbury-2024-live-latest-news-0nkk0x272
2025-10-21 16:42:21,998 - INFO - Successfully retrieved session from session_The-Times.pickle
2025-10-21 16:42:21,999 - INFO - downloading images for article https://www.thetimes.com/life-style/fashion/article/vivienne-westwoods-wardrobe-is-up-for-sale-at-christies-sb7dgfhf5
2025-10-21 16:42:21,999 - INFO - Successfully retrieved session from session_The-Times.pickle
2025-10-21 16:42:22,000 - INFO - Not re-downloading file at https://www.thetimes.com/imageserver/image/%2Fmethode%2Ftimes%2Fprod%2Fweb%2Fbin%2F1420f7d3-e9dc-460a-99f2-7bad083fea9d.jpg; already present as The-Times_2024-06-14_Vivienne-Westwoods-wardrobe-is_img1.jpg
2025-10-21 16:42:22,001 - INFO - downloading file at https://www.thetimes.com/imageserver/image/%2Fmethode%2Ftimes%2Fprod%2Fweb%2Fbin%2F1420f7d3-e9dc-460a-99f2-7bad083fea9d.jpg
2025-10-21 16:42:23,240 - INFO - downloading file at https://www.thetimes.com/imageserver/image/%2Fmethode%2Ftimes%2Fprod%2Fweb%2Fbin%2Fb6cf2f37-eae2-4348-bca6-d63b1a50aaa4.jpg
2025-10-21 16:42:24,452 - INFO - downloading file at https://www.thetimes.com/imageserver/image/%2Fmethode%2Ftimes%2Fprod%2Fweb%2Fbin%2F6f3ea6bd-cadd-4780-a7ee-0c47f97cd6f5.jpg
2025-10-21 16:42:25,730 - INFO - downloading file at https://www.thetimes.com/imageserver/image/%2Fmethode%2Ftimes%2Fprod%2Fweb%2Fbin%2F74804ae9-d9f1-4641-8bf9-410819496c9c.jpg
2025-10-21 16:42:27,090 - INFO - downloading file at https://www.thetimes.com/imageserver/image/%2Fmethode%2Ftimes%2Fprod%2Fweb%2Fbin%2F8d0b10e4-2c1f-44b8-a22d-84b3b33398b6.jpg
2025-10-21 16:42:28,273 - INFO - downloading file at https://www.thetimes.com/imageserver/image/%2Fmethode%2Ftimes%2Fprod%2Fweb%2Fbin%2Fd987001c-9e77-4798-a58d-0aaf917e7bee.jpg
2025-10-21 16:42:29,560 - INFO - downloading file at https://www.thetimes.com/imageserver/image/%2Fmethode%2Ftimes%2Fprod%2Fweb%2Fbin%2F16548466-cc89-4f1d-9a7a-498e1f0bd1fe.jpg
2025-10-21 16:42:30,912 - INFO - downloading file at https://www.thetimes.com/imageserver/image/%2Fmethode%2Ftimes%2Fprod%2Fweb%2Fbin%2F8ba841fa-886d-11ed-8ebd-06f6e5e80272.jpg
2025-10-21 16:42:32,283 - INFO - downloading file at https://www.thetimes.com/imageserver/image/%2Fmethode%2Ftimes%2Fprod%2Fweb%2Fbin%2Fc680e1f8-8843-11ed-8ebd-06f6e5e80272.jpg
2025-10-21 16:42:33,501 - INFO - downloading file at https://www.thetimes.com/imageserver/image/%2Fmethode%2Ftimes%2Fprod%2Fweb%2Fbin%2Feb863c7a-87bf-11ed-bb21-8f4d97ec7b02.jpg
2025-10-21 16:42:34,624 - INFO - downloading images for article https://www.thetimes.com/world/europe/article/attacking-art-should-be-criminal-offence-even-if-theres-no-damage-lhf2vhjrq
2025-10-21 16:42:34,626 - INFO - Successfully retrieved session from session_The-Times.pickle
2025-10-21 16:42:34,629 - INFO - downloading file at https://www.thetimes.com/imageserver/image/%2Fmethode%2Ftimes%2Fprod%2Fweb%2Fbin%2Fa0ff0276-f0a1-413b-950d-477bcbf051fc.jpg
2025-10-21 16:42:35,850 - INFO - downloading file at https://www.thetimes.com/imageserver/image/%2Fmethode%2Ftimes%2Fprod%2Fweb%2Fbin%2Fa0ff0276-f0a1-413b-950d-477bcbf051fc.jpg
2025-10-21 16:42:36,888 - INFO - downloading file at https://www.thetimes.com/imageserver/image/%2Fmethode%2Ftimes%2Fprod%2Fweb%2Fbin%2Faa0dd352-5da6-4657-ad4a-e1d667c9cab6.jpg
2025-10-21 16:42:38,086 - INFO - downloading file at https://www.thetimes.com/imageserver/image/%2Fmethode%2Ftimes%2Fprod%2Fweb%2Fbin%2Fcc4fbeac-d161-4f62-a7b7-98888e9e0dca.jpg
2025-10-21 16:42:39,277 - INFO - downloading file at https://www.thetimes.com/imageserver/image/%2Fmethode%2Ftimes%2Fprod%2Fweb%2Fbin%2F11113b9c-a46a-4f23-8056-4b0058479f4f.jpg
2025-10-21 16:42:40,720 - INFO - downloading file at https://www.thetimes.com/imageserver/image/%2Fmethode%2Ftimes%2Fprod%2Fweb%2Fbin%2F1be1188e-45e2-4d34-a73f-3c8d25c3fb8a.jpg
2025-10-21 16:42:41,956 - INFO - scraping urls from file: ../google_scraping/article_urls/The-Times/thetimes.com_2024-07-01_2024-07-31_urls.csv
2025-10-21 16:42:41,958 - INFO - Successfully retrieved session from session_The-Times.pickle
2025-10-21 16:42:42,020 - INFO - Parsing url: https://www.thetimes.com/uk/crime/article/police-fear-just-stop-oil-jail-sentences-will-spark-more-protests-fzrbs6cp0
2025-10-21 16:42:42,111 - INFO - image parsing unsuccessful due to 'NoneType' object has no attribute 'lower'
2025-10-21 16:42:42,115 - INFO - Parsing url: https://www.thetimes.com/uk/environment/article/mum-safehouse-just-stop-oil-jso-c8q2vb8q8
2025-10-21 16:42:42,153 - INFO - removed image due to bad caption: The Times & The Sunday Times
2025-10-21 16:42:42,156 - INFO - downloading images for file article_contents/The-Times/thetimes.com_2024-07-01_2024-07-31_parsed.json
2025-10-21 16:42:42,156 - INFO - downloading images for article https://www.thetimes.com/uk/crime/article/police-fear-just-stop-oil-jail-sentences-will-spark-more-protests-fzrbs6cp0
2025-10-21 16:42:42,157 - INFO - Successfully retrieved session from session_The-Times.pickle
2025-10-21 16:42:42,157 - INFO - downloading images for article https://www.thetimes.com/uk/environment/article/mum-safehouse-just-stop-oil-jso-c8q2vb8q8
2025-10-21 16:42:42,157 - INFO - Successfully retrieved session from session_The-Times.pickle
2025-10-21 16:42:42,158 - INFO - Not re-downloading file at https://www.thetimes.com/imageserver/image/%2Fmethode%2Ftimes%2Fprod%2Fweb%2Fbin%2F0c3e8422-e565-4a22-baa8-11a8f0b19e54.jpg; already present as The-Times_2024-07-27_Mum-got-four-years_img1.jpg
2025-10-21 16:42:42,159 - INFO - downloading file at https://www.thetimes.com/imageserver/image/%2Fmethode%2Ftimes%2Fprod%2Fweb%2Fbin%2F0c3e8422-e565-4a22-baa8-11a8f0b19e54.jpg
2025-10-21 16:42:43,395 - INFO - downloading file at https://www.thetimes.com/imageserver/image/%2Fmethode%2Ftimes%2Fprod%2Fweb%2Fbin%2F437f80f0-bfa1-4977-b7fa-bc225eb68d3d.jpg
2025-10-21 16:42:44,573 - INFO - downloading file at https://www.thetimes.com/imageserver/image/%2Fmethode%2Ftimes%2Fprod%2Fweb%2Fbin%2F4d79fe67-82c7-4bbd-a1bc-2d3dd45808ac.jpg
2025-10-21 16:42:45,828 - INFO - downloading file at https://www.thetimes.com/imageserver/image/%2Fmethode%2Ftimes%2Fprod%2Fweb%2Fbin%2F07c9d56f-8e00-497f-9c6f-276612384fc1.jpg
2025-10-21 16:42:47,198 - INFO - downloading file at https://www.thetimes.com/imageserver/image/%2Fmethode%2Ftimes%2Fprod%2Fweb%2Fbin%2F1fcbc004-ecd8-43bf-8493-9cc366ce4c0a.jpg
2025-10-21 16:42:48,718 - INFO - downloading file at https://www.thetimes.com/imageserver/image/%2Fmethode%2Ftimes%2Fprod%2Fweb%2Fbin%2F7f8c1364-d461-4e69-8981-57288f24d906.jpg
2025-10-21 16:42:50,142 - INFO - downloading file at https://www.thetimes.com/imageserver/image/%2Fmethode%2Ftimes%2Fprod%2Fweb%2Fbin%2F0058cb19-41e9-42a3-8c6e-bd896b737b70.jpg
2025-10-21 16:42:51,341 - INFO - downloading file at https://www.thetimes.com/imageserver/image/%2Fmethode%2Ftimes%2Fprod%2Fweb%2Fbin%2F5d46ca98-80b3-4a16-bbd2-a1d64140e68c.jpg
2025-10-21 16:42:52,708 - INFO - scraping urls from file: ../google_scraping/article_urls/The-Times/thetimes.com_2024-08-01_2024-08-31_urls.csv
2025-10-21 16:42:52,710 - INFO - Successfully retrieved session from session_The-Times.pickle
2025-10-21 16:42:52,730 - INFO - Parsing url: https://www.thetimes.com/world/us-world/article/starbucks-ceo-private-jet-commute-brian-niccol-rjmr59lzm
2025-10-21 16:42:52,768 - INFO - removed image due to bad caption: The Times & The Sunday Times
2025-10-21 16:42:52,771 - INFO - downloading images for file article_contents/The-Times/thetimes.com_2024-08-01_2024-08-31_parsed.json
2025-10-21 16:42:52,771 - INFO - downloading images for article https://www.thetimes.com/world/us-world/article/starbucks-ceo-private-jet-commute-brian-niccol-rjmr59lzm
2025-10-21 16:42:52,771 - INFO - Successfully retrieved session from session_The-Times.pickle
2025-10-21 16:42:52,772 - INFO - Not re-downloading file at https://www.thetimes.com/imageserver/image/%2Fmethode%2Ftimes%2Fprod%2Fweb%2Fbin%2Fec4bfc4d-138b-4b84-8b27-ef3ce475ce74.jpg; already present as The-Times_2024-08-22_Starbucks-CEO-in-hot_img1.jpg
2025-10-21 16:42:52,773 - INFO - downloading file at https://www.thetimes.com/imageserver/image/%2Fmethode%2Ftimes%2Fprod%2Fweb%2Fbin%2Fec4bfc4d-138b-4b84-8b27-ef3ce475ce74.jpg
2025-10-21 16:42:54,061 - INFO - downloading file at https://www.thetimes.com/imageserver/image/%2Fmethode%2Ftimes%2Fprod%2Fweb%2Fbin%2Feba58de8-5368-433a-bcae-0cd02f77cba2.jpg
2025-10-21 16:42:55,297 - INFO - downloading file at https://www.thetimes.com/imageserver/image/%2Fmethode%2Ftimes%2Fprod%2Fweb%2Fbin%2Fa38c71de-56bf-47c5-aba0-1c6e61d55bdb.jpg
2025-10-21 16:42:56,792 - INFO - downloading file at https://www.thetimes.com/imageserver/image/%2Fmethode%2Ftimes%2Fprod%2Fweb%2Fbin%2Fea2cda14-277a-47f6-9532-2623d30627b1.jpg
2025-10-21 16:42:58,046 - INFO - downloading file at https://www.thetimes.com/imageserver/image/%2Fmethode%2Ftimes%2Fprod%2Fweb%2Fbin%2F3835a02a-9914-4e3b-b3f0-6c7ac70744f3.jpg
2025-10-21 16:42:59,260 - INFO - scraping urls from file: ../google_scraping/article_urls/The-Times/thetimes.com_2024-09-01_2024-09-30_urls.csv
2025-10-21 16:42:59,262 - INFO - Successfully retrieved session from session_The-Times.pickle
2025-10-21 16:42:59,331 - INFO - Parsing url: https://www.thetimes.com/uk/crime/article/dont-jail-activists-over-creative-van-gogh-soup-protest-artists-urge-wk6lw32xc
2025-10-21 16:42:59,365 - INFO - removed image due to bad caption: The Times & The Sunday Times
2025-10-21 16:42:59,368 - INFO - Parsing url: https://www.thetimes.com/uk/science/article/arctic-wilderness-svalbard-how-changing-dwxxgqbz8
2025-10-21 16:42:59,406 - INFO - image parsing unsuccessful due to 'NoneType' object has no attribute 'lower'
2025-10-21 16:42:59,409 - INFO - article dropped, search terms not present: https://www.thetimes.com/uk/science/article/arctic-wilderness-svalbard-how-changing-dwxxgqbz8
2025-10-21 16:42:59,409 - INFO - downloading images for file article_contents/The-Times/thetimes.com_2024-09-01_2024-09-30_parsed.json
2025-10-21 16:42:59,409 - INFO - downloading images for article https://www.thetimes.com/uk/crime/article/dont-jail-activists-over-creative-van-gogh-soup-protest-artists-urge-wk6lw32xc
2025-10-21 16:42:59,410 - INFO - Successfully retrieved session from session_The-Times.pickle
2025-10-21 16:42:59,411 - INFO - Not re-downloading file at https://www.thetimes.com/imageserver/image/%2Fmethode%2Ftimes%2Fprod%2Fweb%2Fbin%2F17a7f2d1-cef8-4242-9f7b-1bd8f421ea63.jpg; already present as The-Times_2024-09-26_Dont-jail-activists-over_img1.jpg
2025-10-21 16:42:59,412 - INFO - downloading file at https://www.thetimes.com/imageserver/image/%2Fmethode%2Ftimes%2Fprod%2Fweb%2Fbin%2F17a7f2d1-cef8-4242-9f7b-1bd8f421ea63.jpg
2025-10-21 16:43:00,573 - INFO - downloading file at https://www.thetimes.com/imageserver/image/%2Fmethode%2Ftimes%2Fprod%2Fweb%2Fbin%2F905bc62d-d5e9-4916-826f-6a40cfb8074a.jpg
2025-10-21 16:43:01,991 - INFO - downloading file at https://www.thetimes.com/imageserver/image/%2Fmethode%2Ftimes%2Fprod%2Fweb%2Fbin%2Fec81f3ae-b4ae-43d3-844b-1f43f3c9fce7.jpg
2025-10-21 16:43:03,403 - INFO - downloading file at https://www.thetimes.com/imageserver/image/%2Fmethode%2Ftimes%2Fprod%2Fweb%2Fbin%2F4ece7e96-9324-4a34-85e3-389aa32d68ca.jpg
2025-10-21 16:43:04,644 - INFO - downloading file at https://www.thetimes.com/imageserver/image/%2Fmethode%2Ftimes%2Fprod%2Fweb%2Fbin%2F0058cb19-41e9-42a3-8c6e-bd896b737b70.jpg
2025-10-21 16:43:05,674 - INFO - scraping urls from file: ../google_scraping/article_urls/The-Times/thetimes.com_2024-10-01_2024-10-31_urls.csv
2025-10-21 16:43:05,676 - INFO - Successfully retrieved session from session_The-Times.pickle
2025-10-21 16:43:05,705 - INFO - Parsing url: https://www.thetimes.com/uk/article/mcdonalds-and-spy-cops-our-lives-caught-in-a-police-scandal-32bfv7pgt
2025-10-21 16:43:05,746 - INFO - removed image due to bad caption: The Times & The Sunday Times
2025-10-21 16:43:05,748 - INFO - downloading images for file article_contents/The-Times/thetimes.com_2024-10-01_2024-10-31_parsed.json
2025-10-21 16:43:05,748 - INFO - downloading images for article https://www.thetimes.com/uk/article/mcdonalds-and-spy-cops-our-lives-caught-in-a-police-scandal-32bfv7pgt
2025-10-21 16:43:05,749 - INFO - Successfully retrieved session from session_The-Times.pickle
2025-10-21 16:43:05,750 - INFO - Not re-downloading file at https://www.thetimes.com/imageserver/image/%2Fmethode%2Ftimes%2Fprod%2Fweb%2Fbin%2F334b3c89-a657-4288-9a3e-9ccf555eaf84.jpg; already present as The-Times_2024-10-19_McDonalds-and-spy-cops_img1.jpg
2025-10-21 16:43:05,750 - INFO - downloading file at https://www.thetimes.com/imageserver/image/%2Fmethode%2Ftimes%2Fprod%2Fweb%2Fbin%2F334b3c89-a657-4288-9a3e-9ccf555eaf84.jpg
2025-10-21 16:43:06,931 - INFO - downloading file at https://www.thetimes.com/imageserver/image/%2Fmethode%2Ftimes%2Fprod%2Fweb%2Fbin%2F18f53c7e-3e01-4c3a-8e5b-c3bd7099267e.jpg
2025-10-21 16:43:08,169 - INFO - downloading file at https://www.thetimes.com/imageserver/image/%2Fmethode%2Ftimes%2Fprod%2Fweb%2Fbin%2F9263ec01-a6e5-4408-8b7e-f12942e824fa.jpg
2025-10-21 16:43:09,356 - INFO - downloading file at https://www.thetimes.com/imageserver/image/%2Fmethode%2Ftimes%2Fprod%2Fweb%2Fbin%2F1087629f-f01f-4883-a70d-8efe76c37d08.jpg
2025-10-21 16:43:10,607 - INFO - downloading file at https://www.thetimes.com/imageserver/image/%2Fmethode%2Fsundaytimes%2Fprod%2Fweb%2Fbin%2F52ccf4a4-0c5f-11ee-bf81-8b99fdf73556.jpg
2025-10-21 16:43:11,853 - INFO - downloading file at https://www.thetimes.com/imageserver/image/%2Fmethode%2Fsundaytimes%2Fprod%2Fweb%2Fbin%2Fe8908ed4-7dd5-11ec-afe3-4426f55f9ac6.jpg
2025-10-21 16:43:13,221 - INFO - downloading file at https://www.thetimes.com/imageserver/image/%2Fmethode%2Ftimes%2Fprod%2Fweb%2Fbin%2Ff3ddf512-a214-11eb-949b-ab1b919d4f89.jpg
2025-10-21 16:43:14,548 - INFO - scraping urls from file: ../google_scraping/article_urls/The-Times/thetimes.com_2024-11-01_2024-11-30_urls.csv
2025-10-21 16:43:14,549 - INFO - Successfully retrieved session from session_The-Times.pickle
2025-10-21 16:43:14,595 - INFO - Parsing url: https://www.thetimes.com/uk/environment/article/the-battle-to-protect-norways-wild-salmon-from-fish-farms-khk7zt3hr
2025-10-21 16:43:14,640 - INFO - removed image due to bad caption: The Times & The Sunday Times
2025-10-21 16:43:14,642 - INFO - article dropped, search terms not present: https://www.thetimes.com/uk/environment/article/the-battle-to-protect-norways-wild-salmon-from-fish-farms-khk7zt3hr
2025-10-21 16:43:14,643 - INFO - downloading images for file article_contents/The-Times/thetimes.com_2024-11-01_2024-11-30_parsed.json
2025-10-21 16:43:14,643 - INFO - scraping urls from file: ../google_scraping/article_urls/The-Times/thetimes.com_2024-12-01_2024-12-31_urls.csv
2025-10-21 16:43:14,643 - INFO - Successfully retrieved session from session_The-Times.pickle
2025-10-21 16:43:14,724 - INFO - Parsing url: https://www.thetimes.com/uk/obituaries/article/sir-john-jennings-obituary-chairman-of-shell-during-brent-spar-controversy-pxwnq8t2m
2025-10-21 16:43:14,777 - INFO - removed image due to bad caption: The Times & The Sunday Times
2025-10-21 16:43:14,779 - INFO - Parsing url: https://www.thetimes.com/topic/extinction-rebellion
2025-10-21 16:43:14,806 - INFO - removed image due to bad caption: The Times & The Sunday Times
2025-10-21 16:43:14,809 - INFO - date to string conversion for json unsuccessful due to 'NoneType' object has no attribute 'strftime'
2025-10-21 16:43:14,809 - INFO - article dropped, no body text found: https://www.thetimes.com/topic/extinction-rebellion
2025-10-21 16:43:14,809 - INFO - Parsing url: https://www.thetimes.com/business-money/companies/article/greenpeace-settles-with-shell-over-cousin-greg-lawsuit-q6v82jjrx
2025-10-21 16:43:14,845 - INFO - removed image due to bad caption: The Times & The Sunday Times
2025-10-21 16:43:14,847 - INFO - Parsing url: https://www.thetimes.com/uk/politics/article/inside-dale-vinces-messy-divorce-from-squats-to-yachts-r2lj5sldn
2025-10-21 16:43:14,888 - INFO - removed image due to bad caption: The Times & The Sunday Times
2025-10-21 16:43:14,891 - INFO - downloading images for file article_contents/The-Times/thetimes.com_2024-12-01_2024-12-31_parsed.json
2025-10-21 16:43:14,891 - INFO - downloading images for article https://www.thetimes.com/uk/obituaries/article/sir-john-jennings-obituary-chairman-of-shell-during-brent-spar-controversy-pxwnq8t2m
2025-10-21 16:43:14,891 - INFO - Successfully retrieved session from session_The-Times.pickle
2025-10-21 16:43:14,892 - INFO - Not re-downloading file at https://www.thetimes.com/imageserver/image/%2Fmethode%2Ftimes%2Fprod%2Fweb%2Fbin%2F63044381-8dad-4977-9d17-67526cbba08d.jpg; already present as The-Times_2024-12-03_Sir-John-Jennings-obituary_img1.jpg
2025-10-21 16:43:14,893 - INFO - downloading file at https://www.thetimes.com/imageserver/image/%2Fmethode%2Ftimes%2Fprod%2Fweb%2Fbin%2F63044381-8dad-4977-9d17-67526cbba08d.jpg
2025-10-21 16:43:16,058 - INFO - downloading images for article https://www.thetimes.com/business-money/companies/article/greenpeace-settles-with-shell-over-cousin-greg-lawsuit-q6v82jjrx
2025-10-21 16:43:16,060 - INFO - Successfully retrieved session from session_The-Times.pickle
2025-10-21 16:43:16,064 - INFO - Not re-downloading file at https://www.thetimes.com/imageserver/image/%2Fmethode%2Ftimes%2Fprod%2Fweb%2Fbin%2F103a5d1c-2a37-487a-b53e-9a7df33350d9.jpg; already present as The-Times_2024-12-10_Greenpeace-settles-with-Shell_img1.jpg
2025-10-21 16:43:16,064 - INFO - downloading file at https://www.thetimes.com/imageserver/image/%2Fmethode%2Ftimes%2Fprod%2Fweb%2Fbin%2F103a5d1c-2a37-487a-b53e-9a7df33350d9.jpg
2025-10-21 16:43:17,244 - INFO - downloading file at https://www.thetimes.com/imageserver/image/%2Fmethode%2Ftimes%2Fprod%2Fweb%2Fbin%2Fc622d893-34fa-4f20-ab7c-89b73885ec6f.jpg
2025-10-21 16:43:18,420 - INFO - downloading file at https://www.thetimes.com/imageserver/image/%2Fmethode%2Ftimes%2Fprod%2Fweb%2Fbin%2Fe68189cd-261d-437e-85d5-2db6bdb601b2.jpg
2025-10-21 16:43:19,629 - INFO - downloading file at https://www.thetimes.com/imageserver/image/%2Fmethode%2Ftimes%2Fprod%2Fweb%2Fbin%2F941aff67-dd4b-452e-8544-41b4ded6b234.jpg
2025-10-21 16:43:20,931 - INFO - downloading file at https://www.thetimes.com/imageserver/image/%2Fmethode%2Ftimes%2Fprod%2Fweb%2Fbin%2F26a8f2a1-1b03-4675-a6a2-ebab42a95799.jpg
2025-10-21 16:43:22,200 - INFO - downloading file at https://www.thetimes.com/imageserver/image/%2Fmethode%2Ftimes%2Fprod%2Fweb%2Fbin%2Fd7dfd527-d026-4c34-849c-fbdbcbb8cbe3.jpg
2025-10-21 16:43:23,430 - INFO - downloading images for article https://www.thetimes.com/uk/politics/article/inside-dale-vinces-messy-divorce-from-squats-to-yachts-r2lj5sldn
2025-10-21 16:43:23,433 - INFO - Successfully retrieved session from session_The-Times.pickle
2025-10-21 16:43:23,436 - INFO - Not re-downloading file at https://www.thetimes.com/imageserver/image/%2Fmethode%2Ftimes%2Fprod%2Fweb%2Fbin%2F538418ce-48e9-4ec7-9c4e-f1950529280b.jpg; already present as The-Times_2024-12-14_Inside-Dale-Vinces-messy_img1.jpg
2025-10-21 16:43:23,437 - INFO - downloading file at https://www.thetimes.com/imageserver/image/%2Fmethode%2Ftimes%2Fprod%2Fweb%2Fbin%2F538418ce-48e9-4ec7-9c4e-f1950529280b.jpg
2025-10-21 16:43:24,735 - INFO - downloading file at https://www.thetimes.com/imageserver/image/%2Fmethode%2Ftimes%2Fprod%2Fweb%2Fbin%2Fadff2507-7678-47fb-83a1-7a33d59cb35e.jpg
2025-10-21 16:43:26,009 - INFO - downloading file at https://www.thetimes.com/imageserver/image/%2Fmethode%2Ftimes%2Fprod%2Fweb%2Fbin%2F156adf8c-6a1d-42fd-b94d-5b4e4ffc35d4.jpg
2025-10-21 16:43:27,280 - INFO - downloading file at https://www.thetimes.com/imageserver/image/%2Fmethode%2Ftimes%2Fprod%2Fweb%2Fbin%2F16637c1e-9bc4-4dca-a56c-cf90bdeb7ab8.jpg
2025-10-21 16:43:28,496 - INFO - downloading file at https://www.thetimes.com/imageserver/image/%2Fmethode%2Ftimes%2Fprod%2Fweb%2Fbin%2F1e025729-a4c0-493a-b9fe-2a57824092d9.jpg
2025-10-21 16:43:29,660 - INFO - downloading file at https://www.thetimes.com/imageserver/image/%2Fmethode%2Ftimes%2Fprod%2Fweb%2Fbin%2F2635c412-7ecc-4993-b535-701043bcc723.jpg
2025-10-21 16:43:30,886 - INFO - downloading file at https://www.thetimes.com/imageserver/image/%2Fmethode%2Ftimes%2Fprod%2Fweb%2Fbin%2F02d6fc5c-fcc2-43c9-80e3-aca668dc2417.jpg
2025-10-21 16:43:32,102 - INFO - downloading file at https://www.thetimes.com/imageserver/image/%2Fmethode%2Ftimes%2Fprod%2Fweb%2Fbin%2F078a558c-1c1f-41cf-9cfc-2d09b10c7b49.jpg
2025-10-21 16:43:33,424 - INFO - scraping urls from file: ../google_scraping/article_urls/The-Times/thetimes.com_2025-01-01_2025-01-31_urls.csv
2025-10-21 16:43:33,426 - INFO - Successfully retrieved session from session_The-Times.pickle
2025-10-21 16:43:33,586 - INFO - Parsing url: https://www.thetimes.com/uk/crime/article/just-stop-oil-pair-deface-charles-darwins-grave-at-westminster-abbey-k8xz9fzcj
2025-10-21 16:43:33,641 - INFO - removed image due to bad caption: The Times & The Sunday Times
2025-10-21 16:43:33,643 - INFO - Parsing url: https://www.thetimes.com/business-money/energy/article/court-victory-casts-doubt-on-future-of-north-sea-oil-and-gas-fields-8hhp3p9fh
2025-10-21 16:43:33,695 - INFO - removed image due to bad caption: The Times & The Sunday Times
2025-10-21 16:43:33,699 - INFO - Parsing url: https://www.thetimes.com/travel/destinations/north-america-travel/us-travel/the-best-thing-to-do-in-every-us-state-in-2025-6cnm827kp
2025-10-21 16:43:33,762 - INFO - removed image due to bad caption: The Times & The Sunday Times
2025-10-21 16:43:33,766 - INFO - article dropped, search terms not present: https://www.thetimes.com/travel/destinations/north-america-travel/us-travel/the-best-thing-to-do-in-every-us-state-in-2025-6cnm827kp
2025-10-21 16:43:33,766 - INFO - Parsing url: https://www.thetimes.com/uk/politics/article/rachel-reeves-speech-live-latest-news-qtflx6kkq
2025-10-21 16:43:33,820 - INFO - removed image due to bad caption: The Times & The Sunday Times
2025-10-21 16:43:33,824 - INFO - Parsing url: https://www.thetimes.com/uk/arts/article/neil-young-glastonbury-2025-corporate-turn-off-f272996k6
2025-10-21 16:43:33,858 - INFO - removed image due to bad caption: The Times & The Sunday Times
2025-10-21 16:43:33,860 - INFO - Parsing url: https://www.thetimes.com/uk/law/article/labour-donor-dale-vince-says-435m-divorce-bill-is-total-vindication-mmfbpnnss
2025-10-21 16:43:33,899 - INFO - removed image due to bad caption: The Times & The Sunday Times
2025-10-21 16:43:33,901 - INFO - Parsing url: https://www.thetimes.com/business-money/companies/article/shell-faces-shareholder-revolt-against-scrapped-climate-targets-dfpmgfv8z
2025-10-21 16:43:33,930 - INFO - removed image due to bad caption: The Times & The Sunday Times
2025-10-21 16:43:33,932 - INFO - article dropped, search terms not present: https://www.thetimes.com/business-money/companies/article/shell-faces-shareholder-revolt-against-scrapped-climate-targets-dfpmgfv8z
2025-10-21 16:43:33,933 - INFO - downloading images for file article_contents/The-Times/thetimes.com_2025-01-01_2025-01-31_parsed.json
2025-10-21 16:43:33,933 - INFO - downloading images for article https://www.thetimes.com/uk/crime/article/just-stop-oil-pair-deface-charles-darwins-grave-at-westminster-abbey-k8xz9fzcj
2025-10-21 16:43:33,934 - INFO - Successfully retrieved session from session_The-Times.pickle
2025-10-21 16:43:33,935 - INFO - downloading file at https://www.thetimes.com/imageserver/image/%2Fmethode%2Ftimes%2Fprod%2Fweb%2Fbin%2F6ce66947-6266-4668-81de-fcb0257d5822.jpg
2025-10-21 16:43:35,168 - INFO - downloading file at https://www.thetimes.com/imageserver/image/%2Fmethode%2Ftimes%2Fprod%2Fweb%2Fbin%2Fa17ee190-84bd-4843-b8d1-84e4efe52f2c.jpg
2025-10-21 16:43:36,549 - INFO - downloading file at https://www.thetimes.com/imageserver/image/%2Fmethode%2Ftimes%2Fprod%2Fweb%2Fbin%2F4ece7e96-9324-4a34-85e3-389aa32d68ca.jpg
2025-10-21 16:43:37,629 - INFO - downloading file at https://www.thetimes.com/imageserver/image/%2Fmethode%2Ftimes%2Fprod%2Fweb%2Fbin%2F8d13d460-7cae-11ee-a813-d9df8913b6c9.jpg
2025-10-21 16:43:38,657 - INFO - downloading images for article https://www.thetimes.com/business-money/energy/article/court-victory-casts-doubt-on-future-of-north-sea-oil-and-gas-fields-8hhp3p9fh
2025-10-21 16:43:38,659 - INFO - Successfully retrieved session from session_The-Times.pickle
2025-10-21 16:43:38,663 - INFO - Not re-downloading file at https://www.thetimes.com/imageserver/image/%2F28597904-47eb-4a44-8942-6a3411880479.jpg; already present as The-Times_2025-01-30_Court-ruling-casts-doubt_img1.jpg
2025-10-21 16:43:38,663 - INFO - downloading file at https://www.thetimes.com/imageserver/image/%2F28597904-47eb-4a44-8942-6a3411880479.jpg
2025-10-21 16:43:40,039 - INFO - downloading file at https://www.thetimes.com/imageserver/image/%2F7253743d-f6a2-4cf5-a240-e83e7f810f0c.jpg
2025-10-21 16:43:41,481 - INFO - downloading file at https://www.thetimes.com/imageserver/image/%2F84ebb082-070e-45a1-a92a-31ba6ed1a3db.jpg
2025-10-21 16:43:42,628 - INFO - downloading file at https://www.thetimes.com/imageserver/image/%2F88298045-9811-4de6-91c8-a5c8ab0183ce.jpg
2025-10-21 16:43:43,885 - INFO - downloading file at https://www.thetimes.com/imageserver/image/%2Fmethode%2Ftimes%2Fprod%2Fweb%2Fbin%2F103a5d1c-2a37-487a-b53e-9a7df33350d9.jpg
2025-10-21 16:43:44,909 - INFO - downloading file at https://www.thetimes.com/imageserver/image/%2Fmethode%2Ftimes%2Fprod%2Fweb%2Fbin%2F5430d65b-2a46-43cd-a92c-465e6e427d2e.jpg
2025-10-21 16:43:46,244 - INFO - downloading file at https://www.thetimes.com/imageserver/image/%2F9e16701a-d569-423d-9425-f1a3a744e5ce.jpg
2025-10-21 16:43:47,428 - INFO - downloading images for article https://www.thetimes.com/uk/politics/article/rachel-reeves-speech-live-latest-news-qtflx6kkq
2025-10-21 16:43:47,430 - INFO - Successfully retrieved session from session_The-Times.pickle
2025-10-21 16:43:47,435 - INFO - downloading file at https://www.thetimes.com/imageserver/image/%2F64b7933a-f9ee-4cf7-8be3-e97ad221f9b5.jpg
2025-10-21 16:43:48,867 - INFO - downloading file at https://www.thetimes.com/imageserver/image/%2Fmethode%2Ftimes%2Fprod%2Fweb%2Fbin%2Fd551effb-69f7-4968-9f4b-d63a0158d98c.jpg
2025-10-21 16:43:50,344 - INFO - downloading file at https://www.thetimes.com/imageserver/image/%2Fmethode%2Ftimes%2Fprod%2Fweb%2Fbin%2Ffa841bfe-ed50-4fc5-bd09-f822bd2b6f79.jpg
2025-10-21 16:43:51,924 - INFO - downloading file at https://www.thetimes.com/imageserver/image/%2Fmethode%2Ftimes%2Fprod%2Fweb%2Fbin%2F7e7c9765-3939-4f3e-b834-0fa9973f5472.jpg
2025-10-21 16:43:53,235 - INFO - downloading file at https://www.thetimes.com/imageserver/image/%2Fmethode%2Ftimes%2Fprod%2Fweb%2Fbin%2F02e6ae4e-ff48-446c-bd99-47c0cb7e8cc7.jpg
2025-10-21 16:43:54,440 - INFO - downloading file at https://www.thetimes.com/imageserver/image/%2Fmethode%2Ftimes%2Fprod%2Fweb%2Fbin%2Fe05d6a20-5ddc-48e7-981a-8ad02577399a.jpg
2025-10-21 16:43:55,728 - INFO - downloading file at https://www.thetimes.com/imageserver/image/%2Fmethode%2Ftimes%2Fprod%2Fweb%2Fbin%2F2a0dd24f-baab-4b7e-abb0-5627f5ee45ad.jpg
2025-10-21 16:43:57,141 - INFO - downloading file at https://www.thetimes.com/imageserver/image/%2Fmethode%2Ftimes%2Fprod%2Fweb%2Fbin%2F92fec30d-b84f-4293-8b99-214445b2e5f0.jpg
2025-10-21 16:43:58,397 - INFO - downloading file at https://www.thetimes.com/imageserver/image/%2Fmethode%2Ftimes%2Fprod%2Fweb%2Fbin%2F0a1e2b26-1740-4156-a451-7320df35fcdc.jpg
2025-10-21 16:43:59,932 - INFO - downloading file at https://www.thetimes.com/imageserver/image/%2Fmethode%2Ftimes%2Fprod%2Fweb%2Fbin%2Fa94acba8-bf99-4fb4-9914-4ba05fd6d3b0.jpg
2025-10-21 16:44:01,181 - INFO - downloading file at https://www.thetimes.com/imageserver/image/%2Fmethode%2Ftimes%2Fprod%2Fweb%2Fbin%2F8c6768d7-c6a6-4c42-a58f-fc6ec7bfc98a.jpg
2025-10-21 16:44:02,457 - INFO - downloading file at https://www.thetimes.com/imageserver/image/%2Fmethode%2Ftimes%2Fprod%2Fweb%2Fbin%2F6ebd6e84-d1b8-49d7-9165-5eccf51fbcfe.jpg
2025-10-21 16:44:03,695 - INFO - downloading file at https://www.thetimes.com/imageserver/image/%2Fb3bb4eac-e490-412a-bbdc-c9cf71097614.jpg
2025-10-21 16:44:05,110 - INFO - downloading file at https://www.thetimes.com/imageserver/image/%2Ff146e6c9-b001-438b-b827-b3fbffb83cbf.jpg
2025-10-21 16:44:06,328 - INFO - downloading file at https://www.thetimes.com/imageserver/image/%2F671771e3-a484-4a22-8067-3eea3e4b75ed.jpg
2025-10-21 16:44:07,932 - INFO - downloading file at https://www.thetimes.com/imageserver/image/%2F25bd2950-18a6-49a7-a3f3-201de4074627.jpg
2025-10-21 16:44:09,123 - INFO - downloading file at https://www.thetimes.com/imageserver/image/%2F2726ca9f-df68-4bc9-aa5c-ef246d6ab9ac.jpg
2025-10-21 16:44:10,389 - INFO - downloading file at https://www.thetimes.com/imageserver/image/%2F74d6278c-b6bd-4881-834a-6394819ca5f6.jpg
2025-10-21 16:44:11,785 - INFO - downloading file at https://www.thetimes.com/imageserver/image/%2Fc4f6773a-6bef-4b9e-93b7-379440347fb5.jpg
2025-10-21 16:44:13,213 - INFO - downloading file at https://www.thetimes.com/imageserver/image/%2F99dd2438-45dc-472a-b896-eda576c662a8.jpg
2025-10-21 16:44:14,419 - INFO - downloading file at https://www.thetimes.com/imageserver/image/%2Fmethode%2Ftimes%2Fprod%2Fweb%2Fbin%2F4c056906-9b80-4338-9d9b-29b0b2b48049.jpg
2025-10-21 16:44:15,944 - INFO - downloading file at https://www.thetimes.com/imageserver/image/%2F4a4afb02-86f7-494d-a6f3-5cab391cfdc4.jpg
2025-10-21 16:44:17,495 - INFO - downloading file at https://www.thetimes.com/imageserver/image/%2Fmethode%2Ftimes%2Fprod%2Fweb%2Fbin%2Fe65a0cef-0823-4fc5-b345-c06b3d6436e3.jpg
2025-10-21 16:44:18,689 - INFO - downloading file at https://www.thetimes.com/imageserver/image/%2F30157092-13bb-473d-9d5a-36b9d702b490.jpg
2025-10-21 16:44:19,891 - INFO - downloading file at https://www.thetimes.com/imageserver/image/%2F54003ce3-cf3f-42ed-b9c1-3a0bcc8864d6.jpg
2025-10-21 16:44:21,315 - INFO - downloading file at https://www.thetimes.com/imageserver/image/%2Fmethode%2Ftimes%2Fprod%2Fweb%2Fbin%2F5508d7f7-4119-42d0-95fc-383d7dbcb7ee.jpg
2025-10-21 16:44:22,723 - INFO - downloading file at https://www.thetimes.com/imageserver/image/%2F6cb353f3-554e-4610-bfe6-2c3ed6bad396.jpg
2025-10-21 16:44:24,339 - INFO - downloading file at https://www.thetimes.com/imageserver/image/%2F1c173769-fb4d-4969-a9d5-78964c6cda4f.jpg
2025-10-21 16:44:25,820 - INFO - downloading file at https://www.thetimes.com/imageserver/image/%2Fmethode%2Ftimes%2Fprod%2Fweb%2Fbin%2F6c03ff49-323f-4423-9e1f-3a78d1acda7a.jpg
2025-10-21 16:44:27,102 - INFO - downloading file at https://www.thetimes.com/imageserver/image/%2F0222c68c-8607-4d5b-b6a3-3e501a19374f.jpg
2025-10-21 16:44:28,245 - INFO - downloading file at https://www.thetimes.com/imageserver/image/%2Fd800d5d9-be3b-4adf-afcb-f2ae044305a4.jpg
2025-10-21 16:44:29,794 - INFO - downloading images for article https://www.thetimes.com/uk/arts/article/neil-young-glastonbury-2025-corporate-turn-off-f272996k6
2025-10-21 16:44:29,795 - INFO - Successfully retrieved session from session_The-Times.pickle
2025-10-21 16:44:29,797 - INFO - Not re-downloading file at https://www.thetimes.com/imageserver/image/%2Fmethode%2Ftimes%2Fprod%2Fweb%2Fbin%2F909fd8b3-bb23-436e-bb6a-283d2382022b.jpg; already present as The-Times_2025-01-02_Gold-rush-for-Glastonbury_img1.jpg
2025-10-21 16:44:29,798 - INFO - downloading file at https://www.thetimes.com/imageserver/image/%2Fmethode%2Ftimes%2Fprod%2Fweb%2Fbin%2F909fd8b3-bb23-436e-bb6a-283d2382022b.jpg
2025-10-21 16:44:31,063 - INFO - downloading file at https://www.thetimes.com/imageserver/image/%2Fmethode%2Ftimes%2Fprod%2Fweb%2Fbin%2Ffd80af5a-da02-4327-9b78-d8a63d8b1483.jpg
2025-10-21 16:44:32,412 - INFO - downloading file at https://www.thetimes.com/imageserver/image/%2Fmethode%2Ftimes%2Fprod%2Fweb%2Fbin%2F6c154bf1-7e25-416d-832d-7903649c0a4f.jpg
2025-10-21 16:44:33,753 - INFO - downloading file at https://www.thetimes.com/imageserver/image/%2Fmethode%2Ftimes%2Fprod%2Fweb%2Fbin%2F3cc59b68-a35d-43ca-bb2c-3bc9b3ac2590.jpg
2025-10-21 16:44:35,001 - INFO - downloading file at https://www.thetimes.com/imageserver/image/%2Fmethode%2Ftimes%2Fprod%2Fweb%2Fbin%2Fc2591aab-b109-42f6-a7f6-f0564c7af74f.jpg
2025-10-21 16:44:36,641 - INFO - downloading images for article https://www.thetimes.com/uk/law/article/labour-donor-dale-vince-says-435m-divorce-bill-is-total-vindication-mmfbpnnss
2025-10-21 16:44:36,642 - INFO - Successfully retrieved session from session_The-Times.pickle
2025-10-21 16:44:36,643 - INFO - Not re-downloading file at https://www.thetimes.com/imageserver/image/%2Fmethode%2Ftimes%2Fprod%2Fweb%2Fbin%2F1febf6db-c33c-4dbe-9344-b232b9ad1d54.jpg; already present as The-Times_2025-01-17_Labour-donor-Dale-Vince_img1.jpg
2025-10-21 16:44:36,644 - INFO - downloading file at https://www.thetimes.com/imageserver/image/%2Fmethode%2Ftimes%2Fprod%2Fweb%2Fbin%2F1febf6db-c33c-4dbe-9344-b232b9ad1d54.jpg
2025-10-21 16:44:37,908 - INFO - downloading file at https://www.thetimes.com/imageserver/image/%2Fmethode%2Ftimes%2Fprod%2Fweb%2Fbin%2F38cdabdd-c1d1-4759-8867-48a7718ffb2e.jpg
2025-10-21 16:44:39,204 - INFO - downloading file at https://www.thetimes.com/imageserver/image/%2Fmethode%2Ftimes%2Fprod%2Fweb%2Fbin%2F538418ce-48e9-4ec7-9c4e-f1950529280b.jpg
2025-10-21 16:44:40,252 - INFO - downloading file at https://www.thetimes.com/imageserver/image/%2Fmethode%2Ftimes%2Fprod%2Fweb%2Fbin%2Fd6b8cede-8724-4089-be56-333460cb850a.jpg
2025-10-21 16:44:41,534 - INFO - scraping urls from file: ../google_scraping/article_urls/The-Times/thetimes.com_2025-02-01_2025-02-28_urls.csv
2025-10-21 16:44:41,535 - INFO - Successfully retrieved session from session_The-Times.pickle
2025-10-21 16:44:41,674 - INFO - Parsing url: https://www.thetimes.com/profile/will-lloyd?page=2
2025-10-21 16:44:41,710 - INFO - removed image due to bad caption: The Times & The Sunday Times
2025-10-21 16:44:41,715 - INFO - date to string conversion for json unsuccessful due to 'NoneType' object has no attribute 'strftime'
2025-10-21 16:44:41,715 - INFO - article dropped, no body text found: https://www.thetimes.com/profile/will-lloyd?page=2
2025-10-21 16:44:41,715 - INFO - Parsing url: https://www.thetimes.com/comment/columnists/article/the-carbon-noose-is-tightening-can-labour-keep-voters-onside-80wl8lwt0
2025-10-21 16:44:41,770 - INFO - removed image due to bad caption: The Times & The Sunday Times
2025-10-21 16:44:41,774 - INFO - article dropped, search terms not present: https://www.thetimes.com/comment/columnists/article/the-carbon-noose-is-tightening-can-labour-keep-voters-onside-80wl8lwt0
2025-10-21 16:44:41,774 - INFO - Parsing url: https://www.thetimes.com/html-sitemap/2025-02-1
2025-10-21 16:44:41,975 - INFO - removed image due to bad caption: The Times & The Sunday Times
2025-10-21 16:44:41,981 - INFO - date to string conversion for json unsuccessful due to 'NoneType' object has no attribute 'strftime'
2025-10-21 16:44:41,981 - INFO - article dropped, no body text found: https://www.thetimes.com/html-sitemap/2025-02-1
2025-10-21 16:44:41,981 - INFO - Parsing url: https://www.thetimes.com/business-money/energy/article/shell-restarts-production-at-penguins-north-sea-oil-field-mdd5z9mrg
2025-10-21 16:44:42,020 - INFO - removed image due to bad caption: The Times & The Sunday Times
2025-10-21 16:44:42,023 - INFO - article dropped, search terms not present: https://www.thetimes.com/business-money/energy/article/shell-restarts-production-at-penguins-north-sea-oil-field-mdd5z9mrg
2025-10-21 16:44:42,023 - INFO - Parsing url: https://www.thetimes.com/uk/obituaries/article/pete-wilkinson-obituary-greenpeace-uks-first-director-90zwlbtq2
2025-10-21 16:44:42,062 - INFO - removed image due to bad caption: The Times & The Sunday Times
2025-10-21 16:44:42,064 - INFO - Parsing url: https://www.thetimes.com/uk/environment/article/tony-juniper-natural-england-developments-planning-reform-mjt7dg7rx
2025-10-21 16:44:42,108 - INFO - removed image due to bad caption: The Times & The Sunday Times
2025-10-21 16:44:42,111 - INFO - Parsing url: https://www.thetimes.com/business-money/companies/article/meet-the-activists-who-are-the-most-feared-investors-xpfgqxkr2
2025-10-21 16:44:42,150 - INFO - removed image due to bad caption: The Times & The Sunday Times
2025-10-21 16:44:42,153 - INFO - article dropped, search terms not present: https://www.thetimes.com/business-money/companies/article/meet-the-activists-who-are-the-most-feared-investors-xpfgqxkr2
2025-10-21 16:44:42,154 - INFO - downloading images for file article_contents/The-Times/thetimes.com_2025-02-01_2025-02-28_parsed.json
2025-10-21 16:44:42,154 - INFO - downloading images for article https://www.thetimes.com/uk/obituaries/article/pete-wilkinson-obituary-greenpeace-uks-first-director-90zwlbtq2
2025-10-21 16:44:42,154 - INFO - Successfully retrieved session from session_The-Times.pickle
2025-10-21 16:44:42,155 - INFO - Not re-downloading file at https://www.thetimes.com/imageserver/image/%2F9499b06e-baae-4791-9551-9664beb2d3fb.jpg; already present as The-Times_2025-02-07_Pete-Wilkinson-obituary-Greenpeace_img1.jpg
2025-10-21 16:44:42,156 - INFO - downloading file at https://www.thetimes.com/imageserver/image/%2F9499b06e-baae-4791-9551-9664beb2d3fb.jpg
2025-10-21 16:44:43,580 - INFO - downloading file at https://www.thetimes.com/imageserver/image/%2F6358edc3-9844-419e-af55-768a1ba14a4b.jpg
2025-10-21 16:44:44,812 - INFO - downloading file at https://www.thetimes.com/imageserver/image/%2F17cdd4d9-3fe5-4e24-9891-edacbb0bf18f.jpg
2025-10-21 16:44:46,064 - INFO - downloading file at https://www.thetimes.com/imageserver/image/%2Fe0a9d92e-6918-42b2-99f8-cdcec84a3433.jpg
2025-10-21 16:44:47,328 - INFO - downloading images for article https://www.thetimes.com/uk/environment/article/tony-juniper-natural-england-developments-planning-reform-mjt7dg7rx
2025-10-21 16:44:47,329 - INFO - Successfully retrieved session from session_The-Times.pickle
2025-10-21 16:44:47,330 - INFO - Not re-downloading file at https://www.thetimes.com/imageserver/image/%2Fe4e07814-44a0-4b42-b546-336958456513.jpg; already present as The-Times_2025-02-16_Tony-Juniper-We-can_img1.jpg
2025-10-21 16:44:47,332 - INFO - downloading file at https://www.thetimes.com/imageserver/image/%2Fe4e07814-44a0-4b42-b546-336958456513.jpg
2025-10-21 16:44:48,618 - INFO - downloading file at https://www.thetimes.com/imageserver/image/%2F1d361586-131b-4354-8854-009a991afea0.jpg
2025-10-21 16:44:49,921 - INFO - downloading file at https://www.thetimes.com/imageserver/image/%2Fde7412c8-4662-48fd-9210-b1ca136433d5.jpg
2025-10-21 16:44:51,219 - INFO - downloading file at https://www.thetimes.com/imageserver/image/%2F7d27e98b-c23b-45e7-bece-4e176e8e31fd.jpg
2025-10-21 16:44:52,633 - INFO - downloading file at https://www.thetimes.com/imageserver/image/%2Fmethode%2Ftimes%2Fprod%2Fweb%2Fbin%2Fec5e50b3-d43a-418f-acdb-2a06d9dec50b.jpg
2025-10-21 16:44:53,938 - INFO - downloading file at https://www.thetimes.com/imageserver/image/%2Fmethode%2Ftimes%2Fprod%2Fweb%2Fbin%2F2c2dcc37-3341-40e7-b9ae-58f07b96a4b6.jpg
2025-10-21 16:44:55,377 - INFO - scraping urls from file: ../google_scraping/article_urls/The-Times/thetimes.com_2025-03-01_2025-03-31_urls.csv
2025-10-21 16:44:55,377 - INFO - Successfully retrieved session from session_The-Times.pickle
2025-10-21 16:44:55,594 - INFO - Parsing url: https://www.thetimes.com/comment/columnists/article/we-can-barely-make-steel-any-more-so-extra-weapons-might-be-a-stretch-drlldh5sh
2025-10-21 16:44:55,642 - INFO - removed image due to bad caption: The Times & The Sunday Times
2025-10-21 16:44:55,644 - INFO - article dropped, search terms not present: https://www.thetimes.com/comment/columnists/article/we-can-barely-make-steel-any-more-so-extra-weapons-might-be-a-stretch-drlldh5sh
2025-10-21 16:44:55,644 - INFO - Parsing url: https://www.thetimes.com/comment/columnists/article/ministers-must-act-now-to-save-the-north-sea-d2qsj2hzt
2025-10-21 16:44:55,683 - INFO - removed image due to bad caption: The Times & The Sunday Times
2025-10-21 16:44:55,686 - INFO - article dropped, search terms not present: https://www.thetimes.com/comment/columnists/article/ministers-must-act-now-to-save-the-north-sea-d2qsj2hzt
2025-10-21 16:44:55,686 - INFO - Parsing url: https://www.thetimes.com/us/news-today/article/greenpeace-lawsuit-trial-dakota-pipeline-0x0zj2d37
2025-10-21 16:44:55,723 - INFO - removed image due to bad caption: The Times & The Sunday Times
2025-10-21 16:44:55,725 - INFO - Parsing url: https://www.thetimes.com/uk/crime/article/undercover-met-police-officers-exposed-itv-j6rpjb3tr
2025-10-21 16:44:55,779 - INFO - removed image due to bad caption: The Times & The Sunday Times
2025-10-21 16:44:55,782 - INFO - Parsing url: https://www.thetimes.com/uk/environment/article/just-stop-oil-news-jso-wrnn62jks
2025-10-21 16:44:55,837 - INFO - removed image due to bad caption: The Times & The Sunday Times
2025-10-21 16:44:55,839 - INFO - Parsing url: https://www.thetimes.com/culture/music/article/the-weather-station-review-glasgow-gshzscgvl
2025-10-21 16:44:55,885 - INFO - removed image due to bad caption: The Times & The Sunday Times
2025-10-21 16:44:55,887 - INFO - Parsing url: https://www.thetimes.com/uk/environment/article/just-stop-oil-end-direct-protest-action-mjrrwl0s5
2025-10-21 16:44:55,929 - INFO - removed image due to bad caption: The Times & The Sunday Times
2025-10-21 16:44:55,932 - INFO - Parsing url: https://www.thetimes.com/topic/north-dakota
2025-10-21 16:44:55,961 - INFO - removed image due to bad caption: The Times & The Sunday Times
2025-10-21 16:44:55,963 - INFO - date to string conversion for json unsuccessful due to 'NoneType' object has no attribute 'strftime'
2025-10-21 16:44:55,963 - INFO - article dropped, no body text found: https://www.thetimes.com/topic/north-dakota
2025-10-21 16:44:55,963 - INFO - Parsing url: https://www.thetimes.com/us/news-today/article/greenpeace-defamation-lawsuit-verdict-h8snt8g3r
2025-10-21 16:44:56,016 - INFO - removed image due to bad caption: The Times & The Sunday Times
2025-10-21 16:44:56,028 - INFO - downloading images for file article_contents/The-Times/thetimes.com_2025-03-01_2025-03-31_parsed.json
2025-10-21 16:44:56,028 - INFO - downloading images for article https://www.thetimes.com/us/news-today/article/greenpeace-lawsuit-trial-dakota-pipeline-0x0zj2d37
2025-10-21 16:44:56,028 - INFO - Successfully retrieved session from session_The-Times.pickle
2025-10-21 16:44:56,029 - INFO - Not re-downloading file at https://www.thetimes.com/imageserver/image/%2F3b26d467-194a-4bae-a18d-4b06f297f4fa.jpg; already present as The-Times_2025-03-20_Greenpeace-may-quit-US_img1.jpg
2025-10-21 16:44:56,030 - INFO - downloading file at https://www.thetimes.com/imageserver/image/%2F3b26d467-194a-4bae-a18d-4b06f297f4fa.jpg
2025-10-21 16:44:57,265 - INFO - downloading file at https://www.thetimes.com/imageserver/image/%2F26528005-f9e6-4a5f-be55-a6e97c97e424.jpg
2025-10-21 16:44:58,593 - INFO - downloading file at https://www.thetimes.com/imageserver/image/%2F12fed790-d029-4fa2-abb3-96227df35f37.jpg
2025-10-21 16:44:59,881 - INFO - downloading file at https://www.thetimes.com/imageserver/image/%2F7f5925ec-51e5-457e-aa08-e17ebb4715e9.jpg
2025-10-21 16:45:01,057 - INFO - downloading images for article https://www.thetimes.com/uk/crime/article/undercover-met-police-officers-exposed-itv-j6rpjb3tr
2025-10-21 16:45:01,057 - INFO - Successfully retrieved session from session_The-Times.pickle
2025-10-21 16:45:01,059 - INFO - Not re-downloading file at https://www.thetimes.com/imageserver/image/%2F54624fee-52d5-4d44-9972-b5b637321c5f.jpg; already present as The-Times_2025-03-01_We-were-tricked-into_img1.jpg
2025-10-21 16:45:01,060 - INFO - downloading file at https://www.thetimes.com/imageserver/image/%2F54624fee-52d5-4d44-9972-b5b637321c5f.jpg
2025-10-21 16:45:02,317 - INFO - downloading file at https://www.thetimes.com/imageserver/image/%2F22e2a42d-a616-4946-a355-b876546b6e97.jpg
2025-10-21 16:45:03,557 - INFO - downloading file at https://www.thetimes.com/imageserver/image/%2F088b3831-d906-42be-a0ac-e3fb6510db88.jpg
2025-10-21 16:45:04,979 - INFO - downloading file at https://www.thetimes.com/imageserver/image/%2Fa4a3c082-a697-4f02-aef2-66d3e902ddf1.jpg
2025-10-21 16:45:06,432 - INFO - downloading file at https://www.thetimes.com/imageserver/image/%2Fb9135945-a8ed-46e3-81d4-ae50b402edc8.jpg
2025-10-21 16:45:07,934 - INFO - downloading file at https://www.thetimes.com/imageserver/image/%2Fe1731aa6-2986-42fb-ba70-286ad10022f4.jpg
2025-10-21 16:45:09,422 - INFO - downloading file at https://www.thetimes.com/imageserver/image/%2F6ba86daa-8d5f-4719-8b93-92a2e15ca358.jpg
2025-10-21 16:45:10,719 - INFO - downloading file at https://www.thetimes.com/imageserver/image/%2Fmethode%2Ftimes%2Fprod%2Fweb%2Fbin%2Ff3ddf512-a214-11eb-949b-ab1b919d4f89.jpg
2025-10-21 16:45:11,848 - INFO - downloading file at https://www.thetimes.com/imageserver/image/%2Fmethode%2Ftimes%2Fprod%2Fweb%2Fbin%2F6ca19262-2ab3-11eb-aca7-1c9add2102c6.jpg
2025-10-21 16:45:13,073 - INFO - downloading file at https://www.thetimes.com/imageserver/image/%2Fmethode%2Ftimes%2Fprod%2Fweb%2Fbin%2F0c6dbb60-22c4-11eb-a410-c62ccdb041f3.jpg
2025-10-21 16:45:14,370 - INFO - downloading images for article https://www.thetimes.com/uk/environment/article/just-stop-oil-news-jso-wrnn62jks
2025-10-21 16:45:14,370 - INFO - Successfully retrieved session from session_The-Times.pickle
2025-10-21 16:45:14,372 - INFO - Not re-downloading file at https://www.thetimes.com/imageserver/image/%2F33e741dd-7c0a-4cf9-b6ff-805d3eec4c1b.jpg; already present as The-Times_2025-03-29_How-Just-Stop-Oil_img1.jpg
2025-10-21 16:45:14,373 - INFO - downloading file at https://www.thetimes.com/imageserver/image/%2F33e741dd-7c0a-4cf9-b6ff-805d3eec4c1b.jpg
2025-10-21 16:45:15,667 - INFO - downloading file at https://www.thetimes.com/imageserver/image/%2Fd4809d2e-58b5-49e6-8011-09b0adc2c6f1.jpg
2025-10-21 16:45:17,126 - INFO - downloading file at https://www.thetimes.com/imageserver/image/%2Fe91fbcab-1d17-4e08-aede-e2b6f71e26f8.jpg
2025-10-21 16:45:18,340 - INFO - downloading file at https://www.thetimes.com/imageserver/image/%2F90a41175-3e9e-49e9-a561-e8ae63269c0e.jpg
2025-10-21 16:45:19,569 - INFO - downloading file at https://www.thetimes.com/imageserver/image/%2Ffe9c91ed-cec1-4bae-8d29-a291768da899.jpg
2025-10-21 16:45:20,869 - INFO - downloading file at https://www.thetimes.com/imageserver/image/%2Fmethode%2Ftimes%2Fprod%2Fweb%2Fbin%2Ff1b1ab03-aed2-483c-a2c5-3dbb0e7de7e8.jpg
2025-10-21 16:45:22,109 - INFO - downloading file at https://www.thetimes.com/imageserver/image/%2Fmethode%2Ftimes%2Fprod%2Fweb%2Fbin%2F0e9d42bc-1398-488c-a612-7e0c98828a14.jpg
2025-10-21 16:45:23,337 - INFO - downloading images for article https://www.thetimes.com/culture/music/article/the-weather-station-review-glasgow-gshzscgvl
2025-10-21 16:45:23,338 - INFO - Successfully retrieved session from session_The-Times.pickle
2025-10-21 16:45:23,339 - INFO - Not re-downloading file at https://www.thetimes.com/imageserver/image/%2Fe9abfc46-43ff-44c1-b64d-373b6787525a.jpg; already present as The-Times_2025-03-10_The-Weather-Station-review_img1.jpg
2025-10-21 16:45:23,340 - INFO - downloading file at https://www.thetimes.com/imageserver/image/%2Fe9abfc46-43ff-44c1-b64d-373b6787525a.jpg
2025-10-21 16:45:24,634 - INFO - downloading file at https://www.thetimes.com/imageserver/image/%2Fmethode%2Ftimes%2Fprod%2Fweb%2Fbin%2F5317339d-c82a-4434-8af5-a4bb9df91b04.jpg
2025-10-21 16:45:25,973 - INFO - downloading file at https://www.thetimes.com/imageserver/image/%2Fmethode%2Fsundaytimes%2Fprod%2Fweb%2Fbin%2F01261f3e-a47a-11ec-a9dd-14c997a643ea.jpg
2025-10-21 16:45:27,182 - INFO - downloading file at https://www.thetimes.com/imageserver/image/%2Fmethode%2Ftimes%2Fprod%2Fweb%2Fbin%2F40d33cd4-ab69-11ec-b5dd-c16e85f55725.jpg
2025-10-21 16:45:28,501 - INFO - downloading images for article https://www.thetimes.com/uk/environment/article/just-stop-oil-end-direct-protest-action-mjrrwl0s5
2025-10-21 16:45:28,504 - INFO - Successfully retrieved session from session_The-Times.pickle
2025-10-21 16:45:28,515 - INFO - Not re-downloading file at https://www.thetimes.com/imageserver/image/%2Fdf9640bf-8b31-4dff-802c-b1fe0765219f.jpg; already present as The-Times_2025-03-27_Just-Stop-Oil-to_img1.jpg
2025-10-21 16:45:28,516 - INFO - downloading file at https://www.thetimes.com/imageserver/image/%2Fdf9640bf-8b31-4dff-802c-b1fe0765219f.jpg
2025-10-21 16:45:29,690 - INFO - downloading file at https://www.thetimes.com/imageserver/image/%2Fe60da254-84c9-48e3-a3c5-a714d8d654b3.jpg
2025-10-21 16:45:30,902 - INFO - downloading file at https://www.thetimes.com/imageserver/image/%2Fmethode%2Ftimes%2Fprod%2Fweb%2Fbin%2F2e420dd8-e1b5-4375-887e-a7dc4dc7a0a3.jpg
2025-10-21 16:45:32,087 - INFO - downloading images for article https://www.thetimes.com/us/news-today/article/greenpeace-defamation-lawsuit-verdict-h8snt8g3r
2025-10-21 16:45:32,090 - INFO - Successfully retrieved session from session_The-Times.pickle
2025-10-21 16:45:32,096 - INFO - Not re-downloading file at https://www.thetimes.com/imageserver/image/%2F9263d4f4-ece7-4bca-9120-7ae5283bfcac.jpg; already present as The-Times_2025-03-21_How-Greenpeaces-American-dream_img1.jpg
2025-10-21 16:45:32,100 - INFO - downloading file at https://www.thetimes.com/imageserver/image/%2F9263d4f4-ece7-4bca-9120-7ae5283bfcac.jpg
2025-10-21 16:45:33,425 - INFO - downloading file at https://www.thetimes.com/imageserver/image/%2Fac1a6bce-f6d6-4fae-913b-3592822cb6c5.jpg
2025-10-21 16:45:35,076 - INFO - downloading file at https://www.thetimes.com/imageserver/image/%2F016683f0-819c-4deb-8e5c-6459050b06d7.jpg
2025-10-21 16:45:36,303 - INFO - downloading file at https://www.thetimes.com/imageserver/image/%2Fca72fb2c-7b5e-4231-a5cf-70357e4febc8.jpg
2025-10-21 16:45:37,699 - INFO - downloading file at https://www.thetimes.com/imageserver/image/%2Fdf748ce2-faa6-459a-b604-d744893d5b43.jpg
2025-10-21 16:45:38,948 - INFO - downloading file at https://www.thetimes.com/imageserver/image/%2Fed2fc6a7-e401-40de-9beb-33b76e41cbef.jpg
2025-10-21 16:45:40,409 - INFO - downloading file at https://www.thetimes.com/imageserver/image/%2F740d7f77-157a-47aa-b8c6-a114c3d3ba36.jpg
2025-10-21 16:45:41,643 - INFO - downloading file at https://www.thetimes.com/imageserver/image/%2F86975911-a6f9-4769-986c-b8e5650d0eac.jpg
2025-10-21 16:45:42,885 - INFO - downloading file at https://www.thetimes.com/imageserver/image/%2F4a060a3a-84f9-4c30-82ba-393f56271d7e.jpg
2025-10-21 16:45:44,300 - INFO - scraping urls from file: ../google_scraping/article_urls/The-Times/thetimes.com_2025-04-01_2025-04-30_urls.csv
2025-10-21 16:45:44,301 - INFO - Successfully retrieved session from session_The-Times.pickle
2025-10-21 16:45:44,390 - INFO - Parsing url: https://www.thetimes.com/profile/adam-vaughan?page=6
2025-10-21 16:45:44,431 - INFO - removed image due to bad caption: The Times & The Sunday Times
2025-10-21 16:45:44,433 - INFO - date to string conversion for json unsuccessful due to 'NoneType' object has no attribute 'strftime'
2025-10-21 16:45:44,434 - INFO - article dropped, no body text found: https://www.thetimes.com/profile/adam-vaughan?page=6
2025-10-21 16:45:44,434 - INFO - Parsing url: https://www.thetimes.com/profile/harriet-alexander
2025-10-21 16:45:44,461 - INFO - removed image due to bad caption: The Times & The Sunday Times
2025-10-21 16:45:44,463 - INFO - date to string conversion for json unsuccessful due to 'NoneType' object has no attribute 'strftime'
2025-10-21 16:45:44,463 - INFO - article dropped, no body text found: https://www.thetimes.com/profile/harriet-alexander
2025-10-21 16:45:44,463 - INFO - Parsing url: https://www.thetimes.com/uk/environment/article/theres-no-vegan-stir-fry-a-just-stop-oil-mum-on-life-in-prison-06n9ctx72
2025-10-21 16:45:44,505 - INFO - removed image due to bad caption: The Times & The Sunday Times
2025-10-21 16:45:44,508 - INFO - Parsing url: https://www.thetimes.com/uk/crime/article/m25-protester-roger-hallam-jail-media-interest-zzjgrpgrt
2025-10-21 16:45:44,556 - INFO - removed image due to bad caption: The Times & The Sunday Times
2025-10-21 16:45:44,559 - INFO - downloading images for file article_contents/The-Times/thetimes.com_2025-04-01_2025-04-30_parsed.json
2025-10-21 16:45:44,559 - INFO - downloading images for article https://www.thetimes.com/uk/environment/article/theres-no-vegan-stir-fry-a-just-stop-oil-mum-on-life-in-prison-06n9ctx72
2025-10-21 16:45:44,559 - INFO - Successfully retrieved session from session_The-Times.pickle
2025-10-21 16:45:44,560 - INFO - Not re-downloading file at https://www.thetimes.com/imageserver/image/%2Fe1f5d45a-5656-4149-b490-d8ba1ef4d8cf.jpg; already present as The-Times_2025-04-19_Theres-no-vegan-stirfry_img1.jpg
2025-10-21 16:45:44,561 - INFO - downloading file at https://www.thetimes.com/imageserver/image/%2Fe1f5d45a-5656-4149-b490-d8ba1ef4d8cf.jpg
2025-10-21 16:45:45,960 - INFO - downloading file at https://www.thetimes.com/imageserver/image/%2Fc1b49b1d-f7fd-413b-b729-d9e1aa9743c2.jpg
2025-10-21 16:45:47,412 - INFO - downloading file at https://www.thetimes.com/imageserver/image/%2Fcee1faf3-e295-499c-9c7d-ef552f239a4a.jpg
2025-10-21 16:45:48,879 - INFO - downloading file at https://www.thetimes.com/imageserver/image/%2Fbd4fe53c-fd07-492b-a17d-3d65ac9333d7.jpg
2025-10-21 16:45:50,305 - INFO - downloading file at https://www.thetimes.com/imageserver/image/%2F2469653e-44d9-4671-8c1c-9731c025c938.jpg
2025-10-21 16:45:51,664 - INFO - downloading file at https://www.thetimes.com/imageserver/image/%2F92f864d2-5f53-4f22-a73e-7cd5515ac131.jpg
2025-10-21 16:45:52,844 - INFO - downloading file at https://www.thetimes.com/imageserver/image/%2Fmethode%2Ftimes%2Fprod%2Fweb%2Fbin%2Fc4684738-c0ba-460f-81ba-79f03edc6bb3.jpg
2025-10-21 16:45:54,030 - INFO - downloading file at https://www.thetimes.com/imageserver/image/%2Fdf9640bf-8b31-4dff-802c-b1fe0765219f.jpg
2025-10-21 16:45:55,109 - INFO - downloading images for article https://www.thetimes.com/uk/crime/article/m25-protester-roger-hallam-jail-media-interest-zzjgrpgrt
2025-10-21 16:45:55,111 - INFO - Successfully retrieved session from session_The-Times.pickle
2025-10-21 16:45:55,117 - INFO - Not re-downloading file at https://www.thetimes.com/imageserver/image/%2F47713d79-53d1-48da-81f1-defcf68b6358.jpg; already present as The-Times_2025-04-13_M25-protester-kept-in_img1.jpg
2025-10-21 16:45:55,120 - INFO - downloading file at https://www.thetimes.com/imageserver/image/%2F47713d79-53d1-48da-81f1-defcf68b6358.jpg
2025-10-21 16:45:56,880 - INFO - downloading file at https://www.thetimes.com/imageserver/image/%2Ffc9640b7-2a7e-4b24-b51f-3cf7c1e7713d.jpg
2025-10-21 16:45:58,149 - INFO - downloading file at https://www.thetimes.com/imageserver/image/%2Fd0053980-ae8e-4a11-a1c2-5da805763024.jpg
2025-10-21 16:45:59,329 - INFO - downloading file at https://www.thetimes.com/imageserver/image/%2F33e741dd-7c0a-4cf9-b6ff-805d3eec4c1b.jpg
2025-10-21 16:46:00,394 - INFO - downloading file at https://www.thetimes.com/imageserver/image/%2Fdf9640bf-8b31-4dff-802c-b1fe0765219f.jpg
2025-10-21 16:46:01,436 - INFO - scraping urls from file: ../google_scraping/article_urls/The-Times/thetimes.com_2025-05-01_2025-05-31_urls.csv
2025-10-21 16:46:01,438 - INFO - Successfully retrieved session from session_The-Times.pickle
2025-10-21 16:46:01,498 - INFO - Parsing url: https://www.thetimes.com/html-sitemap/2025-05-4
2025-10-21 16:46:01,583 - INFO - removed image due to bad caption: The Times & The Sunday Times
2025-10-21 16:46:01,590 - INFO - date to string conversion for json unsuccessful due to 'NoneType' object has no attribute 'strftime'
2025-10-21 16:46:01,590 - INFO - article dropped, no body text found: https://www.thetimes.com/html-sitemap/2025-05-4
2025-10-21 16:46:01,590 - INFO - Parsing url: https://www.thetimes.com/life-style/property-home/article/gen-z-teapot-trend-revival-best-nt7k6ttkz
2025-10-21 16:46:01,692 - INFO - removed image due to bad caption: The Times & The Sunday Times
2025-10-21 16:46:01,695 - INFO - article dropped, search terms not present: https://www.thetimes.com/life-style/property-home/article/gen-z-teapot-trend-revival-best-nt7k6ttkz
2025-10-21 16:46:01,695 - INFO - downloading images for file article_contents/The-Times/thetimes.com_2025-05-01_2025-05-31_parsed.json
2025-10-21 16:46:01,696 - INFO - scraping urls from file: ../google_scraping/article_urls/The-Times/thetimes.com_2025-06-01_2025-06-30_urls.csv
2025-10-21 16:46:01,697 - INFO - Successfully retrieved session from session_The-Times.pickle
2025-10-21 16:46:01,889 - INFO - Parsing url: https://www.thetimes.com/world/europe/article/jeff-bezos-forced-to-move-wedding-party-after-protests-in-venice-j6qqp3t2j
2025-10-21 16:46:01,946 - INFO - removed image due to bad caption: The Times & The Sunday Times
2025-10-21 16:46:01,948 - INFO - Parsing url: https://www.thetimes.com/uk/crime/article/palestine-action-damage-bj0r7t97x
2025-10-21 16:46:01,986 - INFO - removed image due to bad caption: The Times & The Sunday Times
2025-10-21 16:46:01,988 - INFO - Parsing url: https://www.thetimes.com/culture/music/article/glastonbury-festival-greenpeace-how-to-beat-facial-recognition-protests-0v2c8cjl6
2025-10-21 16:46:02,025 - INFO - removed image due to bad caption: The Times & The Sunday Times
2025-10-21 16:46:02,027 - INFO - Parsing url: https://www.thetimes.com/uk/crime/article/palestine-action-vandalism-xrcnlpdgh
2025-10-21 16:46:02,062 - INFO - removed image due to bad caption: The Times & The Sunday Times
2025-10-21 16:46:02,064 - INFO - Parsing url: https://www.thetimes.com/uk/crime/article/youth-demand-undercover-jrsqqq0rz
2025-10-21 16:46:02,101 - INFO - removed image due to bad caption: The Times & The Sunday Times
2025-10-21 16:46:02,104 - INFO - Parsing url: https://www.thetimes.com/uk/defence/article/nato-summit-trump-latest-news-live-starmer-sbsjm7gxt
2025-10-21 16:46:02,169 - INFO - image parsing unsuccessful due to 'NoneType' object has no attribute 'lower'
2025-10-21 16:46:02,176 - INFO - article dropped, search terms not present: https://www.thetimes.com/uk/defence/article/nato-summit-trump-latest-news-live-starmer-sbsjm7gxt
2025-10-21 16:46:02,176 - INFO - Parsing url: https://www.thetimes.com/culture/music/article/glastonbury-2025-live-latest-news-r078q0rr3
2025-10-21 16:46:02,256 - INFO - image parsing unsuccessful due to 'NoneType' object has no attribute 'lower'
2025-10-21 16:46:02,265 - INFO - Parsing url: https://www.thetimes.com/uk/politics/article/ed-miliband-oil-and-gas-north-sea-vx6ln9r6w
2025-10-21 16:46:02,306 - INFO - removed image due to bad caption: The Times & The Sunday Times
2025-10-21 16:46:02,308 - INFO - Parsing url: https://www.thetimes.com/uk/politics/article/miliband-to-rewrite-green-rules-to-allow-north-sea-drilling-8g2tdvgqx
2025-10-21 16:46:02,348 - INFO - removed image due to bad caption: The Times & The Sunday Times
2025-10-21 16:46:02,352 - INFO - downloading images for file article_contents/The-Times/thetimes.com_2025-06-01_2025-06-30_parsed.json
2025-10-21 16:46:02,352 - INFO - downloading images for article https://www.thetimes.com/world/europe/article/jeff-bezos-forced-to-move-wedding-party-after-protests-in-venice-j6qqp3t2j
2025-10-21 16:46:02,352 - INFO - Successfully retrieved session from session_The-Times.pickle
2025-10-21 16:46:02,353 - INFO - Not re-downloading file at https://www.thetimes.com/imageserver/image/%2F7b91818b-b0c0-4136-ab09-cc0181a92d7c.jpg; already present as The-Times_2025-06-24_Jeff-Bezos-forced-to_img1.jpg
2025-10-21 16:46:02,354 - INFO - downloading file at https://www.thetimes.com/imageserver/image/%2F7b91818b-b0c0-4136-ab09-cc0181a92d7c.jpg
2025-10-21 16:46:03,913 - INFO - downloading file at https://www.thetimes.com/imageserver/image/%2F5b4aaced-bccd-4ef2-b094-9570431a871c.jpg
2025-10-21 16:46:05,176 - INFO - downloading file at https://www.thetimes.com/imageserver/image/%2F8242f6e8-f131-48dd-868c-a84281223741.jpg
2025-10-21 16:46:06,542 - INFO - downloading file at https://www.thetimes.com/imageserver/image/%2Fc1debee7-6a19-487a-a108-9496ec0bcf17.jpg
2025-10-21 16:46:07,774 - INFO - downloading file at https://www.thetimes.com/imageserver/image/%2Fed3159be-85a6-428b-b99d-5d4879ec3a64.jpg
2025-10-21 16:46:09,029 - INFO - downloading images for article https://www.thetimes.com/uk/crime/article/palestine-action-damage-bj0r7t97x
2025-10-21 16:46:09,031 - INFO - Successfully retrieved session from session_The-Times.pickle
2025-10-21 16:46:09,035 - INFO - Not re-downloading file at https://www.thetimes.com/imageserver/image/%2F2a77bbb4-94db-4b01-8b02-a612e49cd26b.jpg; already present as The-Times_2025-06-26_Undercover-with-Palestine-Action_img1.jpg
2025-10-21 16:46:09,039 - INFO - downloading file at https://www.thetimes.com/imageserver/image/%2F2a77bbb4-94db-4b01-8b02-a612e49cd26b.jpg
2025-10-21 16:46:10,292 - INFO - downloading file at https://www.thetimes.com/imageserver/image/%2Ff9dbf5fc-8f22-4301-869d-d00cb8a09d11.jpg
2025-10-21 16:46:11,537 - INFO - downloading file at https://www.thetimes.com/imageserver/image/%2Fc233648f-cdd7-4aa9-8b76-e5934412e7de.jpg
2025-10-21 16:46:12,942 - INFO - downloading file at https://www.thetimes.com/imageserver/image/%2F59af2264-6571-4aed-ae5e-7a5320a8ef8c.jpg
2025-10-21 16:46:14,109 - INFO - downloading file at https://www.thetimes.com/imageserver/image/%2F5106b9b0-47d3-489a-a7fb-7f53c0b8865a.jpg
2025-10-21 16:46:15,305 - INFO - downloading file at https://www.thetimes.com/imageserver/image/%2Fbf114e74-2634-465f-93c3-0625469d4b02.jpg
2025-10-21 16:46:16,822 - INFO - downloading images for article https://www.thetimes.com/culture/music/article/glastonbury-festival-greenpeace-how-to-beat-facial-recognition-protests-0v2c8cjl6
2025-10-21 16:46:16,824 - INFO - Successfully retrieved session from session_The-Times.pickle
2025-10-21 16:46:16,828 - INFO - Not re-downloading file at https://www.thetimes.com/imageserver/image/%2Fecc3351f-6be4-476b-97f3-7cd283360a87.jpg; already present as The-Times_2025-06-26_My-makeup-class-at_img1.jpg
2025-10-21 16:46:16,829 - INFO - downloading file at https://www.thetimes.com/imageserver/image/%2Fecc3351f-6be4-476b-97f3-7cd283360a87.jpg
2025-10-21 16:46:18,079 - INFO - downloading file at https://www.thetimes.com/imageserver/image/%2Fb23cb3d4-f016-478f-ac32-fbec39ce3e4c.jpg
2025-10-21 16:46:19,517 - INFO - downloading file at https://www.thetimes.com/imageserver/image/%2F0616b24f-282f-4074-8994-f966027673ed.jpg
2025-10-21 16:46:20,800 - INFO - downloading file at https://www.thetimes.com/imageserver/image/%2F5606fc26-17b5-43df-80d8-8e9e8b63bccd.jpg
2025-10-21 16:46:22,054 - INFO - downloading file at https://www.thetimes.com/imageserver/image/%2F88b85a57-f0b7-4ef9-91c0-ebaa1005ebee.jpg
2025-10-21 16:46:23,322 - INFO - downloading file at https://www.thetimes.com/imageserver/image/%2F9e216795-9241-47be-a800-b14ef903fc2d.jpg
2025-10-21 16:46:24,833 - INFO - downloading file at https://www.thetimes.com/imageserver/image/%2F88dd04ac-b888-41bc-90f1-be207e4f925d.jpg
2025-10-21 16:46:26,078 - INFO - downloading file at https://www.thetimes.com/imageserver/image/%2Fe63a19dd-bfc8-4bfe-abd9-56612be8bdb6.jpg
2025-10-21 16:46:27,262 - INFO - downloading images for article https://www.thetimes.com/uk/crime/article/palestine-action-vandalism-xrcnlpdgh
2025-10-21 16:46:27,264 - INFO - Successfully retrieved session from session_The-Times.pickle
2025-10-21 16:46:27,269 - INFO - Not re-downloading file at https://www.thetimes.com/imageserver/image/%2F58421ac1-8b9c-4dfb-b4bc-c61925e3617c.jpg; already present as The-Times_2025-06-21_Cost-of-damage-by_img1.jpg
2025-10-21 16:46:27,273 - INFO - downloading file at https://www.thetimes.com/imageserver/image/%2F58421ac1-8b9c-4dfb-b4bc-c61925e3617c.jpg
2025-10-21 16:46:28,536 - INFO - downloading file at https://www.thetimes.com/imageserver/image/%2F203698a1-4dcf-4976-8c8b-16db43ead514.jpg
2025-10-21 16:46:29,748 - INFO - downloading file at https://www.thetimes.com/imageserver/image/%2F6996a40c-4dc7-4cb1-bcbe-ec50f3e78347.jpg
2025-10-21 16:46:30,982 - INFO - downloading file at https://www.thetimes.com/imageserver/image/%2F396bc229-3820-4da3-a6f9-4ae527e65cad.jpg
2025-10-21 16:46:32,214 - INFO - downloading file at https://www.thetimes.com/imageserver/image/%2Fa520b493-7d63-459a-96ac-9e07f1aace58.jpg
2025-10-21 16:46:33,483 - INFO - downloading file at https://www.thetimes.com/imageserver/image/%2F33e741dd-7c0a-4cf9-b6ff-805d3eec4c1b.jpg
2025-10-21 16:46:34,550 - INFO - downloading images for article https://www.thetimes.com/uk/crime/article/youth-demand-undercover-jrsqqq0rz
2025-10-21 16:46:34,552 - INFO - Successfully retrieved session from session_The-Times.pickle
2025-10-21 16:46:34,557 - INFO - downloading file at https://www.thetimes.com/imageserver/image/%2Ff8a8d450-6c28-40b7-bccd-e1732444b02e.jpg
2025-10-21 16:46:35,846 - INFO - downloading file at https://www.thetimes.com/imageserver/image/%2Ff8a8d450-6c28-40b7-bccd-e1732444b02e.jpg
2025-10-21 16:46:36,928 - INFO - downloading file at https://www.thetimes.com/imageserver/image/%2F09a8f583-ee8d-456e-ab7e-6a14558bac77.jpg
2025-10-21 16:46:38,230 - INFO - downloading file at https://www.thetimes.com/imageserver/image/%2F13152da6-5a88-4c14-9255-e65cdc07c928.jpg
2025-10-21 16:46:39,515 - INFO - downloading file at https://www.thetimes.com/imageserver/image/%2F94c63879-20f7-490e-82f5-576362eb0f53.jpg
2025-10-21 16:46:40,947 - INFO - downloading file at https://www.thetimes.com/imageserver/image/%2Fe1f5d45a-5656-4149-b490-d8ba1ef4d8cf.jpg
2025-10-21 16:46:42,138 - INFO - downloading file at https://www.thetimes.com/imageserver/image/%2F47713d79-53d1-48da-81f1-defcf68b6358.jpg
2025-10-21 16:46:43,512 - INFO - downloading images for article https://www.thetimes.com/culture/music/article/glastonbury-2025-live-latest-news-r078q0rr3
2025-10-21 16:46:43,514 - INFO - Successfully retrieved session from session_The-Times.pickle
2025-10-21 16:46:43,515 - INFO - downloading images for article https://www.thetimes.com/uk/politics/article/ed-miliband-oil-and-gas-north-sea-vx6ln9r6w
2025-10-21 16:46:43,516 - INFO - Successfully retrieved session from session_The-Times.pickle
2025-10-21 16:46:43,518 - INFO - Not re-downloading file at https://www.thetimes.com/imageserver/image/%2F20820075-e03c-49b4-93f3-e8f5233d62dd.jpg; already present as The-Times_2025-06-19_Is-ecowarrior-Ed-Miliband_img1.jpg
2025-10-21 16:46:43,521 - INFO - downloading file at https://www.thetimes.com/imageserver/image/%2F20820075-e03c-49b4-93f3-e8f5233d62dd.jpg
2025-10-21 16:46:44,774 - INFO - downloading file at https://www.thetimes.com/imageserver/image/%2F49b86a63-f67f-47b4-87ca-9a8e3e9c3c3e.jpg
2025-10-21 16:46:46,024 - INFO - downloading file at https://www.thetimes.com/imageserver/image/%2F2889d603-fc63-41de-afc1-017b37258b9f.jpg
2025-10-21 16:46:47,345 - INFO - downloading file at https://www.thetimes.com/imageserver/image/%2F502c82e2-6a9e-4ebe-ac5b-909c3ca4b4a1.jpg
2025-10-21 16:46:48,798 - INFO - downloading file at https://www.thetimes.com/imageserver/image/%2Fmethode%2Ftimes%2Fprod%2Fweb%2Fbin%2F031785cd-e95f-4230-83ba-3b0f4f9af6b2.jpg
2025-10-21 16:46:50,200 - INFO - downloading file at https://www.thetimes.com/imageserver/image/%2Fmethode%2Ftimes%2Fprod%2Fweb%2Fbin%2Fc4684738-c0ba-460f-81ba-79f03edc6bb3.jpg
2025-10-21 16:46:51,230 - INFO - downloading images for article https://www.thetimes.com/uk/politics/article/miliband-to-rewrite-green-rules-to-allow-north-sea-drilling-8g2tdvgqx
2025-10-21 16:46:51,232 - INFO - Successfully retrieved session from session_The-Times.pickle
2025-10-21 16:46:51,236 - INFO - Not re-downloading file at https://www.thetimes.com/imageserver/image/%2Fe6855592-672e-4e3c-8668-b48567c8c5cd.jpg; already present as The-Times_2025-06-19_Boost-for-North-Sea_img1.jpg
2025-10-21 16:46:51,237 - INFO - downloading file at https://www.thetimes.com/imageserver/image/%2Fe6855592-672e-4e3c-8668-b48567c8c5cd.jpg
2025-10-21 16:46:52,793 - INFO - downloading file at https://www.thetimes.com/imageserver/image/%2Fd7a8d262-4701-4f89-8399-61d0907ae3d5.jpg
2025-10-21 16:46:54,335 - INFO - downloading file at https://www.thetimes.com/imageserver/image/%2Fe336291b-7689-4700-9e4a-ae015675c2c5.jpg
2025-10-21 16:46:55,675 - INFO - downloading file at https://www.thetimes.com/imageserver/image/%2Fcced18df-55a5-4ad7-b803-87a45c472615.jpeg
2025-10-21 16:46:57,015 - INFO - downloading file at https://www.thetimes.com/imageserver/image/%2F8cc6bae1-e709-4453-9524-594b5422c5da.jpg
2025-10-21 16:46:58,287 - INFO - scraping urls from file: ../google_scraping/article_urls/The-Times/thetimes.com_2025-07-01_2025-07-31_urls.csv
2025-10-21 16:46:58,288 - INFO - Successfully retrieved session from session_The-Times.pickle
2025-10-21 16:46:58,473 - INFO - Parsing url: https://www.thetimes.com/culture/books/article/anti-catastrophe-league-pioneers-visionaries-quest-save-world-tom-ough-review-bqz6pzmhw
2025-10-21 16:46:58,536 - INFO - removed image due to bad caption: The Times & The Sunday Times
2025-10-21 16:46:58,541 - INFO - Parsing url: https://www.thetimes.com/uk/law/article/un-climate-ruling-ushers-in-fresh-hopes-of-accountability-3rjbjp67s
2025-10-21 16:46:58,584 - INFO - removed image due to bad caption: The Times & The Sunday Times
2025-10-21 16:46:58,587 - INFO - Parsing url: https://www.thetimes.com/uk/crime/article/tatler-palestine-action-georgie-robertson-h8p3mjrq9
2025-10-21 16:46:58,621 - INFO - removed image due to bad caption: The Times & The Sunday Times
2025-10-21 16:46:58,624 - INFO - Parsing url: https://www.thetimes.com/html-sitemap/2025-07-4
2025-10-21 16:46:58,713 - INFO - removed image due to bad caption: The Times & The Sunday Times
2025-10-21 16:46:58,723 - INFO - date to string conversion for json unsuccessful due to 'NoneType' object has no attribute 'strftime'
2025-10-21 16:46:58,723 - INFO - article dropped, no body text found: https://www.thetimes.com/html-sitemap/2025-07-4
2025-10-21 16:46:58,723 - INFO - Parsing url: https://www.thetimes.com/comment/the-times-view/article/palestine-action-terror-status-too-far-5fn0m8xv9
2025-10-21 16:46:58,766 - INFO - removed image due to bad caption: The Times & The Sunday Times
2025-10-21 16:46:58,768 - INFO - Parsing url: https://www.thetimes.com/uk/politics/article/turnberry-golf-course-scotland-trump-g85xd857z
2025-10-21 16:46:58,875 - INFO - removed image due to bad caption: The Times & The Sunday Times
2025-10-21 16:46:58,877 - INFO - Parsing url: https://www.thetimes.com/uk/scotland/article/police-trump-visit-95r8tf7pd
2025-10-21 16:46:58,927 - INFO - removed image due to bad caption: The Times & The Sunday Times
2025-10-21 16:46:58,929 - INFO - article dropped, search terms not present: https://www.thetimes.com/uk/scotland/article/police-trump-visit-95r8tf7pd
2025-10-21 16:46:58,929 - INFO - Parsing url: https://www.thetimes.com/html-sitemap/2025-07-2
2025-10-21 16:46:59,011 - INFO - removed image due to bad caption: The Times & The Sunday Times
2025-10-21 16:46:59,017 - INFO - date to string conversion for json unsuccessful due to 'NoneType' object has no attribute 'strftime'
2025-10-21 16:46:59,017 - INFO - article dropped, no body text found: https://www.thetimes.com/html-sitemap/2025-07-2
2025-10-21 16:46:59,025 - INFO - downloading images for file article_contents/The-Times/thetimes.com_2025-07-01_2025-07-31_parsed.json
2025-10-21 16:46:59,025 - INFO - downloading images for article https://www.thetimes.com/culture/books/article/anti-catastrophe-league-pioneers-visionaries-quest-save-world-tom-ough-review-bqz6pzmhw
2025-10-21 16:46:59,026 - INFO - Successfully retrieved session from session_The-Times.pickle
2025-10-21 16:46:59,027 - INFO - Not re-downloading file at https://www.thetimes.com/imageserver/image/%2F3c0a5da8-df19-4047-a75d-f1695dcaf2fd.jpg; already present as The-Times_2025-07-31_How-to-save-the_img1.jpg
2025-10-21 16:46:59,028 - INFO - downloading file at https://www.thetimes.com/imageserver/image/%2F3c0a5da8-df19-4047-a75d-f1695dcaf2fd.jpg
2025-10-21 16:47:00,209 - INFO - downloading file at https://www.thetimes.com/imageserver/image/%2F35f334b4-743c-42cf-9ce0-70da09b3ca16.jpg
2025-10-21 16:47:01,371 - INFO - downloading file at https://www.thetimes.com/imageserver/image/%2F7a366540-25bb-495c-8df1-dbad3c218514.jpg
2025-10-21 16:47:02,646 - INFO - downloading file at https://www.thetimes.com/imageserver/image/%2Fb07174cf-8950-49b3-8e54-6e720b39f2d6.jpg
2025-10-21 16:47:03,858 - INFO - downloading file at https://www.thetimes.com/imageserver/image/%2F2ad5bf18-689f-4c16-8aad-e5f4eee8a19f.jpg
2025-10-21 16:47:05,589 - INFO - downloading file at https://www.thetimes.com/imageserver/image/%2Fmethode%2Ftimes%2Fprod%2Fweb%2Fbin%2Ffc2a7f90-30e2-4e3b-9161-2afa66188978.jpg
2025-10-21 16:47:06,997 - INFO - downloading images for article https://www.thetimes.com/uk/law/article/un-climate-ruling-ushers-in-fresh-hopes-of-accountability-3rjbjp67s
2025-10-21 16:47:06,999 - INFO - Successfully retrieved session from session_The-Times.pickle
2025-10-21 16:47:07,003 - INFO - Not re-downloading file at https://www.thetimes.com/imageserver/image/%2F1bf79f47-65a6-4c7f-b160-3db2e816f0fa.jpg; already present as The-Times_2025-07-30_UN-climate-ruling-ushers_img1.jpg
2025-10-21 16:47:07,004 - INFO - downloading file at https://www.thetimes.com/imageserver/image/%2F1bf79f47-65a6-4c7f-b160-3db2e816f0fa.jpg
2025-10-21 16:47:08,509 - INFO - downloading file at https://www.thetimes.com/imageserver/image/%2F5c2b5a36-e0de-4125-b365-efebbecd1048.jpg
2025-10-21 16:47:09,852 - INFO - downloading file at https://www.thetimes.com/imageserver/image/%2F20820075-e03c-49b4-93f3-e8f5233d62dd.jpg
2025-10-21 16:47:10,911 - INFO - downloading images for article https://www.thetimes.com/uk/crime/article/tatler-palestine-action-georgie-robertson-h8p3mjrq9
2025-10-21 16:47:10,913 - INFO - Successfully retrieved session from session_The-Times.pickle
2025-10-21 16:47:10,917 - INFO - Not re-downloading file at https://www.thetimes.com/imageserver/image/%2F6a420ca7-c5cf-498d-b5ab-10fc69d0f77c.jpg; already present as The-Times_2025-07-18_Palestine-Action-activist-wore_img1.jpg
2025-10-21 16:47:10,918 - INFO - downloading file at https://www.thetimes.com/imageserver/image/%2F6a420ca7-c5cf-498d-b5ab-10fc69d0f77c.jpg
2025-10-21 16:47:12,201 - INFO - downloading file at https://www.thetimes.com/imageserver/image/%2F86b9cc43-daae-47d0-a265-ef1cdc525606.jpg
2025-10-21 16:47:13,411 - INFO - downloading file at https://www.thetimes.com/imageserver/image/%2Fab58f6c1-952e-44d5-8586-421dc7273961.jpg
2025-10-21 16:47:14,828 - INFO - downloading file at https://www.thetimes.com/imageserver/image/%2Fe734eaa0-fe11-4537-9038-3595d9851919.jpg
2025-10-21 16:47:16,026 - INFO - downloading file at https://www.thetimes.com/imageserver/image/%2Fcf4c3312-b9fc-4240-8bf1-11b9da9622b7.jpg
2025-10-21 16:47:17,529 - INFO - downloading file at https://www.thetimes.com/imageserver/image/%2Fc6fcfdf0-7a61-4410-b9d7-70874112622f.jpg
2025-10-21 16:47:18,759 - INFO - downloading file at https://www.thetimes.com/imageserver/image/%2F9a418875-6e7c-40ff-99fc-61d2013c9ab7.jpg
2025-10-21 16:47:20,325 - INFO - downloading file at https://www.thetimes.com/imageserver/image/%2Fbf1fca2b-7c05-4fe1-b41e-b63c10f093f1.jpg
2025-10-21 16:47:21,600 - INFO - downloading images for article https://www.thetimes.com/comment/the-times-view/article/palestine-action-terror-status-too-far-5fn0m8xv9
2025-10-21 16:47:21,602 - INFO - Successfully retrieved session from session_The-Times.pickle
2025-10-21 16:47:21,606 - INFO - downloading file at https://www.thetimes.com/imageserver/image/%2Fmethode%2Ftimes%2Fprod%2Fweb%2Fbin%2F6c2aac4b-45fc-43a1-b82d-3d3a84d1dfab.jpg
2025-10-21 16:47:22,820 - INFO - downloading file at https://www.thetimes.com/imageserver/image/%2Fbf1fca2b-7c05-4fe1-b41e-b63c10f093f1.jpg
2025-10-21 16:47:23,865 - INFO - downloading file at https://www.thetimes.com/imageserver/image/%2F06b41ab0-59d9-4be4-acba-ae79e6bd9d14.jpg
2025-10-21 16:47:25,574 - INFO - downloading file at https://www.thetimes.com/imageserver/image/%2F445d78e3-a577-4ec3-8e8c-9e51ce75d7a5.jpg
2025-10-21 16:47:27,104 - INFO - downloading images for article https://www.thetimes.com/uk/politics/article/turnberry-golf-course-scotland-trump-g85xd857z
2025-10-21 16:47:27,106 - INFO - Successfully retrieved session from session_The-Times.pickle
2025-10-21 16:47:27,109 - INFO - Not re-downloading file at https://www.thetimes.com/imageserver/image/%2F9ae0c34b-677c-4497-b453-03bfba5b98dd.jpg; already present as The-Times_2025-07-25_Turnberry-locals-on-Trump_img1.jpg
2025-10-21 16:47:27,110 - INFO - downloading file at https://www.thetimes.com/imageserver/image/%2F9ae0c34b-677c-4497-b453-03bfba5b98dd.jpg
2025-10-21 16:47:28,580 - INFO - downloading file at https://www.thetimes.com/imageserver/image/%2F35bfb9a0-30d6-48ba-8f49-1fea5c3395d5.jpg
2025-10-21 16:47:30,164 - INFO - downloading file at https://www.thetimes.com/imageserver/image/%2F6cb1f106-dc3d-4734-bd9b-78c63ec36739.jpg
2025-10-21 16:47:31,722 - INFO - downloading file at https://www.thetimes.com/imageserver/image/%2F26f335cb-6504-4a74-9c5d-da2662bd7dfb.jpg
2025-10-21 16:47:32,945 - INFO - downloading file at https://www.thetimes.com/imageserver/image/%2F04a812a4-6d5c-454f-a08b-84ed413fb55c.jpg
2025-10-21 16:47:34,356 - INFO - downloading file at https://www.thetimes.com/imageserver/image/%2F27848642-3e18-4e6d-8971-2d677e9b77b0.jpg
2025-10-21 16:47:35,516 - INFO - downloading file at https://www.thetimes.com/imageserver/image/%2F4fb5331f-56f2-4cec-82f9-232fe027978d.jpg
2025-10-21 16:47:36,814 - INFO - downloading file at https://www.thetimes.com/imageserver/image/%2Fmethode%2Ftimes%2Fprod%2Fweb%2Fbin%2Fd5ce314b-9790-48ab-b4ee-f4085f92dbb5.jpg
2025-10-21 16:47:38,009 - INFO - downloading file at https://www.thetimes.com/imageserver/image/%2F9cb0fd4c-6a91-4987-ab3f-56572d7ee2f4.jpg
2025-10-21 16:47:39,470 - INFO - scraping urls from file: ../google_scraping/article_urls/The-Times/thetimes.com_2025-08-01_2025-08-31_urls.csv
2025-10-21 16:47:39,472 - INFO - Successfully retrieved session from session_The-Times.pickle
2025-10-21 16:47:39,833 - INFO - Parsing url: https://www.thetimes.com/uk/politics/article/89-year-old-arrested-palestine-action-j72sm9v63
2025-10-21 16:47:39,904 - INFO - removed image due to bad caption: The Times & The Sunday Times
2025-10-21 16:47:39,907 - INFO - Parsing url: https://www.thetimes.com/html-sitemap/2025-08-2
2025-10-21 16:47:39,993 - INFO - removed image due to bad caption: The Times & The Sunday Times
2025-10-21 16:47:39,998 - INFO - date to string conversion for json unsuccessful due to 'NoneType' object has no attribute 'strftime'
2025-10-21 16:47:39,998 - INFO - article dropped, no body text found: https://www.thetimes.com/html-sitemap/2025-08-2
2025-10-21 16:47:39,998 - INFO - Parsing url: https://www.thetimes.com/html-sitemap/2025-08-1
2025-10-21 16:47:40,062 - INFO - removed image due to bad caption: The Times & The Sunday Times
2025-10-21 16:47:40,067 - INFO - date to string conversion for json unsuccessful due to 'NoneType' object has no attribute 'strftime'
2025-10-21 16:47:40,067 - INFO - article dropped, no body text found: https://www.thetimes.com/html-sitemap/2025-08-1
2025-10-21 16:47:40,067 - INFO - Parsing url: https://www.thetimes.com/uk/technology-uk/article/death-googling-new-ai-mode-comes-next-ck7cbzgmt
2025-10-21 16:47:40,109 - INFO - removed image due to bad caption: The Times & The Sunday Times
2025-10-21 16:47:40,111 - INFO - article dropped, search terms not present: https://www.thetimes.com/uk/technology-uk/article/death-googling-new-ai-mode-comes-next-ck7cbzgmt
2025-10-21 16:47:40,111 - INFO - Parsing url: https://www.thetimes.com/uk/crime/article/climate-group-threatens-sustained-sabotage-against-major-banks-fj0ssxgwn
2025-10-21 16:47:40,146 - INFO - removed image due to bad caption: The Times & The Sunday Times
2025-10-21 16:47:40,148 - INFO - Parsing url: https://www.thetimes.com/uk/crime/article/a-history-of-palestine-action-from-birth-to-ban-zjmbnvzp8
2025-10-21 16:47:40,193 - INFO - removed image due to bad caption: The Times & The Sunday Times
2025-10-21 16:47:40,196 - INFO - Parsing url: https://www.thetimes.com/profile/michael-glackin
2025-10-21 16:47:40,232 - INFO - removed image due to bad caption: The Times & The Sunday Times
2025-10-21 16:47:40,234 - INFO - date to string conversion for json unsuccessful due to 'NoneType' object has no attribute 'strftime'
2025-10-21 16:47:40,234 - INFO - article dropped, no body text found: https://www.thetimes.com/profile/michael-glackin
2025-10-21 16:47:40,234 - INFO - Parsing url: https://www.thetimes.com/profile/max-hastings
2025-10-21 16:47:40,257 - INFO - removed image due to bad caption: The Times & The Sunday Times
2025-10-21 16:47:40,259 - INFO - date to string conversion for json unsuccessful due to 'NoneType' object has no attribute 'strftime'
2025-10-21 16:47:40,259 - INFO - article dropped, no body text found: https://www.thetimes.com/profile/max-hastings
2025-10-21 16:47:40,259 - INFO - Parsing url: https://www.thetimes.com/comment/columnists/article/shoplifting-strategy-shops-crimewave-c9590dkk0
2025-10-21 16:47:40,300 - INFO - removed image due to bad caption: The Times & The Sunday Times
2025-10-21 16:47:40,302 - INFO - article dropped, search terms not present: https://www.thetimes.com/comment/columnists/article/shoplifting-strategy-shops-crimewave-c9590dkk0
2025-10-21 16:47:40,303 - INFO - downloading images for file article_contents/The-Times/thetimes.com_2025-08-01_2025-08-31_parsed.json
2025-10-21 16:47:40,303 - INFO - downloading images for article https://www.thetimes.com/uk/politics/article/89-year-old-arrested-palestine-action-j72sm9v63
2025-10-21 16:47:40,304 - INFO - Successfully retrieved session from session_The-Times.pickle
2025-10-21 16:47:40,305 - INFO - downloading file at https://www.thetimes.com/imageserver/image/%2F3a1e0f27-3272-4106-9734-432363beb044.jpg
2025-10-21 16:47:41,696 - INFO - downloading file at https://www.thetimes.com/imageserver/image/%2F3a1e0f27-3272-4106-9734-432363beb044.jpg
2025-10-21 16:47:42,819 - INFO - downloading file at https://www.thetimes.com/imageserver/image/%2F4e34ba42-ed98-416a-82f9-7e47c45e342d.jpg
2025-10-21 16:47:44,064 - INFO - downloading file at https://www.thetimes.com/imageserver/image/%2F2d70c585-25e7-49ff-87fa-20b8799cc6bc.jpg
2025-10-21 16:47:45,480 - INFO - downloading file at https://www.thetimes.com/imageserver/image/%2F5478d24f-4e3f-4a1b-9d68-9db2a1ce488d.jpg
2025-10-21 16:47:47,067 - INFO - downloading file at https://www.thetimes.com/imageserver/image/%2F630595dd-84a6-4d62-af0d-2c706a358c2b.jpg
2025-10-21 16:47:48,371 - INFO - downloading file at https://www.thetimes.com/imageserver/image/%2F2282827f-bd74-46b2-bb31-8f34c3418d0d.jpg
2025-10-21 16:47:49,820 - INFO - downloading file at https://www.thetimes.com/imageserver/image/%2Fcd355d79-f980-4695-94a2-258976646052.jpg
2025-10-21 16:47:51,103 - INFO - downloading images for article https://www.thetimes.com/uk/crime/article/climate-group-threatens-sustained-sabotage-against-major-banks-fj0ssxgwn
2025-10-21 16:47:51,104 - INFO - Successfully retrieved session from session_The-Times.pickle
2025-10-21 16:47:51,110 - INFO - Not re-downloading file at https://www.thetimes.com/imageserver/image/%2F539af215-73ac-49d2-8809-8837a39304c5.jpg; already present as The-Times_2025-08-20_Climate-group-threatens-sustained_img1.jpg
2025-10-21 16:47:51,115 - INFO - downloading file at https://www.thetimes.com/imageserver/image/%2F539af215-73ac-49d2-8809-8837a39304c5.jpg
2025-10-21 16:47:52,345 - INFO - downloading file at https://www.thetimes.com/imageserver/image/%2F908406c0-346d-426b-9275-f9a7f6112080.jpg
2025-10-21 16:47:53,577 - INFO - downloading file at https://www.thetimes.com/imageserver/image/%2F33e741dd-7c0a-4cf9-b6ff-805d3eec4c1b.jpg
2025-10-21 16:47:54,645 - INFO - downloading file at https://www.thetimes.com/imageserver/image/%2Fmethode%2Ftimes%2Fprod%2Fweb%2Fbin%2F42e88bb4-03b1-4cc3-8d38-0b9f982c22b9.jpg
2025-10-21 16:47:55,996 - INFO - downloading images for article https://www.thetimes.com/uk/crime/article/a-history-of-palestine-action-from-birth-to-ban-zjmbnvzp8
2025-10-21 16:47:55,998 - INFO - Successfully retrieved session from session_The-Times.pickle
2025-10-21 16:47:56,002 - INFO - Not re-downloading file at https://www.thetimes.com/imageserver/image/%2Fb3aa5696-c8d9-4e70-927c-6b5d9b5a433e.jpg; already present as The-Times_2025-08-08_A-history-of-Palestine_img1.jpg
2025-10-21 16:47:56,003 - INFO - downloading file at https://www.thetimes.com/imageserver/image/%2Fb3aa5696-c8d9-4e70-927c-6b5d9b5a433e.jpg
2025-10-21 16:47:57,269 - INFO - downloading file at https://www.thetimes.com/imageserver/image/%2F793ebcf5-4dc9-4c80-86b7-11f7dc9fff3a.jpg
2025-10-21 16:47:58,677 - INFO - downloading file at https://www.thetimes.com/imageserver/image/%2F05f9dc7f-2c86-42d2-84d3-e28cf8342d84.gif
2025-10-21 16:48:00,021 - INFO - downloading file at https://www.thetimes.com/imageserver/image/%2Fe546144c-0305-4347-a832-e309bc631b1f.gif
2025-10-21 16:48:01,396 - INFO - downloading file at https://www.thetimes.com/imageserver/image/%2F95696ecd-15be-4301-9bb3-9673eea5989a.jpg
2025-10-21 16:48:02,836 - INFO - downloading file at https://www.thetimes.com/imageserver/image/%2F7d6acb8b-83e9-4b19-aa19-7fe8999c114a.jpg
2025-10-21 16:48:04,040 - INFO - downloading file at https://www.thetimes.com/imageserver/image/%2Fe213b91f-2f17-4e21-a11e-923e7fa744da.jpg
2025-10-21 16:48:05,262 - INFO - downloading file at https://www.thetimes.com/imageserver/image/%2F5f2d4034-03e0-447a-868a-4fce9abaca6b.jpg
2025-10-21 16:48:06,490 - INFO - downloading file at https://www.thetimes.com/imageserver/image/%2Fde7c991f-aeea-4287-a0c1-0e79abb66f49.jpg
2025-10-21 16:48:07,686 - INFO - downloading file at https://www.thetimes.com/imageserver/image/%2F200d4bde-72cc-4e1e-b999-4954ec958aad.gif
2025-10-21 16:48:09,055 - INFO - downloading file at https://www.thetimes.com/imageserver/image/%2F4879671f-35f0-4852-b689-e3d0ea5659f4.jpg
2025-10-21 16:48:10,270 - INFO - downloading file at https://www.thetimes.com/imageserver/image/%2Fbf1fca2b-7c05-4fe1-b41e-b63c10f093f1.jpg
2025-10-21 16:48:11,310 - INFO - scraping urls from file: ../google_scraping/article_urls/The-Times/thetimes.com_2025-09-01_2025-09-30_urls.csv
2025-10-21 16:48:11,311 - INFO - Successfully retrieved session from session_The-Times.pickle
2025-10-21 16:48:11,486 - INFO - Parsing url: https://www.thetimes.com/comment/columnists/article/why-trump-visit-protest-israel-ukraine-8n8r0l2sm
2025-10-21 16:48:11,545 - INFO - removed image due to bad caption: The Times & The Sunday Times
2025-10-21 16:48:11,547 - INFO - Parsing url: https://www.thetimes.com/html-sitemap/2025-09-3
2025-10-21 16:48:11,616 - INFO - removed image due to bad caption: The Times & The Sunday Times
2025-10-21 16:48:11,622 - INFO - date to string conversion for json unsuccessful due to 'NoneType' object has no attribute 'strftime'
2025-10-21 16:48:11,622 - INFO - article dropped, no body text found: https://www.thetimes.com/html-sitemap/2025-09-3
2025-10-21 16:48:11,622 - INFO - Parsing url: https://www.thetimes.com/uk/photography-uk/article/a-misty-sunrise-in-surrey-and-other-news-in-pictures-8wdpj9rfp
2025-10-21 16:48:11,734 - INFO - removed image due to bad caption: The Times & The Sunday Times
2025-10-21 16:48:11,738 - INFO - article dropped, search terms not present: https://www.thetimes.com/uk/photography-uk/article/a-misty-sunrise-in-surrey-and-other-news-in-pictures-8wdpj9rfp
2025-10-21 16:48:11,738 - INFO - Parsing url: https://www.thetimes.com/comment/columnists/article/climate-cultists-rising-scepticism-warnings-ff900klzv
2025-10-21 16:48:11,775 - INFO - removed image due to bad caption: The Times & The Sunday Times
2025-10-21 16:48:11,777 - INFO - Parsing url: https://www.thetimes.com/uk/politics/article/trump-uk-visit-news-melania-banquet-charles-latest-news-j78gz9mcv
2025-10-21 16:48:11,850 - INFO - image parsing unsuccessful due to 'NoneType' object has no attribute 'lower'
2025-10-21 16:48:11,859 - INFO - Parsing url: https://www.thetimes.com/uk/politics/article/zack-polanski-interview-green-party-leader-c655rhqbx
2025-10-21 16:48:11,891 - INFO - removed image due to bad caption: The Times & The Sunday Times
2025-10-21 16:48:11,893 - INFO - Parsing url: https://www.thetimes.com/comment/register/article/corrections-and-clarifications-the-times-x9nbft5tq
2025-10-21 16:48:11,953 - INFO - removed image due to bad caption: The Times & The Sunday Times
2025-10-21 16:48:11,956 - INFO - Parsing url: https://www.thetimes.com/uk/environment/article/british-museum-fossil-fuel-ties-ethics-mhrgjmw3b
2025-10-21 16:48:11,994 - INFO - removed image due to bad caption: The Times & The Sunday Times
2025-10-21 16:48:11,996 - INFO - article dropped, search terms not present: https://www.thetimes.com/uk/environment/article/british-museum-fossil-fuel-ties-ethics-mhrgjmw3b
2025-10-21 16:48:11,998 - INFO - downloading images for file article_contents/The-Times/thetimes.com_2025-09-01_2025-09-30_parsed.json
2025-10-21 16:48:11,998 - INFO - downloading images for article https://www.thetimes.com/comment/columnists/article/why-trump-visit-protest-israel-ukraine-8n8r0l2sm
2025-10-21 16:48:11,998 - INFO - Successfully retrieved session from session_The-Times.pickle
2025-10-21 16:48:11,999 - INFO - downloading file at https://www.thetimes.com/imageserver/image/%2Fmethode%2Ftimes%2Fprod%2Fweb%2Fbin%2F33534daa-931a-47c5-a326-930ec136ee91.png
2025-10-21 16:48:13,152 - INFO - downloading file at https://www.thetimes.com/imageserver/image/%2Fmethode%2Ftimes%2Fprod%2Fweb%2Fbin%2F03b142b4-3e5c-4cde-b200-acb25acfea30.jpg
2025-10-21 16:48:14,464 - INFO - downloading file at https://www.thetimes.com/imageserver/image/%2Fmethode%2Ftimes%2Fprod%2Fweb%2Fbin%2F03b142b4-3e5c-4cde-b200-acb25acfea30.jpg
2025-10-21 16:48:15,501 - INFO - downloading file at https://www.thetimes.com/imageserver/image/%2Fmethode%2Ftimes%2Fprod%2Fweb%2Fbin%2F03b142b4-3e5c-4cde-b200-acb25acfea30.jpg
2025-10-21 16:48:16,517 - INFO - downloading images for article https://www.thetimes.com/comment/columnists/article/climate-cultists-rising-scepticism-warnings-ff900klzv
2025-10-21 16:48:16,519 - INFO - Successfully retrieved session from session_The-Times.pickle
2025-10-21 16:48:16,524 - INFO - downloading file at https://www.thetimes.com/imageserver/image/%2Fmethode%2Ftimes%2Fprod%2Fweb%2Fbin%2F13c12eab-eace-4ed7-b44f-fa81fa6e9532.png
2025-10-21 16:48:17,581 - INFO - downloading file at https://www.thetimes.com/imageserver/image/%2Fmethode%2Ftimes%2Fprod%2Fweb%2Fbin%2F545192a4-8667-4586-8c48-c3a2a26da740.png
2025-10-21 16:48:18,931 - INFO - downloading file at https://www.thetimes.com/imageserver/image/%2F99bda012-bf92-4fb0-b5b6-479a4860b44e.jpg
2025-10-21 16:48:20,429 - INFO - downloading file at https://www.thetimes.com/imageserver/image/%2Fmethode%2Ftimes%2Fprod%2Fweb%2Fbin%2F545192a4-8667-4586-8c48-c3a2a26da740.png
2025-10-21 16:48:21,472 - INFO - downloading images for article https://www.thetimes.com/uk/politics/article/trump-uk-visit-news-melania-banquet-charles-latest-news-j78gz9mcv
2025-10-21 16:48:21,474 - INFO - Successfully retrieved session from session_The-Times.pickle
2025-10-21 16:48:21,475 - INFO - downloading images for article https://www.thetimes.com/uk/politics/article/zack-polanski-interview-green-party-leader-c655rhqbx
2025-10-21 16:48:21,477 - INFO - Successfully retrieved session from session_The-Times.pickle
2025-10-21 16:48:21,478 - INFO - Not re-downloading file at https://www.thetimes.com/imageserver/image/%2F3fc2838d-634e-4cc1-ae2e-58bbc41ddb71.jpg; already present as The-Times_2025-09-05_Zack-Polanski-Keir-Starmer_img1.jpg
2025-10-21 16:48:21,479 - INFO - downloading file at https://www.thetimes.com/imageserver/image/%2F3fc2838d-634e-4cc1-ae2e-58bbc41ddb71.jpg
2025-10-21 16:48:22,719 - INFO - downloading file at https://www.thetimes.com/imageserver/image/%2F29237801-30d8-413d-a447-f216f0b9a476.jpg
2025-10-21 16:48:24,142 - INFO - downloading file at https://www.thetimes.com/imageserver/image/%2F31ce13f1-0c4a-4c55-9f7a-950a390b9e7d.jpg
2025-10-21 16:48:25,414 - INFO - downloading file at https://www.thetimes.com/imageserver/image/%2Ffc40b916-0a5f-416a-a37c-f266a6ed37b1.jpg
2025-10-21 16:48:26,735 - INFO - downloading file at https://www.thetimes.com/imageserver/image/%2F9bbb5297-7178-474b-9be5-4656053702d0.jpg
2025-10-21 16:48:27,969 - INFO - downloading file at https://www.thetimes.com/imageserver/image/%2F40a66f75-e6a3-418f-829a-5da041d10315.png
2025-10-21 16:48:29,327 - INFO - downloading file at https://www.thetimes.com/imageserver/image/%2Fe57aa715-baa8-4938-b60e-944877c473c9.jpg
2025-10-21 16:48:30,724 - INFO - downloading images for article https://www.thetimes.com/comment/register/article/corrections-and-clarifications-the-times-x9nbft5tq
2025-10-21 16:48:30,726 - INFO - Successfully retrieved session from session_The-Times.pickle
2025-10-21 16:48:30,730 - INFO - downloading file at https://www.thetimes.com/imageserver/image/%2Fmethode%2Ftimes%2Fprod%2Fweb%2Fbin%2F6c2aac4b-45fc-43a1-b82d-3d3a84d1dfab.jpg
2025-10-30 14:37:15,802 - INFO - scraping urls from file: ../google_scraping/article_urls/The-Times/thetimes.com_2023-10-01_2023-10-31_urls.csv
2025-10-30 14:37:15,805 - INFO - Successfully retrieved session from session_The-Times.pickle
2025-10-30 14:37:16,157 - INFO - Parsing url: https://www.thetimes.com/uk/politics/article/keir-starmer-speech-labour-glitter-protester-6vwxtlg2m
2025-10-30 14:37:16,196 - INFO - removed image due to bad caption: The Times & The Sunday Times
2025-10-30 14:37:16,198 - INFO - Parsing url: https://www.thetimes.com/culture/tv-radio/article/police-drop-chris-packham-goshawk-chick-sniff-complaint-tjrvx3bxl
2025-10-30 14:37:16,239 - INFO - removed image due to bad caption: The Times & The Sunday Times
2025-10-30 14:37:16,241 - INFO - Parsing url: https://www.thetimes.com/uk/politics/article/jeremy-clarkson-what-do-we-want-a-big-protest-when-do-we-want-it-all-the-time-f087z5cql
2025-10-30 14:37:16,281 - INFO - removed image due to bad caption: The Times & The Sunday Times
2025-10-30 14:37:16,283 - INFO - Parsing url: https://www.thetimes.com/uk/article/greta-thunberg-arrested-london-protest-oil-summit-jf50g3jdn
2025-10-30 14:37:16,356 - INFO - removed image due to bad caption: The Times & The Sunday Times
2025-10-30 14:37:16,359 - INFO - Parsing url: https://www.thetimes.com/uk/article/greta-thunberg-charged-over-oil-protest-in-london-vhjh93c9j
2025-10-30 14:37:16,397 - INFO - removed image due to bad caption: The Times & The Sunday Times
2025-10-30 14:37:16,399 - INFO - Parsing url: https://www.thetimes.com/uk/politics/article/labour-party-conference-live-keir-starmer-latest-news-sjdq08m2c
2025-10-30 14:37:16,454 - INFO - removed image due to bad caption: The Times & The Sunday Times
2025-10-30 14:37:16,458 - INFO - Parsing url: https://www.thetimes.com/uk/education/article/just-stop-oil-oxford-university-freshers-fair-stall-qlh793pkt
2025-10-30 14:37:16,499 - INFO - removed image due to bad caption: The Times & The Sunday Times
2025-10-30 14:37:16,501 - INFO - Parsing url: https://www.thetimes.com/culture/music/article/sarah-edwards-alistair-strathern-labour-new-mps-mid-bedfordshire-tamworth-8n2xq93ml
2025-10-30 14:37:16,530 - INFO - removed image due to bad caption: The Times & The Sunday Times
2025-10-30 14:37:16,532 - INFO - Parsing url: https://www.thetimes.com/uk/politics/article/britain-joins-nations-calling-for-a-ban-on-deep-sea-mining-f3kxvf70k
2025-10-30 14:37:16,563 - INFO - removed image due to bad caption: The Times & The Sunday Times
2025-10-30 14:37:16,574 - INFO - downloading images for file article_contents/The-Times/thetimes.com_2023-10-01_2023-10-31_parsed.json
2025-10-30 14:37:16,574 - INFO - downloading images for article https://www.thetimes.com/uk/politics/article/keir-starmer-speech-labour-glitter-protester-6vwxtlg2m
2025-10-30 14:37:16,575 - INFO - Successfully retrieved session from session_The-Times.pickle
2025-10-30 14:37:16,578 - INFO - downloading file at https://www.thetimes.com/imageserver/image/%2Fmethode%2Ftimes%2Fprod%2Fweb%2Fbin%2Feb173fbe-67a2-11ee-9cdc-99a8af137628.jpg
2025-10-30 14:37:18,119 - INFO - downloading file at https://www.thetimes.com/imageserver/image/%2Fmethode%2Ftimes%2Fprod%2Fweb%2Fbin%2Fe60b7760-67a2-11ee-9cdc-99a8af137628.jpg
2025-10-30 14:37:37,613 - INFO - scraping urls from file: ../google_scraping/article_urls/The-Times/thetimes.com_2023-10-01_2023-10-31_urls.csv
2025-10-30 14:37:37,613 - INFO - Successfully retrieved session from session_The-Times.pickle
2025-10-30 14:37:37,931 - INFO - Parsing url: https://www.thetimes.com/uk/politics/article/keir-starmer-speech-labour-glitter-protester-6vwxtlg2m
2025-10-30 14:37:37,975 - INFO - removed image due to bad caption: The Times & The Sunday Times
2025-10-30 14:37:37,977 - INFO - Parsing url: https://www.thetimes.com/culture/tv-radio/article/police-drop-chris-packham-goshawk-chick-sniff-complaint-tjrvx3bxl
2025-10-30 14:37:38,015 - INFO - removed image due to bad caption: The Times & The Sunday Times
2025-10-30 14:37:38,017 - INFO - Parsing url: https://www.thetimes.com/uk/politics/article/jeremy-clarkson-what-do-we-want-a-big-protest-when-do-we-want-it-all-the-time-f087z5cql
2025-10-30 14:37:38,055 - INFO - removed image due to bad caption: The Times & The Sunday Times
2025-10-30 14:37:38,057 - INFO - Parsing url: https://www.thetimes.com/uk/article/greta-thunberg-arrested-london-protest-oil-summit-jf50g3jdn
2025-10-30 14:37:38,122 - INFO - removed image due to bad caption: The Times & The Sunday Times
2025-10-30 14:37:38,124 - INFO - Parsing url: https://www.thetimes.com/uk/article/greta-thunberg-charged-over-oil-protest-in-london-vhjh93c9j
2025-10-30 14:37:38,159 - INFO - removed image due to bad caption: The Times & The Sunday Times
2025-10-30 14:37:38,161 - INFO - Parsing url: https://www.thetimes.com/uk/politics/article/labour-party-conference-live-keir-starmer-latest-news-sjdq08m2c
2025-10-30 14:37:38,209 - INFO - removed image due to bad caption: The Times & The Sunday Times
2025-10-30 14:37:38,213 - INFO - Parsing url: https://www.thetimes.com/uk/education/article/just-stop-oil-oxford-university-freshers-fair-stall-qlh793pkt
2025-10-30 14:37:38,252 - INFO - removed image due to bad caption: The Times & The Sunday Times
2025-10-30 14:37:38,254 - INFO - Parsing url: https://www.thetimes.com/culture/music/article/sarah-edwards-alistair-strathern-labour-new-mps-mid-bedfordshire-tamworth-8n2xq93ml
2025-10-30 14:37:38,281 - INFO - removed image due to bad caption: The Times & The Sunday Times
2025-10-30 14:37:38,284 - INFO - Parsing url: https://www.thetimes.com/uk/politics/article/britain-joins-nations-calling-for-a-ban-on-deep-sea-mining-f3kxvf70k
2025-10-30 14:37:38,314 - INFO - removed image due to bad caption: The Times & The Sunday Times
2025-10-30 14:37:38,317 - INFO - downloading images for file article_contents/The-Times/thetimes.com_2023-10-01_2023-10-31_parsed.json
2025-10-30 14:37:38,317 - INFO - downloading images for article https://www.thetimes.com/uk/politics/article/keir-starmer-speech-labour-glitter-protester-6vwxtlg2m
2025-10-30 14:37:38,317 - INFO - Successfully retrieved session from session_The-Times.pickle
2025-10-30 14:37:38,318 - INFO - downloading file at https://www.thetimes.com/imageserver/image/%2Fmethode%2Ftimes%2Fprod%2Fweb%2Fbin%2Feb173fbe-67a2-11ee-9cdc-99a8af137628.jpg
2025-10-30 14:37:39,535 - INFO - downloading file at https://www.thetimes.com/imageserver/image/%2Fmethode%2Ftimes%2Fprod%2Fweb%2Fbin%2Fe60b7760-67a2-11ee-9cdc-99a8af137628.jpg
2025-10-30 14:37:41,719 - INFO - downloading file at https://www.thetimes.com/imageserver/image/%2Fmethode%2Ftimes%2Fprod%2Fweb%2Fbin%2Fd611fdac-67a2-11ee-9cdc-99a8af137628.jpg
2025-10-30 14:37:43,582 - INFO - downloading file at https://www.thetimes.com/imageserver/image/%2Fmethode%2Ftimes%2Fprod%2Fweb%2Fbin%2F1048eaee-67a3-11ee-9cdc-99a8af137628.jpg
2025-10-30 14:37:44,856 - INFO - downloading file at https://www.thetimes.com/imageserver/image/%2Fmethode%2Ftimes%2Fprod%2Fweb%2Fbin%2Fbb6a68ac-6772-11ee-9cdc-99a8af137628.jpg
2025-10-30 14:37:46,184 - INFO - downloading file at https://www.thetimes.com/imageserver/image/%2Fmethode%2Ftimes%2Fprod%2Fweb%2Fbin%2Fbbadc0ea-6789-11ee-9cdc-99a8af137628.jpg
2025-10-30 14:37:47,373 - INFO - downloading file at https://www.thetimes.com/imageserver/image/%2Fmethode%2Ftimes%2Fprod%2Fweb%2Fbin%2F4b3b45a2-5623-11ee-8902-8ae15399642c.jpg
2025-10-30 14:37:49,172 - INFO - downloading images for article https://www.thetimes.com/culture/tv-radio/article/police-drop-chris-packham-goshawk-chick-sniff-complaint-tjrvx3bxl
2025-10-30 14:37:49,172 - INFO - Successfully retrieved session from session_The-Times.pickle
2025-10-30 14:37:49,173 - INFO - downloading file at https://www.thetimes.com/imageserver/image/%2Fmethode%2Ftimes%2Fprod%2Fweb%2Fbin%2F7b5144b4-7679-11ee-9496-ba645d21d0d9.jpg
2025-10-30 14:37:50,526 - INFO - downloading file at https://www.thetimes.com/imageserver/image/%2Fmethode%2Ftimes%2Fprod%2Fweb%2Fbin%2Fb6ee3db8-727f-11ee-81be-c4b540065935.jpg
2025-10-30 14:37:52,556 - INFO - downloading file at https://www.thetimes.com/imageserver/image/%2Fmethode%2Ftimes%2Fprod%2Fweb%2Fbin%2F667d331e-5409-11ee-a518-203f78f24415.jpg
2025-10-30 14:37:54,184 - INFO - downloading images for article https://www.thetimes.com/uk/politics/article/jeremy-clarkson-what-do-we-want-a-big-protest-when-do-we-want-it-all-the-time-f087z5cql
2025-10-30 14:37:54,185 - INFO - Successfully retrieved session from session_The-Times.pickle
2025-10-30 14:37:54,187 - INFO - downloading file at https://www.thetimes.com/imageserver/image/%2Fmethode%2Fsundaytimes%2Fprod%2Fweb%2Fbin%2F9c328c82-69fa-11ee-94a8-d17d6fd95d36.png
2025-10-30 14:37:55,669 - INFO - downloading file at https://www.thetimes.com/imageserver/image/%2Fmethode%2Fsundaytimes%2Fprod%2Fweb%2Fbin%2F762a2898-69e0-11ee-94a8-d17d6fd95d36.jpg
2025-10-30 14:37:57,883 - INFO - downloading file at https://www.thetimes.com/imageserver/image/%2Fmethode%2Fsundaytimes%2Fprod%2Fweb%2Fbin%2Fbe1bef3c-6464-11ee-95ba-ef572a1cc3ed.jpg
2025-10-30 14:37:59,098 - INFO - downloading file at https://www.thetimes.com/imageserver/image/%2Fmethode%2Fsundaytimes%2Fprod%2Fweb%2Fbin%2Fe942dcf6-5402-11ee-bc18-cbdd58145dc6.jpg
2025-10-30 14:38:00,405 - INFO - downloading file at https://www.thetimes.com/imageserver/image/%2Fmethode%2Ftimes%2Fprod%2Fweb%2Fbin%2Ff562825d-4a39-4b71-9772-eb637b077bc5.jpg
2025-10-30 14:38:01,759 - INFO - downloading images for article https://www.thetimes.com/uk/article/greta-thunberg-arrested-london-protest-oil-summit-jf50g3jdn
2025-10-30 14:38:01,761 - INFO - Successfully retrieved session from session_The-Times.pickle
2025-10-30 14:38:01,766 - INFO - downloading file at https://www.thetimes.com/imageserver/image/%2Fmethode%2Ftimes%2Fprod%2Fweb%2Fbin%2F2c933768-6ce9-11ee-b5d7-5487922f056f.jpg
2025-10-30 14:38:03,136 - INFO - downloading file at https://www.thetimes.com/imageserver/image/%2Fmethode%2Ftimes%2Fprod%2Fweb%2Fbin%2F27d141fc-6ce9-11ee-b5d7-5487922f056f.jpg
2025-10-30 14:38:04,593 - INFO - downloading file at https://www.thetimes.com/imageserver/image/%2Fmethode%2Ftimes%2Fprod%2Fweb%2Fbin%2Fd830682a-6b77-11ee-b0f3-053d83492f27.jpg
2025-10-30 14:38:05,939 - INFO - downloading file at https://www.thetimes.com/imageserver/image/%2Fmethode%2Ftimes%2Fprod%2Fweb%2Fbin%2Fd0cffe02-32eb-11ee-8150-731113fe4a83.jpg
2025-10-30 14:38:08,249 - INFO - downloading file at https://www.thetimes.com/imageserver/image/%2Fmethode%2Fsundaytimes%2Fprod%2Fweb%2Fbin%2Fa619a1d8-2d3a-11ee-b08a-322c75b71cee.jpg
2025-10-30 14:38:09,914 - INFO - downloading images for article https://www.thetimes.com/uk/article/greta-thunberg-charged-over-oil-protest-in-london-vhjh93c9j
2025-10-30 14:38:09,916 - INFO - Successfully retrieved session from session_The-Times.pickle
2025-10-30 14:38:09,919 - INFO - downloading file at https://www.thetimes.com/imageserver/image/%2Fmethode%2Ftimes%2Fprod%2Fweb%2Fbin%2F2cf62964-6da6-11ee-9296-6cf683906956.jpg
2025-10-30 14:38:11,218 - INFO - downloading images for article https://www.thetimes.com/uk/politics/article/labour-party-conference-live-keir-starmer-latest-news-sjdq08m2c
2025-10-30 14:38:11,220 - INFO - Successfully retrieved session from session_The-Times.pickle
2025-10-30 14:38:11,224 - INFO - downloading file at https://www.thetimes.com/imageserver/image/%2Fmethode%2Ftimes%2Fprod%2Fweb%2Fbin%2Fbb6a68ac-6772-11ee-9cdc-99a8af137628.jpg
2025-10-30 14:38:12,389 - INFO - downloading file at https://www.thetimes.com/imageserver/image/%2Fmethode%2Ftimes%2Fprod%2Fweb%2Fbin%2Fb001a2f6-6794-11ee-9cdc-99a8af137628.jpg
2025-10-30 14:38:13,794 - INFO - downloading file at https://www.thetimes.com/imageserver/image/%2Fmethode%2Ftimes%2Fprod%2Fweb%2Fbin%2Fbb33cd9e-6789-11ee-9cdc-99a8af137628.jpg
2025-10-30 14:38:15,056 - INFO - downloading file at https://www.thetimes.com/imageserver/image/%2Fmethode%2Ftimes%2Fprod%2Fweb%2Fbin%2Fd9195bc8-676e-11ee-9cdc-99a8af137628.jpg
2025-10-30 14:38:17,036 - INFO - downloading file at https://www.thetimes.com/imageserver/image/%2Fmethode%2Ftimes%2Fprod%2Fweb%2Fbin%2F787dc4a6-6765-11ee-a4e7-0fb10af55688.jpg
2025-10-30 14:38:18,559 - INFO - downloading file at https://www.thetimes.com/imageserver/image/%2Fmethode%2Ftimes%2Fprod%2Fweb%2Fbin%2F1a79ff32-6760-11ee-9cdc-99a8af137628.jpg
2025-10-30 14:38:20,151 - INFO - downloading file at https://www.thetimes.com/imageserver/image/%2Fmethode%2Ftimes%2Fprod%2Fweb%2Fbin%2Fce0b2142-675c-11ee-9cdc-99a8af137628.jpg
2025-10-30 14:38:21,472 - INFO - downloading file at https://www.thetimes.com/imageserver/image/%2Fmethode%2Ftimes%2Fprod%2Fweb%2Fbin%2Fca472aa6-675c-11ee-9cdc-99a8af137628.jpg
2025-10-30 14:38:22,853 - INFO - downloading file at https://www.thetimes.com/imageserver/image/%2Fmethode%2Ftimes%2Fprod%2Fweb%2Fbin%2Fd140fb7a-675c-11ee-9cdc-99a8af137628.jpg
2025-10-30 14:38:24,633 - INFO - downloading file at https://www.thetimes.com/imageserver/image/%2Fmethode%2Ftimes%2Fprod%2Fweb%2Fbin%2F30b9a3ce-675b-11ee-9cdc-99a8af137628.jpg
2025-10-30 14:38:26,942 - INFO - downloading file at https://www.thetimes.com/imageserver/image/%2Fmethode%2Ftimes%2Fprod%2Fweb%2Fbin%2F9e46b2e0-674e-11ee-9cdc-99a8af137628.jpg
2025-10-30 14:38:30,103 - INFO - downloading file at https://www.thetimes.com/imageserver/image/%2Fmethode%2Ftimes%2Fprod%2Fweb%2Fbin%2Fddf9b4aa-6753-11ee-9cdc-99a8af137628.jpg
2025-10-30 14:38:31,816 - INFO - downloading file at https://www.thetimes.com/imageserver/image/%2Fmethode%2Ftimes%2Fprod%2Fweb%2Fbin%2F1959d8a4-674f-11ee-9cdc-99a8af137628.jpg
2025-10-30 14:38:34,399 - INFO - downloading file at https://www.thetimes.com/imageserver/image/%2Fmethode%2Ftimes%2Fprod%2Fweb%2Fbin%2F4a29cdc4-642d-11ee-92b7-341e89720b32.jpg
2025-10-30 14:38:36,288 - INFO - downloading file at https://www.thetimes.com/imageserver/image/%2Fmethode%2Ftimes%2Fprod%2Fweb%2Fbin%2Fc586fffc-66ec-11ee-a4e7-0fb10af55688.jpg
2025-10-30 14:38:40,410 - INFO - downloading file at https://www.thetimes.com/imageserver/image/%2Fmethode%2Ftimes%2Fprod%2Fweb%2Fbin%2F441d8806-66d2-11ee-853b-c0bf92ce36b1.png
2025-10-30 14:38:41,811 - INFO - downloading file at https://www.thetimes.com/imageserver/image/%2Fmethode%2Ftimes%2Fprod%2Fweb%2Fbin%2F37f7e83a-66c5-11ee-853b-c0bf92ce36b1.jpg
2025-10-30 14:38:44,295 - INFO - downloading images for article https://www.thetimes.com/uk/education/article/just-stop-oil-oxford-university-freshers-fair-stall-qlh793pkt
2025-10-30 14:38:44,297 - INFO - Successfully retrieved session from session_The-Times.pickle
2025-10-30 14:38:44,301 - INFO - downloading file at https://www.thetimes.com/imageserver/image/%2Fmethode%2Ftimes%2Fprod%2Fweb%2Fbin%2Fdfca929e-63ad-11ee-977c-44b3e2b54888.jpg
2025-10-30 14:38:45,569 - INFO - downloading file at https://www.thetimes.com/imageserver/image/%2Fmethode%2Ftimes%2Fprod%2Fweb%2Fbin%2Fe3b39ae0-63ad-11ee-977c-44b3e2b54888.jpg
2025-10-30 14:38:47,101 - INFO - downloading file at https://www.thetimes.com/imageserver/image/%2Fmethode%2Ftimes%2Fprod%2Fweb%2Fbin%2Fdd8b6fc6-63ad-11ee-977c-44b3e2b54888.jpg
2025-10-30 14:38:48,609 - INFO - downloading file at https://www.thetimes.com/imageserver/image/%2Fmethode%2Ftimes%2Fprod%2Fweb%2Fbin%2F15348866-9052-11ed-b04f-b9bf191ef388.jpg
2025-10-30 14:38:50,933 - INFO - downloading file at https://www.thetimes.com/imageserver/image/%2Fmethode%2Ftimes%2Fprod%2Fweb%2Fbin%2F78f9436a-cf08-11ed-9a00-73fd2b90e22e.jpg
2025-10-30 14:38:52,168 - INFO - downloading file at https://www.thetimes.com/imageserver/image/%2Fmethode%2Ftimes%2Fprod%2Fweb%2Fbin%2F667d331e-5409-11ee-a518-203f78f24415.jpg
2025-10-30 14:38:53,456 - INFO - downloading images for article https://www.thetimes.com/culture/music/article/sarah-edwards-alistair-strathern-labour-new-mps-mid-bedfordshire-tamworth-8n2xq93ml
2025-10-30 14:38:53,457 - INFO - Successfully retrieved session from session_The-Times.pickle
2025-10-30 14:38:53,462 - INFO - downloading file at https://www.thetimes.com/imageserver/image/%2Fmethode%2Ftimes%2Fprod%2Fweb%2Fbin%2Fd2535d62-6f7e-11ee-9296-6cf683906956.jpg
2025-10-30 14:38:54,833 - INFO - downloading file at https://www.thetimes.com/imageserver/image/%2Fmethode%2Ftimes%2Fprod%2Fweb%2Fbin%2F4c23fdd6-6f75-11ee-9296-6cf683906956.jpg
2025-10-30 14:38:56,038 - INFO - downloading file at https://www.thetimes.com/imageserver/image/%2Fmethode%2Ftimes%2Fprod%2Fweb%2Fbin%2Fb6518c92-6f7e-11ee-9296-6cf683906956.jpg
2025-10-30 14:38:57,886 - INFO - downloading file at https://www.thetimes.com/imageserver/image/%2Fmethode%2Ftimes%2Fprod%2Fweb%2Fbin%2F0894707a-6f41-11ee-b0f3-053d83492f27.jpg
2025-10-30 14:38:59,323 - INFO - downloading file at https://www.thetimes.com/imageserver/image/%2Fmethode%2Ftimes%2Fprod%2Fweb%2Fbin%2F558af686-6f1b-11ee-b0f3-053d83492f27.jpg
2025-10-30 14:39:00,639 - INFO - downloading file at https://www.thetimes.com/imageserver/image/%2Fmethode%2Ftimes%2Fprod%2Fweb%2Fbin%2F392defac-6f16-11ee-b0f3-053d83492f27.jpg
2025-10-30 14:39:02,026 - INFO - downloading images for article https://www.thetimes.com/uk/politics/article/britain-joins-nations-calling-for-a-ban-on-deep-sea-mining-f3kxvf70k
2025-10-30 14:39:02,029 - INFO - Successfully retrieved session from session_The-Times.pickle
2025-10-30 14:39:02,034 - INFO - downloading file at https://www.thetimes.com/imageserver/image/%2Fmethode%2Ftimes%2Fprod%2Fweb%2Fbin%2F3ef80f7e-7738-11ee-9496-ba645d21d0d9.jpg
2025-10-30 14:39:03,610 - INFO - downloading file at https://www.thetimes.com/imageserver/image/%2Fmethode%2Ftimes%2Fprod%2Fweb%2Fbin%2Fed762740-fb0d-11ed-bc7a-1444acf8fa38.jpg
2025-10-30 14:39:05,123 - INFO - downloading file at https://www.thetimes.com/imageserver/image/%2Fmethode%2Ftimes%2Fprod%2Fweb%2Fbin%2F0f32eec0-19ba-11ee-8434-240b5ab9f9b1.jpg
2025-10-30 14:39:06,462 - INFO - downloading file at https://www.thetimes.com/imageserver/image/%2Fmethode%2Ftimes%2Fprod%2Fweb%2Fbin%2Fbe09bb94-11f5-11ee-a92d-cf7c831c99b5.jpg
2025-10-30 14:39:08,079 - INFO - scraping urls from file: ../google_scraping/article_urls/The-Times/thetimes.com_2023-11-01_2023-11-30_urls.csv
2025-10-30 14:39:08,080 - INFO - Successfully retrieved session from session_The-Times.pickle
2025-10-30 14:39:08,156 - INFO - Parsing url: https://www.thetimes.com/uk/law/article/climate-protesters-guilty-of-damaging-parliament-9j05h6xjk
2025-10-30 14:39:08,197 - INFO - removed image due to bad caption: The Times & The Sunday Times
2025-10-30 14:39:08,200 - INFO - Parsing url: https://www.thetimes.com/business-money/economics/article/climate-activists-glue-50-barclays-branches-shut-sxnk3g60v
2025-10-30 14:39:08,241 - INFO - removed image due to bad caption: The Times & The Sunday Times
2025-10-30 14:39:08,243 - INFO - Parsing url: https://www.thetimes.com/uk/article/greta-thunberg-court-charged-protest-climate-activist-5mh0nm2jb
2025-10-30 14:39:08,282 - INFO - removed image due to bad caption: The Times & The Sunday Times
2025-10-30 14:39:08,294 - INFO - downloading images for file article_contents/The-Times/thetimes.com_2023-11-01_2023-11-30_parsed.json
2025-10-30 14:39:08,294 - INFO - downloading images for article https://www.thetimes.com/uk/law/article/climate-protesters-guilty-of-damaging-parliament-9j05h6xjk
2025-10-30 14:39:08,295 - INFO - Successfully retrieved session from session_The-Times.pickle
2025-10-30 14:39:08,298 - INFO - downloading file at https://www.thetimes.com/imageserver/image/%2Fmethode%2Ftimes%2Fprod%2Fweb%2Fbin%2Fd447b764-ca20-45c2-a84d-96a7cce69f8a.jpg
2025-10-30 14:39:10,024 - INFO - downloading file at https://www.thetimes.com/imageserver/image/%2Fmethode%2Ftimes%2Fprod%2Fweb%2Fbin%2F5bc581a1-3feb-4105-9666-04dbeaa70abd.jpg
2025-10-30 14:39:11,245 - INFO - downloading file at https://www.thetimes.com/imageserver/image/%2Fmethode%2Ftimes%2Fprod%2Fweb%2Fbin%2Fcc5716aa-78bc-11ee-86e8-a42a2179af55.jpg
2025-10-30 14:39:12,783 - INFO - downloading file at https://www.thetimes.com/imageserver/image/%2Fmethode%2Ftimes%2Fprod%2Fweb%2Fbin%2F0cfb9aa2-773f-11ee-9496-ba645d21d0d9.jpg
2025-10-30 14:39:14,198 - INFO - downloading file at https://www.thetimes.com/imageserver/image/%2Fmethode%2Ftimes%2Fprod%2Fweb%2Fbin%2Fd4298b6a-309b-11ee-b04c-88a034803f06.jpg
2025-10-30 14:39:15,400 - INFO - downloading images for article https://www.thetimes.com/business-money/economics/article/climate-activists-glue-50-barclays-branches-shut-sxnk3g60v
2025-10-30 14:39:15,402 - INFO - Successfully retrieved session from session_The-Times.pickle
2025-10-30 14:39:15,407 - INFO - downloading file at https://www.thetimes.com/imageserver/image/%2Fmethode%2Ftimes%2Fprod%2Fweb%2Fbin%2F41fcdba9-b2e5-4ac4-9a12-72e1f7187a20.jpg
2025-10-30 14:39:16,793 - INFO - downloading file at https://www.thetimes.com/imageserver/image/%2Fmethode%2Ftimes%2Fprod%2Fweb%2Fbin%2Fbfba71d0-fe91-4fb6-9280-c729ca6ace15.jpg
2025-10-30 14:39:17,984 - INFO - downloading file at https://www.thetimes.com/imageserver/image/%2Fmethode%2Ftimes%2Fprod%2Fweb%2Fbin%2F3ab3c838-0051-4c5b-8341-fe77cfcac9c2.jpg
2025-10-30 14:39:19,161 - INFO - downloading file at https://www.thetimes.com/imageserver/image/%2Fmethode%2Ftimes%2Fprod%2Fweb%2Fbin%2Fe55b665b-1341-46c5-9dce-ddfd12ded233.jpg
2025-10-30 14:39:20,418 - INFO - downloading file at https://www.thetimes.com/imageserver/image/%2Fmethode%2Ftimes%2Fprod%2Fweb%2Fbin%2Fa10dff68-84ba-11ee-ab78-b8f8e234f1ae.jpg
2025-10-30 14:39:21,690 - INFO - downloading file at https://www.thetimes.com/imageserver/image/%2Fmethode%2Ftimes%2Fprod%2Fweb%2Fbin%2Fd447b764-ca20-45c2-a84d-96a7cce69f8a.jpg
2025-10-30 14:39:23,172 - INFO - downloading file at https://www.thetimes.com/imageserver/image/%2Fmethode%2Fsundaytimes%2Fprod%2Fweb%2Fbin%2F74dc7334-80cd-11ee-9922-7d1e112e6631.png
2025-10-30 14:39:24,498 - INFO - downloading images for article https://www.thetimes.com/uk/article/greta-thunberg-court-charged-protest-climate-activist-5mh0nm2jb
2025-10-30 14:39:24,500 - INFO - Successfully retrieved session from session_The-Times.pickle
2025-10-30 14:39:24,503 - INFO - downloading file at https://www.thetimes.com/imageserver/image/%2Fmethode%2Ftimes%2Fprod%2Fweb%2Fbin%2F4f569c36-83b4-11ee-ab78-b8f8e234f1ae.jpg
2025-10-30 14:39:25,986 - INFO - downloading file at https://www.thetimes.com/imageserver/image/%2Fmethode%2Ftimes%2Fprod%2Fweb%2Fbin%2Fa17de8a0-8398-11ee-ab78-b8f8e234f1ae.jpg
2025-10-30 14:39:28,699 - INFO - downloading file at https://www.thetimes.com/imageserver/image/%2Fmethode%2Ftimes%2Fprod%2Fweb%2Fbin%2Fe19cc4ea-6e5f-11ee-b5d7-5487922f056f.jpg
2025-10-30 14:39:31,222 - INFO - downloading file at https://www.thetimes.com/imageserver/image/%2Fmethode%2Ftimes%2Fprod%2Fweb%2Fbin%2Fee7c42cc-6cec-11ee-b5d7-5487922f056f.jpg
2025-10-30 14:39:33,122 - INFO - downloading file at https://www.thetimes.com/imageserver/image/%2Fmethode%2Ftimes%2Fprod%2Fweb%2Fbin%2Fee7c42cc-6cec-11ee-b5d7-5487922f056f.jpg
2025-10-30 14:39:35,065 - INFO - scraping urls from file: ../google_scraping/article_urls/The-Times/thetimes.com_2023-12-01_2023-12-31_urls.csv
2025-10-30 14:39:35,066 - INFO - Successfully retrieved session from session_The-Times.pickle
2025-10-30 14:39:35,099 - INFO - Parsing url: https://www.thetimes.com/uk/environment/article/feargal-sharkey-the-fight-for-clean-water-clean-it-up-7jq7dnzf0
2025-10-30 14:39:35,163 - INFO - removed image due to bad caption: The Times & The Sunday Times
2025-10-30 14:39:35,166 - INFO - downloading images for file article_contents/The-Times/thetimes.com_2023-12-01_2023-12-31_parsed.json
2025-10-30 14:39:35,166 - INFO - downloading images for article https://www.thetimes.com/uk/environment/article/feargal-sharkey-the-fight-for-clean-water-clean-it-up-7jq7dnzf0
2025-10-30 14:39:35,167 - INFO - Successfully retrieved session from session_The-Times.pickle
2025-10-30 14:39:35,168 - INFO - downloading file at https://www.thetimes.com/imageserver/image/%2Fmethode%2Ftimes%2Fprod%2Fweb%2Fbin%2Fb4c12899-1b73-46c2-9666-8981e48fcd36.jpg
2025-10-30 14:39:37,628 - INFO - downloading file at https://www.thetimes.com/imageserver/image/%2Fmethode%2Ftimes%2Fprod%2Fweb%2Fbin%2F0e7dba26-6c15-448d-bc92-beaa029fcee9.jpg
2025-10-30 14:39:39,163 - INFO - downloading file at https://www.thetimes.com/imageserver/image/%2Fmethode%2Ftimes%2Fprod%2Fweb%2Fbin%2Fb71dd05c-3596-465f-949f-09b25173002f.jpg
2025-10-30 14:39:40,689 - INFO - downloading file at https://www.thetimes.com/imageserver/image/%2Fmethode%2Ftimes%2Fprod%2Fweb%2Fbin%2F3907506a-4acf-4192-ad17-3faebb485b18.jpg
2025-10-30 14:39:42,321 - INFO - downloading file at https://www.thetimes.com/imageserver/image/%2Fmethode%2Ftimes%2Fprod%2Fweb%2Fbin%2F512b93b6-ea7d-4a6c-aeed-ee26b7f49d0b.jpg
2025-10-30 14:39:43,786 - INFO - downloading file at https://www.thetimes.com/imageserver/image/%2Fmethode%2Ftimes%2Fprod%2Fweb%2Fbin%2F4ca34560-9429-11ec-bcf4-9dde9b8243da.png
2025-10-30 14:39:45,088 - INFO - downloading file at https://www.thetimes.com/imageserver/image/%2Fmethode%2Ftimes%2Fprod%2Fweb%2Fbin%2F011e1384-e657-44e3-ac4f-f86dd5c78d1c.jpg
2025-10-30 14:39:46,967 - INFO - scraping urls from file: ../google_scraping/article_urls/The-Times/thetimes.com_2024-01-01_2024-01-31_urls.csv
2025-10-30 14:39:46,969 - INFO - Successfully retrieved session from session_The-Times.pickle
2025-10-30 14:39:47,054 - INFO - Parsing url: https://www.thetimes.com/comment/register/article/corrections-and-clarifications-the-sunday-times-2021-nkjww83b6
2025-10-30 14:39:47,093 - INFO - removed image due to bad caption: The Times & The Sunday Times
2025-10-30 14:39:47,095 - INFO - Parsing url: https://www.thetimes.com/comment/columnists/article/beware-the-wave-of-radical-activist-oaps-jl2nsxhmp
2025-10-30 14:39:47,144 - INFO - removed image due to bad caption: The Times & The Sunday Times
2025-10-30 14:39:47,146 - INFO - Parsing url: https://www.thetimes.com/world/article/mona-lisa-protesters-throw-soup-da-vinci-louvre-paris-bwk0gsxrc
2025-10-30 14:39:47,193 - INFO - removed image due to bad caption: The Times & The Sunday Times
2025-10-30 14:39:47,196 - INFO - downloading images for file article_contents/The-Times/thetimes.com_2024-01-01_2024-01-31_parsed.json
2025-10-30 14:39:47,196 - INFO - downloading images for article https://www.thetimes.com/comment/register/article/corrections-and-clarifications-the-sunday-times-2021-nkjww83b6
2025-10-30 14:39:47,197 - INFO - Successfully retrieved session from session_The-Times.pickle
2025-10-30 14:39:47,198 - INFO - downloading file at https://www.thetimes.com/imageserver/image/%2Fmethode%2Ftimes%2Fprod%2Fweb%2Fbin%2F8b111fbf-d88a-48b1-8b5a-7c540c1208fa.png
2025-10-30 14:39:48,676 - INFO - downloading images for article https://www.thetimes.com/comment/columnists/article/beware-the-wave-of-radical-activist-oaps-jl2nsxhmp
2025-10-30 14:39:48,678 - INFO - Successfully retrieved session from session_The-Times.pickle
2025-10-30 14:39:48,684 - INFO - downloading file at https://www.thetimes.com/imageserver/image/%2Fmethode%2Ftimes%2Fprod%2Fweb%2Fbin%2Fee946bc0-8308-4a27-9a81-5247c3fca80a.png
2025-10-30 14:39:51,015 - INFO - downloading file at https://www.thetimes.com/imageserver/image/%2Fmethode%2Ftimes%2Fprod%2Fweb%2Fbin%2F193d14fb-033a-4909-ba1d-cf6040b6d793.jpg
2025-10-30 14:39:52,528 - INFO - downloading file at https://www.thetimes.com/imageserver/image/%2Fmethode%2Fsundaytimes%2Fprod%2Fweb%2Fbin%2F98ff1770-69ef-11ee-815f-31c5e4390927.jpg
2025-10-30 14:39:54,017 - INFO - downloading images for article https://www.thetimes.com/world/article/mona-lisa-protesters-throw-soup-da-vinci-louvre-paris-bwk0gsxrc
2025-10-30 14:39:54,019 - INFO - Successfully retrieved session from session_The-Times.pickle
2025-10-30 14:39:54,023 - INFO - downloading file at https://www.thetimes.com/imageserver/image/%2Fmethode%2Ftimes%2Fprod%2Fweb%2Fbin%2F7c84b071-47c3-42ee-a05e-0cdbdcea1ce5.jpg
2025-10-30 14:39:55,334 - INFO - downloading file at https://www.thetimes.com/imageserver/image/%2Fmethode%2Ftimes%2Fprod%2Fweb%2Fbin%2F5aa6f039-a41e-4c9e-a9fe-1fcd5add8322.jpg
2025-10-30 14:39:56,653 - INFO - downloading file at https://www.thetimes.com/imageserver/image/%2Fmethode%2Ftimes%2Fprod%2Fweb%2Fbin%2Fdf8fc60c-56e0-11ee-aed5-2d6419a1ef3d.jpg
2025-10-30 14:39:58,339 - INFO - downloading file at https://www.thetimes.com/imageserver/image/%2Fmethode%2Ftimes%2Fprod%2Fweb%2Fbin%2F8d13d460-7cae-11ee-a813-d9df8913b6c9.jpg
2025-10-30 14:40:00,087 - INFO - downloading file at https://www.thetimes.com/imageserver/image/%2Fmethode%2Ftimes%2Fprod%2Fweb%2Fbin%2F36582f2e-dde7-11ed-9cc2-0f7e26ed83eb.jpg
2025-10-30 14:40:01,311 - INFO - scraping urls from file: ../google_scraping/article_urls/The-Times/thetimes.com_2024-02-01_2024-02-29_urls.csv
2025-10-30 14:40:01,311 - INFO - Successfully retrieved session from session_The-Times.pickle
2025-10-30 14:40:01,380 - INFO - Parsing url: https://www.thetimes.com/uk/article/greta-thunberg-trial-court-oil-protest-london-r9cp8n2tf
2025-10-30 14:40:01,422 - INFO - removed image due to bad caption: The Times & The Sunday Times
2025-10-30 14:40:01,425 - INFO - Parsing url: https://www.thetimes.com/uk/article/as-the-air-goes-out-of-just-stop-oil-new-tyre-deflaters-hit-the-streets-pv7s6qjvc
2025-10-30 14:40:01,468 - INFO - removed image due to bad caption: The Times & The Sunday Times
2025-10-30 14:40:01,471 - INFO - downloading images for file article_contents/The-Times/thetimes.com_2024-02-01_2024-02-29_parsed.json
2025-10-30 14:40:01,471 - INFO - downloading images for article https://www.thetimes.com/uk/article/greta-thunberg-trial-court-oil-protest-london-r9cp8n2tf
2025-10-30 14:40:01,471 - INFO - Successfully retrieved session from session_The-Times.pickle
2025-10-30 14:40:01,472 - INFO - downloading file at https://www.thetimes.com/imageserver/image/%2Fmethode%2Ftimes%2Fprod%2Fweb%2Fbin%2F204eac6d-89c4-45c9-87cb-c2b0df653094.jpg
2025-10-30 14:40:02,909 - INFO - downloading file at https://www.thetimes.com/imageserver/image/%2Fmethode%2Ftimes%2Fprod%2Fweb%2Fbin%2F19d89846-af46-4024-a70a-90d20c45de09.jpg
2025-10-30 14:40:04,353 - INFO - downloading file at https://www.thetimes.com/imageserver/image/%2Fmethode%2Ftimes%2Fprod%2Fweb%2Fbin%2Fe49210ea-cd58-11ed-b20d-41ba9942b7d9.jpg
2025-10-30 14:40:05,694 - INFO - downloading file at https://www.thetimes.com/imageserver/image/%2Fmethode%2Ftimes%2Fprod%2Fweb%2Fbin%2F2fabc78e-84a0-11ee-ab78-b8f8e234f1ae.jpg
2025-10-30 14:40:07,173 - INFO - downloading images for article https://www.thetimes.com/uk/article/as-the-air-goes-out-of-just-stop-oil-new-tyre-deflaters-hit-the-streets-pv7s6qjvc
2025-10-30 14:40:07,176 - INFO - Successfully retrieved session from session_The-Times.pickle
2025-10-30 14:40:07,187 - INFO - downloading file at https://www.thetimes.com/imageserver/image/%2Fmethode%2Ftimes%2Fprod%2Fweb%2Fbin%2Fa8795d13-dff6-4a95-804f-cebaee009a8b.jpg
2025-10-30 14:40:09,528 - INFO - downloading file at https://www.thetimes.com/imageserver/image/%2Fmethode%2Ftimes%2Fprod%2Fweb%2Fbin%2F8492b4bc-9647-4a13-806d-bce70803e882.jpg
2025-10-30 14:40:11,096 - INFO - downloading file at https://www.thetimes.com/imageserver/image/%2Fmethode%2Ftimes%2Fprod%2Fweb%2Fbin%2F2b71c210-b4e2-44eb-911b-869f3ae34a48.jpg
2025-10-30 14:40:12,813 - INFO - downloading file at https://www.thetimes.com/imageserver/image/%2Fmethode%2Ftimes%2Fprod%2Fweb%2Fbin%2Ffcb440aa-6ce8-11ee-b0f3-053d83492f27.jpg
2025-10-30 14:40:14,379 - INFO - downloading file at https://www.thetimes.com/imageserver/image/%2Fmethode%2Ftimes%2Fprod%2Fweb%2Fbin%2F435de44a-3560-11ee-a54b-14a9a87cf1a8.jpg
2025-10-30 14:40:15,916 - INFO - downloading file at https://www.thetimes.com/imageserver/image/%2Fmethode%2Ftimes%2Fprod%2Fweb%2Fbin%2F8656e900-225e-11ee-9b6f-7186ba87ded7.jpg
2025-10-30 14:40:17,256 - INFO - scraping urls from file: ../google_scraping/article_urls/The-Times/thetimes.com_2024-03-01_2024-03-31_urls.csv
2025-10-30 14:40:17,257 - INFO - Successfully retrieved session from session_The-Times.pickle
2025-10-30 14:40:17,326 - INFO - Parsing url: https://www.thetimes.com/comment/columnists/article/principled-vandals-extinction-rebellion-just-stop-oil-comment-dpflb6fdp
2025-10-30 14:40:17,363 - INFO - removed image due to bad caption: The Times & The Sunday Times
2025-10-30 14:40:17,365 - INFO - Parsing url: https://www.thetimes.com/uk/politics/article/why-i-wont-stop-hunting-with-hounds-zk8tbcrfx
2025-10-30 14:40:17,403 - INFO - removed image due to bad caption: The Times & The Sunday Times
2025-10-30 14:40:17,405 - INFO - article dropped, search terms not present: https://www.thetimes.com/uk/politics/article/why-i-wont-stop-hunting-with-hounds-zk8tbcrfx
2025-10-30 14:40:17,406 - INFO - downloading images for file article_contents/The-Times/thetimes.com_2024-03-01_2024-03-31_parsed.json
2025-10-30 14:40:17,406 - INFO - downloading images for article https://www.thetimes.com/comment/columnists/article/principled-vandals-extinction-rebellion-just-stop-oil-comment-dpflb6fdp
2025-10-30 14:40:17,406 - INFO - Successfully retrieved session from session_The-Times.pickle
2025-10-30 14:40:17,407 - INFO - downloading file at https://www.thetimes.com/imageserver/image/%2Fmethode%2Ftimes%2Fprod%2Fweb%2Fbin%2F7aa2a788-1da2-488a-82b4-252c9186aa3f.png
2025-10-30 14:40:18,623 - INFO - downloading file at https://www.thetimes.com/imageserver/image/%2Fmethode%2Ftimes%2Fprod%2Fweb%2Fbin%2Ff83cac81-44ae-445a-abd7-76130d077ac1.jpg
2025-10-30 14:40:20,072 - INFO - downloading file at https://www.thetimes.com/imageserver/image/%2Fmethode%2Ftimes%2Fprod%2Fweb%2Fbin%2Fa2a45991-9260-4460-b752-09c213ef2c86.png
2025-10-30 14:40:21,468 - INFO - downloading file at https://www.thetimes.com/imageserver/image/%2Fmethode%2Ftimes%2Fprod%2Fweb%2Fbin%2F992b77e7-fafe-4e5b-b284-d864b024eed8.png
2025-10-30 14:40:22,764 - INFO - downloading file at https://www.thetimes.com/imageserver/image/%2Fmethode%2Ftimes%2Fprod%2Fweb%2Fbin%2F992b77e7-fafe-4e5b-b284-d864b024eed8.png
2025-10-30 14:40:23,830 - INFO - scraping urls from file: ../google_scraping/article_urls/The-Times/thetimes.com_2024-04-01_2024-04-30_urls.csv
2025-10-30 14:40:23,831 - INFO - Successfully retrieved session from session_The-Times.pickle
2025-10-30 14:40:23,842 - INFO - downloading images for file article_contents/The-Times/thetimes.com_2024-04-01_2024-04-30_parsed.json
2025-10-30 14:40:23,842 - INFO - scraping urls from file: ../google_scraping/article_urls/The-Times/thetimes.com_2024-05-01_2024-05-31_urls.csv
2025-10-30 14:40:23,843 - INFO - Successfully retrieved session from session_The-Times.pickle
2025-10-30 14:40:23,860 - INFO - Parsing url: https://www.thetimes.com/uk/environment/article/arrested-in-our-80s-over-magna-carta-meet-just-stop-oils-pensioners-r2qhz9mn7
2025-10-30 14:40:23,894 - INFO - removed image due to bad caption: The Times & The Sunday Times
2025-10-30 14:40:23,897 - INFO - downloading images for file article_contents/The-Times/thetimes.com_2024-05-01_2024-05-31_parsed.json
2025-10-30 14:40:23,897 - INFO - downloading images for article https://www.thetimes.com/uk/environment/article/arrested-in-our-80s-over-magna-carta-meet-just-stop-oils-pensioners-r2qhz9mn7
2025-10-30 14:40:23,897 - INFO - Successfully retrieved session from session_The-Times.pickle
2025-10-30 14:40:23,898 - INFO - downloading file at https://www.thetimes.com/imageserver/image/%2Fmethode%2Ftimes%2Fprod%2Fweb%2Fbin%2F6bea5676-0339-407f-8eeb-920b349f86c0.jpg
2025-10-30 14:40:25,428 - INFO - downloading file at https://www.thetimes.com/imageserver/image/%2Fmethode%2Ftimes%2Fprod%2Fweb%2Fbin%2Fbb54c1fe-38d9-4ebe-9a85-a8b7443f5b2d.jpg
2025-10-30 14:40:26,977 - INFO - downloading file at https://www.thetimes.com/imageserver/image/%2Fmethode%2Ftimes%2Fprod%2Fweb%2Fbin%2F374b48c4-200d-40e6-b9c0-ec1abb5e9d12.jpg
2025-10-30 14:40:28,229 - INFO - downloading file at https://www.thetimes.com/imageserver/image/%2Fmethode%2Ftimes%2Fprod%2Fweb%2Fbin%2F4b229418-73f8-40af-a7fa-9fd8c93eac6e.jpg
2025-10-30 14:40:29,534 - INFO - downloading file at https://www.thetimes.com/imageserver/image/%2Fmethode%2Ftimes%2Fprod%2Fweb%2Fbin%2Fd187b6f2-0143-11ee-a575-61f34e4c266a.jpg
2025-10-30 14:40:31,306 - INFO - downloading file at https://www.thetimes.com/imageserver/image/%2Fmethode%2Ftimes%2Fprod%2Fweb%2Fbin%2F13f2eac4-c84a-4c76-aaca-b6a2d2f39c13.jpg
2025-10-30 14:40:33,056 - INFO - scraping urls from file: ../google_scraping/article_urls/The-Times/thetimes.com_2024-06-01_2024-06-30_urls.csv
2025-10-30 14:40:33,057 - INFO - Successfully retrieved session from session_The-Times.pickle
2025-10-30 14:40:33,159 - INFO - Parsing url: https://www.thetimes.com/culture/music/article/friday-glastonbury-2024-live-latest-news-0nkk0x272
2025-10-30 14:40:33,228 - INFO - removed image due to bad caption: The Times & The Sunday Times
2025-10-30 14:40:33,234 - INFO - Parsing url: https://www.thetimes.com/life-style/fashion/article/vivienne-westwoods-wardrobe-is-up-for-sale-at-christies-sb7dgfhf5
2025-10-30 14:40:33,272 - INFO - removed image due to bad caption: The Times & The Sunday Times
2025-10-30 14:40:33,274 - INFO - Parsing url: https://www.thetimes.com/world/europe/article/attacking-art-should-be-criminal-offence-even-if-theres-no-damage-lhf2vhjrq
2025-10-30 14:40:33,309 - INFO - removed image due to bad caption: The Times & The Sunday Times
2025-10-30 14:40:33,312 - INFO - downloading images for file article_contents/The-Times/thetimes.com_2024-06-01_2024-06-30_parsed.json
2025-10-30 14:40:33,312 - INFO - downloading images for article https://www.thetimes.com/culture/music/article/friday-glastonbury-2024-live-latest-news-0nkk0x272
2025-10-30 14:40:33,313 - INFO - Successfully retrieved session from session_The-Times.pickle
2025-10-30 14:40:33,313 - INFO - downloading file at https://www.thetimes.com/imageserver/image/%2Fmethode%2Ftimes%2Fprod%2Fweb%2Fbin%2F125f965b-fa2e-4a9b-bfa0-831c4c4c1220.jpg
2025-10-30 14:40:34,896 - INFO - downloading file at https://www.thetimes.com/imageserver/image/%2Fmethode%2Ftimes%2Fprod%2Fweb%2Fbin%2Fdd527021-f4fd-4243-a78a-08381b57b687.jpg
2025-10-30 14:40:36,570 - INFO - downloading file at https://www.thetimes.com/imageserver/image/%2Fmethode%2Ftimes%2Fprod%2Fweb%2Fbin%2F6df66941-b947-4fba-9e69-aa40c3c47bd3.jpg
2025-10-30 14:40:38,560 - INFO - downloading file at https://www.thetimes.com/imageserver/image/%2Fmethode%2Ftimes%2Fprod%2Fweb%2Fbin%2Fe420a689-54a1-4dec-ac88-7f8ace0993e0.jpg
2025-10-30 14:40:39,955 - INFO - downloading file at https://www.thetimes.com/imageserver/image/%2Fmethode%2Ftimes%2Fprod%2Fweb%2Fbin%2F531f1fed-5a86-4a1c-b397-9a5c1b5ffec8.jpg
2025-10-30 14:40:41,477 - INFO - downloading file at https://www.thetimes.com/imageserver/image/%2Fmethode%2Ftimes%2Fprod%2Fweb%2Fbin%2F44aa21ae-23d4-4506-9840-e01faadcd0b0.jpg
2025-10-30 14:40:43,007 - INFO - downloading file at https://www.thetimes.com/imageserver/image/%2Fmethode%2Ftimes%2Fprod%2Fweb%2Fbin%2Fd84f992f-7879-4ea1-9fb9-4f46cbf50ec4.jpg
2025-10-30 14:40:45,965 - INFO - downloading file at https://www.thetimes.com/imageserver/image/%2Fmethode%2Ftimes%2Fprod%2Fweb%2Fbin%2F4aa4d958-faeb-479f-8ffb-23d947e1ddcc.jpg
2025-10-30 14:40:47,552 - INFO - downloading file at https://www.thetimes.com/imageserver/image/%2Fmethode%2Ftimes%2Fprod%2Fweb%2Fbin%2Ff3a96419-1244-4bc8-bad5-1cbc3acfc135.jpg
2025-10-30 14:40:49,206 - INFO - downloading file at https://www.thetimes.com/imageserver/image/%2Fmethode%2Ftimes%2Fprod%2Fweb%2Fbin%2F3960af58-7efc-4784-afe3-1e22ea7b8d88.jpg
2025-10-30 14:40:50,936 - INFO - downloading file at https://www.thetimes.com/imageserver/image/%2Fmethode%2Ftimes%2Fprod%2Fweb%2Fbin%2F564c91e7-0aa6-499d-844f-dc857abb0350.jpg
2025-10-30 14:40:52,580 - INFO - downloading file at https://www.thetimes.com/imageserver/image/%2Fmethode%2Ftimes%2Fprod%2Fweb%2Fbin%2Fb61afe54-ff96-4e5f-94e5-3887b844d8bc.jpg
2025-10-30 14:40:54,130 - INFO - downloading file at https://www.thetimes.com/imageserver/image/%2Fmethode%2Ftimes%2Fprod%2Fweb%2Fbin%2F622e5989-b11e-4474-afba-21b367c84970.jpg
2025-10-30 14:40:55,739 - INFO - downloading file at https://www.thetimes.com/imageserver/image/%2Fmethode%2Ftimes%2Fprod%2Fweb%2Fbin%2F04c04854-c404-471c-950d-b960a13d47f6.jpg
2025-10-30 14:40:57,310 - INFO - downloading file at https://www.thetimes.com/imageserver/image/%2Fmethode%2Ftimes%2Fprod%2Fweb%2Fbin%2F0114fe9b-8deb-4017-bf99-a0663fa5b4ee.jpg
2025-10-30 14:40:58,933 - INFO - downloading file at https://www.thetimes.com/imageserver/image/%2Fmethode%2Ftimes%2Fprod%2Fweb%2Fbin%2F8fbd15e1-c8b2-49f1-9002-b9fb141b8772.jpg
2025-10-30 14:41:00,754 - INFO - downloading file at https://www.thetimes.com/imageserver/image/%2Fmethode%2Ftimes%2Fprod%2Fweb%2Fbin%2Fc731bb76-8c3c-41b8-b8a3-7b8bde82d749.jpg
2025-10-30 14:41:02,396 - INFO - downloading file at https://www.thetimes.com/imageserver/image/%2Fmethode%2Ftimes%2Fprod%2Fweb%2Fbin%2F0e2ed322-9f36-4d3c-9bcf-93f5a4af05b5.jpg
2025-10-30 14:41:03,911 - INFO - downloading file at https://www.thetimes.com/imageserver/image/%2Fmethode%2Ftimes%2Fprod%2Fweb%2Fbin%2F21292c33-c0bb-4392-9b2f-f7fa5328af48.jpg
2025-10-30 14:41:05,661 - INFO - downloading file at https://www.thetimes.com/imageserver/image/%2Fmethode%2Ftimes%2Fprod%2Fweb%2Fbin%2F26ad8135-8a5c-4ffb-a20d-e79b005232be.jpg
2025-10-30 14:41:07,394 - INFO - downloading file at https://www.thetimes.com/imageserver/image/%2Fmethode%2Ftimes%2Fprod%2Fweb%2Fbin%2Fbbab66d8-9186-4f3a-b8a6-467a773a7e0b.jpg
2025-10-30 14:41:09,059 - INFO - downloading file at https://www.thetimes.com/imageserver/image/%2Fmethode%2Ftimes%2Fprod%2Fweb%2Fbin%2F5ebe01c2-5adf-45fd-8cb7-8c9eda3afcfd.jpg
2025-10-30 14:41:10,658 - INFO - downloading file at https://www.thetimes.com/imageserver/image/%2Fmethode%2Ftimes%2Fprod%2Fweb%2Fbin%2F571c59c2-728f-4f46-b3bb-3b01fdd61ccc.jpg
2025-10-30 14:41:12,447 - INFO - downloading file at https://www.thetimes.com/imageserver/image/%2Fmethode%2Ftimes%2Fprod%2Fweb%2Fbin%2Ff0ec9929-08b0-4bd1-bdd7-e4b1357a1d4b.jpg
2025-10-30 14:41:14,875 - INFO - downloading file at https://www.thetimes.com/imageserver/image/%2Fmethode%2Ftimes%2Fprod%2Fweb%2Fbin%2F9cdc6b11-44a1-462e-ba5d-304d74c09207.jpg
2025-10-30 14:41:16,371 - INFO - downloading file at https://www.thetimes.com/imageserver/image/%2Fmethode%2Ftimes%2Fprod%2Fweb%2Fbin%2Ffe0e2387-5cfa-4ac7-b21e-1994295c7650.jpg
2025-10-30 14:41:19,749 - INFO - downloading file at https://www.thetimes.com/imageserver/image/%2Fmethode%2Ftimes%2Fprod%2Fweb%2Fbin%2F61615c97-b30d-4772-992b-da5154b40a32.jpg
2025-10-30 14:41:21,468 - INFO - downloading file at https://www.thetimes.com/imageserver/image/%2Fmethode%2Ftimes%2Fprod%2Fweb%2Fbin%2F0149d894-7e8c-47dc-ae2a-7ca2be9bd8f4.jpg
2025-10-30 14:41:23,297 - INFO - downloading file at https://www.thetimes.com/imageserver/image/%2Fmethode%2Ftimes%2Fprod%2Fweb%2Fbin%2Fab1f4e8b-61a9-4037-9844-4291c9bf5570.jpg
2025-10-30 14:41:24,899 - INFO - downloading file at https://www.thetimes.com/imageserver/image/%2Fmethode%2Ftimes%2Fprod%2Fweb%2Fbin%2F8b08acbc-6241-4374-961f-b351a874a5bc.jpg
2025-10-30 14:41:26,410 - INFO - downloading file at https://www.thetimes.com/imageserver/image/%2Fmethode%2Ftimes%2Fprod%2Fweb%2Fbin%2Fe6c934df-1764-4ed9-aa57-36626c4f69ac.jpg
2025-10-30 14:41:27,986 - INFO - downloading file at https://www.thetimes.com/imageserver/image/%2Fmethode%2Ftimes%2Fprod%2Fweb%2Fbin%2Fc112046c-bb97-435e-ad56-7564af772b9e.jpg
2025-10-30 14:41:30,146 - INFO - downloading file at https://www.thetimes.com/imageserver/image/%2Fmethode%2Ftimes%2Fprod%2Fweb%2Fbin%2F9e4f919f-4082-475d-87be-0d6861c8e600.jpg
2025-10-30 14:41:31,974 - INFO - downloading file at https://www.thetimes.com/imageserver/image/%2Fmethode%2Ftimes%2Fprod%2Fweb%2Fbin%2F8248d2ec-6a87-44d5-9e19-710618dc7267.jpg
2025-10-30 14:41:33,825 - INFO - downloading file at https://www.thetimes.com/imageserver/image/%2Fmethode%2Ftimes%2Fprod%2Fweb%2Fbin%2F10dae631-385e-4849-a566-9bf64db2081e.jpg
2025-10-30 14:41:35,649 - INFO - downloading file at https://www.thetimes.com/imageserver/image/%2Fmethode%2Ftimes%2Fprod%2Fweb%2Fbin%2F64fe5c83-531a-467c-9edd-effc1d5be46f.jpg
2025-10-30 14:41:37,108 - INFO - downloading file at https://www.thetimes.com/imageserver/image/%2Fmethode%2Ftimes%2Fprod%2Fweb%2Fbin%2Fa5f72e71-3131-4ee1-b6b2-81bf1be1ec69.jpg
2025-10-30 14:41:38,833 - INFO - downloading file at https://www.thetimes.com/imageserver/image/%2Fmethode%2Ftimes%2Fprod%2Fweb%2Fbin%2F48ac8493-9aec-4f37-a5f3-1b07538d9c01.jpg
2025-10-30 14:41:40,218 - INFO - downloading file at https://www.thetimes.com/imageserver/image/%2Fmethode%2Ftimes%2Fprod%2Fweb%2Fbin%2F2072b266-4fb7-4e20-bd74-7671a370522d.jpg
2025-10-30 14:41:41,810 - INFO - downloading file at https://www.thetimes.com/imageserver/image/%2Fmethode%2Ftimes%2Fprod%2Fweb%2Fbin%2Fc5d00bf5-c614-46c7-93e7-b8d84ed1a10f.jpg
2025-10-30 14:41:43,592 - INFO - downloading file at https://www.thetimes.com/imageserver/image/%2Fmethode%2Ftimes%2Fprod%2Fweb%2Fbin%2F75518d62-0f31-40f2-bb49-f92dbf4d46e6.jpg
2025-10-30 14:41:45,968 - INFO - downloading file at https://www.thetimes.com/imageserver/image/%2Fmethode%2Ftimes%2Fprod%2Fweb%2Fbin%2Ff3f7a9db-39fd-4173-8476-bd5311fa4eab.jpg
2025-10-30 14:41:47,376 - INFO - downloading file at https://www.thetimes.com/imageserver/image/%2Fmethode%2Ftimes%2Fprod%2Fweb%2Fbin%2Ff3dfc934-5a87-4f94-8ae8-431f082d7cdc.jpg
2025-10-30 14:41:48,945 - INFO - downloading file at https://www.thetimes.com/imageserver/image/%2Fmethode%2Ftimes%2Fprod%2Fweb%2Fbin%2F122d878a-ea61-4577-bf44-af1dcc09a339.jpg
2025-10-30 14:41:50,510 - INFO - downloading file at https://www.thetimes.com/imageserver/image/%2Fmethode%2Ftimes%2Fprod%2Fweb%2Fbin%2F69ece68f-2c8f-4ea8-af10-a799f0befc66.jpg
2025-10-30 14:41:52,258 - INFO - downloading file at https://www.thetimes.com/imageserver/image/%2Fmethode%2Ftimes%2Fprod%2Fweb%2Fbin%2F9de8b06e-cc3d-45a5-9bf5-141d0160da56.jpg
2025-10-30 14:41:53,609 - INFO - downloading file at https://www.thetimes.com/imageserver/image/%2Fmethode%2Ftimes%2Fprod%2Fweb%2Fbin%2Fd962a9b9-6ba1-4d1b-925b-57717d76184c.jpg
2025-10-30 14:41:56,416 - INFO - downloading file at https://www.thetimes.com/imageserver/image/%2Fmethode%2Ftimes%2Fprod%2Fweb%2Fbin%2F25e2b3e5-be0a-4650-ac1a-35a6258c51c2.jpg
2025-10-30 14:41:58,432 - INFO - downloading images for article https://www.thetimes.com/life-style/fashion/article/vivienne-westwoods-wardrobe-is-up-for-sale-at-christies-sb7dgfhf5
2025-10-30 14:41:58,432 - INFO - Successfully retrieved session from session_The-Times.pickle
2025-10-30 14:41:58,434 - INFO - downloading file at https://www.thetimes.com/imageserver/image/%2Fmethode%2Ftimes%2Fprod%2Fweb%2Fbin%2F1420f7d3-e9dc-460a-99f2-7bad083fea9d.jpg
2025-10-30 14:41:59,893 - INFO - downloading file at https://www.thetimes.com/imageserver/image/%2Fmethode%2Ftimes%2Fprod%2Fweb%2Fbin%2Fb6cf2f37-eae2-4348-bca6-d63b1a50aaa4.jpg
2025-10-30 14:42:01,342 - INFO - downloading file at https://www.thetimes.com/imageserver/image/%2Fmethode%2Ftimes%2Fprod%2Fweb%2Fbin%2F6f3ea6bd-cadd-4780-a7ee-0c47f97cd6f5.jpg
2025-10-30 14:42:03,179 - INFO - downloading file at https://www.thetimes.com/imageserver/image/%2Fmethode%2Ftimes%2Fprod%2Fweb%2Fbin%2F74804ae9-d9f1-4641-8bf9-410819496c9c.jpg
2025-10-30 14:42:04,524 - INFO - downloading file at https://www.thetimes.com/imageserver/image/%2Fmethode%2Ftimes%2Fprod%2Fweb%2Fbin%2F8d0b10e4-2c1f-44b8-a22d-84b3b33398b6.jpg
2025-10-30 14:42:06,199 - INFO - downloading file at https://www.thetimes.com/imageserver/image/%2Fmethode%2Ftimes%2Fprod%2Fweb%2Fbin%2Fd987001c-9e77-4798-a58d-0aaf917e7bee.jpg
2025-10-30 14:42:07,989 - INFO - downloading file at https://www.thetimes.com/imageserver/image/%2Fmethode%2Ftimes%2Fprod%2Fweb%2Fbin%2F16548466-cc89-4f1d-9a7a-498e1f0bd1fe.jpg
2025-10-30 14:42:09,523 - INFO - downloading file at https://www.thetimes.com/imageserver/image/%2Fmethode%2Ftimes%2Fprod%2Fweb%2Fbin%2F8ba841fa-886d-11ed-8ebd-06f6e5e80272.jpg
2025-10-30 14:42:11,881 - INFO - downloading file at https://www.thetimes.com/imageserver/image/%2Fmethode%2Ftimes%2Fprod%2Fweb%2Fbin%2Fc680e1f8-8843-11ed-8ebd-06f6e5e80272.jpg
2025-10-30 14:42:13,423 - INFO - downloading file at https://www.thetimes.com/imageserver/image/%2Fmethode%2Ftimes%2Fprod%2Fweb%2Fbin%2Feb863c7a-87bf-11ed-bb21-8f4d97ec7b02.jpg
2025-10-30 14:42:14,806 - INFO - downloading images for article https://www.thetimes.com/world/europe/article/attacking-art-should-be-criminal-offence-even-if-theres-no-damage-lhf2vhjrq
2025-10-30 14:42:14,808 - INFO - Successfully retrieved session from session_The-Times.pickle
2025-10-30 14:42:14,812 - INFO - downloading file at https://www.thetimes.com/imageserver/image/%2Fmethode%2Ftimes%2Fprod%2Fweb%2Fbin%2Fa0ff0276-f0a1-413b-950d-477bcbf051fc.jpg
2025-10-30 14:42:16,102 - INFO - downloading file at https://www.thetimes.com/imageserver/image/%2Fmethode%2Ftimes%2Fprod%2Fweb%2Fbin%2Faa0dd352-5da6-4657-ad4a-e1d667c9cab6.jpg
2025-10-30 14:42:17,562 - INFO - downloading file at https://www.thetimes.com/imageserver/image/%2Fmethode%2Ftimes%2Fprod%2Fweb%2Fbin%2Fcc4fbeac-d161-4f62-a7b7-98888e9e0dca.jpg
2025-10-30 14:42:18,752 - INFO - downloading file at https://www.thetimes.com/imageserver/image/%2Fmethode%2Ftimes%2Fprod%2Fweb%2Fbin%2F11113b9c-a46a-4f23-8056-4b0058479f4f.jpg
2025-10-30 14:42:20,361 - INFO - downloading file at https://www.thetimes.com/imageserver/image/%2Fmethode%2Ftimes%2Fprod%2Fweb%2Fbin%2F1be1188e-45e2-4d34-a73f-3c8d25c3fb8a.jpg
2025-10-30 14:42:21,880 - INFO - scraping urls from file: ../google_scraping/article_urls/The-Times/thetimes.com_2024-07-01_2024-07-31_urls.csv
2025-10-30 14:42:21,881 - INFO - Successfully retrieved session from session_The-Times.pickle
2025-10-30 14:42:21,931 - INFO - Parsing url: https://www.thetimes.com/uk/crime/article/police-fear-just-stop-oil-jail-sentences-will-spark-more-protests-fzrbs6cp0
2025-10-30 14:42:22,042 - INFO - removed image due to bad caption: The Times & The Sunday Times
2025-10-30 14:42:22,045 - INFO - Parsing url: https://www.thetimes.com/uk/environment/article/mum-safehouse-just-stop-oil-jso-c8q2vb8q8
2025-10-30 14:42:22,080 - INFO - removed image due to bad caption: The Times & The Sunday Times
2025-10-30 14:42:22,083 - INFO - downloading images for file article_contents/The-Times/thetimes.com_2024-07-01_2024-07-31_parsed.json
2025-10-30 14:42:22,083 - INFO - downloading images for article https://www.thetimes.com/uk/crime/article/police-fear-just-stop-oil-jail-sentences-will-spark-more-protests-fzrbs6cp0
2025-10-30 14:42:22,083 - INFO - Successfully retrieved session from session_The-Times.pickle
2025-10-30 14:42:22,084 - INFO - downloading file at https://www.thetimes.com/imageserver/image/%2Fmethode%2Ftimes%2Fprod%2Fweb%2Fbin%2F44ec9ad7-29df-4759-b5e8-e5121218ffdd.jpg
2025-10-30 14:42:24,159 - INFO - downloading file at https://www.thetimes.com/imageserver/image/%2Fmethode%2Ftimes%2Fprod%2Fweb%2Fbin%2F683cd313-fd5e-43a3-ac3d-4b0f65a0a2b5.jpg
2025-10-30 14:42:25,462 - INFO - downloading file at https://www.thetimes.com/imageserver/image/%2Fmethode%2Ftimes%2Fprod%2Fweb%2Fbin%2Fa0e99c82-19cd-412b-a3d6-ed7a2f29e8ef.jpg
2025-10-30 14:42:26,878 - INFO - downloading file at https://www.thetimes.com/imageserver/image/%2Fmethode%2Ftimes%2Fprod%2Fweb%2Fbin%2F7aa69444-5bfb-4722-82dc-7722870bb954.jpg
2025-10-30 14:42:28,359 - INFO - downloading file at https://www.thetimes.com/imageserver/image/%2Fmethode%2Ftimes%2Fprod%2Fweb%2Fbin%2F269f6497-bbf1-4a71-bf32-6f2847eaf683.jpg
2025-10-30 14:42:29,760 - INFO - downloading file at https://www.thetimes.com/imageserver/image/%2Fmethode%2Ftimes%2Fprod%2Fweb%2Fbin%2F683cd313-fd5e-43a3-ac3d-4b0f65a0a2b5.jpg
2025-10-30 14:42:30,838 - INFO - downloading file at https://www.thetimes.com/imageserver/image/%2Fmethode%2Ftimes%2Fprod%2Fweb%2Fbin%2F4dbfad50-c700-4970-8dce-c0074396df52.jpg
2025-10-30 14:42:32,171 - INFO - downloading images for article https://www.thetimes.com/uk/environment/article/mum-safehouse-just-stop-oil-jso-c8q2vb8q8
2025-10-30 14:42:32,171 - INFO - Successfully retrieved session from session_The-Times.pickle
2025-10-30 14:42:32,172 - INFO - downloading file at https://www.thetimes.com/imageserver/image/%2Fmethode%2Ftimes%2Fprod%2Fweb%2Fbin%2F0c3e8422-e565-4a22-baa8-11a8f0b19e54.jpg
2025-10-30 14:42:33,870 - INFO - downloading file at https://www.thetimes.com/imageserver/image/%2Fmethode%2Ftimes%2Fprod%2Fweb%2Fbin%2F437f80f0-bfa1-4977-b7fa-bc225eb68d3d.jpg
2025-10-30 14:42:35,257 - INFO - downloading file at https://www.thetimes.com/imageserver/image/%2Fmethode%2Ftimes%2Fprod%2Fweb%2Fbin%2F4d79fe67-82c7-4bbd-a1bc-2d3dd45808ac.jpg
2025-10-30 14:42:37,186 - INFO - downloading file at https://www.thetimes.com/imageserver/image/%2Fmethode%2Ftimes%2Fprod%2Fweb%2Fbin%2F07c9d56f-8e00-497f-9c6f-276612384fc1.jpg
2025-10-30 14:42:38,573 - INFO - downloading file at https://www.thetimes.com/imageserver/image/%2Fmethode%2Ftimes%2Fprod%2Fweb%2Fbin%2F1fcbc004-ecd8-43bf-8493-9cc366ce4c0a.jpg
2025-10-30 14:42:40,233 - INFO - downloading file at https://www.thetimes.com/imageserver/image/%2Fmethode%2Ftimes%2Fprod%2Fweb%2Fbin%2F7f8c1364-d461-4e69-8981-57288f24d906.jpg
2025-10-30 14:42:41,730 - INFO - downloading file at https://www.thetimes.com/imageserver/image/%2Fmethode%2Ftimes%2Fprod%2Fweb%2Fbin%2F0058cb19-41e9-42a3-8c6e-bd896b737b70.jpg
2025-10-30 14:42:42,993 - INFO - downloading file at https://www.thetimes.com/imageserver/image/%2Fmethode%2Ftimes%2Fprod%2Fweb%2Fbin%2F5d46ca98-80b3-4a16-bbd2-a1d64140e68c.jpg
2025-10-30 14:42:44,510 - INFO - scraping urls from file: ../google_scraping/article_urls/The-Times/thetimes.com_2024-08-01_2024-08-31_urls.csv
2025-10-30 14:42:44,512 - INFO - Successfully retrieved session from session_The-Times.pickle
2025-10-30 14:42:44,535 - INFO - Parsing url: https://www.thetimes.com/world/us-world/article/starbucks-ceo-private-jet-commute-brian-niccol-rjmr59lzm
2025-10-30 14:42:44,572 - INFO - removed image due to bad caption: The Times & The Sunday Times
2025-10-30 14:42:44,575 - INFO - downloading images for file article_contents/The-Times/thetimes.com_2024-08-01_2024-08-31_parsed.json
2025-10-30 14:42:44,575 - INFO - downloading images for article https://www.thetimes.com/world/us-world/article/starbucks-ceo-private-jet-commute-brian-niccol-rjmr59lzm
2025-10-30 14:42:44,576 - INFO - Successfully retrieved session from session_The-Times.pickle
2025-10-30 14:42:44,577 - INFO - downloading file at https://www.thetimes.com/imageserver/image/%2Fmethode%2Ftimes%2Fprod%2Fweb%2Fbin%2Fec4bfc4d-138b-4b84-8b27-ef3ce475ce74.jpg
2025-10-30 14:42:45,940 - INFO - downloading file at https://www.thetimes.com/imageserver/image/%2Fmethode%2Ftimes%2Fprod%2Fweb%2Fbin%2Feba58de8-5368-433a-bcae-0cd02f77cba2.jpg
2025-10-30 14:42:47,615 - INFO - downloading file at https://www.thetimes.com/imageserver/image/%2Fmethode%2Ftimes%2Fprod%2Fweb%2Fbin%2Fa38c71de-56bf-47c5-aba0-1c6e61d55bdb.jpg
2025-10-30 14:42:49,316 - INFO - downloading file at https://www.thetimes.com/imageserver/image/%2Fmethode%2Ftimes%2Fprod%2Fweb%2Fbin%2Fea2cda14-277a-47f6-9532-2623d30627b1.jpg
2025-10-30 14:42:50,882 - INFO - downloading file at https://www.thetimes.com/imageserver/image/%2Fmethode%2Ftimes%2Fprod%2Fweb%2Fbin%2F3835a02a-9914-4e3b-b3f0-6c7ac70744f3.jpg
2025-10-30 14:42:52,526 - INFO - scraping urls from file: ../google_scraping/article_urls/The-Times/thetimes.com_2024-09-01_2024-09-30_urls.csv
2025-10-30 14:42:52,528 - INFO - Successfully retrieved session from session_The-Times.pickle
2025-10-30 14:42:52,565 - INFO - Parsing url: https://www.thetimes.com/uk/crime/article/dont-jail-activists-over-creative-van-gogh-soup-protest-artists-urge-wk6lw32xc
2025-10-30 14:42:52,597 - INFO - removed image due to bad caption: The Times & The Sunday Times
2025-10-30 14:42:52,600 - INFO - Parsing url: https://www.thetimes.com/uk/science/article/arctic-wilderness-svalbard-how-changing-dwxxgqbz8
2025-10-30 14:42:52,636 - INFO - removed image due to bad caption: The Times & The Sunday Times
2025-10-30 14:42:52,639 - INFO - article dropped, search terms not present: https://www.thetimes.com/uk/science/article/arctic-wilderness-svalbard-how-changing-dwxxgqbz8
2025-10-30 14:42:52,639 - INFO - downloading images for file article_contents/The-Times/thetimes.com_2024-09-01_2024-09-30_parsed.json
2025-10-30 14:42:52,639 - INFO - downloading images for article https://www.thetimes.com/uk/crime/article/dont-jail-activists-over-creative-van-gogh-soup-protest-artists-urge-wk6lw32xc
2025-10-30 14:42:52,640 - INFO - Successfully retrieved session from session_The-Times.pickle
2025-10-30 14:42:52,641 - INFO - downloading file at https://www.thetimes.com/imageserver/image/%2Fmethode%2Ftimes%2Fprod%2Fweb%2Fbin%2F17a7f2d1-cef8-4242-9f7b-1bd8f421ea63.jpg
2025-10-30 14:42:53,948 - INFO - downloading file at https://www.thetimes.com/imageserver/image/%2Fmethode%2Ftimes%2Fprod%2Fweb%2Fbin%2F905bc62d-d5e9-4916-826f-6a40cfb8074a.jpg
2025-10-30 14:42:55,593 - INFO - downloading file at https://www.thetimes.com/imageserver/image/%2Fmethode%2Ftimes%2Fprod%2Fweb%2Fbin%2Fec81f3ae-b4ae-43d3-844b-1f43f3c9fce7.jpg
2025-10-30 14:42:57,027 - INFO - downloading file at https://www.thetimes.com/imageserver/image/%2Fmethode%2Ftimes%2Fprod%2Fweb%2Fbin%2F4ece7e96-9324-4a34-85e3-389aa32d68ca.jpg
2025-10-30 14:42:58,612 - INFO - downloading file at https://www.thetimes.com/imageserver/image/%2Fmethode%2Ftimes%2Fprod%2Fweb%2Fbin%2F0058cb19-41e9-42a3-8c6e-bd896b737b70.jpg
2025-10-30 14:42:59,664 - INFO - scraping urls from file: ../google_scraping/article_urls/The-Times/thetimes.com_2024-10-01_2024-10-31_urls.csv
2025-10-30 14:42:59,665 - INFO - Successfully retrieved session from session_The-Times.pickle
2025-10-30 14:42:59,709 - INFO - Parsing url: https://www.thetimes.com/uk/article/mcdonalds-and-spy-cops-our-lives-caught-in-a-police-scandal-32bfv7pgt
2025-10-30 14:42:59,747 - INFO - removed image due to bad caption: The Times & The Sunday Times
2025-10-30 14:42:59,750 - INFO - downloading images for file article_contents/The-Times/thetimes.com_2024-10-01_2024-10-31_parsed.json
2025-10-30 14:42:59,750 - INFO - downloading images for article https://www.thetimes.com/uk/article/mcdonalds-and-spy-cops-our-lives-caught-in-a-police-scandal-32bfv7pgt
2025-10-30 14:42:59,750 - INFO - Successfully retrieved session from session_The-Times.pickle
2025-10-30 14:42:59,751 - INFO - downloading file at https://www.thetimes.com/imageserver/image/%2Fmethode%2Ftimes%2Fprod%2Fweb%2Fbin%2F334b3c89-a657-4288-9a3e-9ccf555eaf84.jpg
2025-10-30 14:43:01,065 - INFO - downloading file at https://www.thetimes.com/imageserver/image/%2Fmethode%2Ftimes%2Fprod%2Fweb%2Fbin%2F18f53c7e-3e01-4c3a-8e5b-c3bd7099267e.jpg
2025-10-30 14:43:02,426 - INFO - downloading file at https://www.thetimes.com/imageserver/image/%2Fmethode%2Ftimes%2Fprod%2Fweb%2Fbin%2F9263ec01-a6e5-4408-8b7e-f12942e824fa.jpg
2025-10-30 14:43:03,817 - INFO - downloading file at https://www.thetimes.com/imageserver/image/%2Fmethode%2Ftimes%2Fprod%2Fweb%2Fbin%2F1087629f-f01f-4883-a70d-8efe76c37d08.jpg
2025-10-30 14:43:05,300 - INFO - downloading file at https://www.thetimes.com/imageserver/image/%2Fmethode%2Fsundaytimes%2Fprod%2Fweb%2Fbin%2F52ccf4a4-0c5f-11ee-bf81-8b99fdf73556.jpg
2025-10-30 14:43:06,960 - INFO - downloading file at https://www.thetimes.com/imageserver/image/%2Fmethode%2Fsundaytimes%2Fprod%2Fweb%2Fbin%2Fe8908ed4-7dd5-11ec-afe3-4426f55f9ac6.jpg
2025-10-30 14:43:08,287 - INFO - downloading file at https://www.thetimes.com/imageserver/image/%2Fmethode%2Ftimes%2Fprod%2Fweb%2Fbin%2Ff3ddf512-a214-11eb-949b-ab1b919d4f89.jpg
2025-10-30 14:43:10,527 - INFO - scraping urls from file: ../google_scraping/article_urls/The-Times/thetimes.com_2024-11-01_2024-11-30_urls.csv
2025-10-30 14:43:10,529 - INFO - Successfully retrieved session from session_The-Times.pickle
2025-10-30 14:43:10,558 - INFO - Parsing url: https://www.thetimes.com/uk/environment/article/the-battle-to-protect-norways-wild-salmon-from-fish-farms-khk7zt3hr
2025-10-30 14:43:10,599 - INFO - removed image due to bad caption: The Times & The Sunday Times
2025-10-30 14:43:10,602 - INFO - article dropped, search terms not present: https://www.thetimes.com/uk/environment/article/the-battle-to-protect-norways-wild-salmon-from-fish-farms-khk7zt3hr
2025-10-30 14:43:10,602 - INFO - downloading images for file article_contents/The-Times/thetimes.com_2024-11-01_2024-11-30_parsed.json
2025-10-30 14:43:10,602 - INFO - scraping urls from file: ../google_scraping/article_urls/The-Times/thetimes.com_2024-12-01_2024-12-31_urls.csv
2025-10-30 14:43:10,603 - INFO - Successfully retrieved session from session_The-Times.pickle
2025-10-30 14:43:10,674 - INFO - Parsing url: https://www.thetimes.com/uk/obituaries/article/sir-john-jennings-obituary-chairman-of-shell-during-brent-spar-controversy-pxwnq8t2m
2025-10-30 14:43:10,708 - INFO - removed image due to bad caption: The Times & The Sunday Times
2025-10-30 14:43:10,709 - INFO - Parsing url: https://www.thetimes.com/topic/extinction-rebellion
2025-10-30 14:43:10,733 - INFO - removed image due to bad caption: The Times & The Sunday Times
2025-10-30 14:43:10,735 - INFO - date to string conversion for json unsuccessful due to 'NoneType' object has no attribute 'strftime'
2025-10-30 14:43:10,735 - INFO - article dropped, no body text found: https://www.thetimes.com/topic/extinction-rebellion
2025-10-30 14:43:10,735 - INFO - Parsing url: https://www.thetimes.com/business-money/companies/article/greenpeace-settles-with-shell-over-cousin-greg-lawsuit-q6v82jjrx
2025-10-30 14:43:10,769 - INFO - removed image due to bad caption: The Times & The Sunday Times
2025-10-30 14:43:10,771 - INFO - Parsing url: https://www.thetimes.com/uk/politics/article/inside-dale-vinces-messy-divorce-from-squats-to-yachts-r2lj5sldn
2025-10-30 14:43:10,810 - INFO - removed image due to bad caption: The Times & The Sunday Times
2025-10-30 14:43:10,813 - INFO - downloading images for file article_contents/The-Times/thetimes.com_2024-12-01_2024-12-31_parsed.json
2025-10-30 14:43:10,813 - INFO - downloading images for article https://www.thetimes.com/uk/obituaries/article/sir-john-jennings-obituary-chairman-of-shell-during-brent-spar-controversy-pxwnq8t2m
2025-10-30 14:43:10,813 - INFO - Successfully retrieved session from session_The-Times.pickle
2025-10-30 14:43:10,814 - INFO - downloading file at https://www.thetimes.com/imageserver/image/%2Fmethode%2Ftimes%2Fprod%2Fweb%2Fbin%2F63044381-8dad-4977-9d17-67526cbba08d.jpg
2025-10-30 14:43:12,085 - INFO - downloading images for article https://www.thetimes.com/business-money/companies/article/greenpeace-settles-with-shell-over-cousin-greg-lawsuit-q6v82jjrx
2025-10-30 14:43:12,085 - INFO - Successfully retrieved session from session_The-Times.pickle
2025-10-30 14:43:12,087 - INFO - downloading file at https://www.thetimes.com/imageserver/image/%2Fmethode%2Ftimes%2Fprod%2Fweb%2Fbin%2F103a5d1c-2a37-487a-b53e-9a7df33350d9.jpg
2025-10-30 14:43:13,393 - INFO - downloading file at https://www.thetimes.com/imageserver/image/%2Fmethode%2Ftimes%2Fprod%2Fweb%2Fbin%2Fc622d893-34fa-4f20-ab7c-89b73885ec6f.jpg
2025-10-30 14:43:14,706 - INFO - downloading file at https://www.thetimes.com/imageserver/image/%2Fmethode%2Ftimes%2Fprod%2Fweb%2Fbin%2Fe68189cd-261d-437e-85d5-2db6bdb601b2.jpg
2025-10-30 14:43:15,906 - INFO - downloading file at https://www.thetimes.com/imageserver/image/%2Fmethode%2Ftimes%2Fprod%2Fweb%2Fbin%2F941aff67-dd4b-452e-8544-41b4ded6b234.jpg
2025-10-30 14:43:17,587 - INFO - downloading file at https://www.thetimes.com/imageserver/image/%2Fmethode%2Ftimes%2Fprod%2Fweb%2Fbin%2F26a8f2a1-1b03-4675-a6a2-ebab42a95799.jpg
2025-10-30 14:43:19,402 - INFO - downloading file at https://www.thetimes.com/imageserver/image/%2Fmethode%2Ftimes%2Fprod%2Fweb%2Fbin%2Fd7dfd527-d026-4c34-849c-fbdbcbb8cbe3.jpg
2025-10-30 14:43:21,000 - INFO - downloading images for article https://www.thetimes.com/uk/politics/article/inside-dale-vinces-messy-divorce-from-squats-to-yachts-r2lj5sldn
2025-10-30 14:43:21,003 - INFO - Successfully retrieved session from session_The-Times.pickle
2025-10-30 14:43:21,008 - INFO - downloading file at https://www.thetimes.com/imageserver/image/%2Fmethode%2Ftimes%2Fprod%2Fweb%2Fbin%2F538418ce-48e9-4ec7-9c4e-f1950529280b.jpg
2025-10-30 14:43:22,681 - INFO - downloading file at https://www.thetimes.com/imageserver/image/%2Fmethode%2Ftimes%2Fprod%2Fweb%2Fbin%2Fadff2507-7678-47fb-83a1-7a33d59cb35e.jpg
2025-10-30 14:43:24,105 - INFO - downloading file at https://www.thetimes.com/imageserver/image/%2Fmethode%2Ftimes%2Fprod%2Fweb%2Fbin%2F156adf8c-6a1d-42fd-b94d-5b4e4ffc35d4.jpg
2025-10-30 14:43:25,877 - INFO - downloading file at https://www.thetimes.com/imageserver/image/%2Fmethode%2Ftimes%2Fprod%2Fweb%2Fbin%2F16637c1e-9bc4-4dca-a56c-cf90bdeb7ab8.jpg
2025-10-30 14:43:27,458 - INFO - downloading file at https://www.thetimes.com/imageserver/image/%2Fmethode%2Ftimes%2Fprod%2Fweb%2Fbin%2F1e025729-a4c0-493a-b9fe-2a57824092d9.jpg
2025-10-30 14:43:28,727 - INFO - downloading file at https://www.thetimes.com/imageserver/image/%2Fmethode%2Ftimes%2Fprod%2Fweb%2Fbin%2F2635c412-7ecc-4993-b535-701043bcc723.jpg
2025-10-30 14:43:30,468 - INFO - downloading file at https://www.thetimes.com/imageserver/image/%2Fmethode%2Ftimes%2Fprod%2Fweb%2Fbin%2F02d6fc5c-fcc2-43c9-80e3-aca668dc2417.jpg
2025-10-30 14:43:31,789 - INFO - downloading file at https://www.thetimes.com/imageserver/image/%2Fmethode%2Ftimes%2Fprod%2Fweb%2Fbin%2F078a558c-1c1f-41cf-9cfc-2d09b10c7b49.jpg
2025-10-30 14:43:33,283 - INFO - scraping urls from file: ../google_scraping/article_urls/The-Times/thetimes.com_2025-01-01_2025-01-31_urls.csv
2025-10-30 14:43:33,284 - INFO - Successfully retrieved session from session_The-Times.pickle
2025-10-30 14:43:33,513 - INFO - Parsing url: https://www.thetimes.com/uk/crime/article/just-stop-oil-pair-deface-charles-darwins-grave-at-westminster-abbey-k8xz9fzcj
2025-10-30 14:43:33,554 - INFO - removed image due to bad caption: The Times & The Sunday Times
2025-10-30 14:43:33,556 - INFO - Parsing url: https://www.thetimes.com/business-money/energy/article/court-victory-casts-doubt-on-future-of-north-sea-oil-and-gas-fields-8hhp3p9fh
2025-10-30 14:43:33,599 - INFO - removed image due to bad caption: The Times & The Sunday Times
2025-10-30 14:43:33,601 - INFO - Parsing url: https://www.thetimes.com/travel/destinations/north-america-travel/us-travel/the-best-thing-to-do-in-every-us-state-in-2025-6cnm827kp
2025-10-30 14:43:33,661 - INFO - removed image due to bad caption: The Times & The Sunday Times
2025-10-30 14:43:33,666 - INFO - article dropped, search terms not present: https://www.thetimes.com/travel/destinations/north-america-travel/us-travel/the-best-thing-to-do-in-every-us-state-in-2025-6cnm827kp
2025-10-30 14:43:33,667 - INFO - Parsing url: https://www.thetimes.com/uk/politics/article/rachel-reeves-speech-live-latest-news-qtflx6kkq
2025-10-30 14:43:33,722 - INFO - removed image due to bad caption: The Times & The Sunday Times
2025-10-30 14:43:33,727 - INFO - Parsing url: https://www.thetimes.com/uk/arts/article/neil-young-glastonbury-2025-corporate-turn-off-f272996k6
2025-10-30 14:43:33,763 - INFO - removed image due to bad caption: The Times & The Sunday Times
2025-10-30 14:43:33,765 - INFO - Parsing url: https://www.thetimes.com/uk/law/article/labour-donor-dale-vince-says-435m-divorce-bill-is-total-vindication-mmfbpnnss
2025-10-30 14:43:33,807 - INFO - removed image due to bad caption: The Times & The Sunday Times
2025-10-30 14:43:33,809 - INFO - Parsing url: https://www.thetimes.com/business-money/companies/article/shell-faces-shareholder-revolt-against-scrapped-climate-targets-dfpmgfv8z
2025-10-30 14:43:33,839 - INFO - removed image due to bad caption: The Times & The Sunday Times
2025-10-30 14:43:33,841 - INFO - article dropped, search terms not present: https://www.thetimes.com/business-money/companies/article/shell-faces-shareholder-revolt-against-scrapped-climate-targets-dfpmgfv8z
2025-10-30 14:43:33,843 - INFO - downloading images for file article_contents/The-Times/thetimes.com_2025-01-01_2025-01-31_parsed.json
2025-10-30 14:43:33,843 - INFO - downloading images for article https://www.thetimes.com/uk/crime/article/just-stop-oil-pair-deface-charles-darwins-grave-at-westminster-abbey-k8xz9fzcj
2025-10-30 14:43:33,844 - INFO - Successfully retrieved session from session_The-Times.pickle
2025-10-30 14:43:33,845 - INFO - downloading file at https://www.thetimes.com/imageserver/image/%2Fmethode%2Ftimes%2Fprod%2Fweb%2Fbin%2F6ce66947-6266-4668-81de-fcb0257d5822.jpg
2025-10-30 14:43:35,298 - INFO - downloading file at https://www.thetimes.com/imageserver/image/%2Fmethode%2Ftimes%2Fprod%2Fweb%2Fbin%2Fa17ee190-84bd-4843-b8d1-84e4efe52f2c.jpg
2025-10-30 14:43:36,647 - INFO - downloading file at https://www.thetimes.com/imageserver/image/%2Fmethode%2Ftimes%2Fprod%2Fweb%2Fbin%2F4ece7e96-9324-4a34-85e3-389aa32d68ca.jpg
2025-10-30 14:43:38,184 - INFO - downloading file at https://www.thetimes.com/imageserver/image/%2Fmethode%2Ftimes%2Fprod%2Fweb%2Fbin%2F8d13d460-7cae-11ee-a813-d9df8913b6c9.jpg
2025-10-30 14:43:39,225 - INFO - downloading images for article https://www.thetimes.com/business-money/energy/article/court-victory-casts-doubt-on-future-of-north-sea-oil-and-gas-fields-8hhp3p9fh
2025-10-30 14:43:39,227 - INFO - Successfully retrieved session from session_The-Times.pickle
2025-10-30 14:43:39,233 - INFO - downloading file at https://www.thetimes.com/imageserver/image/%2F28597904-47eb-4a44-8942-6a3411880479.jpg
2025-10-30 14:43:42,095 - INFO - downloading file at https://www.thetimes.com/imageserver/image/%2F7253743d-f6a2-4cf5-a240-e83e7f810f0c.jpg
2025-10-30 14:43:43,876 - INFO - downloading file at https://www.thetimes.com/imageserver/image/%2F84ebb082-070e-45a1-a92a-31ba6ed1a3db.jpg
2025-10-30 14:43:45,237 - INFO - downloading file at https://www.thetimes.com/imageserver/image/%2F88298045-9811-4de6-91c8-a5c8ab0183ce.jpg
2025-10-30 14:43:47,090 - INFO - downloading file at https://www.thetimes.com/imageserver/image/%2Fmethode%2Ftimes%2Fprod%2Fweb%2Fbin%2F103a5d1c-2a37-487a-b53e-9a7df33350d9.jpg
2025-10-30 14:43:48,133 - INFO - downloading file at https://www.thetimes.com/imageserver/image/%2Fmethode%2Ftimes%2Fprod%2Fweb%2Fbin%2F5430d65b-2a46-43cd-a92c-465e6e427d2e.jpg
2025-10-30 14:43:49,956 - INFO - downloading file at https://www.thetimes.com/imageserver/image/%2F9e16701a-d569-423d-9425-f1a3a744e5ce.jpg
2025-10-30 14:43:51,408 - INFO - downloading images for article https://www.thetimes.com/uk/politics/article/rachel-reeves-speech-live-latest-news-qtflx6kkq
2025-10-30 14:43:51,410 - INFO - Successfully retrieved session from session_The-Times.pickle
2025-10-30 14:43:51,415 - INFO - downloading file at https://www.thetimes.com/imageserver/image/%2F64b7933a-f9ee-4cf7-8be3-e97ad221f9b5.jpg
2025-10-30 14:43:52,938 - INFO - downloading file at https://www.thetimes.com/imageserver/image/%2Fmethode%2Ftimes%2Fprod%2Fweb%2Fbin%2Fd551effb-69f7-4968-9f4b-d63a0158d98c.jpg
2025-10-30 14:43:54,564 - INFO - downloading file at https://www.thetimes.com/imageserver/image/%2Fmethode%2Ftimes%2Fprod%2Fweb%2Fbin%2Ffa841bfe-ed50-4fc5-bd09-f822bd2b6f79.jpg
2025-10-30 14:43:56,555 - INFO - downloading file at https://www.thetimes.com/imageserver/image/%2Fmethode%2Ftimes%2Fprod%2Fweb%2Fbin%2F7e7c9765-3939-4f3e-b834-0fa9973f5472.jpg
2025-10-30 14:43:58,220 - INFO - downloading file at https://www.thetimes.com/imageserver/image/%2Fmethode%2Ftimes%2Fprod%2Fweb%2Fbin%2F02e6ae4e-ff48-446c-bd99-47c0cb7e8cc7.jpg
2025-10-30 14:43:59,531 - INFO - downloading file at https://www.thetimes.com/imageserver/image/%2Fmethode%2Ftimes%2Fprod%2Fweb%2Fbin%2Fe05d6a20-5ddc-48e7-981a-8ad02577399a.jpg
2025-10-30 14:44:01,135 - INFO - downloading file at https://www.thetimes.com/imageserver/image/%2Fmethode%2Ftimes%2Fprod%2Fweb%2Fbin%2F2a0dd24f-baab-4b7e-abb0-5627f5ee45ad.jpg
2025-10-30 14:44:02,691 - INFO - downloading file at https://www.thetimes.com/imageserver/image/%2Fmethode%2Ftimes%2Fprod%2Fweb%2Fbin%2F92fec30d-b84f-4293-8b99-214445b2e5f0.jpg
2025-10-30 14:44:04,210 - INFO - downloading file at https://www.thetimes.com/imageserver/image/%2Fmethode%2Ftimes%2Fprod%2Fweb%2Fbin%2F0a1e2b26-1740-4156-a451-7320df35fcdc.jpg
2025-10-30 14:44:05,796 - INFO - downloading file at https://www.thetimes.com/imageserver/image/%2Fmethode%2Ftimes%2Fprod%2Fweb%2Fbin%2Fa94acba8-bf99-4fb4-9914-4ba05fd6d3b0.jpg
2025-10-30 14:44:07,458 - INFO - downloading file at https://www.thetimes.com/imageserver/image/%2Fmethode%2Ftimes%2Fprod%2Fweb%2Fbin%2F8c6768d7-c6a6-4c42-a58f-fc6ec7bfc98a.jpg
2025-10-30 14:44:09,087 - INFO - downloading file at https://www.thetimes.com/imageserver/image/%2Fmethode%2Ftimes%2Fprod%2Fweb%2Fbin%2F6ebd6e84-d1b8-49d7-9165-5eccf51fbcfe.jpg
2025-10-30 14:44:10,541 - INFO - downloading file at https://www.thetimes.com/imageserver/image/%2Fb3bb4eac-e490-412a-bbdc-c9cf71097614.jpg
2025-10-30 14:44:11,968 - INFO - downloading file at https://www.thetimes.com/imageserver/image/%2Ff146e6c9-b001-438b-b827-b3fbffb83cbf.jpg
2025-10-30 14:44:13,524 - INFO - downloading file at https://www.thetimes.com/imageserver/image/%2F671771e3-a484-4a22-8067-3eea3e4b75ed.jpg
2025-10-30 14:44:14,934 - INFO - downloading file at https://www.thetimes.com/imageserver/image/%2F25bd2950-18a6-49a7-a3f3-201de4074627.jpg
2025-10-30 14:44:16,242 - INFO - downloading file at https://www.thetimes.com/imageserver/image/%2F2726ca9f-df68-4bc9-aa5c-ef246d6ab9ac.jpg
2025-10-30 14:44:17,929 - INFO - downloading file at https://www.thetimes.com/imageserver/image/%2F74d6278c-b6bd-4881-834a-6394819ca5f6.jpg
2025-10-30 14:44:19,627 - INFO - downloading file at https://www.thetimes.com/imageserver/image/%2Fc4f6773a-6bef-4b9e-93b7-379440347fb5.jpg
2025-10-30 14:44:21,068 - INFO - downloading file at https://www.thetimes.com/imageserver/image/%2F99dd2438-45dc-472a-b896-eda576c662a8.jpg
2025-10-30 14:44:22,911 - INFO - downloading file at https://www.thetimes.com/imageserver/image/%2Fmethode%2Ftimes%2Fprod%2Fweb%2Fbin%2F4c056906-9b80-4338-9d9b-29b0b2b48049.jpg
2025-10-30 14:44:24,396 - INFO - downloading file at https://www.thetimes.com/imageserver/image/%2F4a4afb02-86f7-494d-a6f3-5cab391cfdc4.jpg
2025-10-30 14:44:26,545 - INFO - downloading file at https://www.thetimes.com/imageserver/image/%2Fmethode%2Ftimes%2Fprod%2Fweb%2Fbin%2Fe65a0cef-0823-4fc5-b345-c06b3d6436e3.jpg
2025-10-30 14:44:27,753 - INFO - downloading file at https://www.thetimes.com/imageserver/image/%2F30157092-13bb-473d-9d5a-36b9d702b490.jpg
2025-10-30 14:44:29,233 - INFO - downloading file at https://www.thetimes.com/imageserver/image/%2F54003ce3-cf3f-42ed-b9c1-3a0bcc8864d6.jpg
2025-10-30 14:44:30,915 - INFO - downloading file at https://www.thetimes.com/imageserver/image/%2Fmethode%2Ftimes%2Fprod%2Fweb%2Fbin%2F5508d7f7-4119-42d0-95fc-383d7dbcb7ee.jpg
2025-10-30 14:44:33,672 - INFO - downloading file at https://www.thetimes.com/imageserver/image/%2F6cb353f3-554e-4610-bfe6-2c3ed6bad396.jpg
2025-10-30 14:44:36,830 - INFO - downloading file at https://www.thetimes.com/imageserver/image/%2F1c173769-fb4d-4969-a9d5-78964c6cda4f.jpg
2025-10-30 14:44:38,819 - INFO - downloading file at https://www.thetimes.com/imageserver/image/%2Fmethode%2Ftimes%2Fprod%2Fweb%2Fbin%2F6c03ff49-323f-4423-9e1f-3a78d1acda7a.jpg
2025-10-30 14:44:40,565 - INFO - downloading file at https://www.thetimes.com/imageserver/image/%2F0222c68c-8607-4d5b-b6a3-3e501a19374f.jpg
2025-10-30 14:44:41,924 - INFO - downloading file at https://www.thetimes.com/imageserver/image/%2Fd800d5d9-be3b-4adf-afcb-f2ae044305a4.jpg
2025-10-30 14:44:44,660 - INFO - downloading images for article https://www.thetimes.com/uk/arts/article/neil-young-glastonbury-2025-corporate-turn-off-f272996k6
2025-10-30 14:44:44,662 - INFO - Successfully retrieved session from session_The-Times.pickle
2025-10-30 14:44:44,669 - INFO - downloading file at https://www.thetimes.com/imageserver/image/%2Fmethode%2Ftimes%2Fprod%2Fweb%2Fbin%2F909fd8b3-bb23-436e-bb6a-283d2382022b.jpg
2025-10-30 14:44:46,212 - INFO - downloading file at https://www.thetimes.com/imageserver/image/%2Fmethode%2Ftimes%2Fprod%2Fweb%2Fbin%2Ffd80af5a-da02-4327-9b78-d8a63d8b1483.jpg
2025-10-30 14:44:47,727 - INFO - downloading file at https://www.thetimes.com/imageserver/image/%2Fmethode%2Ftimes%2Fprod%2Fweb%2Fbin%2F6c154bf1-7e25-416d-832d-7903649c0a4f.jpg
2025-10-30 14:44:49,694 - INFO - downloading file at https://www.thetimes.com/imageserver/image/%2Fmethode%2Ftimes%2Fprod%2Fweb%2Fbin%2F3cc59b68-a35d-43ca-bb2c-3bc9b3ac2590.jpg
2025-10-30 14:44:51,403 - INFO - downloading file at https://www.thetimes.com/imageserver/image/%2Fmethode%2Ftimes%2Fprod%2Fweb%2Fbin%2Fc2591aab-b109-42f6-a7f6-f0564c7af74f.jpg
2025-10-30 14:44:54,377 - INFO - downloading images for article https://www.thetimes.com/uk/law/article/labour-donor-dale-vince-says-435m-divorce-bill-is-total-vindication-mmfbpnnss
2025-10-30 14:44:54,378 - INFO - Successfully retrieved session from session_The-Times.pickle
2025-10-30 14:44:54,380 - INFO - downloading file at https://www.thetimes.com/imageserver/image/%2Fmethode%2Ftimes%2Fprod%2Fweb%2Fbin%2F1febf6db-c33c-4dbe-9344-b232b9ad1d54.jpg
2025-10-30 14:44:56,134 - INFO - downloading file at https://www.thetimes.com/imageserver/image/%2Fmethode%2Ftimes%2Fprod%2Fweb%2Fbin%2F38cdabdd-c1d1-4759-8867-48a7718ffb2e.jpg
2025-10-30 14:44:57,796 - INFO - downloading file at https://www.thetimes.com/imageserver/image/%2Fmethode%2Ftimes%2Fprod%2Fweb%2Fbin%2F538418ce-48e9-4ec7-9c4e-f1950529280b.jpg
2025-10-30 14:44:59,051 - INFO - downloading file at https://www.thetimes.com/imageserver/image/%2Fmethode%2Ftimes%2Fprod%2Fweb%2Fbin%2Fd6b8cede-8724-4089-be56-333460cb850a.jpg
2025-10-30 14:45:00,896 - INFO - scraping urls from file: ../google_scraping/article_urls/The-Times/thetimes.com_2025-02-01_2025-02-28_urls.csv
2025-10-30 14:45:00,897 - INFO - Successfully retrieved session from session_The-Times.pickle
2025-10-30 14:45:01,167 - INFO - Parsing url: https://www.thetimes.com/profile/will-lloyd?page=2
2025-10-30 14:45:01,305 - INFO - removed image due to bad caption: The Times & The Sunday Times
2025-10-30 14:45:01,307 - INFO - date to string conversion for json unsuccessful due to 'NoneType' object has no attribute 'strftime'
2025-10-30 14:45:01,307 - INFO - article dropped, no body text found: https://www.thetimes.com/profile/will-lloyd?page=2
2025-10-30 14:45:01,307 - INFO - Parsing url: https://www.thetimes.com/comment/columnists/article/the-carbon-noose-is-tightening-can-labour-keep-voters-onside-80wl8lwt0
2025-10-30 14:45:01,343 - INFO - removed image due to bad caption: The Times & The Sunday Times
2025-10-30 14:45:01,346 - INFO - article dropped, search terms not present: https://www.thetimes.com/comment/columnists/article/the-carbon-noose-is-tightening-can-labour-keep-voters-onside-80wl8lwt0
2025-10-30 14:45:01,346 - INFO - Parsing url: https://www.thetimes.com/html-sitemap/2025-02-1
2025-10-30 14:45:01,473 - INFO - removed image due to bad caption: The Times & The Sunday Times
2025-10-30 14:45:01,478 - INFO - date to string conversion for json unsuccessful due to 'NoneType' object has no attribute 'strftime'
2025-10-30 14:45:01,478 - INFO - article dropped, no body text found: https://www.thetimes.com/html-sitemap/2025-02-1
2025-10-30 14:45:01,478 - INFO - Parsing url: https://www.thetimes.com/business-money/energy/article/shell-restarts-production-at-penguins-north-sea-oil-field-mdd5z9mrg
2025-10-30 14:45:01,511 - INFO - removed image due to bad caption: The Times & The Sunday Times
2025-10-30 14:45:01,513 - INFO - article dropped, search terms not present: https://www.thetimes.com/business-money/energy/article/shell-restarts-production-at-penguins-north-sea-oil-field-mdd5z9mrg
2025-10-30 14:45:01,513 - INFO - Parsing url: https://www.thetimes.com/uk/obituaries/article/pete-wilkinson-obituary-greenpeace-uks-first-director-90zwlbtq2
2025-10-30 14:45:01,545 - INFO - removed image due to bad caption: The Times & The Sunday Times
2025-10-30 14:45:01,547 - INFO - Parsing url: https://www.thetimes.com/uk/environment/article/tony-juniper-natural-england-developments-planning-reform-mjt7dg7rx
2025-10-30 14:45:01,583 - INFO - removed image due to bad caption: The Times & The Sunday Times
2025-10-30 14:45:01,585 - INFO - Parsing url: https://www.thetimes.com/business-money/companies/article/meet-the-activists-who-are-the-most-feared-investors-xpfgqxkr2
2025-10-30 14:45:01,617 - INFO - removed image due to bad caption: The Times & The Sunday Times
2025-10-30 14:45:01,619 - INFO - article dropped, search terms not present: https://www.thetimes.com/business-money/companies/article/meet-the-activists-who-are-the-most-feared-investors-xpfgqxkr2
2025-10-30 14:45:01,628 - INFO - downloading images for file article_contents/The-Times/thetimes.com_2025-02-01_2025-02-28_parsed.json
2025-10-30 14:45:01,629 - INFO - downloading images for article https://www.thetimes.com/uk/obituaries/article/pete-wilkinson-obituary-greenpeace-uks-first-director-90zwlbtq2
2025-10-30 14:45:01,630 - INFO - Successfully retrieved session from session_The-Times.pickle
2025-10-30 14:45:01,633 - INFO - downloading file at https://www.thetimes.com/imageserver/image/%2F9499b06e-baae-4791-9551-9664beb2d3fb.jpg
2025-10-30 14:45:04,450 - INFO - downloading file at https://www.thetimes.com/imageserver/image/%2F6358edc3-9844-419e-af55-768a1ba14a4b.jpg
2025-10-30 14:45:06,006 - INFO - downloading file at https://www.thetimes.com/imageserver/image/%2F17cdd4d9-3fe5-4e24-9891-edacbb0bf18f.jpg
2025-10-30 14:45:07,395 - INFO - downloading file at https://www.thetimes.com/imageserver/image/%2Fe0a9d92e-6918-42b2-99f8-cdcec84a3433.jpg
2025-10-30 14:45:08,966 - INFO - downloading images for article https://www.thetimes.com/uk/environment/article/tony-juniper-natural-england-developments-planning-reform-mjt7dg7rx
2025-10-30 14:45:08,967 - INFO - Successfully retrieved session from session_The-Times.pickle
2025-10-30 14:45:08,970 - INFO - downloading file at https://www.thetimes.com/imageserver/image/%2Fe4e07814-44a0-4b42-b546-336958456513.jpg
2025-10-30 14:45:10,900 - INFO - downloading file at https://www.thetimes.com/imageserver/image/%2F1d361586-131b-4354-8854-009a991afea0.jpg
2025-10-30 14:45:12,910 - INFO - downloading file at https://www.thetimes.com/imageserver/image/%2Fde7412c8-4662-48fd-9210-b1ca136433d5.jpg
2025-10-30 14:45:14,827 - INFO - downloading file at https://www.thetimes.com/imageserver/image/%2F7d27e98b-c23b-45e7-bece-4e176e8e31fd.jpg
2025-10-30 14:45:16,562 - INFO - downloading file at https://www.thetimes.com/imageserver/image/%2Fmethode%2Ftimes%2Fprod%2Fweb%2Fbin%2Fec5e50b3-d43a-418f-acdb-2a06d9dec50b.jpg
2025-10-30 14:45:18,496 - INFO - downloading file at https://www.thetimes.com/imageserver/image/%2Fmethode%2Ftimes%2Fprod%2Fweb%2Fbin%2F2c2dcc37-3341-40e7-b9ae-58f07b96a4b6.jpg
2025-10-30 14:45:19,920 - INFO - scraping urls from file: ../google_scraping/article_urls/The-Times/thetimes.com_2025-03-01_2025-03-31_urls.csv
2025-10-30 14:45:19,922 - INFO - Successfully retrieved session from session_The-Times.pickle
2025-10-30 14:45:20,226 - INFO - Parsing url: https://www.thetimes.com/comment/columnists/article/we-can-barely-make-steel-any-more-so-extra-weapons-might-be-a-stretch-drlldh5sh
2025-10-30 14:45:20,292 - INFO - removed image due to bad caption: The Times & The Sunday Times
2025-10-30 14:45:20,294 - INFO - article dropped, search terms not present: https://www.thetimes.com/comment/columnists/article/we-can-barely-make-steel-any-more-so-extra-weapons-might-be-a-stretch-drlldh5sh
2025-10-30 14:45:20,294 - INFO - Parsing url: https://www.thetimes.com/comment/columnists/article/ministers-must-act-now-to-save-the-north-sea-d2qsj2hzt
2025-10-30 14:45:20,328 - INFO - removed image due to bad caption: The Times & The Sunday Times
2025-10-30 14:45:20,330 - INFO - article dropped, search terms not present: https://www.thetimes.com/comment/columnists/article/ministers-must-act-now-to-save-the-north-sea-d2qsj2hzt
2025-10-30 14:45:20,330 - INFO - Parsing url: https://www.thetimes.com/us/news-today/article/greenpeace-lawsuit-trial-dakota-pipeline-0x0zj2d37
2025-10-30 14:45:20,361 - INFO - removed image due to bad caption: The Times & The Sunday Times
2025-10-30 14:45:20,363 - INFO - Parsing url: https://www.thetimes.com/uk/crime/article/undercover-met-police-officers-exposed-itv-j6rpjb3tr
2025-10-30 14:45:20,402 - INFO - removed image due to bad caption: The Times & The Sunday Times
2025-10-30 14:45:20,404 - INFO - Parsing url: https://www.thetimes.com/uk/environment/article/just-stop-oil-news-jso-wrnn62jks
2025-10-30 14:45:20,460 - INFO - removed image due to bad caption: The Times & The Sunday Times
2025-10-30 14:45:20,463 - INFO - Parsing url: https://www.thetimes.com/culture/music/article/the-weather-station-review-glasgow-gshzscgvl
2025-10-30 14:45:20,505 - INFO - removed image due to bad caption: The Times & The Sunday Times
2025-10-30 14:45:20,508 - INFO - Parsing url: https://www.thetimes.com/uk/environment/article/just-stop-oil-end-direct-protest-action-mjrrwl0s5
2025-10-30 14:45:20,545 - INFO - removed image due to bad caption: The Times & The Sunday Times
2025-10-30 14:45:20,547 - INFO - Parsing url: https://www.thetimes.com/topic/north-dakota
2025-10-30 14:45:20,570 - INFO - removed image due to bad caption: The Times & The Sunday Times
2025-10-30 14:45:20,572 - INFO - date to string conversion for json unsuccessful due to 'NoneType' object has no attribute 'strftime'
2025-10-30 14:45:20,573 - INFO - article dropped, no body text found: https://www.thetimes.com/topic/north-dakota
2025-10-30 14:45:20,573 - INFO - Parsing url: https://www.thetimes.com/us/news-today/article/greenpeace-defamation-lawsuit-verdict-h8snt8g3r
2025-10-30 14:45:20,613 - INFO - removed image due to bad caption: The Times & The Sunday Times
2025-10-30 14:45:20,618 - INFO - downloading images for file article_contents/The-Times/thetimes.com_2025-03-01_2025-03-31_parsed.json
2025-10-30 14:45:20,618 - INFO - downloading images for article https://www.thetimes.com/us/news-today/article/greenpeace-lawsuit-trial-dakota-pipeline-0x0zj2d37
2025-10-30 14:45:20,621 - INFO - Successfully retrieved session from session_The-Times.pickle
2025-10-30 14:45:20,622 - INFO - downloading file at https://www.thetimes.com/imageserver/image/%2F3b26d467-194a-4bae-a18d-4b06f297f4fa.jpg
2025-10-30 14:45:22,097 - INFO - downloading file at https://www.thetimes.com/imageserver/image/%2F26528005-f9e6-4a5f-be55-a6e97c97e424.jpg
2025-10-30 14:45:23,641 - INFO - downloading file at https://www.thetimes.com/imageserver/image/%2F12fed790-d029-4fa2-abb3-96227df35f37.jpg
2025-10-30 14:45:25,480 - INFO - downloading file at https://www.thetimes.com/imageserver/image/%2F7f5925ec-51e5-457e-aa08-e17ebb4715e9.jpg
2025-10-30 14:45:26,755 - INFO - downloading images for article https://www.thetimes.com/uk/crime/article/undercover-met-police-officers-exposed-itv-j6rpjb3tr
2025-10-30 14:45:26,757 - INFO - Successfully retrieved session from session_The-Times.pickle
2025-10-30 14:45:26,762 - INFO - downloading file at https://www.thetimes.com/imageserver/image/%2F54624fee-52d5-4d44-9972-b5b637321c5f.jpg
2025-10-30 14:45:28,800 - INFO - downloading file at https://www.thetimes.com/imageserver/image/%2F22e2a42d-a616-4946-a355-b876546b6e97.jpg
2025-10-30 14:45:30,412 - INFO - downloading file at https://www.thetimes.com/imageserver/image/%2F088b3831-d906-42be-a0ac-e3fb6510db88.jpg
2025-10-30 14:45:32,343 - INFO - downloading file at https://www.thetimes.com/imageserver/image/%2Fa4a3c082-a697-4f02-aef2-66d3e902ddf1.jpg
2025-10-30 14:45:34,192 - INFO - downloading file at https://www.thetimes.com/imageserver/image/%2Fb9135945-a8ed-46e3-81d4-ae50b402edc8.jpg
2025-10-30 14:45:36,208 - INFO - downloading file at https://www.thetimes.com/imageserver/image/%2Fe1731aa6-2986-42fb-ba70-286ad10022f4.jpg
2025-10-30 14:45:37,951 - INFO - downloading file at https://www.thetimes.com/imageserver/image/%2F6ba86daa-8d5f-4719-8b93-92a2e15ca358.jpg
2025-10-30 14:45:39,527 - INFO - downloading file at https://www.thetimes.com/imageserver/image/%2Fmethode%2Ftimes%2Fprod%2Fweb%2Fbin%2Ff3ddf512-a214-11eb-949b-ab1b919d4f89.jpg
2025-10-30 14:45:41,260 - INFO - downloading file at https://www.thetimes.com/imageserver/image/%2Fmethode%2Ftimes%2Fprod%2Fweb%2Fbin%2F6ca19262-2ab3-11eb-aca7-1c9add2102c6.jpg
2025-10-30 14:45:42,584 - INFO - downloading file at https://www.thetimes.com/imageserver/image/%2Fmethode%2Ftimes%2Fprod%2Fweb%2Fbin%2F0c6dbb60-22c4-11eb-a410-c62ccdb041f3.jpg
2025-10-30 14:45:44,376 - INFO - downloading images for article https://www.thetimes.com/uk/environment/article/just-stop-oil-news-jso-wrnn62jks
2025-10-30 14:45:44,378 - INFO - Successfully retrieved session from session_The-Times.pickle
2025-10-30 14:45:44,384 - INFO - downloading file at https://www.thetimes.com/imageserver/image/%2F33e741dd-7c0a-4cf9-b6ff-805d3eec4c1b.jpg
2025-10-30 14:45:46,044 - INFO - downloading file at https://www.thetimes.com/imageserver/image/%2Fd4809d2e-58b5-49e6-8011-09b0adc2c6f1.jpg
2025-10-30 14:45:47,921 - INFO - downloading file at https://www.thetimes.com/imageserver/image/%2Fe91fbcab-1d17-4e08-aede-e2b6f71e26f8.jpg
2025-10-30 14:45:49,574 - INFO - downloading file at https://www.thetimes.com/imageserver/image/%2F90a41175-3e9e-49e9-a561-e8ae63269c0e.jpg
2025-10-30 14:45:50,878 - INFO - downloading file at https://www.thetimes.com/imageserver/image/%2Ffe9c91ed-cec1-4bae-8d29-a291768da899.jpg
2025-10-30 14:45:52,953 - INFO - downloading file at https://www.thetimes.com/imageserver/image/%2Fmethode%2Ftimes%2Fprod%2Fweb%2Fbin%2Ff1b1ab03-aed2-483c-a2c5-3dbb0e7de7e8.jpg
2025-10-30 14:45:54,435 - INFO - downloading file at https://www.thetimes.com/imageserver/image/%2Fmethode%2Ftimes%2Fprod%2Fweb%2Fbin%2F0e9d42bc-1398-488c-a612-7e0c98828a14.jpg
2025-10-30 14:45:55,982 - INFO - downloading images for article https://www.thetimes.com/culture/music/article/the-weather-station-review-glasgow-gshzscgvl
2025-10-30 14:45:55,984 - INFO - Successfully retrieved session from session_The-Times.pickle
2025-10-30 14:45:55,988 - INFO - downloading file at https://www.thetimes.com/imageserver/image/%2Fe9abfc46-43ff-44c1-b64d-373b6787525a.jpg
2025-10-30 14:45:58,268 - INFO - downloading file at https://www.thetimes.com/imageserver/image/%2Fmethode%2Ftimes%2Fprod%2Fweb%2Fbin%2F5317339d-c82a-4434-8af5-a4bb9df91b04.jpg
2025-10-30 14:46:00,375 - INFO - downloading file at https://www.thetimes.com/imageserver/image/%2Fmethode%2Fsundaytimes%2Fprod%2Fweb%2Fbin%2F01261f3e-a47a-11ec-a9dd-14c997a643ea.jpg
2025-10-30 14:46:02,550 - INFO - downloading file at https://www.thetimes.com/imageserver/image/%2Fmethode%2Ftimes%2Fprod%2Fweb%2Fbin%2F40d33cd4-ab69-11ec-b5dd-c16e85f55725.jpg
2025-10-30 14:46:05,453 - INFO - downloading images for article https://www.thetimes.com/uk/environment/article/just-stop-oil-end-direct-protest-action-mjrrwl0s5
2025-10-30 14:46:05,455 - INFO - Successfully retrieved session from session_The-Times.pickle
2025-10-30 14:46:05,461 - INFO - downloading file at https://www.thetimes.com/imageserver/image/%2Fdf9640bf-8b31-4dff-802c-b1fe0765219f.jpg
2025-10-30 14:46:07,025 - INFO - downloading file at https://www.thetimes.com/imageserver/image/%2Fe60da254-84c9-48e3-a3c5-a714d8d654b3.jpg
2025-10-30 14:46:08,859 - INFO - downloading file at https://www.thetimes.com/imageserver/image/%2Fmethode%2Ftimes%2Fprod%2Fweb%2Fbin%2F2e420dd8-e1b5-4375-887e-a7dc4dc7a0a3.jpg
2025-10-30 14:46:10,116 - INFO - downloading images for article https://www.thetimes.com/us/news-today/article/greenpeace-defamation-lawsuit-verdict-h8snt8g3r
2025-10-30 14:46:10,116 - INFO - Successfully retrieved session from session_The-Times.pickle
2025-10-30 14:46:10,117 - INFO - downloading file at https://www.thetimes.com/imageserver/image/%2F9263d4f4-ece7-4bca-9120-7ae5283bfcac.jpg
2025-10-30 14:46:12,117 - INFO - downloading file at https://www.thetimes.com/imageserver/image/%2Fac1a6bce-f6d6-4fae-913b-3592822cb6c5.jpg
2025-10-30 14:46:13,515 - INFO - downloading file at https://www.thetimes.com/imageserver/image/%2F016683f0-819c-4deb-8e5c-6459050b06d7.jpg
2025-10-30 14:46:14,888 - INFO - downloading file at https://www.thetimes.com/imageserver/image/%2Fca72fb2c-7b5e-4231-a5cf-70357e4febc8.jpg
2025-10-30 14:46:16,351 - INFO - downloading file at https://www.thetimes.com/imageserver/image/%2Fdf748ce2-faa6-459a-b604-d744893d5b43.jpg
2025-10-30 14:46:17,748 - INFO - downloading file at https://www.thetimes.com/imageserver/image/%2Fed2fc6a7-e401-40de-9beb-33b76e41cbef.jpg
2025-10-30 14:46:19,216 - INFO - downloading file at https://www.thetimes.com/imageserver/image/%2F740d7f77-157a-47aa-b8c6-a114c3d3ba36.jpg
2025-10-30 14:46:20,715 - INFO - downloading file at https://www.thetimes.com/imageserver/image/%2F86975911-a6f9-4769-986c-b8e5650d0eac.jpg
2025-10-30 14:46:22,043 - INFO - downloading file at https://www.thetimes.com/imageserver/image/%2F4a060a3a-84f9-4c30-82ba-393f56271d7e.jpg
2025-10-30 14:46:23,723 - INFO - scraping urls from file: ../google_scraping/article_urls/The-Times/thetimes.com_2025-04-01_2025-04-30_urls.csv
2025-10-30 14:46:23,725 - INFO - Successfully retrieved session from session_The-Times.pickle
2025-10-30 14:46:23,833 - INFO - Parsing url: https://www.thetimes.com/profile/adam-vaughan?page=6
2025-10-30 14:46:23,877 - INFO - removed image due to bad caption: The Times & The Sunday Times
2025-10-30 14:46:23,879 - INFO - date to string conversion for json unsuccessful due to 'NoneType' object has no attribute 'strftime'
2025-10-30 14:46:23,879 - INFO - article dropped, no body text found: https://www.thetimes.com/profile/adam-vaughan?page=6
2025-10-30 14:46:23,879 - INFO - Parsing url: https://www.thetimes.com/profile/harriet-alexander
2025-10-30 14:46:23,904 - INFO - removed image due to bad caption: The Times & The Sunday Times
2025-10-30 14:46:23,906 - INFO - date to string conversion for json unsuccessful due to 'NoneType' object has no attribute 'strftime'
2025-10-30 14:46:23,906 - INFO - article dropped, no body text found: https://www.thetimes.com/profile/harriet-alexander
2025-10-30 14:46:23,906 - INFO - Parsing url: https://www.thetimes.com/uk/environment/article/theres-no-vegan-stir-fry-a-just-stop-oil-mum-on-life-in-prison-06n9ctx72
2025-10-30 14:46:23,944 - INFO - removed image due to bad caption: The Times & The Sunday Times
2025-10-30 14:46:23,946 - INFO - Parsing url: https://www.thetimes.com/uk/crime/article/m25-protester-roger-hallam-jail-media-interest-zzjgrpgrt
2025-10-30 14:46:23,981 - INFO - removed image due to bad caption: The Times & The Sunday Times
2025-10-30 14:46:23,983 - INFO - downloading images for file article_contents/The-Times/thetimes.com_2025-04-01_2025-04-30_parsed.json
2025-10-30 14:46:23,983 - INFO - downloading images for article https://www.thetimes.com/uk/environment/article/theres-no-vegan-stir-fry-a-just-stop-oil-mum-on-life-in-prison-06n9ctx72
2025-10-30 14:46:23,984 - INFO - Successfully retrieved session from session_The-Times.pickle
2025-10-30 14:46:23,985 - INFO - downloading file at https://www.thetimes.com/imageserver/image/%2Fe1f5d45a-5656-4149-b490-d8ba1ef4d8cf.jpg
2025-10-30 14:46:26,711 - INFO - downloading file at https://www.thetimes.com/imageserver/image/%2Fc1b49b1d-f7fd-413b-b729-d9e1aa9743c2.jpg
2025-10-30 14:46:29,845 - INFO - downloading file at https://www.thetimes.com/imageserver/image/%2Fcee1faf3-e295-499c-9c7d-ef552f239a4a.jpg
2025-10-30 14:46:32,975 - INFO - downloading file at https://www.thetimes.com/imageserver/image/%2Fbd4fe53c-fd07-492b-a17d-3d65ac9333d7.jpg
2025-10-30 14:46:34,608 - INFO - downloading file at https://www.thetimes.com/imageserver/image/%2F2469653e-44d9-4671-8c1c-9731c025c938.jpg
2025-10-30 14:46:36,911 - INFO - downloading file at https://www.thetimes.com/imageserver/image/%2F92f864d2-5f53-4f22-a73e-7cd5515ac131.jpg
2025-10-30 14:46:38,086 - INFO - downloading file at https://www.thetimes.com/imageserver/image/%2Fmethode%2Ftimes%2Fprod%2Fweb%2Fbin%2Fc4684738-c0ba-460f-81ba-79f03edc6bb3.jpg
2025-10-30 14:46:39,304 - INFO - downloading file at https://www.thetimes.com/imageserver/image/%2Fdf9640bf-8b31-4dff-802c-b1fe0765219f.jpg
2025-10-30 14:46:40,449 - INFO - downloading images for article https://www.thetimes.com/uk/crime/article/m25-protester-roger-hallam-jail-media-interest-zzjgrpgrt
2025-10-30 14:46:40,451 - INFO - Successfully retrieved session from session_The-Times.pickle
2025-10-30 14:46:40,456 - INFO - downloading file at https://www.thetimes.com/imageserver/image/%2F47713d79-53d1-48da-81f1-defcf68b6358.jpg
2025-10-30 14:46:44,851 - INFO - downloading file at https://www.thetimes.com/imageserver/image/%2Ffc9640b7-2a7e-4b24-b51f-3cf7c1e7713d.jpg
2025-10-30 14:46:46,465 - INFO - downloading file at https://www.thetimes.com/imageserver/image/%2Fd0053980-ae8e-4a11-a1c2-5da805763024.jpg
2025-10-30 14:46:47,806 - INFO - downloading file at https://www.thetimes.com/imageserver/image/%2F33e741dd-7c0a-4cf9-b6ff-805d3eec4c1b.jpg
2025-10-30 14:46:49,108 - INFO - downloading file at https://www.thetimes.com/imageserver/image/%2Fdf9640bf-8b31-4dff-802c-b1fe0765219f.jpg
2025-10-30 14:46:50,202 - INFO - scraping urls from file: ../google_scraping/article_urls/The-Times/thetimes.com_2025-05-01_2025-05-31_urls.csv
2025-10-30 14:46:50,204 - INFO - Successfully retrieved session from session_The-Times.pickle
2025-10-30 14:46:50,257 - INFO - Parsing url: https://www.thetimes.com/html-sitemap/2025-05-4
2025-10-30 14:46:50,331 - INFO - removed image due to bad caption: The Times & The Sunday Times
2025-10-30 14:46:50,338 - INFO - date to string conversion for json unsuccessful due to 'NoneType' object has no attribute 'strftime'
2025-10-30 14:46:50,338 - INFO - article dropped, no body text found: https://www.thetimes.com/html-sitemap/2025-05-4
2025-10-30 14:46:50,338 - INFO - Parsing url: https://www.thetimes.com/life-style/property-home/article/gen-z-teapot-trend-revival-best-nt7k6ttkz
2025-10-30 14:46:50,452 - INFO - removed image due to bad caption: The Times & The Sunday Times
2025-10-30 14:46:50,456 - INFO - article dropped, search terms not present: https://www.thetimes.com/life-style/property-home/article/gen-z-teapot-trend-revival-best-nt7k6ttkz
2025-10-30 14:46:50,457 - INFO - downloading images for file article_contents/The-Times/thetimes.com_2025-05-01_2025-05-31_parsed.json
2025-10-30 14:46:50,464 - INFO - scraping urls from file: ../google_scraping/article_urls/The-Times/thetimes.com_2025-06-01_2025-06-30_urls.csv
2025-10-30 14:46:50,464 - INFO - Successfully retrieved session from session_The-Times.pickle
2025-10-30 14:46:50,762 - INFO - Parsing url: https://www.thetimes.com/world/europe/article/jeff-bezos-forced-to-move-wedding-party-after-protests-in-venice-j6qqp3t2j
2025-10-30 14:46:50,829 - INFO - removed image due to bad caption: The Times & The Sunday Times
2025-10-30 14:46:50,831 - INFO - Parsing url: https://www.thetimes.com/uk/crime/article/palestine-action-damage-bj0r7t97x
2025-10-30 14:46:50,863 - INFO - removed image due to bad caption: The Times & The Sunday Times
2025-10-30 14:46:50,865 - INFO - Parsing url: https://www.thetimes.com/culture/music/article/glastonbury-festival-greenpeace-how-to-beat-facial-recognition-protests-0v2c8cjl6
2025-10-30 14:46:50,897 - INFO - removed image due to bad caption: The Times & The Sunday Times
2025-10-30 14:46:50,899 - INFO - Parsing url: https://www.thetimes.com/uk/crime/article/palestine-action-vandalism-xrcnlpdgh
2025-10-30 14:46:50,930 - INFO - removed image due to bad caption: The Times & The Sunday Times
2025-10-30 14:46:50,932 - INFO - Parsing url: https://www.thetimes.com/uk/crime/article/youth-demand-undercover-jrsqqq0rz
2025-10-30 14:46:50,964 - INFO - removed image due to bad caption: The Times & The Sunday Times
2025-10-30 14:46:50,966 - INFO - Parsing url: https://www.thetimes.com/uk/defence/article/nato-summit-trump-latest-news-live-starmer-sbsjm7gxt
2025-10-30 14:46:51,024 - INFO - removed image due to bad caption: The Times & The Sunday Times
2025-10-30 14:46:51,030 - INFO - article dropped, search terms not present: https://www.thetimes.com/uk/defence/article/nato-summit-trump-latest-news-live-starmer-sbsjm7gxt
2025-10-30 14:46:51,030 - INFO - Parsing url: https://www.thetimes.com/culture/music/article/glastonbury-2025-live-latest-news-r078q0rr3
2025-10-30 14:46:51,103 - INFO - removed image due to bad caption: The Times & The Sunday Times
2025-10-30 14:46:51,114 - INFO - Parsing url: https://www.thetimes.com/uk/politics/article/ed-miliband-oil-and-gas-north-sea-vx6ln9r6w
2025-10-30 14:46:51,151 - INFO - removed image due to bad caption: The Times & The Sunday Times
2025-10-30 14:46:51,153 - INFO - Parsing url: https://www.thetimes.com/uk/politics/article/miliband-to-rewrite-green-rules-to-allow-north-sea-drilling-8g2tdvgqx
2025-10-30 14:46:51,189 - INFO - removed image due to bad caption: The Times & The Sunday Times
2025-10-30 14:46:51,195 - INFO - downloading images for file article_contents/The-Times/thetimes.com_2025-06-01_2025-06-30_parsed.json
2025-10-30 14:46:51,195 - INFO - downloading images for article https://www.thetimes.com/world/europe/article/jeff-bezos-forced-to-move-wedding-party-after-protests-in-venice-j6qqp3t2j
2025-10-30 14:46:51,196 - INFO - Successfully retrieved session from session_The-Times.pickle
2025-10-30 14:46:51,197 - INFO - downloading file at https://www.thetimes.com/imageserver/image/%2F7b91818b-b0c0-4136-ab09-cc0181a92d7c.jpg
2025-10-30 14:46:53,289 - INFO - downloading file at https://www.thetimes.com/imageserver/image/%2F5b4aaced-bccd-4ef2-b094-9570431a871c.jpg
2025-10-30 14:46:55,091 - INFO - downloading file at https://www.thetimes.com/imageserver/image/%2F8242f6e8-f131-48dd-868c-a84281223741.jpg
2025-10-30 14:46:57,281 - INFO - downloading file at https://www.thetimes.com/imageserver/image/%2Fc1debee7-6a19-487a-a108-9496ec0bcf17.jpg
2025-10-30 14:46:58,704 - INFO - downloading file at https://www.thetimes.com/imageserver/image/%2Fed3159be-85a6-428b-b99d-5d4879ec3a64.jpg
2025-10-30 14:47:00,323 - INFO - downloading images for article https://www.thetimes.com/uk/crime/article/palestine-action-damage-bj0r7t97x
2025-10-30 14:47:00,325 - INFO - Successfully retrieved session from session_The-Times.pickle
2025-10-30 14:47:00,329 - INFO - downloading file at https://www.thetimes.com/imageserver/image/%2F2a77bbb4-94db-4b01-8b02-a612e49cd26b.jpg
2025-10-30 14:47:01,741 - INFO - downloading file at https://www.thetimes.com/imageserver/image/%2Ff9dbf5fc-8f22-4301-869d-d00cb8a09d11.jpg
2025-10-30 14:47:03,479 - INFO - downloading file at https://www.thetimes.com/imageserver/image/%2Fc233648f-cdd7-4aa9-8b76-e5934412e7de.jpg
2025-10-30 14:47:04,872 - INFO - downloading file at https://www.thetimes.com/imageserver/image/%2F59af2264-6571-4aed-ae5e-7a5320a8ef8c.jpg
2025-10-30 14:47:06,151 - INFO - downloading file at https://www.thetimes.com/imageserver/image/%2F5106b9b0-47d3-489a-a7fb-7f53c0b8865a.jpg
2025-10-30 14:47:07,488 - INFO - downloading file at https://www.thetimes.com/imageserver/image/%2Fbf114e74-2634-465f-93c3-0625469d4b02.jpg
2025-10-30 14:47:09,741 - INFO - downloading images for article https://www.thetimes.com/culture/music/article/glastonbury-festival-greenpeace-how-to-beat-facial-recognition-protests-0v2c8cjl6
2025-10-30 14:47:09,743 - INFO - Successfully retrieved session from session_The-Times.pickle
2025-10-30 14:47:09,747 - INFO - downloading file at https://www.thetimes.com/imageserver/image/%2Fecc3351f-6be4-476b-97f3-7cd283360a87.jpg
2025-10-30 14:47:11,631 - INFO - downloading file at https://www.thetimes.com/imageserver/image/%2Fb23cb3d4-f016-478f-ac32-fbec39ce3e4c.jpg
2025-10-30 14:47:13,326 - INFO - downloading file at https://www.thetimes.com/imageserver/image/%2F0616b24f-282f-4074-8994-f966027673ed.jpg
2025-10-30 14:47:14,985 - INFO - downloading file at https://www.thetimes.com/imageserver/image/%2F5606fc26-17b5-43df-80d8-8e9e8b63bccd.jpg
2025-10-30 14:47:16,721 - INFO - downloading file at https://www.thetimes.com/imageserver/image/%2F88b85a57-f0b7-4ef9-91c0-ebaa1005ebee.jpg
2025-10-30 14:47:18,237 - INFO - downloading file at https://www.thetimes.com/imageserver/image/%2F9e216795-9241-47be-a800-b14ef903fc2d.jpg
2025-10-30 14:47:20,385 - INFO - downloading file at https://www.thetimes.com/imageserver/image/%2F88dd04ac-b888-41bc-90f1-be207e4f925d.jpg
2025-10-30 14:47:21,988 - INFO - downloading file at https://www.thetimes.com/imageserver/image/%2Fe63a19dd-bfc8-4bfe-abd9-56612be8bdb6.jpg
2025-10-30 14:47:23,419 - INFO - downloading images for article https://www.thetimes.com/uk/crime/article/palestine-action-vandalism-xrcnlpdgh
2025-10-30 14:47:23,420 - INFO - Successfully retrieved session from session_The-Times.pickle
2025-10-30 14:47:23,421 - INFO - downloading file at https://www.thetimes.com/imageserver/image/%2F58421ac1-8b9c-4dfb-b4bc-c61925e3617c.jpg
2025-10-30 14:47:25,173 - INFO - downloading file at https://www.thetimes.com/imageserver/image/%2F203698a1-4dcf-4976-8c8b-16db43ead514.jpg
2025-10-30 14:47:26,492 - INFO - downloading file at https://www.thetimes.com/imageserver/image/%2F6996a40c-4dc7-4cb1-bcbe-ec50f3e78347.jpg
2025-10-30 14:47:28,060 - INFO - downloading file at https://www.thetimes.com/imageserver/image/%2F396bc229-3820-4da3-a6f9-4ae527e65cad.jpg
2025-10-30 14:47:30,028 - INFO - downloading file at https://www.thetimes.com/imageserver/image/%2Fa520b493-7d63-459a-96ac-9e07f1aace58.jpg
2025-10-30 14:47:32,106 - INFO - downloading file at https://www.thetimes.com/imageserver/image/%2F33e741dd-7c0a-4cf9-b6ff-805d3eec4c1b.jpg
2025-10-30 14:47:33,410 - INFO - downloading images for article https://www.thetimes.com/uk/crime/article/youth-demand-undercover-jrsqqq0rz
2025-10-30 14:47:33,412 - INFO - Successfully retrieved session from session_The-Times.pickle
2025-10-30 14:47:33,417 - INFO - downloading file at https://www.thetimes.com/imageserver/image/%2Ff8a8d450-6c28-40b7-bccd-e1732444b02e.jpg
2025-10-30 14:47:35,241 - INFO - downloading file at https://www.thetimes.com/imageserver/image/%2F09a8f583-ee8d-456e-ab7e-6a14558bac77.jpg
2025-10-30 14:47:37,223 - INFO - downloading file at https://www.thetimes.com/imageserver/image/%2F13152da6-5a88-4c14-9255-e65cdc07c928.jpg
2025-10-30 14:47:38,903 - INFO - downloading file at https://www.thetimes.com/imageserver/image/%2F94c63879-20f7-490e-82f5-576362eb0f53.jpg
2025-10-30 14:47:40,576 - INFO - downloading file at https://www.thetimes.com/imageserver/image/%2Fe1f5d45a-5656-4149-b490-d8ba1ef4d8cf.jpg
2025-10-30 14:47:42,845 - INFO - downloading file at https://www.thetimes.com/imageserver/image/%2F47713d79-53d1-48da-81f1-defcf68b6358.jpg
2025-10-30 14:47:46,295 - INFO - downloading images for article https://www.thetimes.com/culture/music/article/glastonbury-2025-live-latest-news-r078q0rr3
2025-10-30 14:47:46,297 - INFO - Successfully retrieved session from session_The-Times.pickle
2025-10-30 14:47:46,301 - INFO - downloading file at https://www.thetimes.com/imageserver/image/%2Fc2bf0739-d6ef-4f3f-9dce-f1814a696a5c.jpg
2025-10-30 14:47:47,965 - INFO - downloading file at https://www.thetimes.com/imageserver/image/%2F5908a3f1-8bf9-4c4d-be91-16d7c170206f.jpg
2025-10-30 14:47:49,917 - INFO - downloading file at https://www.thetimes.com/imageserver/image/%2Fadb8eefd-a86f-421f-a245-6b20a70217c8.jpg
2025-10-30 14:47:52,175 - INFO - downloading file at https://www.thetimes.com/imageserver/image/%2F1bcb53a2-da36-4b11-b240-3d0a3d6b3108.jpg
2025-10-30 14:47:53,851 - INFO - downloading file at https://www.thetimes.com/imageserver/image/%2F8726c404-5f33-4663-bf3d-fd9ea6d7ff82.jpg
2025-10-30 14:47:55,474 - INFO - downloading file at https://www.thetimes.com/imageserver/image/%2Fbd84aefd-b4ae-4a5c-9293-2eaaae9e322a.jpg
2025-10-30 14:47:57,220 - INFO - downloading file at https://www.thetimes.com/imageserver/image/%2F27a5a3dc-9803-4d9e-afaa-b7e49aff4de0.png
2025-10-30 14:47:58,593 - INFO - downloading file at https://www.thetimes.com/imageserver/image/%2F11f90354-7aec-405f-86e5-86ddf7d10f56.jpg
2025-10-30 14:48:00,176 - INFO - downloading file at https://www.thetimes.com/imageserver/image/%2F90b8b846-5d00-4727-9584-f536dffc916c.jpg
2025-10-30 14:48:01,580 - INFO - downloading file at https://www.thetimes.com/imageserver/image/%2F1a336add-92b3-4430-b97e-0c8498a4a494.jpg
2025-10-30 14:48:02,854 - INFO - downloading file at https://www.thetimes.com/imageserver/image/%2F1855047d-c593-4cb6-b52e-2f46f135879d.jpg
2025-10-30 14:48:04,679 - INFO - downloading file at https://www.thetimes.com/imageserver/image/%2F24228ddd-7829-4566-8a3f-b92101fa6493.jpg
2025-10-30 14:48:06,041 - INFO - downloading file at https://www.thetimes.com/imageserver/image/%2Ffbca127e-db33-4352-b1f0-0b4840818a76.jpg
2025-10-30 14:48:07,704 - INFO - downloading file at https://www.thetimes.com/imageserver/image/%2F3091bcf8-12ea-4887-88ab-36edcc71935d.jpg
2025-10-30 14:48:09,491 - INFO - downloading file at https://www.thetimes.com/imageserver/image/%2F8472ecbe-bf00-4dc7-85c3-239f5c526896.jpg
2025-10-30 14:48:11,265 - INFO - downloading file at https://www.thetimes.com/imageserver/image/%2F3a3370fa-615f-42f6-abc2-1d07466034da.jpg
2025-10-30 14:48:13,064 - INFO - downloading file at https://www.thetimes.com/imageserver/image/%2F7a2bc45e-7d23-4c78-8a59-3cafb9f88663.jpg
2025-10-30 14:48:16,114 - INFO - downloading file at https://www.thetimes.com/imageserver/image/%2F3dd7d7db-3328-4b83-b10a-685846d6fcde.jpg
2025-10-30 14:48:17,693 - INFO - downloading file at https://www.thetimes.com/imageserver/image/%2Fd7208c5a-89ce-4918-8104-cdcf7287facf.jpg
2025-10-30 14:48:19,050 - INFO - downloading file at https://www.thetimes.com/imageserver/image/%2F1eff5bcc-ee8d-4fde-8a39-a02f1e890d43.jpg
2025-10-30 14:48:20,526 - INFO - downloading file at https://www.thetimes.com/imageserver/image/%2F080bc5e4-8b94-4335-9264-38e7d63d57b0.jpg
2025-10-30 14:48:22,416 - INFO - downloading file at https://www.thetimes.com/imageserver/image/%2Ff25ad91a-50c1-49aa-871e-b9ee564a7f01.jpg
2025-10-30 14:48:23,636 - INFO - downloading file at https://www.thetimes.com/imageserver/image/%2F688a5034-a466-41d9-bca9-b3c122c92853.jpg
2025-10-30 14:48:27,265 - INFO - downloading file at https://www.thetimes.com/imageserver/image/%2Fbaaae2c2-c8ed-40a5-921d-c32c0f5971ae.jpg
2025-10-30 14:48:28,694 - INFO - downloading file at https://www.thetimes.com/imageserver/image/%2F018f420d-b334-4f23-9db4-2251d6c2eca6.jpg
2025-10-30 14:48:30,611 - INFO - downloading file at https://www.thetimes.com/imageserver/image/%2Fa8da57c3-39d1-4da5-8132-c7b0b2a23ec1.jpg
2025-10-30 14:48:33,127 - INFO - downloading file at https://www.thetimes.com/imageserver/image/%2F63188983-b82b-4f8b-a94d-599f5e2b53be.jpg
2025-10-30 14:48:34,732 - INFO - downloading file at https://www.thetimes.com/imageserver/image/%2F8da32ca0-571f-43a8-879f-a2889b9ad577.jpg
2025-10-30 14:48:36,134 - INFO - downloading file at https://www.thetimes.com/imageserver/image/%2F36eeb033-aef2-499c-b89e-3a5985b67bb6.jpg
2025-10-30 14:48:37,549 - INFO - downloading file at https://www.thetimes.com/imageserver/image/%2F06bd8200-1ed0-41c6-8672-3f680ee81a10.jpg
2025-10-30 14:48:39,916 - INFO - downloading file at https://www.thetimes.com/imageserver/image/%2Fbff6b934-ea4f-43e6-8f1d-bb0ba2b6642e.jpg
2025-10-30 14:48:41,349 - INFO - downloading file at https://www.thetimes.com/imageserver/image/%2Fbeb0ec2c-b797-4529-b186-f62df9652499.png
2025-10-30 14:48:42,906 - INFO - downloading file at https://www.thetimes.com/imageserver/image/%2F6f6455fa-583f-43f3-abc0-ae70033727f6.jpg
2025-10-30 14:48:44,379 - INFO - downloading file at https://www.thetimes.com/imageserver/image/%2F16ca2a35-0a4b-48bc-bdaa-413aa9f306fe.jpg
2025-10-30 14:48:45,947 - INFO - downloading file at https://www.thetimes.com/imageserver/image/%2Fc9127c35-2503-48a1-8f7b-12efae426866.jpg
2025-10-30 14:48:47,700 - INFO - downloading file at https://www.thetimes.com/imageserver/image/%2Ff2732ef6-9ea8-4f7c-85a5-ec9325da29a5.jpg
2025-10-30 14:48:49,136 - INFO - downloading file at https://www.thetimes.com/imageserver/image/%2F7ec39864-0d7f-472b-95f5-fd98121d5bbf.jpg
2025-10-30 14:48:52,537 - INFO - downloading file at https://www.thetimes.com/imageserver/image/%2Fe251c41b-191a-42fa-b549-43bb2c0de2b0.jpg
2025-10-30 14:48:54,466 - INFO - downloading file at https://www.thetimes.com/imageserver/image/%2F3d46103f-5658-4ee4-89ec-482415f5d461.jpg
2025-10-30 14:48:55,990 - INFO - downloading file at https://www.thetimes.com/imageserver/image/%2F622f3b3f-a4bb-4985-9631-34c74c41eec8.jpg
2025-10-30 14:48:58,232 - INFO - downloading file at https://www.thetimes.com/imageserver/image/%2F91ce6486-dd79-46d1-806e-15b57742391b.jpg
2025-10-30 14:49:01,383 - INFO - downloading file at https://www.thetimes.com/imageserver/image/%2F9c14a0f8-32c4-4779-bca4-bc864bff41f2.jpg
2025-10-30 14:49:04,455 - INFO - downloading file at https://www.thetimes.com/imageserver/image/%2F8c771104-b9c0-498f-83ca-67cef7bc8520.jpg
2025-10-30 14:49:07,798 - INFO - downloading file at https://www.thetimes.com/imageserver/image/%2F042320c2-11bf-4895-b923-fe8a5142144a.jpg
2025-10-30 14:49:09,608 - INFO - downloading file at https://www.thetimes.com/imageserver/image/%2Fd518f0f6-db52-4ade-a851-b8c967084f57.jpg
2025-10-30 14:49:11,325 - INFO - downloading file at https://www.thetimes.com/imageserver/image/%2Ff0c647dc-c2f6-44fa-bcc8-37b33de5b0ec.jpg
2025-10-30 14:49:14,248 - INFO - downloading file at https://www.thetimes.com/imageserver/image/%2F173f4036-e0c8-4065-9dbb-2551e2b0dcbc.jpg
2025-10-30 14:49:15,817 - INFO - downloading file at https://www.thetimes.com/imageserver/image/%2Fd0cf9239-825f-4917-9f58-917dd0eb00d9.jpg
2025-10-30 14:49:17,490 - INFO - downloading file at https://www.thetimes.com/imageserver/image/%2F2d90d605-7404-4387-98d5-80d65ea50f44.png
2025-10-30 14:49:18,897 - INFO - downloading file at https://www.thetimes.com/imageserver/image/%2F6dd30fee-ca3d-4133-86ea-f049989f28f3.jpg
2025-10-30 14:49:20,305 - INFO - downloading file at https://www.thetimes.com/imageserver/image/%2Fmethode%2Ftimes%2Fprod%2Fweb%2Fbin%2F35935fef-9f13-4d14-b414-ca76f213991f.jpg
2025-10-30 14:49:22,026 - INFO - downloading file at https://www.thetimes.com/imageserver/image/%2Fca82df8b-eb37-407e-9482-5a78984d69d7.jpg
2025-10-30 14:49:24,415 - INFO - downloading file at https://www.thetimes.com/imageserver/image/%2Fbf061799-9906-4f25-97e1-78f0297fee52.jpg
2025-10-30 14:49:25,850 - INFO - downloading file at https://www.thetimes.com/imageserver/image/%2F435e5f18-0ea6-4b69-99c5-02308aad6f01.jpg
2025-10-30 14:49:27,274 - INFO - downloading file at https://www.thetimes.com/imageserver/image/%2Fmethode%2Ftimes%2Fprod%2Fweb%2Fbin%2F740aadf0-2407-4e41-acbc-d49af22637c9.jpg
2025-10-30 14:49:28,688 - INFO - downloading file at https://www.thetimes.com/imageserver/image/%2F2251318b-baa0-44a2-b831-b44cbc869c9f.jpg
2025-10-30 14:49:30,259 - INFO - downloading file at https://www.thetimes.com/imageserver/image/%2F3bdac047-f5df-4c29-bfa8-625b33a40424.jpg
2025-10-30 14:49:33,230 - INFO - downloading file at https://www.thetimes.com/imageserver/image/%2Fda8d0b5e-b4f0-4de6-906b-e57ea9d9668a.jpg
2025-10-30 14:49:34,927 - INFO - downloading file at https://www.thetimes.com/imageserver/image/%2Fce1abb3d-827b-42e1-be5c-f13dceec7a25.jpg
2025-10-30 14:49:36,829 - INFO - downloading file at https://www.thetimes.com/imageserver/image/%2F2bcae02e-db00-41c6-8054-8cf14e1b7aa8.jpg
2025-10-30 14:49:39,136 - INFO - downloading file at https://www.thetimes.com/imageserver/image/%2F33226903-fca8-4ce8-8e30-4cf49b14b215.jpg
2025-10-30 14:49:41,994 - INFO - downloading file at https://www.thetimes.com/imageserver/image/%2F8d05925e-5530-418e-a18b-c4e34d724d67.png
2025-10-30 14:49:43,634 - INFO - downloading file at https://www.thetimes.com/imageserver/image/%2F4ab70147-39c0-4dab-952f-a72605912cf3.jpg
2025-10-30 14:49:45,054 - INFO - downloading file at https://www.thetimes.com/imageserver/image/%2F041f3e90-dc83-40bd-ae5b-5b272ae57c5a.jpg
2025-10-30 14:49:46,521 - INFO - downloading file at https://www.thetimes.com/imageserver/image/%2Ffc4dfc2d-e732-4666-80a0-e8519c9d1412.jpg
2025-10-30 14:49:47,839 - INFO - downloading file at https://www.thetimes.com/imageserver/image/%2F22405b27-a828-4382-a0d5-8b9c8897c73b.jpg
2025-10-30 14:49:49,577 - INFO - downloading file at https://www.thetimes.com/imageserver/image/%2Fbf890cc4-3d4b-42ca-bb52-e11ee9437a9d.jpg
2025-10-30 14:49:51,262 - INFO - downloading file at https://www.thetimes.com/imageserver/image/%2F97775864-2ab9-4536-861d-97fef333e906.jpg
2025-10-30 14:49:52,832 - INFO - downloading file at https://www.thetimes.com/imageserver/image/%2Fmethode%2Ftimes%2Fprod%2Fweb%2Fbin%2Fd2fdfa9f-4923-4347-a758-8437b394a45e.jpg
2025-10-30 14:49:55,635 - INFO - downloading file at https://www.thetimes.com/imageserver/image/%2F0eddbcec-e753-41aa-9447-99dc6a7e9253.jpg
2025-10-30 14:49:57,137 - INFO - downloading file at https://www.thetimes.com/imageserver/image/%2Fd05717e5-a9c5-451a-9b49-6771253266d6.jpg
2025-10-30 14:49:59,575 - INFO - downloading file at https://www.thetimes.com/imageserver/image/%2F1b3b62ad-c139-4b01-82e7-9f2a031a11bc.jpg
2025-10-30 14:50:01,254 - INFO - downloading file at https://www.thetimes.com/imageserver/image/%2F77fb7522-91fe-4aa2-a55d-822f41d06a2c.jpg
2025-10-30 14:50:03,158 - INFO - downloading file at https://www.thetimes.com/imageserver/image/%2F26625dff-73c8-402f-b96e-bd483311a841.jpg
2025-10-30 14:50:05,334 - INFO - downloading file at https://www.thetimes.com/imageserver/image/%2F5bcddcd7-4773-4341-8cc9-a3d9b120e1f5.jpg
2025-10-30 14:50:08,653 - INFO - downloading file at https://www.thetimes.com/imageserver/image/%2Fd1c32452-37dc-4a90-a9e6-8d5203e9fe0a.jpg
2025-10-30 14:50:10,814 - INFO - downloading file at https://www.thetimes.com/imageserver/image/%2F4b5be4f4-29aa-4b0e-bb2f-dcf9b167d898.jpg
2025-10-30 14:50:13,361 - INFO - downloading file at https://www.thetimes.com/imageserver/image/%2F5849bb3d-03f8-480e-a990-0bc2c5d2a118.jpg
2025-10-30 14:50:14,592 - INFO - downloading file at https://www.thetimes.com/imageserver/image/%2F011ccc05-7924-4fb6-bb35-f24e9e7ac506.jpg
2025-10-30 14:50:16,651 - INFO - downloading file at https://www.thetimes.com/imageserver/image/%2F05c245ef-23fb-472f-b3b7-044bc79566c1.jpg
2025-10-30 14:50:18,280 - INFO - downloading images for article https://www.thetimes.com/uk/politics/article/ed-miliband-oil-and-gas-north-sea-vx6ln9r6w
2025-10-30 14:50:18,282 - INFO - Successfully retrieved session from session_The-Times.pickle
2025-10-30 14:50:18,288 - INFO - downloading file at https://www.thetimes.com/imageserver/image/%2F20820075-e03c-49b4-93f3-e8f5233d62dd.jpg
2025-10-30 14:50:19,649 - INFO - downloading file at https://www.thetimes.com/imageserver/image/%2F49b86a63-f67f-47b4-87ca-9a8e3e9c3c3e.jpg
2025-10-30 14:50:21,421 - INFO - downloading file at https://www.thetimes.com/imageserver/image/%2F2889d603-fc63-41de-afc1-017b37258b9f.jpg
2025-10-30 14:50:22,868 - INFO - downloading file at https://www.thetimes.com/imageserver/image/%2F502c82e2-6a9e-4ebe-ac5b-909c3ca4b4a1.jpg
2025-10-30 14:50:24,379 - INFO - downloading file at https://www.thetimes.com/imageserver/image/%2Fmethode%2Ftimes%2Fprod%2Fweb%2Fbin%2F031785cd-e95f-4230-83ba-3b0f4f9af6b2.jpg
2025-10-30 14:50:26,877 - INFO - downloading file at https://www.thetimes.com/imageserver/image/%2Fmethode%2Ftimes%2Fprod%2Fweb%2Fbin%2Fc4684738-c0ba-460f-81ba-79f03edc6bb3.jpg
2025-10-30 14:50:27,971 - INFO - downloading images for article https://www.thetimes.com/uk/politics/article/miliband-to-rewrite-green-rules-to-allow-north-sea-drilling-8g2tdvgqx
2025-10-30 14:50:27,973 - INFO - Successfully retrieved session from session_The-Times.pickle
2025-10-30 14:50:27,980 - INFO - downloading file at https://www.thetimes.com/imageserver/image/%2Fe6855592-672e-4e3c-8668-b48567c8c5cd.jpg
2025-10-30 14:50:31,185 - INFO - downloading file at https://www.thetimes.com/imageserver/image/%2Fd7a8d262-4701-4f89-8399-61d0907ae3d5.jpg
2025-10-30 14:50:33,828 - INFO - downloading file at https://www.thetimes.com/imageserver/image/%2Fe336291b-7689-4700-9e4a-ae015675c2c5.jpg
2025-10-30 14:50:35,872 - INFO - downloading file at https://www.thetimes.com/imageserver/image/%2Fcced18df-55a5-4ad7-b803-87a45c472615.jpeg
2025-10-30 14:50:37,605 - INFO - downloading file at https://www.thetimes.com/imageserver/image/%2F8cc6bae1-e709-4453-9524-594b5422c5da.jpg
2025-10-30 14:50:39,156 - INFO - scraping urls from file: ../google_scraping/article_urls/The-Times/thetimes.com_2025-07-01_2025-07-31_urls.csv
2025-10-30 14:50:39,158 - INFO - Successfully retrieved session from session_The-Times.pickle
2025-10-30 14:50:39,374 - INFO - Parsing url: https://www.thetimes.com/culture/books/article/anti-catastrophe-league-pioneers-visionaries-quest-save-world-tom-ough-review-bqz6pzmhw
2025-10-30 14:50:39,440 - INFO - removed image due to bad caption: The Times & The Sunday Times
2025-10-30 14:50:39,443 - INFO - Parsing url: https://www.thetimes.com/uk/law/article/un-climate-ruling-ushers-in-fresh-hopes-of-accountability-3rjbjp67s
2025-10-30 14:50:39,473 - INFO - removed image due to bad caption: The Times & The Sunday Times
2025-10-30 14:50:39,475 - INFO - Parsing url: https://www.thetimes.com/uk/crime/article/tatler-palestine-action-georgie-robertson-h8p3mjrq9
2025-10-30 14:50:39,502 - INFO - removed image due to bad caption: The Times & The Sunday Times
2025-10-30 14:50:39,505 - INFO - Parsing url: https://www.thetimes.com/html-sitemap/2025-07-4
2025-10-30 14:50:39,568 - INFO - removed image due to bad caption: The Times & The Sunday Times
2025-10-30 14:50:39,575 - INFO - date to string conversion for json unsuccessful due to 'NoneType' object has no attribute 'strftime'
2025-10-30 14:50:39,575 - INFO - article dropped, no body text found: https://www.thetimes.com/html-sitemap/2025-07-4
2025-10-30 14:50:39,575 - INFO - Parsing url: https://www.thetimes.com/comment/the-times-view/article/palestine-action-terror-status-too-far-5fn0m8xv9
2025-10-30 14:50:39,611 - INFO - removed image due to bad caption: The Times & The Sunday Times
2025-10-30 14:50:39,613 - INFO - Parsing url: https://www.thetimes.com/uk/politics/article/turnberry-golf-course-scotland-trump-g85xd857z
2025-10-30 14:50:39,711 - INFO - removed image due to bad caption: The Times & The Sunday Times
2025-10-30 14:50:39,713 - INFO - Parsing url: https://www.thetimes.com/uk/scotland/article/police-trump-visit-95r8tf7pd
2025-10-30 14:50:39,751 - INFO - removed image due to bad caption: The Times & The Sunday Times
2025-10-30 14:50:39,753 - INFO - article dropped, search terms not present: https://www.thetimes.com/uk/scotland/article/police-trump-visit-95r8tf7pd
2025-10-30 14:50:39,753 - INFO - Parsing url: https://www.thetimes.com/html-sitemap/2025-07-2
2025-10-30 14:50:39,809 - INFO - removed image due to bad caption: The Times & The Sunday Times
2025-10-30 14:50:39,814 - INFO - date to string conversion for json unsuccessful due to 'NoneType' object has no attribute 'strftime'
2025-10-30 14:50:39,814 - INFO - article dropped, no body text found: https://www.thetimes.com/html-sitemap/2025-07-2
2025-10-30 14:50:39,816 - INFO - downloading images for file article_contents/The-Times/thetimes.com_2025-07-01_2025-07-31_parsed.json
2025-10-30 14:50:39,816 - INFO - downloading images for article https://www.thetimes.com/culture/books/article/anti-catastrophe-league-pioneers-visionaries-quest-save-world-tom-ough-review-bqz6pzmhw
2025-10-30 14:50:39,817 - INFO - Successfully retrieved session from session_The-Times.pickle
2025-10-30 14:50:39,818 - INFO - downloading file at https://www.thetimes.com/imageserver/image/%2F3c0a5da8-df19-4047-a75d-f1695dcaf2fd.jpg
2025-10-30 14:50:41,269 - INFO - downloading file at https://www.thetimes.com/imageserver/image/%2F35f334b4-743c-42cf-9ce0-70da09b3ca16.jpg
2025-10-30 14:50:42,425 - INFO - downloading file at https://www.thetimes.com/imageserver/image/%2F7a366540-25bb-495c-8df1-dbad3c218514.jpg
2025-10-30 14:50:44,669 - INFO - downloading file at https://www.thetimes.com/imageserver/image/%2Fb07174cf-8950-49b3-8e54-6e720b39f2d6.jpg
2025-10-30 14:50:46,441 - INFO - downloading file at https://www.thetimes.com/imageserver/image/%2F2ad5bf18-689f-4c16-8aad-e5f4eee8a19f.jpg
2025-10-30 14:50:49,750 - INFO - downloading file at https://www.thetimes.com/imageserver/image/%2Fmethode%2Ftimes%2Fprod%2Fweb%2Fbin%2Ffc2a7f90-30e2-4e3b-9161-2afa66188978.jpg
2025-10-30 14:50:51,343 - INFO - downloading images for article https://www.thetimes.com/uk/law/article/un-climate-ruling-ushers-in-fresh-hopes-of-accountability-3rjbjp67s
2025-10-30 14:50:51,345 - INFO - Successfully retrieved session from session_The-Times.pickle
2025-10-30 14:50:51,349 - INFO - downloading file at https://www.thetimes.com/imageserver/image/%2F1bf79f47-65a6-4c7f-b160-3db2e816f0fa.jpg
2025-10-30 14:50:54,481 - INFO - downloading file at https://www.thetimes.com/imageserver/image/%2F5c2b5a36-e0de-4125-b365-efebbecd1048.jpg
2025-10-30 14:50:56,534 - INFO - downloading file at https://www.thetimes.com/imageserver/image/%2F20820075-e03c-49b4-93f3-e8f5233d62dd.jpg
2025-10-30 14:50:57,776 - INFO - downloading images for article https://www.thetimes.com/uk/crime/article/tatler-palestine-action-georgie-robertson-h8p3mjrq9
2025-10-30 14:50:57,778 - INFO - Successfully retrieved session from session_The-Times.pickle
2025-10-30 14:50:57,782 - INFO - downloading file at https://www.thetimes.com/imageserver/image/%2F6a420ca7-c5cf-498d-b5ab-10fc69d0f77c.jpg
2025-10-30 14:50:59,179 - INFO - downloading file at https://www.thetimes.com/imageserver/image/%2F86b9cc43-daae-47d0-a265-ef1cdc525606.jpg
2025-10-30 14:51:00,604 - INFO - downloading file at https://www.thetimes.com/imageserver/image/%2Fab58f6c1-952e-44d5-8586-421dc7273961.jpg
2025-10-30 14:51:02,036 - INFO - downloading file at https://www.thetimes.com/imageserver/image/%2Fe734eaa0-fe11-4537-9038-3595d9851919.jpg
2025-10-30 14:51:03,243 - INFO - downloading file at https://www.thetimes.com/imageserver/image/%2Fcf4c3312-b9fc-4240-8bf1-11b9da9622b7.jpg
2025-10-30 14:51:04,976 - INFO - downloading file at https://www.thetimes.com/imageserver/image/%2Fc6fcfdf0-7a61-4410-b9d7-70874112622f.jpg
2025-10-30 14:51:06,494 - INFO - downloading file at https://www.thetimes.com/imageserver/image/%2F9a418875-6e7c-40ff-99fc-61d2013c9ab7.jpg
2025-10-30 14:51:10,150 - INFO - downloading file at https://www.thetimes.com/imageserver/image/%2Fbf1fca2b-7c05-4fe1-b41e-b63c10f093f1.jpg
2025-10-30 14:51:11,497 - INFO - downloading images for article https://www.thetimes.com/comment/the-times-view/article/palestine-action-terror-status-too-far-5fn0m8xv9
2025-10-30 14:51:11,499 - INFO - Successfully retrieved session from session_The-Times.pickle
2025-10-30 14:51:11,503 - INFO - downloading file at https://www.thetimes.com/imageserver/image/%2Fmethode%2Ftimes%2Fprod%2Fweb%2Fbin%2F6c2aac4b-45fc-43a1-b82d-3d3a84d1dfab.jpg
2025-10-30 14:51:12,803 - INFO - downloading file at https://www.thetimes.com/imageserver/image/%2Fbf1fca2b-7c05-4fe1-b41e-b63c10f093f1.jpg
2025-10-30 14:51:13,981 - INFO - downloading file at https://www.thetimes.com/imageserver/image/%2F06b41ab0-59d9-4be4-acba-ae79e6bd9d14.jpg
2025-10-30 14:51:17,884 - INFO - downloading file at https://www.thetimes.com/imageserver/image/%2F445d78e3-a577-4ec3-8e8c-9e51ce75d7a5.jpg
2025-10-30 14:51:20,269 - INFO - downloading images for article https://www.thetimes.com/uk/politics/article/turnberry-golf-course-scotland-trump-g85xd857z
2025-10-30 14:51:20,269 - INFO - Successfully retrieved session from session_The-Times.pickle
2025-10-30 14:51:20,270 - INFO - downloading file at https://www.thetimes.com/imageserver/image/%2F9ae0c34b-677c-4497-b453-03bfba5b98dd.jpg
2025-10-30 14:51:22,188 - INFO - downloading file at https://www.thetimes.com/imageserver/image/%2F35bfb9a0-30d6-48ba-8f49-1fea5c3395d5.jpg
2025-10-30 14:51:25,845 - INFO - downloading file at https://www.thetimes.com/imageserver/image/%2F6cb1f106-dc3d-4734-bd9b-78c63ec36739.jpg
2025-10-30 14:51:28,110 - INFO - downloading file at https://www.thetimes.com/imageserver/image/%2F26f335cb-6504-4a74-9c5d-da2662bd7dfb.jpg
2025-10-30 14:51:29,397 - INFO - downloading file at https://www.thetimes.com/imageserver/image/%2F04a812a4-6d5c-454f-a08b-84ed413fb55c.jpg
2025-10-30 14:51:30,940 - INFO - downloading file at https://www.thetimes.com/imageserver/image/%2F27848642-3e18-4e6d-8971-2d677e9b77b0.jpg
2025-10-30 14:51:32,456 - INFO - downloading file at https://www.thetimes.com/imageserver/image/%2F4fb5331f-56f2-4cec-82f9-232fe027978d.jpg
2025-10-30 14:51:33,742 - INFO - downloading file at https://www.thetimes.com/imageserver/image/%2Fmethode%2Ftimes%2Fprod%2Fweb%2Fbin%2Fd5ce314b-9790-48ab-b4ee-f4085f92dbb5.jpg
2025-10-30 14:51:34,943 - INFO - downloading file at https://www.thetimes.com/imageserver/image/%2F9cb0fd4c-6a91-4987-ab3f-56572d7ee2f4.jpg
2025-10-30 14:51:36,905 - INFO - scraping urls from file: ../google_scraping/article_urls/The-Times/thetimes.com_2025-08-01_2025-08-31_urls.csv
2025-10-30 14:51:36,906 - INFO - Successfully retrieved session from session_The-Times.pickle
2025-10-30 14:51:37,156 - INFO - Parsing url: https://www.thetimes.com/uk/politics/article/89-year-old-arrested-palestine-action-j72sm9v63
2025-10-30 14:51:37,230 - INFO - removed image due to bad caption: The Times & The Sunday Times
2025-10-30 14:51:37,232 - INFO - Parsing url: https://www.thetimes.com/html-sitemap/2025-08-2
2025-10-30 14:51:37,284 - INFO - removed image due to bad caption: The Times & The Sunday Times
2025-10-30 14:51:37,289 - INFO - date to string conversion for json unsuccessful due to 'NoneType' object has no attribute 'strftime'
2025-10-30 14:51:37,289 - INFO - article dropped, no body text found: https://www.thetimes.com/html-sitemap/2025-08-2
2025-10-30 14:51:37,289 - INFO - Parsing url: https://www.thetimes.com/html-sitemap/2025-08-1
2025-10-30 14:51:37,338 - INFO - removed image due to bad caption: The Times & The Sunday Times
2025-10-30 14:51:37,342 - INFO - date to string conversion for json unsuccessful due to 'NoneType' object has no attribute 'strftime'
2025-10-30 14:51:37,342 - INFO - article dropped, no body text found: https://www.thetimes.com/html-sitemap/2025-08-1
2025-10-30 14:51:37,342 - INFO - Parsing url: https://www.thetimes.com/uk/technology-uk/article/death-googling-new-ai-mode-comes-next-ck7cbzgmt
2025-10-30 14:51:37,382 - INFO - removed image due to bad caption: The Times & The Sunday Times
2025-10-30 14:51:37,384 - INFO - article dropped, search terms not present: https://www.thetimes.com/uk/technology-uk/article/death-googling-new-ai-mode-comes-next-ck7cbzgmt
2025-10-30 14:51:37,384 - INFO - Parsing url: https://www.thetimes.com/uk/crime/article/climate-group-threatens-sustained-sabotage-against-major-banks-fj0ssxgwn
2025-10-30 14:51:37,418 - INFO - removed image due to bad caption: The Times & The Sunday Times
2025-10-30 14:51:37,420 - INFO - Parsing url: https://www.thetimes.com/uk/crime/article/a-history-of-palestine-action-from-birth-to-ban-zjmbnvzp8
2025-10-30 14:51:37,459 - INFO - removed image due to bad caption: The Times & The Sunday Times
2025-10-30 14:51:37,462 - INFO - Parsing url: https://www.thetimes.com/profile/michael-glackin
2025-10-30 14:51:37,497 - INFO - removed image due to bad caption: The Times & The Sunday Times
2025-10-30 14:51:37,499 - INFO - date to string conversion for json unsuccessful due to 'NoneType' object has no attribute 'strftime'
2025-10-30 14:51:37,499 - INFO - article dropped, no body text found: https://www.thetimes.com/profile/michael-glackin
2025-10-30 14:51:37,499 - INFO - Parsing url: https://www.thetimes.com/profile/max-hastings
2025-10-30 14:51:37,519 - INFO - removed image due to bad caption: The Times & The Sunday Times
2025-10-30 14:51:37,522 - INFO - date to string conversion for json unsuccessful due to 'NoneType' object has no attribute 'strftime'
2025-10-30 14:51:37,522 - INFO - article dropped, no body text found: https://www.thetimes.com/profile/max-hastings
2025-10-30 14:51:37,522 - INFO - Parsing url: https://www.thetimes.com/comment/columnists/article/shoplifting-strategy-shops-crimewave-c9590dkk0
2025-10-30 14:51:37,558 - INFO - removed image due to bad caption: The Times & The Sunday Times
2025-10-30 14:51:37,560 - INFO - article dropped, search terms not present: https://www.thetimes.com/comment/columnists/article/shoplifting-strategy-shops-crimewave-c9590dkk0
2025-10-30 14:51:37,561 - INFO - downloading images for file article_contents/The-Times/thetimes.com_2025-08-01_2025-08-31_parsed.json
2025-10-30 14:51:37,561 - INFO - downloading images for article https://www.thetimes.com/uk/politics/article/89-year-old-arrested-palestine-action-j72sm9v63
2025-10-30 14:51:37,561 - INFO - Successfully retrieved session from session_The-Times.pickle
2025-10-30 14:51:37,562 - INFO - downloading file at https://www.thetimes.com/imageserver/image/%2F3a1e0f27-3272-4106-9734-432363beb044.jpg
2025-10-30 14:51:39,575 - INFO - downloading file at https://www.thetimes.com/imageserver/image/%2F4e34ba42-ed98-416a-82f9-7e47c45e342d.jpg
2025-10-30 14:51:41,307 - INFO - downloading file at https://www.thetimes.com/imageserver/image/%2F2d70c585-25e7-49ff-87fa-20b8799cc6bc.jpg
2025-10-30 14:51:43,006 - INFO - downloading file at https://www.thetimes.com/imageserver/image/%2F5478d24f-4e3f-4a1b-9d68-9db2a1ce488d.jpg
2025-10-30 14:51:46,523 - INFO - downloading file at https://www.thetimes.com/imageserver/image/%2F630595dd-84a6-4d62-af0d-2c706a358c2b.jpg
2025-10-30 14:51:47,952 - INFO - downloading file at https://www.thetimes.com/imageserver/image/%2F2282827f-bd74-46b2-bb31-8f34c3418d0d.jpg
2025-10-30 14:51:49,563 - INFO - downloading file at https://www.thetimes.com/imageserver/image/%2Fcd355d79-f980-4695-94a2-258976646052.jpg
2025-10-30 14:51:51,162 - INFO - downloading images for article https://www.thetimes.com/uk/crime/article/climate-group-threatens-sustained-sabotage-against-major-banks-fj0ssxgwn
2025-10-30 14:51:51,163 - INFO - Successfully retrieved session from session_The-Times.pickle
2025-10-30 14:51:51,167 - INFO - downloading file at https://www.thetimes.com/imageserver/image/%2F539af215-73ac-49d2-8809-8837a39304c5.jpg
2025-10-30 14:51:52,438 - INFO - downloading file at https://www.thetimes.com/imageserver/image/%2F908406c0-346d-426b-9275-f9a7f6112080.jpg
2025-10-30 14:51:53,674 - INFO - downloading file at https://www.thetimes.com/imageserver/image/%2F33e741dd-7c0a-4cf9-b6ff-805d3eec4c1b.jpg
2025-10-30 14:51:55,002 - INFO - downloading file at https://www.thetimes.com/imageserver/image/%2Fmethode%2Ftimes%2Fprod%2Fweb%2Fbin%2F42e88bb4-03b1-4cc3-8d38-0b9f982c22b9.jpg
2025-10-30 14:51:57,055 - INFO - downloading images for article https://www.thetimes.com/uk/crime/article/a-history-of-palestine-action-from-birth-to-ban-zjmbnvzp8
2025-10-30 14:51:57,056 - INFO - Successfully retrieved session from session_The-Times.pickle
2025-10-30 14:51:57,060 - INFO - downloading file at https://www.thetimes.com/imageserver/image/%2Fb3aa5696-c8d9-4e70-927c-6b5d9b5a433e.jpg
2025-10-30 14:51:58,544 - INFO - downloading file at https://www.thetimes.com/imageserver/image/%2F793ebcf5-4dc9-4c80-86b7-11f7dc9fff3a.jpg
2025-10-30 14:52:00,223 - INFO - downloading file at https://www.thetimes.com/imageserver/image/%2F05f9dc7f-2c86-42d2-84d3-e28cf8342d84.gif
2025-10-30 14:52:02,608 - INFO - downloading file at https://www.thetimes.com/imageserver/image/%2Fe546144c-0305-4347-a832-e309bc631b1f.gif
2025-10-30 14:52:04,689 - INFO - downloading file at https://www.thetimes.com/imageserver/image/%2F95696ecd-15be-4301-9bb3-9673eea5989a.jpg
2025-10-30 14:52:06,434 - INFO - downloading file at https://www.thetimes.com/imageserver/image/%2F7d6acb8b-83e9-4b19-aa19-7fe8999c114a.jpg
2025-10-30 14:52:07,674 - INFO - downloading file at https://www.thetimes.com/imageserver/image/%2Fe213b91f-2f17-4e21-a11e-923e7fa744da.jpg
2025-10-30 14:52:09,086 - INFO - downloading file at https://www.thetimes.com/imageserver/image/%2F5f2d4034-03e0-447a-868a-4fce9abaca6b.jpg
2025-10-30 14:52:10,481 - INFO - downloading file at https://www.thetimes.com/imageserver/image/%2Fde7c991f-aeea-4287-a0c1-0e79abb66f49.jpg
2025-10-30 14:52:11,771 - INFO - downloading file at https://www.thetimes.com/imageserver/image/%2F200d4bde-72cc-4e1e-b999-4954ec958aad.gif
2025-10-30 14:52:13,971 - INFO - downloading file at https://www.thetimes.com/imageserver/image/%2F4879671f-35f0-4852-b689-e3d0ea5659f4.jpg
2025-10-30 14:52:15,469 - INFO - downloading file at https://www.thetimes.com/imageserver/image/%2Fbf1fca2b-7c05-4fe1-b41e-b63c10f093f1.jpg
2025-10-30 14:52:16,624 - INFO - scraping urls from file: ../google_scraping/article_urls/The-Times/thetimes.com_2025-09-01_2025-09-30_urls.csv
2025-10-30 14:52:16,626 - INFO - Successfully retrieved session from session_The-Times.pickle
2025-10-30 14:52:16,837 - INFO - Parsing url: https://www.thetimes.com/comment/columnists/article/why-trump-visit-protest-israel-ukraine-8n8r0l2sm
2025-10-30 14:52:16,902 - INFO - removed image due to bad caption: The Times & The Sunday Times
2025-10-30 14:52:16,904 - INFO - Parsing url: https://www.thetimes.com/html-sitemap/2025-09-3
2025-10-30 14:52:16,955 - INFO - removed image due to bad caption: The Times & The Sunday Times
2025-10-30 14:52:16,960 - INFO - date to string conversion for json unsuccessful due to 'NoneType' object has no attribute 'strftime'
2025-10-30 14:52:16,960 - INFO - article dropped, no body text found: https://www.thetimes.com/html-sitemap/2025-09-3
2025-10-30 14:52:16,960 - INFO - Parsing url: https://www.thetimes.com/uk/photography-uk/article/a-misty-sunrise-in-surrey-and-other-news-in-pictures-8wdpj9rfp
2025-10-30 14:52:17,063 - INFO - removed image due to bad caption: The Times & The Sunday Times
2025-10-30 14:52:17,067 - INFO - article dropped, search terms not present: https://www.thetimes.com/uk/photography-uk/article/a-misty-sunrise-in-surrey-and-other-news-in-pictures-8wdpj9rfp
2025-10-30 14:52:17,067 - INFO - Parsing url: https://www.thetimes.com/comment/columnists/article/climate-cultists-rising-scepticism-warnings-ff900klzv
2025-10-30 14:52:17,101 - INFO - removed image due to bad caption: The Times & The Sunday Times
2025-10-30 14:52:17,103 - INFO - Parsing url: https://www.thetimes.com/uk/politics/article/trump-uk-visit-news-melania-banquet-charles-latest-news-j78gz9mcv
2025-10-30 14:52:17,173 - INFO - removed image due to bad caption: The Times & The Sunday Times
2025-10-30 14:52:17,181 - INFO - Parsing url: https://www.thetimes.com/uk/politics/article/zack-polanski-interview-green-party-leader-c655rhqbx
2025-10-30 14:52:17,210 - INFO - removed image due to bad caption: The Times & The Sunday Times
2025-10-30 14:52:17,212 - INFO - Parsing url: https://www.thetimes.com/comment/register/article/corrections-and-clarifications-the-times-x9nbft5tq
2025-10-30 14:52:17,266 - INFO - removed image due to bad caption: The Times & The Sunday Times
2025-10-30 14:52:17,269 - INFO - Parsing url: https://www.thetimes.com/uk/environment/article/british-museum-fossil-fuel-ties-ethics-mhrgjmw3b
2025-10-30 14:52:17,304 - INFO - removed image due to bad caption: The Times & The Sunday Times
2025-10-30 14:52:17,306 - INFO - article dropped, search terms not present: https://www.thetimes.com/uk/environment/article/british-museum-fossil-fuel-ties-ethics-mhrgjmw3b
2025-10-30 14:52:17,308 - INFO - downloading images for file article_contents/The-Times/thetimes.com_2025-09-01_2025-09-30_parsed.json
2025-10-30 14:52:17,308 - INFO - downloading images for article https://www.thetimes.com/comment/columnists/article/why-trump-visit-protest-israel-ukraine-8n8r0l2sm
2025-10-30 14:52:17,308 - INFO - Successfully retrieved session from session_The-Times.pickle
2025-10-30 14:52:17,309 - INFO - downloading file at https://www.thetimes.com/imageserver/image/%2Fmethode%2Ftimes%2Fprod%2Fweb%2Fbin%2F33534daa-931a-47c5-a326-930ec136ee91.png
2025-10-30 14:52:18,503 - INFO - downloading file at https://www.thetimes.com/imageserver/image/%2Fmethode%2Ftimes%2Fprod%2Fweb%2Fbin%2F03b142b4-3e5c-4cde-b200-acb25acfea30.jpg
2025-10-30 14:52:19,795 - INFO - downloading file at https://www.thetimes.com/imageserver/image/%2Fmethode%2Ftimes%2Fprod%2Fweb%2Fbin%2F03b142b4-3e5c-4cde-b200-acb25acfea30.jpg
2025-10-30 14:52:20,844 - INFO - downloading file at https://www.thetimes.com/imageserver/image/%2Fmethode%2Ftimes%2Fprod%2Fweb%2Fbin%2F03b142b4-3e5c-4cde-b200-acb25acfea30.jpg
2025-10-30 14:52:21,922 - INFO - downloading images for article https://www.thetimes.com/comment/columnists/article/climate-cultists-rising-scepticism-warnings-ff900klzv
2025-10-30 14:52:21,923 - INFO - Successfully retrieved session from session_The-Times.pickle
2025-10-30 14:52:21,928 - INFO - downloading file at https://www.thetimes.com/imageserver/image/%2Fmethode%2Ftimes%2Fprod%2Fweb%2Fbin%2F13c12eab-eace-4ed7-b44f-fa81fa6e9532.png
2025-10-30 14:52:23,099 - INFO - downloading file at https://www.thetimes.com/imageserver/image/%2Fmethode%2Ftimes%2Fprod%2Fweb%2Fbin%2F545192a4-8667-4586-8c48-c3a2a26da740.png
2025-10-30 14:52:24,466 - INFO - downloading file at https://www.thetimes.com/imageserver/image/%2F99bda012-bf92-4fb0-b5b6-479a4860b44e.jpg
2025-10-30 14:52:33,557 - INFO - downloading file at https://www.thetimes.com/imageserver/image/%2Fmethode%2Ftimes%2Fprod%2Fweb%2Fbin%2F545192a4-8667-4586-8c48-c3a2a26da740.png
2025-10-30 14:52:34,629 - INFO - downloading images for article https://www.thetimes.com/uk/politics/article/trump-uk-visit-news-melania-banquet-charles-latest-news-j78gz9mcv
2025-10-30 14:52:34,631 - INFO - Successfully retrieved session from session_The-Times.pickle
2025-10-30 14:52:34,635 - INFO - downloading file at https://www.thetimes.com/imageserver/image/%2F1c33564b-31db-4218-a50d-0b9b86bf849c.jpg
2025-10-30 14:52:36,321 - INFO - downloading file at https://www.thetimes.com/imageserver/image/%2F888d73de-231d-47ea-80b4-3f19bc7f90de.jpg
2025-10-30 14:52:38,334 - INFO - downloading file at https://www.thetimes.com/imageserver/image/%2F2fea9a97-2f7b-4dae-b3fc-4a6274c28fbc.jpg
2025-10-30 14:52:40,044 - INFO - downloading file at https://www.thetimes.com/imageserver/image/%2F1c33564b-31db-4218-a50d-0b9b86bf849c.jpg
2025-10-30 14:52:41,508 - INFO - downloading file at https://www.thetimes.com/imageserver/image/%2F1c7a1a78-30ee-4230-a9c3-066fc3135b15.jpg
2025-10-30 14:52:43,236 - INFO - downloading file at https://www.thetimes.com/imageserver/image/%2F1563fdd1-339d-4704-97dc-d5e981581efb.jpg
2025-10-30 14:52:46,999 - INFO - downloading file at https://www.thetimes.com/imageserver/image/%2F28d511bb-0f0d-4401-a9ce-4fbc56dc4256.jpg
2025-10-30 14:52:48,769 - INFO - downloading file at https://www.thetimes.com/imageserver/image/%2Fb5216293-a6aa-404f-b9ed-ef1aa444b098.jpg
2025-10-30 14:52:50,319 - INFO - downloading file at https://www.thetimes.com/imageserver/image/%2F8b26f9dc-27dd-47c4-89f6-b19bfe4fc28f.jpg
2025-10-30 14:52:56,650 - INFO - downloading file at https://www.thetimes.com/imageserver/image/%2F9b7fc3c6-b4f0-48b4-abbf-5da33e512898.jpg
2025-10-30 14:52:58,869 - INFO - downloading file at https://www.thetimes.com/imageserver/image/%2F2520aa61-4d04-4f5f-968e-cb7a30acf49b.jpg
2025-10-30 14:53:01,104 - INFO - downloading file at https://www.thetimes.com/imageserver/image/%2F983c658a-32a8-4949-b22c-b334ca54a7fa.jpg
2025-10-30 14:53:03,859 - INFO - downloading file at https://www.thetimes.com/imageserver/image/%2Fff72a18d-3d70-4745-86b5-18d1750cdb1e.jpg
2025-10-30 14:53:05,330 - INFO - downloading file at https://www.thetimes.com/imageserver/image/%2F92690fad-1087-4246-913b-1ab887a957f2.jpg
2025-10-30 14:53:06,813 - INFO - downloading file at https://www.thetimes.com/imageserver/image/%2F1688119c-a7a4-4b9c-8c6a-43b22544310a.png
2025-10-30 14:53:09,670 - INFO - downloading file at https://www.thetimes.com/imageserver/image/%2F8e3a4f93-33f8-4253-a488-167962ccd8db.jpg
2025-10-30 14:53:10,859 - INFO - downloading file at https://www.thetimes.com/imageserver/image/%2Fda682de6-c4be-489f-ace2-8727b75068ff.jpg
2025-10-30 14:53:12,491 - INFO - downloading file at https://www.thetimes.com/imageserver/image/%2F7c397fa4-d509-4909-949a-f68af1b6ee8c.jpg
2025-10-30 14:53:14,057 - INFO - downloading file at https://www.thetimes.com/imageserver/image/%2F3b560f02-712e-4545-a781-0901af2f1c61.jpg
2025-10-30 14:53:15,651 - INFO - downloading file at https://www.thetimes.com/imageserver/image/%2Fdd361706-4ec1-4dfa-a621-f190eb1a6b1a.jpg
2025-10-30 14:53:17,213 - INFO - downloading file at https://www.thetimes.com/imageserver/image/%2Fa2ef14b4-50c0-4020-af45-5420e1294711.jpg
2025-10-30 14:53:32,341 - INFO - downloading file at https://www.thetimes.com/imageserver/image/%2F588c961e-88db-4a2a-a1c2-5361c7c67923.jpg
2025-10-30 14:53:33,584 - INFO - downloading file at https://www.thetimes.com/imageserver/image/%2Fa0e7e4a0-0990-41ac-96de-9e8e6d6eb5b3.jpg
2025-10-30 14:53:36,409 - INFO - downloading file at https://www.thetimes.com/imageserver/image/%2F10cbceb2-8e30-45c4-af05-1fece7979fcd.jpg
2025-10-30 14:53:37,906 - INFO - downloading file at https://www.thetimes.com/imageserver/image/%2Fae3e9695-29f7-447c-93c2-3f3017dc61aa.jpg
2025-10-30 14:53:40,279 - INFO - downloading file at https://www.thetimes.com/imageserver/image/%2Feea3a050-7e4a-4998-a1b4-7641bcfeedb2.jpg
2025-10-30 14:53:43,003 - INFO - downloading file at https://www.thetimes.com/imageserver/image/%2Fa2b12ab2-0f08-4bf8-92d6-2b8f16cba4c2.jpg
2025-10-30 14:53:44,598 - INFO - downloading file at https://www.thetimes.com/imageserver/image/%2Fc0dc898b-1ba2-403b-974c-968cb2072099.jpg
2025-10-30 14:53:48,333 - INFO - downloading file at https://www.thetimes.com/imageserver/image/%2F0b97cefe-18f0-4d64-ae85-60b2531cda1d.jpg
2025-10-30 14:53:51,308 - INFO - downloading file at https://www.thetimes.com/imageserver/image/%2F0cf08e1e-dd36-4a3c-bfe0-71c6dfe2452d.jpg
2025-10-30 14:53:53,396 - INFO - downloading file at https://www.thetimes.com/imageserver/image/%2F2ab49451-2408-4d4f-a26f-ff86c60c75c5.jpg
2025-10-30 14:53:55,083 - INFO - downloading file at https://www.thetimes.com/imageserver/image/%2F7aeae80c-85df-4f6d-b93e-8164e476db3b.jpg
2025-10-30 14:53:56,592 - INFO - downloading file at https://www.thetimes.com/imageserver/image/%2F6b92959f-eb5a-4d15-862e-4b4d8d45c12d.png
2025-10-30 14:53:59,267 - INFO - downloading file at https://www.thetimes.com/imageserver/image/%2Fe1d24a6f-a85b-45fb-9523-7338f73d8adc.jpg
2025-10-30 14:54:01,039 - INFO - downloading file at https://www.thetimes.com/imageserver/image/%2F47a16bf7-cfec-4d51-81a4-650d93f6e6e9.jpg
2025-10-30 14:54:03,658 - INFO - downloading file at https://www.thetimes.com/imageserver/image/%2F9ed58e1e-c7cd-4563-b44b-0bbe72e0e1ef.jpg
2025-10-30 14:54:04,977 - INFO - downloading file at https://www.thetimes.com/imageserver/image/%2F702748fc-b880-42d8-a827-1694f71202a3.jpg
2025-10-30 14:54:06,240 - INFO - downloading file at https://www.thetimes.com/imageserver/image/%2F90c3dd0c-8fa5-404b-85ab-9ee8d238c6f4.jpg
2025-10-30 14:54:07,387 - INFO - downloading file at https://www.thetimes.com/imageserver/image/%2F16ff6497-412e-487e-a08a-c9d5584f9664.jpg
2025-10-30 14:54:08,805 - INFO - downloading file at https://www.thetimes.com/imageserver/image/%2Fbd2f2ea3-ab19-4961-bd73-c48748371568.jpg
2025-10-30 14:54:10,238 - INFO - downloading file at https://www.thetimes.com/imageserver/image/%2Fe24b1ccc-8d92-49e4-b0cd-d2d215b9a31f.jpg
2025-10-30 14:54:12,116 - INFO - downloading file at https://www.thetimes.com/imageserver/image/%2F993c0abe-3bf6-4091-92b6-18e32d82ce50.jpg
2025-10-30 14:54:14,944 - INFO - downloading file at https://www.thetimes.com/imageserver/image/%2F2a8d9dbf-36b8-47eb-bef0-c31b6175967e.jpg
2025-10-30 14:54:17,401 - INFO - downloading file at https://www.thetimes.com/imageserver/image/%2Fa3e30081-1b36-4592-ae33-5136846ef15c.jpg
2025-10-30 14:54:18,774 - INFO - downloading file at https://www.thetimes.com/imageserver/image/%2Fd80d0dda-1671-4af0-a73a-8516d72148be.jpg
2025-10-30 14:54:20,509 - INFO - downloading file at https://www.thetimes.com/imageserver/image/%2Ff4145239-9498-4cb4-8775-58cbbf6e7e45.jpg
2025-10-30 14:54:22,163 - INFO - downloading file at https://www.thetimes.com/imageserver/image/%2Fa75854ca-22f9-41df-8964-6b81cf29c745.jpg
2025-10-30 14:54:23,598 - INFO - downloading file at https://www.thetimes.com/imageserver/image/%2F8d24358d-d720-43bf-9f98-bfb25f6937e6.jpg
2025-10-30 14:54:25,039 - INFO - downloading file at https://www.thetimes.com/imageserver/image/%2F998d1fc9-ee29-42a8-a8cf-f06481d14324.jpg
2025-10-30 14:54:28,893 - INFO - downloading file at https://www.thetimes.com/imageserver/image/%2Fb350d1c2-7482-4e23-8dc4-be3c75aed0ac.jpg
2025-10-30 14:54:31,182 - INFO - downloading file at https://www.thetimes.com/imageserver/image/%2F39871f9a-7ed3-4330-8e39-046529160940.jpg
2025-10-30 14:54:32,697 - INFO - downloading file at https://www.thetimes.com/imageserver/image/%2Fdb22e772-7c9e-4898-89bb-f4bc0fa274a8.jpg
2025-10-30 14:54:36,529 - INFO - downloading file at https://www.thetimes.com/imageserver/image/%2F3011d969-7a65-4bfd-be59-ceb8f7024329.jpg
2025-10-30 14:54:38,259 - INFO - downloading file at https://www.thetimes.com/imageserver/image/%2Fe93e039a-98d1-4a05-9ae0-5cbdf0a8fc3a.jpg
2025-10-30 14:54:40,256 - INFO - downloading file at https://www.thetimes.com/imageserver/image/%2F55576b25-dd17-439f-87f3-f9f6b2dd440a.jpg
2025-10-30 14:54:42,210 - INFO - downloading file at https://www.thetimes.com/imageserver/image/%2F04c941dc-422a-43ff-b33a-bffba3f0cc49.jpg
2025-10-30 14:54:44,019 - INFO - downloading file at https://www.thetimes.com/imageserver/image/%2F174339f0-1cbb-466d-b44a-21e25e17ecda.jpg
2025-10-30 14:54:46,115 - INFO - downloading file at https://www.thetimes.com/imageserver/image/%2Fcac134e2-6373-49c5-ba7e-b7a2b75f9114.jpg
2025-10-30 14:54:48,502 - INFO - downloading file at https://www.thetimes.com/imageserver/image/%2F5276c68f-36ce-45cc-9363-b64d69ad3b2f.jpg
2025-10-30 14:54:51,930 - INFO - downloading file at https://www.thetimes.com/imageserver/image/%2F07578c4c-d5ce-46f4-9ba4-8a7d186df738.jpg
2025-10-30 14:54:55,645 - INFO - downloading file at https://www.thetimes.com/imageserver/image/%2F3e5659d3-b14f-408b-8ecf-2e99d2d082c4.jpg
2025-10-30 14:54:58,180 - INFO - downloading file at https://www.thetimes.com/imageserver/image/%2F4c3f5734-232d-49d9-8e19-4d38d20c3006.jpg
2025-10-30 14:55:00,733 - INFO - downloading file at https://www.thetimes.com/imageserver/image/%2Fb65fe260-32db-45dd-954a-b974883e693b.jpg
2025-10-30 14:55:02,795 - INFO - downloading file at https://www.thetimes.com/imageserver/image/%2Fc724e0bd-3211-4dbd-b8cb-19ed35159ccd.jpg
2025-10-30 14:55:04,879 - INFO - downloading file at https://www.thetimes.com/imageserver/image/%2Fbc1f8a89-406c-43bb-8039-cb75a5910b3c.jpg
2025-10-30 14:55:06,135 - INFO - downloading file at https://www.thetimes.com/imageserver/image/%2F9bd287ff-c0d8-423f-b038-228a38c18698.jpg
2025-10-30 14:55:08,817 - INFO - downloading file at https://www.thetimes.com/imageserver/image/%2F0d7f4454-30ab-4506-b50e-5f6e5275dce8.jpg
2025-10-30 14:55:10,533 - INFO - downloading file at https://www.thetimes.com/imageserver/image/%2Fmethode%2Ftimes%2Fprod%2Fweb%2Fbin%2F03b142b4-3e5c-4cde-b200-acb25acfea30.jpg
2025-10-30 14:55:11,601 - INFO - downloading file at https://www.thetimes.com/imageserver/image/%2F54386a1a-2adb-419b-bc51-0ebedbe3c2da.jpg
2025-10-30 14:55:13,449 - INFO - downloading file at https://www.thetimes.com/imageserver/image/%2F0bfdc30c-613a-4d27-9a5b-fbf699ea2796.jpg
2025-10-30 14:55:15,137 - INFO - downloading file at https://www.thetimes.com/imageserver/image/%2F904c666c-3bd5-410f-82e0-b044b645b3b3.jpg
2025-10-30 14:55:17,169 - INFO - downloading file at https://www.thetimes.com/imageserver/image/%2F17f88f13-b09c-42ef-a711-b0667a37bf59.jpg
2025-10-30 14:55:18,856 - INFO - downloading file at https://www.thetimes.com/imageserver/image/%2F608eda0e-24b4-4b24-b9af-e87f1332913e.jpg
2025-10-30 14:55:20,913 - INFO - downloading file at https://www.thetimes.com/imageserver/image/%2F603239a2-29cd-4ab7-851d-00ebc8e0e5ac.jpg
2025-10-30 14:55:22,809 - INFO - downloading file at https://www.thetimes.com/imageserver/image/%2Fc22864c4-5ce0-496a-8762-47184c8106a5.jpg
2025-10-30 14:55:25,053 - INFO - downloading file at https://www.thetimes.com/imageserver/image/%2F725f67b4-796d-46db-ad8b-441369a8db54.jpg
2025-10-30 14:55:26,656 - INFO - downloading file at https://www.thetimes.com/imageserver/image/%2F8e3a4f93-33f8-4253-a488-167962ccd8db.jpg
2025-10-30 14:55:27,775 - INFO - downloading file at https://www.thetimes.com/imageserver/image/%2Fc069ac5f-cb7a-401d-b34b-0f6b1f1031e9.jpg
2025-10-30 14:55:29,293 - INFO - downloading file at https://www.thetimes.com/imageserver/image/%2F3c4beadf-04bf-43f2-938b-58558ac4922e.jpg
2025-10-30 14:55:30,726 - INFO - downloading file at https://www.thetimes.com/imageserver/image/%2Fd40ca31b-1cf6-4fbc-a07e-c43193b61f02.jpg
2025-10-30 14:55:32,415 - INFO - downloading file at https://www.thetimes.com/imageserver/image/%2F2dc65a1c-b1e6-419a-a94d-76d520a9668e.jpg
2025-10-30 14:55:33,805 - INFO - downloading file at https://www.thetimes.com/imageserver/image/%2F23fd55eb-3292-49f7-850e-4fcac2edd668.jpg
2025-10-30 14:55:36,611 - INFO - downloading images for article https://www.thetimes.com/uk/politics/article/zack-polanski-interview-green-party-leader-c655rhqbx
2025-10-30 14:55:36,613 - INFO - Successfully retrieved session from session_The-Times.pickle
2025-10-30 14:55:36,620 - INFO - downloading file at https://www.thetimes.com/imageserver/image/%2F3fc2838d-634e-4cc1-ae2e-58bbc41ddb71.jpg
2025-10-30 14:55:38,283 - INFO - downloading file at https://www.thetimes.com/imageserver/image/%2F29237801-30d8-413d-a447-f216f0b9a476.jpg
2025-10-30 14:55:39,909 - INFO - downloading file at https://www.thetimes.com/imageserver/image/%2F31ce13f1-0c4a-4c55-9f7a-950a390b9e7d.jpg
2025-10-30 14:55:41,615 - INFO - downloading file at https://www.thetimes.com/imageserver/image/%2Ffc40b916-0a5f-416a-a37c-f266a6ed37b1.jpg
2025-10-30 14:55:43,390 - INFO - downloading file at https://www.thetimes.com/imageserver/image/%2F9bbb5297-7178-474b-9be5-4656053702d0.jpg
2025-10-30 14:55:45,024 - INFO - downloading file at https://www.thetimes.com/imageserver/image/%2F40a66f75-e6a3-418f-829a-5da041d10315.png
2025-10-30 14:55:46,531 - INFO - downloading file at https://www.thetimes.com/imageserver/image/%2Fe57aa715-baa8-4938-b60e-944877c473c9.jpg
2025-10-30 14:55:48,553 - INFO - downloading images for article https://www.thetimes.com/comment/register/article/corrections-and-clarifications-the-times-x9nbft5tq
2025-10-30 14:55:48,553 - INFO - Successfully retrieved session from session_The-Times.pickle
2025-10-30 14:55:48,555 - INFO - downloading file at https://www.thetimes.com/imageserver/image/%2Fmethode%2Ftimes%2Fprod%2Fweb%2Fbin%2F6c2aac4b-45fc-43a1-b82d-3d3a84d1dfab.jpg
