2024-10-29 14:14:18,634 - INFO - scraping urls from file: ../google_scraping/article_urls/ITV/itv.com-news_2020-09-01_2020-09-30_urls.csv
2024-10-29 14:14:18,883 - INFO - Scraping url: https://www.itv.com/news/westcountry/2020-09-03/extinction-rebellion-protest-outside-met-office-building-in-exeter
2024-10-29 14:14:18,883 - INFO - Fetching URL: https://www.itv.com/news/westcountry/2020-09-03/extinction-rebellion-protest-outside-met-office-building-in-exeter
2024-10-29 14:14:31,648 - INFO - Scraping url: https://www.itv.com/news/westcountry/2020-09-27/slow-worms-killed-on-bath-development-site
2024-10-29 14:14:31,648 - INFO - Fetching URL: https://www.itv.com/news/westcountry/2020-09-27/slow-worms-killed-on-bath-development-site
2024-10-29 14:14:38,465 - WARNING - Attempt 1 failed for https://www.itv.com/news/westcountry/2020-09-27/slow-worms-killed-on-bath-development-site: Message: element not interactable
  (Session info: chrome=130.0.6723.69)
Stacktrace:
#0 0x5dd6f28ab10a <unknown>
#1 0x5dd6f23c62bd <unknown>
#2 0x5dd6f241410b <unknown>
#3 0x5dd6f2407f78 <unknown>
#4 0x5dd6f2437012 <unknown>
#5 0x5dd6f2407958 <unknown>
#6 0x5dd6f24371de <unknown>
#7 0x5dd6f2455af6 <unknown>
#8 0x5dd6f2436db3 <unknown>
#9 0x5dd6f2405c10 <unknown>
#10 0x5dd6f2406bee <unknown>
#11 0x5dd6f287739b <unknown>
#12 0x5dd6f287b338 <unknown>
#13 0x5dd6f2864ebc <unknown>
#14 0x5dd6f287beb7 <unknown>
#15 0x5dd6f284a10f <unknown>
#16 0x5dd6f2899828 <unknown>
#17 0x5dd6f28999f0 <unknown>
#18 0x5dd6f28a9f86 <unknown>
#19 0x731fdd094ac3 <unknown>

2024-10-29 14:14:43,466 - INFO - Fetching URL: https://www.itv.com/news/westcountry/2020-09-27/slow-worms-killed-on-bath-development-site
2024-10-29 14:14:50,505 - WARNING - Attempt 2 failed for https://www.itv.com/news/westcountry/2020-09-27/slow-worms-killed-on-bath-development-site: Message: element not interactable
  (Session info: chrome=130.0.6723.69)
Stacktrace:
#0 0x5dd6f28ab10a <unknown>
#1 0x5dd6f23c62bd <unknown>
#2 0x5dd6f241410b <unknown>
#3 0x5dd6f2407f78 <unknown>
#4 0x5dd6f2437012 <unknown>
#5 0x5dd6f2407958 <unknown>
#6 0x5dd6f24371de <unknown>
#7 0x5dd6f2455af6 <unknown>
#8 0x5dd6f2436db3 <unknown>
#9 0x5dd6f2405c10 <unknown>
#10 0x5dd6f2406bee <unknown>
#11 0x5dd6f287739b <unknown>
#12 0x5dd6f287b338 <unknown>
#13 0x5dd6f2864ebc <unknown>
#14 0x5dd6f287beb7 <unknown>
#15 0x5dd6f284a10f <unknown>
#16 0x5dd6f2899828 <unknown>
#17 0x5dd6f28999f0 <unknown>
#18 0x5dd6f28a9f86 <unknown>
#19 0x731fdd094ac3 <unknown>

2024-10-29 14:14:55,505 - INFO - Fetching URL: https://www.itv.com/news/westcountry/2020-09-27/slow-worms-killed-on-bath-development-site
2024-10-29 14:15:02,394 - WARNING - Attempt 3 failed for https://www.itv.com/news/westcountry/2020-09-27/slow-worms-killed-on-bath-development-site: Message: element not interactable
  (Session info: chrome=130.0.6723.69)
Stacktrace:
#0 0x5dd6f28ab10a <unknown>
#1 0x5dd6f23c62bd <unknown>
#2 0x5dd6f241410b <unknown>
#3 0x5dd6f2407f78 <unknown>
#4 0x5dd6f2437012 <unknown>
#5 0x5dd6f2407958 <unknown>
#6 0x5dd6f24371de <unknown>
#7 0x5dd6f2455af6 <unknown>
#8 0x5dd6f2436db3 <unknown>
#9 0x5dd6f2405c10 <unknown>
#10 0x5dd6f2406bee <unknown>
#11 0x5dd6f287739b <unknown>
#12 0x5dd6f287b338 <unknown>
#13 0x5dd6f2864ebc <unknown>
#14 0x5dd6f287beb7 <unknown>
#15 0x5dd6f284a10f <unknown>
#16 0x5dd6f2899828 <unknown>
#17 0x5dd6f28999f0 <unknown>
#18 0x5dd6f28a9f86 <unknown>
#19 0x731fdd094ac3 <unknown>

2024-10-29 14:15:07,395 - ERROR - Failed to fetch URL https://www.itv.com/news/westcountry/2020-09-27/slow-worms-killed-on-bath-development-site after 3 retries
2024-10-29 14:15:07,395 - INFO - Scraping url: https://www.itv.com/news/wales/2020-09-03/extinction-rebellion-protesters-attempt-to-storm-bbc-new-cardiff-building
2024-10-29 14:15:07,396 - INFO - Fetching URL: https://www.itv.com/news/wales/2020-09-03/extinction-rebellion-protesters-attempt-to-storm-bbc-new-cardiff-building
2024-10-29 14:15:14,337 - WARNING - Attempt 1 failed for https://www.itv.com/news/wales/2020-09-03/extinction-rebellion-protesters-attempt-to-storm-bbc-new-cardiff-building: Message: element not interactable
  (Session info: chrome=130.0.6723.69)
Stacktrace:
#0 0x5dd6f28ab10a <unknown>
#1 0x5dd6f23c62bd <unknown>
#2 0x5dd6f241410b <unknown>
#3 0x5dd6f2407f78 <unknown>
#4 0x5dd6f2437012 <unknown>
#5 0x5dd6f2407958 <unknown>
#6 0x5dd6f24371de <unknown>
#7 0x5dd6f2455af6 <unknown>
#8 0x5dd6f2436db3 <unknown>
#9 0x5dd6f2405c10 <unknown>
#10 0x5dd6f2406bee <unknown>
#11 0x5dd6f287739b <unknown>
#12 0x5dd6f287b338 <unknown>
#13 0x5dd6f2864ebc <unknown>
#14 0x5dd6f287beb7 <unknown>
#15 0x5dd6f284a10f <unknown>
#16 0x5dd6f2899828 <unknown>
#17 0x5dd6f28999f0 <unknown>
#18 0x5dd6f28a9f86 <unknown>
#19 0x731fdd094ac3 <unknown>

2024-10-29 14:15:19,337 - INFO - Fetching URL: https://www.itv.com/news/wales/2020-09-03/extinction-rebellion-protesters-attempt-to-storm-bbc-new-cardiff-building
2024-10-29 14:15:26,693 - WARNING - Attempt 2 failed for https://www.itv.com/news/wales/2020-09-03/extinction-rebellion-protesters-attempt-to-storm-bbc-new-cardiff-building: Message: element not interactable
  (Session info: chrome=130.0.6723.69)
Stacktrace:
#0 0x5dd6f28ab10a <unknown>
#1 0x5dd6f23c62bd <unknown>
#2 0x5dd6f241410b <unknown>
#3 0x5dd6f2407f78 <unknown>
#4 0x5dd6f2437012 <unknown>
#5 0x5dd6f2407958 <unknown>
#6 0x5dd6f24371de <unknown>
#7 0x5dd6f2455af6 <unknown>
#8 0x5dd6f2436db3 <unknown>
#9 0x5dd6f2405c10 <unknown>
#10 0x5dd6f2406bee <unknown>
#11 0x5dd6f287739b <unknown>
#12 0x5dd6f287b338 <unknown>
#13 0x5dd6f2864ebc <unknown>
#14 0x5dd6f287beb7 <unknown>
#15 0x5dd6f284a10f <unknown>
#16 0x5dd6f2899828 <unknown>
#17 0x5dd6f28999f0 <unknown>
#18 0x5dd6f28a9f86 <unknown>
#19 0x731fdd094ac3 <unknown>

2024-10-29 14:15:31,694 - INFO - Fetching URL: https://www.itv.com/news/wales/2020-09-03/extinction-rebellion-protesters-attempt-to-storm-bbc-new-cardiff-building
2024-10-29 14:15:39,381 - WARNING - Attempt 3 failed for https://www.itv.com/news/wales/2020-09-03/extinction-rebellion-protesters-attempt-to-storm-bbc-new-cardiff-building: Message: element not interactable
  (Session info: chrome=130.0.6723.69)
Stacktrace:
#0 0x5dd6f28ab10a <unknown>
#1 0x5dd6f23c62bd <unknown>
#2 0x5dd6f241410b <unknown>
#3 0x5dd6f2407f78 <unknown>
#4 0x5dd6f2437012 <unknown>
#5 0x5dd6f2407958 <unknown>
#6 0x5dd6f24371de <unknown>
#7 0x5dd6f2455af6 <unknown>
#8 0x5dd6f2436db3 <unknown>
#9 0x5dd6f2405c10 <unknown>
#10 0x5dd6f2406bee <unknown>
#11 0x5dd6f287739b <unknown>
#12 0x5dd6f287b338 <unknown>
#13 0x5dd6f2864ebc <unknown>
#14 0x5dd6f287beb7 <unknown>
#15 0x5dd6f284a10f <unknown>
#16 0x5dd6f2899828 <unknown>
#17 0x5dd6f28999f0 <unknown>
#18 0x5dd6f28a9f86 <unknown>
#19 0x731fdd094ac3 <unknown>

2024-10-29 14:15:44,383 - ERROR - Failed to fetch URL https://www.itv.com/news/wales/2020-09-03/extinction-rebellion-protesters-attempt-to-storm-bbc-new-cardiff-building after 3 retries
2024-10-29 14:15:44,383 - INFO - Scraping url: https://www.itv.com/news/2020-09-11/teenager-charged-after-winston-churchill-statue-daubed-with-is-a-racist-graffiti
2024-10-29 14:15:44,384 - INFO - Fetching URL: https://www.itv.com/news/2020-09-11/teenager-charged-after-winston-churchill-statue-daubed-with-is-a-racist-graffiti
2024-10-29 14:15:52,652 - WARNING - Attempt 1 failed for https://www.itv.com/news/2020-09-11/teenager-charged-after-winston-churchill-statue-daubed-with-is-a-racist-graffiti: Message: element not interactable
  (Session info: chrome=130.0.6723.69)
Stacktrace:
#0 0x5dd6f28ab10a <unknown>
#1 0x5dd6f23c62bd <unknown>
#2 0x5dd6f241410b <unknown>
#3 0x5dd6f2407f78 <unknown>
#4 0x5dd6f2437012 <unknown>
#5 0x5dd6f2407958 <unknown>
#6 0x5dd6f24371de <unknown>
#7 0x5dd6f2455af6 <unknown>
#8 0x5dd6f2436db3 <unknown>
#9 0x5dd6f2405c10 <unknown>
#10 0x5dd6f2406bee <unknown>
#11 0x5dd6f287739b <unknown>
#12 0x5dd6f287b338 <unknown>
#13 0x5dd6f2864ebc <unknown>
#14 0x5dd6f287beb7 <unknown>
#15 0x5dd6f284a10f <unknown>
#16 0x5dd6f2899828 <unknown>
#17 0x5dd6f28999f0 <unknown>
#18 0x5dd6f28a9f86 <unknown>
#19 0x731fdd094ac3 <unknown>

2024-10-29 14:15:57,653 - INFO - Fetching URL: https://www.itv.com/news/2020-09-11/teenager-charged-after-winston-churchill-statue-daubed-with-is-a-racist-graffiti
2024-10-29 14:16:04,779 - WARNING - Attempt 2 failed for https://www.itv.com/news/2020-09-11/teenager-charged-after-winston-churchill-statue-daubed-with-is-a-racist-graffiti: Message: element not interactable
  (Session info: chrome=130.0.6723.69)
Stacktrace:
#0 0x5dd6f28ab10a <unknown>
#1 0x5dd6f23c62bd <unknown>
#2 0x5dd6f241410b <unknown>
#3 0x5dd6f2407f78 <unknown>
#4 0x5dd6f2437012 <unknown>
#5 0x5dd6f2407958 <unknown>
#6 0x5dd6f24371de <unknown>
#7 0x5dd6f2455af6 <unknown>
#8 0x5dd6f2436db3 <unknown>
#9 0x5dd6f2405c10 <unknown>
#10 0x5dd6f2406bee <unknown>
#11 0x5dd6f287739b <unknown>
#12 0x5dd6f287b338 <unknown>
#13 0x5dd6f2864ebc <unknown>
#14 0x5dd6f287beb7 <unknown>
#15 0x5dd6f284a10f <unknown>
#16 0x5dd6f2899828 <unknown>
#17 0x5dd6f28999f0 <unknown>
#18 0x5dd6f28a9f86 <unknown>
#19 0x731fdd094ac3 <unknown>

2024-10-29 14:16:09,781 - INFO - Fetching URL: https://www.itv.com/news/2020-09-11/teenager-charged-after-winston-churchill-statue-daubed-with-is-a-racist-graffiti
2024-10-29 14:16:17,345 - WARNING - Attempt 3 failed for https://www.itv.com/news/2020-09-11/teenager-charged-after-winston-churchill-statue-daubed-with-is-a-racist-graffiti: Message: element not interactable
  (Session info: chrome=130.0.6723.69)
Stacktrace:
#0 0x5dd6f28ab10a <unknown>
#1 0x5dd6f23c62bd <unknown>
#2 0x5dd6f241410b <unknown>
#3 0x5dd6f2407f78 <unknown>
#4 0x5dd6f2437012 <unknown>
#5 0x5dd6f2407958 <unknown>
#6 0x5dd6f24371de <unknown>
#7 0x5dd6f2455af6 <unknown>
#8 0x5dd6f2436db3 <unknown>
#9 0x5dd6f2405c10 <unknown>
#10 0x5dd6f2406bee <unknown>
#11 0x5dd6f287739b <unknown>
#12 0x5dd6f287b338 <unknown>
#13 0x5dd6f2864ebc <unknown>
#14 0x5dd6f287beb7 <unknown>
#15 0x5dd6f284a10f <unknown>
#16 0x5dd6f2899828 <unknown>
#17 0x5dd6f28999f0 <unknown>
#18 0x5dd6f28a9f86 <unknown>
#19 0x731fdd094ac3 <unknown>

2024-10-29 14:16:22,346 - ERROR - Failed to fetch URL https://www.itv.com/news/2020-09-11/teenager-charged-after-winston-churchill-statue-daubed-with-is-a-racist-graffiti after 3 retries
2024-10-29 14:16:22,346 - INFO - Scraping url: https://www.itv.com/news/tyne-tees/2020-09-16/nexus-unveils-new-design-for-362m-fleet-of-tyne-and-wear-metro-trains
2024-10-29 14:16:22,346 - INFO - Fetching URL: https://www.itv.com/news/tyne-tees/2020-09-16/nexus-unveils-new-design-for-362m-fleet-of-tyne-and-wear-metro-trains
2024-10-29 14:16:30,252 - WARNING - Attempt 1 failed for https://www.itv.com/news/tyne-tees/2020-09-16/nexus-unveils-new-design-for-362m-fleet-of-tyne-and-wear-metro-trains: Message: element not interactable
  (Session info: chrome=130.0.6723.69)
Stacktrace:
#0 0x5dd6f28ab10a <unknown>
#1 0x5dd6f23c62bd <unknown>
#2 0x5dd6f241410b <unknown>
#3 0x5dd6f2407f78 <unknown>
#4 0x5dd6f2437012 <unknown>
#5 0x5dd6f2407958 <unknown>
#6 0x5dd6f24371de <unknown>
#7 0x5dd6f2455af6 <unknown>
#8 0x5dd6f2436db3 <unknown>
#9 0x5dd6f2405c10 <unknown>
#10 0x5dd6f2406bee <unknown>
#11 0x5dd6f287739b <unknown>
#12 0x5dd6f287b338 <unknown>
#13 0x5dd6f2864ebc <unknown>
#14 0x5dd6f287beb7 <unknown>
#15 0x5dd6f284a10f <unknown>
#16 0x5dd6f2899828 <unknown>
#17 0x5dd6f28999f0 <unknown>
#18 0x5dd6f28a9f86 <unknown>
#19 0x731fdd094ac3 <unknown>

2024-10-29 14:16:35,253 - INFO - Fetching URL: https://www.itv.com/news/tyne-tees/2020-09-16/nexus-unveils-new-design-for-362m-fleet-of-tyne-and-wear-metro-trains
2024-10-29 14:16:42,374 - WARNING - Attempt 2 failed for https://www.itv.com/news/tyne-tees/2020-09-16/nexus-unveils-new-design-for-362m-fleet-of-tyne-and-wear-metro-trains: Message: element not interactable
  (Session info: chrome=130.0.6723.69)
Stacktrace:
#0 0x5dd6f28ab10a <unknown>
#1 0x5dd6f23c62bd <unknown>
#2 0x5dd6f241410b <unknown>
#3 0x5dd6f2407f78 <unknown>
#4 0x5dd6f2437012 <unknown>
#5 0x5dd6f2407958 <unknown>
#6 0x5dd6f24371de <unknown>
#7 0x5dd6f2455af6 <unknown>
#8 0x5dd6f2436db3 <unknown>
#9 0x5dd6f2405c10 <unknown>
#10 0x5dd6f2406bee <unknown>
#11 0x5dd6f287739b <unknown>
#12 0x5dd6f287b338 <unknown>
#13 0x5dd6f2864ebc <unknown>
#14 0x5dd6f287beb7 <unknown>
#15 0x5dd6f284a10f <unknown>
#16 0x5dd6f2899828 <unknown>
#17 0x5dd6f28999f0 <unknown>
#18 0x5dd6f28a9f86 <unknown>
#19 0x731fdd094ac3 <unknown>

2024-10-29 14:16:47,374 - INFO - Fetching URL: https://www.itv.com/news/tyne-tees/2020-09-16/nexus-unveils-new-design-for-362m-fleet-of-tyne-and-wear-metro-trains
2024-10-29 14:16:54,672 - WARNING - Attempt 3 failed for https://www.itv.com/news/tyne-tees/2020-09-16/nexus-unveils-new-design-for-362m-fleet-of-tyne-and-wear-metro-trains: Message: element not interactable
  (Session info: chrome=130.0.6723.69)
Stacktrace:
#0 0x5dd6f28ab10a <unknown>
#1 0x5dd6f23c62bd <unknown>
#2 0x5dd6f241410b <unknown>
#3 0x5dd6f2407f78 <unknown>
#4 0x5dd6f2437012 <unknown>
#5 0x5dd6f2407958 <unknown>
#6 0x5dd6f24371de <unknown>
#7 0x5dd6f2455af6 <unknown>
#8 0x5dd6f2436db3 <unknown>
#9 0x5dd6f2405c10 <unknown>
#10 0x5dd6f2406bee <unknown>
#11 0x5dd6f287739b <unknown>
#12 0x5dd6f287b338 <unknown>
#13 0x5dd6f2864ebc <unknown>
#14 0x5dd6f287beb7 <unknown>
#15 0x5dd6f284a10f <unknown>
#16 0x5dd6f2899828 <unknown>
#17 0x5dd6f28999f0 <unknown>
#18 0x5dd6f28a9f86 <unknown>
#19 0x731fdd094ac3 <unknown>

2024-10-29 14:16:59,673 - ERROR - Failed to fetch URL https://www.itv.com/news/tyne-tees/2020-09-16/nexus-unveils-new-design-for-362m-fleet-of-tyne-and-wear-metro-trains after 3 retries
2024-10-29 14:16:59,936 - INFO - Parsing url: https://www.itv.com/news/westcountry/2020-09-03/extinction-rebellion-protest-outside-met-office-building-in-exeter
2024-10-29 14:16:59,969 - INFO - Parsing url: https://www.itv.com/news/westcountry/2020-09-27/slow-worms-killed-on-bath-development-site
2024-10-29 14:16:59,969 - INFO - entire page parsing unsuccessful due to object of type 'NoneType' has no len()
2024-10-29 14:16:59,969 - INFO - date to string conversion for json unsuccessful due to 'NoneType' object has no attribute 'strftime'
2024-10-29 14:16:59,969 - INFO - could not format info from https://www.itv.com/news/westcountry/2020-09-27/slow-worms-killed-on-bath-development-site due to 'NoneType' object has no attribute 'strip'; kept unformatted
2024-10-29 14:16:59,969 - INFO - article dropped, no body text found: https://www.itv.com/news/westcountry/2020-09-27/slow-worms-killed-on-bath-development-site
2024-10-29 14:16:59,969 - INFO - Parsing url: https://www.itv.com/news/wales/2020-09-03/extinction-rebellion-protesters-attempt-to-storm-bbc-new-cardiff-building
2024-10-29 14:16:59,969 - INFO - entire page parsing unsuccessful due to object of type 'NoneType' has no len()
2024-10-29 14:16:59,969 - INFO - date to string conversion for json unsuccessful due to 'NoneType' object has no attribute 'strftime'
2024-10-29 14:16:59,969 - INFO - could not format info from https://www.itv.com/news/wales/2020-09-03/extinction-rebellion-protesters-attempt-to-storm-bbc-new-cardiff-building due to 'NoneType' object has no attribute 'strip'; kept unformatted
2024-10-29 14:16:59,969 - INFO - article dropped, no body text found: https://www.itv.com/news/wales/2020-09-03/extinction-rebellion-protesters-attempt-to-storm-bbc-new-cardiff-building
2024-10-29 14:16:59,969 - INFO - Parsing url: https://www.itv.com/news/2020-09-11/teenager-charged-after-winston-churchill-statue-daubed-with-is-a-racist-graffiti
2024-10-29 14:16:59,969 - INFO - entire page parsing unsuccessful due to object of type 'NoneType' has no len()
2024-10-29 14:16:59,969 - INFO - date to string conversion for json unsuccessful due to 'NoneType' object has no attribute 'strftime'
2024-10-29 14:16:59,969 - INFO - could not format info from https://www.itv.com/news/2020-09-11/teenager-charged-after-winston-churchill-statue-daubed-with-is-a-racist-graffiti due to 'NoneType' object has no attribute 'strip'; kept unformatted
2024-10-29 14:16:59,969 - INFO - article dropped, no body text found: https://www.itv.com/news/2020-09-11/teenager-charged-after-winston-churchill-statue-daubed-with-is-a-racist-graffiti
2024-10-29 14:16:59,969 - INFO - Parsing url: https://www.itv.com/news/tyne-tees/2020-09-16/nexus-unveils-new-design-for-362m-fleet-of-tyne-and-wear-metro-trains
2024-10-29 14:16:59,969 - INFO - entire page parsing unsuccessful due to object of type 'NoneType' has no len()
2024-10-29 14:16:59,969 - INFO - date to string conversion for json unsuccessful due to 'NoneType' object has no attribute 'strftime'
2024-10-29 14:16:59,969 - INFO - could not format info from https://www.itv.com/news/tyne-tees/2020-09-16/nexus-unveils-new-design-for-362m-fleet-of-tyne-and-wear-metro-trains due to 'NoneType' object has no attribute 'strip'; kept unformatted
2024-10-29 14:16:59,969 - INFO - article dropped, no body text found: https://www.itv.com/news/tyne-tees/2020-09-16/nexus-unveils-new-design-for-362m-fleet-of-tyne-and-wear-metro-trains
2024-10-29 14:16:59,970 - INFO - downloading images for file article_contents/ITV/itv.com-news_2020-09-01_2020-09-30_parsed.json
2024-10-29 14:16:59,970 - INFO - downloading images for article https://www.itv.com/news/westcountry/2020-09-03/extinction-rebellion-protest-outside-met-office-building-in-exeter
2024-10-29 14:16:59,970 - INFO - downloading file at https://images.ctfassets.net/pjshm78m9jt4/4vPpv3raabcAYXx8Th44L8/124867f250c934e11be603366f16c67e/P-REBELLION_MET_OFFICE_SUBS.transfer.3.jpg
2024-10-29 14:17:00,339 - INFO - downloading file at https://images.ctfassets.net/pjshm78m9jt4/S0rJbNim1ggP9joQjw0pi/36070fb9f713c113eab9f29d07b149de/P-REBELLION_MET_OFFICE_SUBS.transfer.jpg
2024-10-29 14:17:00,464 - INFO - downloading file at https://images.ctfassets.net/pjshm78m9jt4/1RShklbiBVzZZuZdpM0cDh/1a1d40e9b6d399970dd14e0830ce87a5/P-REBELLION_MET_OFFICE_SUBS.transfer.2.jpg
2024-10-29 14:17:26,703 - INFO - scraping urls from file: ../google_scraping/article_urls/ITV/itv.com-news_2020-09-01_2020-09-30_urls.csv
2024-10-29 14:17:27,157 - INFO - Fetching URL: https://www.itv.com/news/westcountry/2020-09-03/extinction-rebellion-protest-outside-met-office-building-in-exeter
2024-10-29 14:17:40,888 - INFO - Fetching URL: https://www.itv.com/news/westcountry/2020-09-27/slow-worms-killed-on-bath-development-site
2024-10-29 14:17:47,664 - WARNING - Attempt 1 failed for https://www.itv.com/news/westcountry/2020-09-27/slow-worms-killed-on-bath-development-site: Message: element not interactable
  (Session info: chrome=130.0.6723.69)
Stacktrace:
#0 0x5d53bb88510a <unknown>
#1 0x5d53bb3a02bd <unknown>
#2 0x5d53bb3ee10b <unknown>
#3 0x5d53bb3e1f78 <unknown>
#4 0x5d53bb411012 <unknown>
#5 0x5d53bb3e1958 <unknown>
#6 0x5d53bb4111de <unknown>
#7 0x5d53bb42faf6 <unknown>
#8 0x5d53bb410db3 <unknown>
#9 0x5d53bb3dfc10 <unknown>
#10 0x5d53bb3e0bee <unknown>
#11 0x5d53bb85139b <unknown>
#12 0x5d53bb855338 <unknown>
#13 0x5d53bb83eebc <unknown>
#14 0x5d53bb855eb7 <unknown>
#15 0x5d53bb82410f <unknown>
#16 0x5d53bb873828 <unknown>
#17 0x5d53bb8739f0 <unknown>
#18 0x5d53bb883f86 <unknown>
#19 0x7894f3694ac3 <unknown>

2024-10-29 14:17:52,665 - INFO - Fetching URL: https://www.itv.com/news/westcountry/2020-09-27/slow-worms-killed-on-bath-development-site
2024-10-29 14:17:59,781 - WARNING - Attempt 2 failed for https://www.itv.com/news/westcountry/2020-09-27/slow-worms-killed-on-bath-development-site: Message: element not interactable
  (Session info: chrome=130.0.6723.69)
Stacktrace:
#0 0x5d53bb88510a <unknown>
#1 0x5d53bb3a02bd <unknown>
#2 0x5d53bb3ee10b <unknown>
#3 0x5d53bb3e1f78 <unknown>
#4 0x5d53bb411012 <unknown>
#5 0x5d53bb3e1958 <unknown>
#6 0x5d53bb4111de <unknown>
#7 0x5d53bb42faf6 <unknown>
#8 0x5d53bb410db3 <unknown>
#9 0x5d53bb3dfc10 <unknown>
#10 0x5d53bb3e0bee <unknown>
#11 0x5d53bb85139b <unknown>
#12 0x5d53bb855338 <unknown>
#13 0x5d53bb83eebc <unknown>
#14 0x5d53bb855eb7 <unknown>
#15 0x5d53bb82410f <unknown>
#16 0x5d53bb873828 <unknown>
#17 0x5d53bb8739f0 <unknown>
#18 0x5d53bb883f86 <unknown>
#19 0x7894f3694ac3 <unknown>

2024-10-29 14:18:04,782 - INFO - Fetching URL: https://www.itv.com/news/westcountry/2020-09-27/slow-worms-killed-on-bath-development-site
2024-10-29 14:18:04,801 - WARNING - Attempt 3 failed for https://www.itv.com/news/westcountry/2020-09-27/slow-worms-killed-on-bath-development-site: Message: no such window: target window already closed
from unknown error: web view not found
  (Session info: chrome=130.0.6723.69)
Stacktrace:
#0 0x5d53bb88510a <unknown>
#1 0x5d53bb3a0460 <unknown>
#2 0x5d53bb37681f <unknown>
#3 0x5d53bb41934d <unknown>
#4 0x5d53bb42f3a9 <unknown>
#5 0x5d53bb410db3 <unknown>
#6 0x5d53bb3dfc10 <unknown>
#7 0x5d53bb3e0bee <unknown>
#8 0x5d53bb85139b <unknown>
#9 0x5d53bb855338 <unknown>
#10 0x5d53bb83eebc <unknown>
#11 0x5d53bb855eb7 <unknown>
#12 0x5d53bb82410f <unknown>
#13 0x5d53bb873828 <unknown>
#14 0x5d53bb8739f0 <unknown>
#15 0x5d53bb883f86 <unknown>
#16 0x7894f3694ac3 <unknown>

2024-10-29 14:18:09,802 - ERROR - Failed to fetch URL https://www.itv.com/news/westcountry/2020-09-27/slow-worms-killed-on-bath-development-site after 3 retries
2024-10-29 14:18:09,802 - INFO - Fetching URL: https://www.itv.com/news/wales/2020-09-03/extinction-rebellion-protesters-attempt-to-storm-bbc-new-cardiff-building
2024-10-29 14:18:09,821 - WARNING - Attempt 1 failed for https://www.itv.com/news/wales/2020-09-03/extinction-rebellion-protesters-attempt-to-storm-bbc-new-cardiff-building: Message: no such window: target window already closed
from unknown error: web view not found
  (Session info: chrome=130.0.6723.69)
Stacktrace:
#0 0x5d53bb88510a <unknown>
#1 0x5d53bb3a0460 <unknown>
#2 0x5d53bb37681f <unknown>
#3 0x5d53bb41934d <unknown>
#4 0x5d53bb42f3a9 <unknown>
#5 0x5d53bb410db3 <unknown>
#6 0x5d53bb3dfc10 <unknown>
#7 0x5d53bb3e0bee <unknown>
#8 0x5d53bb85139b <unknown>
#9 0x5d53bb855338 <unknown>
#10 0x5d53bb83eebc <unknown>
#11 0x5d53bb855eb7 <unknown>
#12 0x5d53bb82410f <unknown>
#13 0x5d53bb873828 <unknown>
#14 0x5d53bb8739f0 <unknown>
#15 0x5d53bb883f86 <unknown>
#16 0x7894f3694ac3 <unknown>

2024-10-29 14:18:14,822 - INFO - Fetching URL: https://www.itv.com/news/wales/2020-09-03/extinction-rebellion-protesters-attempt-to-storm-bbc-new-cardiff-building
2024-10-29 14:18:14,834 - WARNING - Attempt 2 failed for https://www.itv.com/news/wales/2020-09-03/extinction-rebellion-protesters-attempt-to-storm-bbc-new-cardiff-building: Message: no such window: target window already closed
from unknown error: web view not found
  (Session info: chrome=130.0.6723.69)
Stacktrace:
#0 0x5d53bb88510a <unknown>
#1 0x5d53bb3a0460 <unknown>
#2 0x5d53bb37681f <unknown>
#3 0x5d53bb41934d <unknown>
#4 0x5d53bb42f3a9 <unknown>
#5 0x5d53bb410db3 <unknown>
#6 0x5d53bb3dfc10 <unknown>
#7 0x5d53bb3e0bee <unknown>
#8 0x5d53bb85139b <unknown>
#9 0x5d53bb855338 <unknown>
#10 0x5d53bb83eebc <unknown>
#11 0x5d53bb855eb7 <unknown>
#12 0x5d53bb82410f <unknown>
#13 0x5d53bb873828 <unknown>
#14 0x5d53bb8739f0 <unknown>
#15 0x5d53bb883f86 <unknown>
#16 0x7894f3694ac3 <unknown>

2024-10-29 14:18:19,835 - INFO - Fetching URL: https://www.itv.com/news/wales/2020-09-03/extinction-rebellion-protesters-attempt-to-storm-bbc-new-cardiff-building
2024-10-29 14:18:19,847 - WARNING - Attempt 3 failed for https://www.itv.com/news/wales/2020-09-03/extinction-rebellion-protesters-attempt-to-storm-bbc-new-cardiff-building: Message: no such window: target window already closed
from unknown error: web view not found
  (Session info: chrome=130.0.6723.69)
Stacktrace:
#0 0x5d53bb88510a <unknown>
#1 0x5d53bb3a0460 <unknown>
#2 0x5d53bb37681f <unknown>
#3 0x5d53bb41934d <unknown>
#4 0x5d53bb42f3a9 <unknown>
#5 0x5d53bb410db3 <unknown>
#6 0x5d53bb3dfc10 <unknown>
#7 0x5d53bb3e0bee <unknown>
#8 0x5d53bb85139b <unknown>
#9 0x5d53bb855338 <unknown>
#10 0x5d53bb83eebc <unknown>
#11 0x5d53bb855eb7 <unknown>
#12 0x5d53bb82410f <unknown>
#13 0x5d53bb873828 <unknown>
#14 0x5d53bb8739f0 <unknown>
#15 0x5d53bb883f86 <unknown>
#16 0x7894f3694ac3 <unknown>

2024-10-29 14:18:24,848 - ERROR - Failed to fetch URL https://www.itv.com/news/wales/2020-09-03/extinction-rebellion-protesters-attempt-to-storm-bbc-new-cardiff-building after 3 retries
2024-10-29 14:18:24,848 - INFO - Fetching URL: https://www.itv.com/news/2020-09-11/teenager-charged-after-winston-churchill-statue-daubed-with-is-a-racist-graffiti
2024-10-29 14:18:24,859 - WARNING - Attempt 1 failed for https://www.itv.com/news/2020-09-11/teenager-charged-after-winston-churchill-statue-daubed-with-is-a-racist-graffiti: Message: no such window: target window already closed
from unknown error: web view not found
  (Session info: chrome=130.0.6723.69)
Stacktrace:
#0 0x5d53bb88510a <unknown>
#1 0x5d53bb3a0460 <unknown>
#2 0x5d53bb37681f <unknown>
#3 0x5d53bb41934d <unknown>
#4 0x5d53bb42f3a9 <unknown>
#5 0x5d53bb410db3 <unknown>
#6 0x5d53bb3dfc10 <unknown>
#7 0x5d53bb3e0bee <unknown>
#8 0x5d53bb85139b <unknown>
#9 0x5d53bb855338 <unknown>
#10 0x5d53bb83eebc <unknown>
#11 0x5d53bb855eb7 <unknown>
#12 0x5d53bb82410f <unknown>
#13 0x5d53bb873828 <unknown>
#14 0x5d53bb8739f0 <unknown>
#15 0x5d53bb883f86 <unknown>
#16 0x7894f3694ac3 <unknown>

2024-10-29 14:18:29,859 - INFO - Fetching URL: https://www.itv.com/news/2020-09-11/teenager-charged-after-winston-churchill-statue-daubed-with-is-a-racist-graffiti
2024-10-29 14:18:29,871 - WARNING - Attempt 2 failed for https://www.itv.com/news/2020-09-11/teenager-charged-after-winston-churchill-statue-daubed-with-is-a-racist-graffiti: Message: no such window: target window already closed
from unknown error: web view not found
  (Session info: chrome=130.0.6723.69)
Stacktrace:
#0 0x5d53bb88510a <unknown>
#1 0x5d53bb3a0460 <unknown>
#2 0x5d53bb37681f <unknown>
#3 0x5d53bb41934d <unknown>
#4 0x5d53bb42f3a9 <unknown>
#5 0x5d53bb410db3 <unknown>
#6 0x5d53bb3dfc10 <unknown>
#7 0x5d53bb3e0bee <unknown>
#8 0x5d53bb85139b <unknown>
#9 0x5d53bb855338 <unknown>
#10 0x5d53bb83eebc <unknown>
#11 0x5d53bb855eb7 <unknown>
#12 0x5d53bb82410f <unknown>
#13 0x5d53bb873828 <unknown>
#14 0x5d53bb8739f0 <unknown>
#15 0x5d53bb883f86 <unknown>
#16 0x7894f3694ac3 <unknown>

2024-10-29 14:18:34,871 - INFO - Fetching URL: https://www.itv.com/news/2020-09-11/teenager-charged-after-winston-churchill-statue-daubed-with-is-a-racist-graffiti
2024-10-29 14:18:34,882 - WARNING - Attempt 3 failed for https://www.itv.com/news/2020-09-11/teenager-charged-after-winston-churchill-statue-daubed-with-is-a-racist-graffiti: Message: no such window: target window already closed
from unknown error: web view not found
  (Session info: chrome=130.0.6723.69)
Stacktrace:
#0 0x5d53bb88510a <unknown>
#1 0x5d53bb3a0460 <unknown>
#2 0x5d53bb37681f <unknown>
#3 0x5d53bb41934d <unknown>
#4 0x5d53bb42f3a9 <unknown>
#5 0x5d53bb410db3 <unknown>
#6 0x5d53bb3dfc10 <unknown>
#7 0x5d53bb3e0bee <unknown>
#8 0x5d53bb85139b <unknown>
#9 0x5d53bb855338 <unknown>
#10 0x5d53bb83eebc <unknown>
#11 0x5d53bb855eb7 <unknown>
#12 0x5d53bb82410f <unknown>
#13 0x5d53bb873828 <unknown>
#14 0x5d53bb8739f0 <unknown>
#15 0x5d53bb883f86 <unknown>
#16 0x7894f3694ac3 <unknown>

2024-10-29 14:18:39,883 - ERROR - Failed to fetch URL https://www.itv.com/news/2020-09-11/teenager-charged-after-winston-churchill-statue-daubed-with-is-a-racist-graffiti after 3 retries
2024-10-29 14:18:39,883 - INFO - Fetching URL: https://www.itv.com/news/tyne-tees/2020-09-16/nexus-unveils-new-design-for-362m-fleet-of-tyne-and-wear-metro-trains
2024-10-29 14:18:39,903 - WARNING - Attempt 1 failed for https://www.itv.com/news/tyne-tees/2020-09-16/nexus-unveils-new-design-for-362m-fleet-of-tyne-and-wear-metro-trains: Message: no such window: target window already closed
from unknown error: web view not found
  (Session info: chrome=130.0.6723.69)
Stacktrace:
#0 0x5d53bb88510a <unknown>
#1 0x5d53bb3a0460 <unknown>
#2 0x5d53bb37681f <unknown>
#3 0x5d53bb41934d <unknown>
#4 0x5d53bb42f3a9 <unknown>
#5 0x5d53bb410db3 <unknown>
#6 0x5d53bb3dfc10 <unknown>
#7 0x5d53bb3e0bee <unknown>
#8 0x5d53bb85139b <unknown>
#9 0x5d53bb855338 <unknown>
#10 0x5d53bb83eebc <unknown>
#11 0x5d53bb855eb7 <unknown>
#12 0x5d53bb82410f <unknown>
#13 0x5d53bb873828 <unknown>
#14 0x5d53bb8739f0 <unknown>
#15 0x5d53bb883f86 <unknown>
#16 0x7894f3694ac3 <unknown>

2024-10-29 14:18:44,903 - INFO - Fetching URL: https://www.itv.com/news/tyne-tees/2020-09-16/nexus-unveils-new-design-for-362m-fleet-of-tyne-and-wear-metro-trains
2024-10-29 14:18:44,908 - WARNING - Attempt 2 failed for https://www.itv.com/news/tyne-tees/2020-09-16/nexus-unveils-new-design-for-362m-fleet-of-tyne-and-wear-metro-trains: Message: no such window: target window already closed
from unknown error: web view not found
  (Session info: chrome=130.0.6723.69)
Stacktrace:
#0 0x5d53bb88510a <unknown>
#1 0x5d53bb3a0460 <unknown>
#2 0x5d53bb37681f <unknown>
#3 0x5d53bb41934d <unknown>
#4 0x5d53bb42f3a9 <unknown>
#5 0x5d53bb410db3 <unknown>
#6 0x5d53bb3dfc10 <unknown>
#7 0x5d53bb3e0bee <unknown>
#8 0x5d53bb85139b <unknown>
#9 0x5d53bb855338 <unknown>
#10 0x5d53bb83eebc <unknown>
#11 0x5d53bb855eb7 <unknown>
#12 0x5d53bb82410f <unknown>
#13 0x5d53bb873828 <unknown>
#14 0x5d53bb8739f0 <unknown>
#15 0x5d53bb883f86 <unknown>
#16 0x7894f3694ac3 <unknown>

2024-10-29 14:18:49,909 - INFO - Fetching URL: https://www.itv.com/news/tyne-tees/2020-09-16/nexus-unveils-new-design-for-362m-fleet-of-tyne-and-wear-metro-trains
2024-10-29 14:18:49,919 - WARNING - Attempt 3 failed for https://www.itv.com/news/tyne-tees/2020-09-16/nexus-unveils-new-design-for-362m-fleet-of-tyne-and-wear-metro-trains: Message: no such window: target window already closed
from unknown error: web view not found
  (Session info: chrome=130.0.6723.69)
Stacktrace:
#0 0x5d53bb88510a <unknown>
#1 0x5d53bb3a0460 <unknown>
#2 0x5d53bb37681f <unknown>
#3 0x5d53bb41934d <unknown>
#4 0x5d53bb42f3a9 <unknown>
#5 0x5d53bb410db3 <unknown>
#6 0x5d53bb3dfc10 <unknown>
#7 0x5d53bb3e0bee <unknown>
#8 0x5d53bb85139b <unknown>
#9 0x5d53bb855338 <unknown>
#10 0x5d53bb83eebc <unknown>
#11 0x5d53bb855eb7 <unknown>
#12 0x5d53bb82410f <unknown>
#13 0x5d53bb873828 <unknown>
#14 0x5d53bb8739f0 <unknown>
#15 0x5d53bb883f86 <unknown>
#16 0x7894f3694ac3 <unknown>

2024-10-29 14:18:54,919 - ERROR - Failed to fetch URL https://www.itv.com/news/tyne-tees/2020-09-16/nexus-unveils-new-design-for-362m-fleet-of-tyne-and-wear-metro-trains after 3 retries
2024-10-29 14:18:55,095 - INFO - Parsing url: https://www.itv.com/news/westcountry/2020-09-03/extinction-rebellion-protest-outside-met-office-building-in-exeter
2024-10-29 14:18:55,121 - INFO - Parsing url: https://www.itv.com/news/westcountry/2020-09-27/slow-worms-killed-on-bath-development-site
2024-10-29 14:18:55,121 - INFO - entire page parsing unsuccessful due to object of type 'NoneType' has no len()
2024-10-29 14:18:55,121 - INFO - date to string conversion for json unsuccessful due to 'NoneType' object has no attribute 'strftime'
2024-10-29 14:18:55,121 - INFO - could not format info from https://www.itv.com/news/westcountry/2020-09-27/slow-worms-killed-on-bath-development-site due to 'NoneType' object has no attribute 'strip'; kept unformatted
2024-10-29 14:18:55,121 - INFO - article dropped, no body text found: https://www.itv.com/news/westcountry/2020-09-27/slow-worms-killed-on-bath-development-site
2024-10-29 14:18:55,121 - INFO - Parsing url: https://www.itv.com/news/wales/2020-09-03/extinction-rebellion-protesters-attempt-to-storm-bbc-new-cardiff-building
2024-10-29 14:18:55,121 - INFO - entire page parsing unsuccessful due to object of type 'NoneType' has no len()
2024-10-29 14:18:55,121 - INFO - date to string conversion for json unsuccessful due to 'NoneType' object has no attribute 'strftime'
2024-10-29 14:18:55,121 - INFO - could not format info from https://www.itv.com/news/wales/2020-09-03/extinction-rebellion-protesters-attempt-to-storm-bbc-new-cardiff-building due to 'NoneType' object has no attribute 'strip'; kept unformatted
2024-10-29 14:18:55,121 - INFO - article dropped, no body text found: https://www.itv.com/news/wales/2020-09-03/extinction-rebellion-protesters-attempt-to-storm-bbc-new-cardiff-building
2024-10-29 14:18:55,121 - INFO - Parsing url: https://www.itv.com/news/2020-09-11/teenager-charged-after-winston-churchill-statue-daubed-with-is-a-racist-graffiti
2024-10-29 14:18:55,121 - INFO - entire page parsing unsuccessful due to object of type 'NoneType' has no len()
2024-10-29 14:18:55,121 - INFO - date to string conversion for json unsuccessful due to 'NoneType' object has no attribute 'strftime'
2024-10-29 14:18:55,121 - INFO - could not format info from https://www.itv.com/news/2020-09-11/teenager-charged-after-winston-churchill-statue-daubed-with-is-a-racist-graffiti due to 'NoneType' object has no attribute 'strip'; kept unformatted
2024-10-29 14:18:55,121 - INFO - article dropped, no body text found: https://www.itv.com/news/2020-09-11/teenager-charged-after-winston-churchill-statue-daubed-with-is-a-racist-graffiti
2024-10-29 14:18:55,121 - INFO - Parsing url: https://www.itv.com/news/tyne-tees/2020-09-16/nexus-unveils-new-design-for-362m-fleet-of-tyne-and-wear-metro-trains
2024-10-29 14:18:55,121 - INFO - entire page parsing unsuccessful due to object of type 'NoneType' has no len()
2024-10-29 14:18:55,121 - INFO - date to string conversion for json unsuccessful due to 'NoneType' object has no attribute 'strftime'
2024-10-29 14:18:55,121 - INFO - could not format info from https://www.itv.com/news/tyne-tees/2020-09-16/nexus-unveils-new-design-for-362m-fleet-of-tyne-and-wear-metro-trains due to 'NoneType' object has no attribute 'strip'; kept unformatted
2024-10-29 14:18:55,122 - INFO - article dropped, no body text found: https://www.itv.com/news/tyne-tees/2020-09-16/nexus-unveils-new-design-for-362m-fleet-of-tyne-and-wear-metro-trains
2024-10-29 14:18:55,122 - INFO - downloading images for file article_contents/ITV/itv.com-news_2020-09-01_2020-09-30_parsed.json
2024-10-29 14:18:55,122 - INFO - downloading images for article https://www.itv.com/news/westcountry/2020-09-03/extinction-rebellion-protest-outside-met-office-building-in-exeter
2024-10-29 14:18:55,122 - INFO - downloading file at https://images.ctfassets.net/pjshm78m9jt4/4vPpv3raabcAYXx8Th44L8/124867f250c934e11be603366f16c67e/P-REBELLION_MET_OFFICE_SUBS.transfer.3.jpg
2024-10-29 14:18:55,492 - INFO - downloading file at https://images.ctfassets.net/pjshm78m9jt4/S0rJbNim1ggP9joQjw0pi/36070fb9f713c113eab9f29d07b149de/P-REBELLION_MET_OFFICE_SUBS.transfer.jpg
2024-10-29 14:18:55,694 - INFO - downloading file at https://images.ctfassets.net/pjshm78m9jt4/1RShklbiBVzZZuZdpM0cDh/1a1d40e9b6d399970dd14e0830ce87a5/P-REBELLION_MET_OFFICE_SUBS.transfer.2.jpg
2024-10-29 14:38:36,314 - INFO - scraping urls from file: ../google_scraping/article_urls/ITV/itv.com-news_2020-09-01_2020-09-30_urls.csv
2024-10-29 14:38:37,297 - INFO - Fetching URL: https://www.itv.com/news/westcountry/2020-09-03/extinction-rebellion-protest-outside-met-office-building-in-exeter
2024-10-29 14:38:43,485 - WARNING - Successfully accepted cookies
2024-10-29 14:38:50,680 - INFO - Fetching URL: https://www.itv.com/news/westcountry/2020-09-27/slow-worms-killed-on-bath-development-site
2024-10-29 14:38:58,096 - INFO - Fetching URL: https://www.itv.com/news/wales/2020-09-03/extinction-rebellion-protesters-attempt-to-storm-bbc-new-cardiff-building
2024-10-29 14:39:06,775 - INFO - Fetching URL: https://www.itv.com/news/2020-09-11/teenager-charged-after-winston-churchill-statue-daubed-with-is-a-racist-graffiti
2024-10-29 14:39:13,850 - INFO - Fetching URL: https://www.itv.com/news/tyne-tees/2020-09-16/nexus-unveils-new-design-for-362m-fleet-of-tyne-and-wear-metro-trains
2024-10-29 14:39:19,845 - INFO - Parsing url: https://www.itv.com/news/westcountry/2020-09-03/extinction-rebellion-protest-outside-met-office-building-in-exeter
2024-10-29 14:39:19,879 - INFO - Parsing url: https://www.itv.com/news/westcountry/2020-09-27/slow-worms-killed-on-bath-development-site
2024-10-29 14:39:19,901 - INFO - Parsing url: https://www.itv.com/news/wales/2020-09-03/extinction-rebellion-protesters-attempt-to-storm-bbc-new-cardiff-building
2024-10-29 14:39:19,924 - INFO - Parsing url: https://www.itv.com/news/2020-09-11/teenager-charged-after-winston-churchill-statue-daubed-with-is-a-racist-graffiti
2024-10-29 14:39:19,946 - INFO - Parsing url: https://www.itv.com/news/tyne-tees/2020-09-16/nexus-unveils-new-design-for-362m-fleet-of-tyne-and-wear-metro-trains
2024-10-29 14:39:19,967 - INFO - article dropped, search terms not present: https://www.itv.com/news/tyne-tees/2020-09-16/nexus-unveils-new-design-for-362m-fleet-of-tyne-and-wear-metro-trains
2024-10-29 14:39:19,967 - INFO - downloading images for file article_contents/ITV/itv.com-news_2020-09-01_2020-09-30_parsed.json
2024-10-29 14:39:19,967 - INFO - downloading images for article https://www.itv.com/news/westcountry/2020-09-03/extinction-rebellion-protest-outside-met-office-building-in-exeter
2024-10-29 14:39:19,968 - INFO - downloading file at https://images.ctfassets.net/pjshm78m9jt4/4vPpv3raabcAYXx8Th44L8/124867f250c934e11be603366f16c67e/P-REBELLION_MET_OFFICE_SUBS.transfer.3.jpg
2024-10-29 14:39:20,122 - INFO - downloading file at https://images.ctfassets.net/pjshm78m9jt4/S0rJbNim1ggP9joQjw0pi/36070fb9f713c113eab9f29d07b149de/P-REBELLION_MET_OFFICE_SUBS.transfer.jpg
2024-10-29 14:39:20,190 - INFO - downloading file at https://images.ctfassets.net/pjshm78m9jt4/1RShklbiBVzZZuZdpM0cDh/1a1d40e9b6d399970dd14e0830ce87a5/P-REBELLION_MET_OFFICE_SUBS.transfer.2.jpg
2024-10-29 14:39:20,258 - INFO - downloading images for article https://www.itv.com/news/westcountry/2020-09-27/slow-worms-killed-on-bath-development-site
2024-10-29 14:39:20,260 - INFO - downloading file at https://images.ctfassets.net/pjshm78m9jt4/4IK8Y5iCr6AEkxmiq7SvSw/bb458c7252258f8d482508b4e3087f1e/slow_worm.jpg
2024-10-29 14:39:20,747 - INFO - downloading file at https://images.ctfassets.net/pjshm78m9jt4/34HXOERPM9fKeXRl7Kmdub/25b1eec30a2a611a64970f64ee60ea39/FB_IMG_1601192385488.jpg
2024-10-29 14:39:21,205 - INFO - downloading file at https://images.ctfassets.net/pjshm78m9jt4/2PvmUoqJrGOcDp7dlOCYKq/2f87bf74ee6dbbde9e5f4cd4ef801347/IMG_20200927_130103.jpg
2024-10-29 14:39:21,801 - INFO - downloading images for article https://www.itv.com/news/wales/2020-09-03/extinction-rebellion-protesters-attempt-to-storm-bbc-new-cardiff-building
2024-10-29 14:39:21,802 - INFO - downloading file at https://images.ctfassets.net/pjshm78m9jt4/kxXfUNrh2F3X7LikK5JCL/5d29e982fa2ee37f0c4fa08d8fb82b46/BBC_protest_07.jpg
2024-10-29 14:39:22,490 - INFO - downloading file at https://images.ctfassets.net/pjshm78m9jt4/TisM7tNE2dwSmAN8fLK05/7f1407153aeca50bbafced69bfa83509/BBC_protest.jpg
2024-10-29 14:39:22,828 - INFO - downloading file at https://images.ctfassets.net/pjshm78m9jt4/6AcJMYUbH3hMYxaeOi16LZ/2203f3bd740b02ecfe79feb31c544ccc/06_Banner_at_the_Office_of_the_Secretary_of_State_for_Wales.jpg
2024-10-29 14:39:23,264 - INFO - downloading images for article https://www.itv.com/news/2020-09-11/teenager-charged-after-winston-churchill-statue-daubed-with-is-a-racist-graffiti
2024-10-29 14:39:23,267 - INFO - downloading file at https://images.ctfassets.net/pjshm78m9jt4/5GD69cre6JAYtKSi76VsKe/f677dfc15029a6d42c63fe444fab3d7b/PA-55426549.jpg
2024-10-29 14:39:26,057 - INFO - downloading file at https://images.ctfassets.net/pjshm78m9jt4/402532_15/c1570d55d4fd15f3257bbc7305128884/importedImage402532_15
2024-10-29 14:42:36,879 - INFO - scraping urls from file: ../google_scraping/article_urls/ITV/itv.com-news_2020-09-01_2020-09-30_urls.csv
2024-10-29 14:42:37,317 - INFO - Fetching URL: https://www.itv.com/news/westcountry/2020-09-03/extinction-rebellion-protest-outside-met-office-building-in-exeter
2024-10-29 14:42:43,043 - INFO - Successfully accepted cookies
2024-10-29 14:42:50,170 - INFO - Fetching URL: https://www.itv.com/news/westcountry/2020-09-27/slow-worms-killed-on-bath-development-site
2024-10-29 14:42:58,373 - INFO - Fetching URL: https://www.itv.com/news/wales/2020-09-03/extinction-rebellion-protesters-attempt-to-storm-bbc-new-cardiff-building
2024-10-29 14:43:07,883 - INFO - Fetching URL: https://www.itv.com/news/2020-09-11/teenager-charged-after-winston-churchill-statue-daubed-with-is-a-racist-graffiti
2024-10-29 14:43:15,015 - INFO - Fetching URL: https://www.itv.com/news/tyne-tees/2020-09-16/nexus-unveils-new-design-for-362m-fleet-of-tyne-and-wear-metro-trains
2024-10-29 14:43:34,942 - INFO - scraping urls from file: ../google_scraping/article_urls/ITV/itv.com-news_2020-09-01_2020-09-30_urls.csv
2024-10-29 14:43:35,197 - INFO - Fetching URL: https://www.itv.com/news/westcountry/2020-09-03/extinction-rebellion-protest-outside-met-office-building-in-exeter
2024-10-29 14:43:41,381 - INFO - Successfully accepted cookies
2024-10-29 14:43:48,508 - INFO - Fetching URL: https://www.itv.com/news/westcountry/2020-09-27/slow-worms-killed-on-bath-development-site
2024-10-29 14:43:57,298 - INFO - Fetching URL: https://www.itv.com/news/wales/2020-09-03/extinction-rebellion-protesters-attempt-to-storm-bbc-new-cardiff-building
2024-10-29 14:44:06,309 - INFO - Fetching URL: https://www.itv.com/news/2020-09-11/teenager-charged-after-winston-churchill-statue-daubed-with-is-a-racist-graffiti
2024-10-29 14:44:14,304 - INFO - Fetching URL: https://www.itv.com/news/tyne-tees/2020-09-16/nexus-unveils-new-design-for-362m-fleet-of-tyne-and-wear-metro-trains
2024-10-29 14:44:22,957 - INFO - Parsing url: https://www.itv.com/news/westcountry/2020-09-03/extinction-rebellion-protest-outside-met-office-building-in-exeter
2024-10-29 14:44:23,057 - INFO - Parsing url: https://www.itv.com/news/westcountry/2020-09-27/slow-worms-killed-on-bath-development-site
2024-10-29 14:44:23,079 - INFO - Parsing url: https://www.itv.com/news/wales/2020-09-03/extinction-rebellion-protesters-attempt-to-storm-bbc-new-cardiff-building
2024-10-29 14:44:23,099 - INFO - Parsing url: https://www.itv.com/news/2020-09-11/teenager-charged-after-winston-churchill-statue-daubed-with-is-a-racist-graffiti
2024-10-29 14:44:23,121 - INFO - Parsing url: https://www.itv.com/news/tyne-tees/2020-09-16/nexus-unveils-new-design-for-362m-fleet-of-tyne-and-wear-metro-trains
2024-10-29 14:44:23,138 - INFO - article dropped, search terms not present: https://www.itv.com/news/tyne-tees/2020-09-16/nexus-unveils-new-design-for-362m-fleet-of-tyne-and-wear-metro-trains
2024-10-29 14:44:23,139 - INFO - downloading images for file article_contents/ITV/itv.com-news_2020-09-01_2020-09-30_parsed.json
2024-10-29 14:44:23,139 - INFO - downloading images for article https://www.itv.com/news/westcountry/2020-09-03/extinction-rebellion-protest-outside-met-office-building-in-exeter
2024-10-29 14:44:23,139 - INFO - downloading file at https://images.ctfassets.net/pjshm78m9jt4/4vPpv3raabcAYXx8Th44L8/124867f250c934e11be603366f16c67e/P-REBELLION_MET_OFFICE_SUBS.transfer.3.jpg
2024-10-29 14:44:23,301 - INFO - downloading file at https://images.ctfassets.net/pjshm78m9jt4/S0rJbNim1ggP9joQjw0pi/36070fb9f713c113eab9f29d07b149de/P-REBELLION_MET_OFFICE_SUBS.transfer.jpg
2024-10-29 14:44:23,370 - INFO - downloading file at https://images.ctfassets.net/pjshm78m9jt4/1RShklbiBVzZZuZdpM0cDh/1a1d40e9b6d399970dd14e0830ce87a5/P-REBELLION_MET_OFFICE_SUBS.transfer.2.jpg
2024-10-29 14:44:23,446 - INFO - downloading images for article https://www.itv.com/news/westcountry/2020-09-27/slow-worms-killed-on-bath-development-site
2024-10-29 14:44:23,449 - INFO - downloading file at https://images.ctfassets.net/pjshm78m9jt4/4IK8Y5iCr6AEkxmiq7SvSw/bb458c7252258f8d482508b4e3087f1e/slow_worm.jpg
2024-10-29 14:44:23,615 - INFO - downloading file at https://images.ctfassets.net/pjshm78m9jt4/34HXOERPM9fKeXRl7Kmdub/25b1eec30a2a611a64970f64ee60ea39/FB_IMG_1601192385488.jpg
2024-10-29 14:44:23,679 - INFO - downloading file at https://images.ctfassets.net/pjshm78m9jt4/2PvmUoqJrGOcDp7dlOCYKq/2f87bf74ee6dbbde9e5f4cd4ef801347/IMG_20200927_130103.jpg
2024-10-29 14:44:23,875 - INFO - downloading images for article https://www.itv.com/news/wales/2020-09-03/extinction-rebellion-protesters-attempt-to-storm-bbc-new-cardiff-building
2024-10-29 14:44:23,877 - INFO - downloading file at https://images.ctfassets.net/pjshm78m9jt4/kxXfUNrh2F3X7LikK5JCL/5d29e982fa2ee37f0c4fa08d8fb82b46/BBC_protest_07.jpg
2024-10-29 14:44:24,398 - INFO - downloading file at https://images.ctfassets.net/pjshm78m9jt4/TisM7tNE2dwSmAN8fLK05/7f1407153aeca50bbafced69bfa83509/BBC_protest.jpg
2024-10-29 14:44:24,449 - INFO - downloading file at https://images.ctfassets.net/pjshm78m9jt4/6AcJMYUbH3hMYxaeOi16LZ/2203f3bd740b02ecfe79feb31c544ccc/06_Banner_at_the_Office_of_the_Secretary_of_State_for_Wales.jpg
2024-10-29 14:44:24,518 - INFO - downloading images for article https://www.itv.com/news/2020-09-11/teenager-charged-after-winston-churchill-statue-daubed-with-is-a-racist-graffiti
2024-10-29 14:44:24,521 - INFO - downloading file at https://images.ctfassets.net/pjshm78m9jt4/5GD69cre6JAYtKSi76VsKe/f677dfc15029a6d42c63fe444fab3d7b/PA-55426549.jpg
2024-10-29 14:44:26,836 - INFO - downloading file at https://images.ctfassets.net/pjshm78m9jt4/402532_15/c1570d55d4fd15f3257bbc7305128884/importedImage402532_15
2024-10-29 14:44:26,898 - INFO - scraping urls from file: ../google_scraping/article_urls/ITV/itv.com-news_2020-10-01_2020-10-31_urls.csv
2024-10-29 14:44:27,184 - INFO - Fetching URL: https://www.itv.com/news/tyne-tees/2020-10-06/new-exhibition-running-during-black-history-month-at-woodhorn-museum-to-celebrate-black-and-african-caribbean-miners
2024-10-29 14:44:33,733 - INFO - Successfully accepted cookies
2024-10-29 14:44:41,702 - INFO - Fetching URL: https://www.itv.com/news/tyne-tees/2020-10-01/spennymoor-town-centre-receives-600k-development-funding
2024-10-29 14:44:48,873 - INFO - Fetching URL: https://www.itv.com/news/tyne-tees/2020-10-28/police-investigating-alleged-threats-to-north-east-mp
2024-10-29 14:44:56,259 - INFO - Fetching URL: https://www.itv.com/news/granada/2020-10-07/hundreds-of-job-losses-feared-at-manchester-airport-under-cost-cutting-plans
2024-10-29 14:45:05,719 - INFO - Fetching URL: https://www.itv.com/news/tyne-tees/2020-10-02/hundreds-of-students-reportedly-self-isolating-at-northumbria-university-and-the-university-of-newcastle
2024-10-29 14:45:14,313 - INFO - Fetching URL: https://www.itv.com/news/tyne-tees/2020-10-02/driver-who-died-at-elvington-airfield-named-as-zef-eisenberg
2024-10-29 14:45:23,001 - INFO - Parsing url: https://www.itv.com/news/tyne-tees/2020-10-06/new-exhibition-running-during-black-history-month-at-woodhorn-museum-to-celebrate-black-and-african-caribbean-miners
2024-10-29 14:45:23,027 - INFO - article dropped, search terms not present: https://www.itv.com/news/tyne-tees/2020-10-06/new-exhibition-running-during-black-history-month-at-woodhorn-museum-to-celebrate-black-and-african-caribbean-miners
2024-10-29 14:45:23,027 - INFO - Parsing url: https://www.itv.com/news/tyne-tees/2020-10-01/spennymoor-town-centre-receives-600k-development-funding
2024-10-29 14:45:23,049 - INFO - article dropped, search terms not present: https://www.itv.com/news/tyne-tees/2020-10-01/spennymoor-town-centre-receives-600k-development-funding
2024-10-29 14:45:23,049 - INFO - Parsing url: https://www.itv.com/news/tyne-tees/2020-10-28/police-investigating-alleged-threats-to-north-east-mp
2024-10-29 14:45:23,069 - INFO - article dropped, search terms not present: https://www.itv.com/news/tyne-tees/2020-10-28/police-investigating-alleged-threats-to-north-east-mp
2024-10-29 14:45:23,069 - INFO - Parsing url: https://www.itv.com/news/granada/2020-10-07/hundreds-of-job-losses-feared-at-manchester-airport-under-cost-cutting-plans
2024-10-29 14:45:23,094 - INFO - article dropped, search terms not present: https://www.itv.com/news/granada/2020-10-07/hundreds-of-job-losses-feared-at-manchester-airport-under-cost-cutting-plans
2024-10-29 14:45:23,094 - INFO - Parsing url: https://www.itv.com/news/tyne-tees/2020-10-02/hundreds-of-students-reportedly-self-isolating-at-northumbria-university-and-the-university-of-newcastle
2024-10-29 14:45:23,115 - INFO - article dropped, search terms not present: https://www.itv.com/news/tyne-tees/2020-10-02/hundreds-of-students-reportedly-self-isolating-at-northumbria-university-and-the-university-of-newcastle
2024-10-29 14:45:23,115 - INFO - Parsing url: https://www.itv.com/news/tyne-tees/2020-10-02/driver-who-died-at-elvington-airfield-named-as-zef-eisenberg
2024-10-29 14:45:23,143 - INFO - article dropped, search terms not present: https://www.itv.com/news/tyne-tees/2020-10-02/driver-who-died-at-elvington-airfield-named-as-zef-eisenberg
2024-10-29 14:45:23,144 - INFO - downloading images for file article_contents/ITV/itv.com-news_2020-10-01_2020-10-31_parsed.json
2024-10-29 14:45:23,144 - INFO - scraping urls from file: ../google_scraping/article_urls/ITV/itv.com-news_2020-11-01_2020-11-30_urls.csv
2024-10-29 14:45:23,410 - INFO - Fetching URL: https://www.itv.com/news/tyne-tees/2020-11-17/ex-sunderland-man-duncan-watmore-signs-for-middlesbrough-fc
2024-10-29 14:45:31,806 - INFO - Successfully accepted cookies
2024-10-29 14:45:38,125 - INFO - Fetching URL: https://www.itv.com/news/tyne-tees/2020-11-12/what-will-happen-to-newcastles-arena-after-it-is-replaced-by-quayside-venue
2024-10-29 14:45:46,691 - INFO - Fetching URL: https://www.itv.com/news/granada/2020-11-23/crimestoppers-offer-10000-reward-for-mum-of-three-killed-in-hit-and-run-in-crewe
2024-10-29 14:45:56,009 - INFO - Parsing url: https://www.itv.com/news/tyne-tees/2020-11-17/ex-sunderland-man-duncan-watmore-signs-for-middlesbrough-fc
2024-10-29 14:45:56,030 - INFO - article dropped, search terms not present: https://www.itv.com/news/tyne-tees/2020-11-17/ex-sunderland-man-duncan-watmore-signs-for-middlesbrough-fc
2024-10-29 14:45:56,031 - INFO - Parsing url: https://www.itv.com/news/tyne-tees/2020-11-12/what-will-happen-to-newcastles-arena-after-it-is-replaced-by-quayside-venue
2024-10-29 14:45:56,050 - INFO - article dropped, search terms not present: https://www.itv.com/news/tyne-tees/2020-11-12/what-will-happen-to-newcastles-arena-after-it-is-replaced-by-quayside-venue
2024-10-29 14:45:56,050 - INFO - Parsing url: https://www.itv.com/news/granada/2020-11-23/crimestoppers-offer-10000-reward-for-mum-of-three-killed-in-hit-and-run-in-crewe
2024-10-29 14:45:56,072 - INFO - article dropped, search terms not present: https://www.itv.com/news/granada/2020-11-23/crimestoppers-offer-10000-reward-for-mum-of-three-killed-in-hit-and-run-in-crewe
2024-10-29 14:45:56,072 - INFO - downloading images for file article_contents/ITV/itv.com-news_2020-11-01_2020-11-30_parsed.json
2024-10-29 14:45:56,074 - INFO - scraping urls from file: ../google_scraping/article_urls/ITV/itv.com-news_2020-12-01_2020-12-31_urls.csv
2024-10-29 14:45:56,317 - INFO - Fetching URL: https://www.itv.com/news/westcountry/2020-12-11/family-pay-tribute-to-gentle-giant-who-died-in-crash-on-bristol-road
2024-10-29 14:46:00,413 - INFO - Successfully accepted cookies
2024-10-29 14:46:05,136 - INFO - Fetching URL: https://www.itv.com/news/anglia/2020-12-21/vile-monster-abusive-husband-who-stalked-and-murdered-his-estranged-wife-is-jailed
2024-10-29 14:46:16,072 - INFO - Parsing url: https://www.itv.com/news/westcountry/2020-12-11/family-pay-tribute-to-gentle-giant-who-died-in-crash-on-bristol-road
2024-10-29 14:46:16,093 - INFO - Parsing url: https://www.itv.com/news/anglia/2020-12-21/vile-monster-abusive-husband-who-stalked-and-murdered-his-estranged-wife-is-jailed
2024-10-29 14:46:16,119 - INFO - article dropped, search terms not present: https://www.itv.com/news/anglia/2020-12-21/vile-monster-abusive-husband-who-stalked-and-murdered-his-estranged-wife-is-jailed
2024-10-29 14:46:16,119 - INFO - downloading images for file article_contents/ITV/itv.com-news_2020-12-01_2020-12-31_parsed.json
2024-10-29 14:46:16,119 - INFO - downloading images for article https://www.itv.com/news/westcountry/2020-12-11/family-pay-tribute-to-gentle-giant-who-died-in-crash-on-bristol-road
2024-10-29 14:46:16,120 - INFO - downloading file at https://images.ctfassets.net/pjshm78m9jt4/3tGKQvZlHll1rjHhTWQK3R/0afc23c63915916e45539f8f6c1b2dba/Untitled_design__3_.jpg
2024-10-29 14:46:16,559 - INFO - scraping urls from file: ../google_scraping/article_urls/ITV/itv.com-news_2021-01-01_2021-01-31_urls.csv
2024-10-29 14:46:16,897 - INFO - Fetching URL: https://www.itv.com/news/channel/2021-01-16/registration-opens-for-jerseys-30th-island-walk
2024-10-29 14:46:23,416 - INFO - Successfully accepted cookies
2024-10-29 14:46:29,771 - INFO - Fetching URL: https://www.itv.com/news/tyne-tees/2021-01-28/exhibition-by-angel-of-the-north-creator-heading-to-sunderland
2024-10-29 14:46:37,329 - INFO - Fetching URL: https://www.itv.com/news/tyne-tees/2021-01-19/itv-tyne-tees-and-border-presenter-pam-royle-to-leave-after-more-than-30-years
2024-10-29 14:46:51,214 - INFO - Fetching URL: https://www.itv.com/news/channel/2021-01-29/jersey-dog-owners-reminded-to-buy-or-renew-their-pet-licence
2024-10-29 14:46:58,871 - INFO - Parsing url: https://www.itv.com/news/channel/2021-01-16/registration-opens-for-jerseys-30th-island-walk
2024-10-29 14:46:58,896 - INFO - article dropped, search terms not present: https://www.itv.com/news/channel/2021-01-16/registration-opens-for-jerseys-30th-island-walk
2024-10-29 14:46:58,896 - INFO - Parsing url: https://www.itv.com/news/tyne-tees/2021-01-28/exhibition-by-angel-of-the-north-creator-heading-to-sunderland
2024-10-29 14:46:58,920 - INFO - article dropped, search terms not present: https://www.itv.com/news/tyne-tees/2021-01-28/exhibition-by-angel-of-the-north-creator-heading-to-sunderland
2024-10-29 14:46:58,920 - INFO - Parsing url: https://www.itv.com/news/tyne-tees/2021-01-19/itv-tyne-tees-and-border-presenter-pam-royle-to-leave-after-more-than-30-years
2024-10-29 14:46:58,951 - INFO - article dropped, search terms not present: https://www.itv.com/news/tyne-tees/2021-01-19/itv-tyne-tees-and-border-presenter-pam-royle-to-leave-after-more-than-30-years
2024-10-29 14:46:58,951 - INFO - Parsing url: https://www.itv.com/news/channel/2021-01-29/jersey-dog-owners-reminded-to-buy-or-renew-their-pet-licence
2024-10-29 14:46:58,971 - INFO - article dropped, search terms not present: https://www.itv.com/news/channel/2021-01-29/jersey-dog-owners-reminded-to-buy-or-renew-their-pet-licence
2024-10-29 14:46:58,971 - INFO - downloading images for file article_contents/ITV/itv.com-news_2021-01-01_2021-01-31_parsed.json
2024-10-29 14:46:58,971 - INFO - scraping urls from file: ../google_scraping/article_urls/ITV/itv.com-news_2021-02-01_2021-02-28_urls.csv
2024-10-29 14:46:59,227 - INFO - Fetching URL: https://www.itv.com/news/tyne-tees/2021-02-05/durham-cricket-club-announces-fixture-schedule-for-one-day-white-ball-games
2024-10-29 14:47:04,175 - INFO - Successfully accepted cookies
2024-10-29 14:47:11,292 - INFO - Fetching URL: https://www.itv.com/news/tyne-tees/2021-02-12/extra-testing-after-case-of-south-african-covid-19-variant-found-in-middlesbrough
2024-10-29 14:47:22,164 - INFO - Fetching URL: https://www.itv.com/news/anglia/2021-02-10/number-of-neighbourhood-police-officers-in-northamptonshire-set-to-double
2024-10-29 14:47:29,862 - INFO - Parsing url: https://www.itv.com/news/tyne-tees/2021-02-05/durham-cricket-club-announces-fixture-schedule-for-one-day-white-ball-games
2024-10-29 14:47:29,884 - INFO - article dropped, search terms not present: https://www.itv.com/news/tyne-tees/2021-02-05/durham-cricket-club-announces-fixture-schedule-for-one-day-white-ball-games
2024-10-29 14:47:29,884 - INFO - Parsing url: https://www.itv.com/news/tyne-tees/2021-02-12/extra-testing-after-case-of-south-african-covid-19-variant-found-in-middlesbrough
2024-10-29 14:47:29,905 - INFO - article dropped, search terms not present: https://www.itv.com/news/tyne-tees/2021-02-12/extra-testing-after-case-of-south-african-covid-19-variant-found-in-middlesbrough
2024-10-29 14:47:29,905 - INFO - Parsing url: https://www.itv.com/news/anglia/2021-02-10/number-of-neighbourhood-police-officers-in-northamptonshire-set-to-double
2024-10-29 14:47:29,927 - INFO - article dropped, search terms not present: https://www.itv.com/news/anglia/2021-02-10/number-of-neighbourhood-police-officers-in-northamptonshire-set-to-double
2024-10-29 14:47:29,927 - INFO - downloading images for file article_contents/ITV/itv.com-news_2021-02-01_2021-02-28_parsed.json
2024-10-29 14:47:29,928 - INFO - scraping urls from file: ../google_scraping/article_urls/ITV/itv.com-news_2021-03-01_2021-03-31_urls.csv
2024-10-29 14:47:30,211 - INFO - Fetching URL: https://www.itv.com/news/tyne-tees/2021-03-28/itv-news-tyne-tees-unveils-amy-lea-as-its-new-presenter
2024-10-29 14:47:37,070 - INFO - Successfully accepted cookies
2024-10-29 14:47:43,444 - INFO - Fetching URL: https://www.itv.com/news/tyne-tees/2021-03-29/meet-amy-lea-your-new-itv-tyne-tees-presenter
2024-10-29 14:47:59,463 - INFO - Fetching URL: https://www.itv.com/news/tyne-tees/2021-03-19/coastguard-warns-public-to-stay-away-after-dead-whale-washed-up-on-blyth-beach
2024-10-29 14:48:05,998 - INFO - Fetching URL: https://www.itv.com/news/tyne-tees/2021-03-15/important-information-for-tyne-tees-viewers-without-hd-tv-boxes
2024-10-29 14:48:13,703 - INFO - Fetching URL: https://www.itv.com/news/tyne-tees/2021-03-05/historic-engine-announced-to-move-to-shildon-museum
2024-10-29 14:48:22,336 - INFO - Fetching URL: https://www.itv.com/news/tyne-tees/2021-03-11/elderly-woman-who-was-brutally-mugged-i-just-wanted-to-make-sure-it-didnt-happen-to-anyone-else
2024-10-29 14:48:31,453 - INFO - Parsing url: https://www.itv.com/news/tyne-tees/2021-03-28/itv-news-tyne-tees-unveils-amy-lea-as-its-new-presenter
2024-10-29 14:48:31,478 - INFO - article dropped, search terms not present: https://www.itv.com/news/tyne-tees/2021-03-28/itv-news-tyne-tees-unveils-amy-lea-as-its-new-presenter
2024-10-29 14:48:31,478 - INFO - Parsing url: https://www.itv.com/news/tyne-tees/2021-03-29/meet-amy-lea-your-new-itv-tyne-tees-presenter
2024-10-29 14:48:31,534 - INFO - article dropped, search terms not present: https://www.itv.com/news/tyne-tees/2021-03-29/meet-amy-lea-your-new-itv-tyne-tees-presenter
2024-10-29 14:48:31,534 - INFO - Parsing url: https://www.itv.com/news/tyne-tees/2021-03-19/coastguard-warns-public-to-stay-away-after-dead-whale-washed-up-on-blyth-beach
2024-10-29 14:48:31,560 - INFO - article dropped, search terms not present: https://www.itv.com/news/tyne-tees/2021-03-19/coastguard-warns-public-to-stay-away-after-dead-whale-washed-up-on-blyth-beach
2024-10-29 14:48:31,561 - INFO - Parsing url: https://www.itv.com/news/tyne-tees/2021-03-15/important-information-for-tyne-tees-viewers-without-hd-tv-boxes
2024-10-29 14:48:31,698 - INFO - article dropped, search terms not present: https://www.itv.com/news/tyne-tees/2021-03-15/important-information-for-tyne-tees-viewers-without-hd-tv-boxes
2024-10-29 14:48:31,698 - INFO - Parsing url: https://www.itv.com/news/tyne-tees/2021-03-05/historic-engine-announced-to-move-to-shildon-museum
2024-10-29 14:48:31,719 - INFO - article dropped, search terms not present: https://www.itv.com/news/tyne-tees/2021-03-05/historic-engine-announced-to-move-to-shildon-museum
2024-10-29 14:48:31,719 - INFO - Parsing url: https://www.itv.com/news/tyne-tees/2021-03-11/elderly-woman-who-was-brutally-mugged-i-just-wanted-to-make-sure-it-didnt-happen-to-anyone-else
2024-10-29 14:48:31,738 - INFO - article dropped, search terms not present: https://www.itv.com/news/tyne-tees/2021-03-11/elderly-woman-who-was-brutally-mugged-i-just-wanted-to-make-sure-it-didnt-happen-to-anyone-else
2024-10-29 14:48:31,739 - INFO - downloading images for file article_contents/ITV/itv.com-news_2021-03-01_2021-03-31_parsed.json
2024-10-29 14:48:31,747 - INFO - scraping urls from file: ../google_scraping/article_urls/ITV/itv.com-news_2021-04-01_2021-04-30_urls.csv
2024-10-29 14:48:32,020 - INFO - Fetching URL: https://www.itv.com/news/tyne-tees/2021-04-07/meet-the-darlington-drag-queen-helping-to-get-us-all-vaccinated
2024-10-29 14:48:38,350 - INFO - Successfully accepted cookies
2024-10-29 14:48:47,031 - INFO - Fetching URL: https://www.itv.com/news/tyne-tees/2021-04-26/orphan-baby-stoat-rescued-in-whitby
2024-10-29 14:48:56,673 - INFO - Fetching URL: https://www.itv.com/news/tyne-tees/2021-04-28/members-of-organised-crime-group-jailed-for-50-years-for-2m-cocaine-conspiracy
2024-10-29 14:49:06,669 - INFO - Fetching URL: https://www.itv.com/news/meridian/2021-04-10/plans-approved-for-runway-extension-at-southampton-airport
2024-10-29 14:49:16,450 - INFO - Parsing url: https://www.itv.com/news/tyne-tees/2021-04-07/meet-the-darlington-drag-queen-helping-to-get-us-all-vaccinated
2024-10-29 14:49:16,483 - INFO - article dropped, search terms not present: https://www.itv.com/news/tyne-tees/2021-04-07/meet-the-darlington-drag-queen-helping-to-get-us-all-vaccinated
2024-10-29 14:49:16,483 - INFO - Parsing url: https://www.itv.com/news/tyne-tees/2021-04-26/orphan-baby-stoat-rescued-in-whitby
2024-10-29 14:49:16,506 - INFO - article dropped, search terms not present: https://www.itv.com/news/tyne-tees/2021-04-26/orphan-baby-stoat-rescued-in-whitby
2024-10-29 14:49:16,506 - INFO - Parsing url: https://www.itv.com/news/tyne-tees/2021-04-28/members-of-organised-crime-group-jailed-for-50-years-for-2m-cocaine-conspiracy
2024-10-29 14:49:16,529 - INFO - article dropped, search terms not present: https://www.itv.com/news/tyne-tees/2021-04-28/members-of-organised-crime-group-jailed-for-50-years-for-2m-cocaine-conspiracy
2024-10-29 14:49:16,530 - INFO - Parsing url: https://www.itv.com/news/meridian/2021-04-10/plans-approved-for-runway-extension-at-southampton-airport
2024-10-29 14:49:16,556 - INFO - downloading images for file article_contents/ITV/itv.com-news_2021-04-01_2021-04-30_parsed.json
2024-10-29 14:49:16,556 - INFO - downloading images for article https://www.itv.com/news/meridian/2021-04-10/plans-approved-for-runway-extension-at-southampton-airport
2024-10-29 14:49:16,557 - INFO - downloading file at https://images.ctfassets.net/pjshm78m9jt4/352262_0/c38ec81b18e7dd4ca7a9f6c7a3fb1396/importedImage352262_0
2024-10-29 14:49:17,307 - INFO - downloading file at https://images.ctfassets.net/pjshm78m9jt4/4pDeJee8sll9NqFGEbLD2A/f48a9c4b31c714396d4f2cea70f5caa8/Southampton_airport_runway.jpg
2024-10-29 14:49:18,167 - INFO - downloading file at https://images.ctfassets.net/pjshm78m9jt4/387939_4/0227445c830c454894fc45cb4520e52e/importedImage387939_4
2024-10-29 14:49:19,287 - INFO - scraping urls from file: ../google_scraping/article_urls/ITV/itv.com-news_2021-05-01_2021-05-31_urls.csv
2024-10-29 14:49:19,612 - INFO - Fetching URL: https://www.itv.com/news/2021-05-01/may-day-kill-the-bill-protesters-gather-in-london-in-anger-at-proposed-policing-bill
2024-10-29 14:49:25,131 - INFO - Successfully accepted cookies
2024-10-29 14:49:32,987 - INFO - Fetching URL: https://www.itv.com/news/2021-05-01/extinction-rebellion-climate-activists-stage-protest-of-one-road-blocks-across-uk
2024-10-29 14:49:46,920 - INFO - Fetching URL: https://www.itv.com/news/tyne-tees/2021-05-20/katie-cole-lockdown-back-wellbeing-snacks-and-something-other-than-chicken-nuggets
2024-10-29 14:49:55,219 - INFO - Fetching URL: https://www.itv.com/news/tyne-tees/2021-05-27/meet-the-team-gb-womens-football-squad-players-from-our-region
2024-10-29 14:50:07,398 - INFO - Fetching URL: https://www.itv.com/news/tyne-tees/2021-05-03/heartache-for-madgin-family-as-teenager-who-stabbed-samantha-to-death-is-back-behind-bars-just-months-after-release
2024-10-29 14:50:16,430 - INFO - Parsing url: https://www.itv.com/news/2021-05-01/may-day-kill-the-bill-protesters-gather-in-london-in-anger-at-proposed-policing-bill
2024-10-29 14:50:16,454 - INFO - Parsing url: https://www.itv.com/news/2021-05-01/extinction-rebellion-climate-activists-stage-protest-of-one-road-blocks-across-uk
2024-10-29 14:50:16,478 - INFO - Parsing url: https://www.itv.com/news/tyne-tees/2021-05-20/katie-cole-lockdown-back-wellbeing-snacks-and-something-other-than-chicken-nuggets
2024-10-29 14:50:16,498 - INFO - article dropped, search terms not present: https://www.itv.com/news/tyne-tees/2021-05-20/katie-cole-lockdown-back-wellbeing-snacks-and-something-other-than-chicken-nuggets
2024-10-29 14:50:16,498 - INFO - Parsing url: https://www.itv.com/news/tyne-tees/2021-05-27/meet-the-team-gb-womens-football-squad-players-from-our-region
2024-10-29 14:50:16,523 - INFO - article dropped, search terms not present: https://www.itv.com/news/tyne-tees/2021-05-27/meet-the-team-gb-womens-football-squad-players-from-our-region
2024-10-29 14:50:16,524 - INFO - Parsing url: https://www.itv.com/news/tyne-tees/2021-05-03/heartache-for-madgin-family-as-teenager-who-stabbed-samantha-to-death-is-back-behind-bars-just-months-after-release
2024-10-29 14:50:16,546 - INFO - article dropped, search terms not present: https://www.itv.com/news/tyne-tees/2021-05-03/heartache-for-madgin-family-as-teenager-who-stabbed-samantha-to-death-is-back-behind-bars-just-months-after-release
2024-10-29 14:50:16,547 - INFO - downloading images for file article_contents/ITV/itv.com-news_2021-05-01_2021-05-31_parsed.json
2024-10-29 14:50:16,547 - INFO - downloading images for article https://www.itv.com/news/2021-05-01/may-day-kill-the-bill-protesters-gather-in-london-in-anger-at-proposed-policing-bill
2024-10-29 14:50:16,547 - INFO - downloading file at https://images.ctfassets.net/pjshm78m9jt4/headerImage-fc7981f7-abf3-4786-bb72-82a399908145/8960a72fe224f153ed0612b59213c02b/headerImage-fc7981f7-abf3-4786-bb72-82a399908145
2024-10-29 14:50:17,677 - INFO - downloading file at https://images.ctfassets.net/pjshm78m9jt4/embedded259507381/5ff2a7000bb9701f2f7a822f727264ba/importedImageembedded259507381
2024-10-29 14:50:18,130 - INFO - downloading images for article https://www.itv.com/news/2021-05-01/extinction-rebellion-climate-activists-stage-protest-of-one-road-blocks-across-uk
2024-10-29 14:50:18,132 - INFO - downloading file at https://images.ctfassets.net/pjshm78m9jt4/4ZvlrV0C51VsqKWTijuzAx/a81ce0d19bb502183391fcf50a33bcd7/PA-59507784__1_.jpg
2024-10-29 14:50:19,044 - INFO - downloading file at https://images.ctfassets.net/pjshm78m9jt4/3Pa5vzZVCjbvPQbl9N8Y2m/20717164fe1bbfb5ed5f73fe95ecb5c3/PA-59507786__1_.jpg
2024-10-29 14:50:19,975 - INFO - downloading file at https://images.ctfassets.net/pjshm78m9jt4/embedded5369076/27af9c22caa7d5cca77e0f900badeee9/importedImageembedded5369076
2024-10-29 14:50:21,095 - INFO - scraping urls from file: ../google_scraping/article_urls/ITV/itv.com-news_2021-06-01_2021-06-30_urls.csv
2024-10-29 14:50:21,408 - INFO - Fetching URL: https://www.itv.com/news/wales/2021-06-23/climate-change-campaigner-greta-thunberg-backs-welsh-government-plans-to-freeze-new-road-building-projects
2024-10-29 14:50:31,766 - INFO - Successfully accepted cookies
2024-10-29 14:50:39,654 - INFO - Fetching URL: https://www.itv.com/news/westcountry/2021-06-02/g7-summit-cornwall-xr-apologises-to-people-of-falmouth-ahead-of-protests
2024-10-29 14:50:51,141 - INFO - Fetching URL: https://www.itv.com/news/tyne-tees/2021-06-21/middlesbrough-shopkeeper-confronts-police-minister-and-pcc-over-break-ins
2024-10-29 14:50:58,232 - INFO - Fetching URL: https://www.itv.com/news/2021-06-04/shipping-boss-sorry-for-harm-to-sri-lanka-as-chemical-laden-cargo-ship-burns-and-sinks
2024-10-29 14:51:11,349 - INFO - Fetching URL: https://www.itv.com/news/2021-06-26/hordes-of-protesters-take-to-london-amid-bumper-weekend-of-demonstrations
2024-10-29 14:51:22,811 - INFO - Fetching URL: https://www.itv.com/news/tyne-tees/2021-06-11/new-indiana-jones-filming-lights-up-the-sky-at-bamburgh-castle
2024-10-29 14:51:31,648 - INFO - Fetching URL: https://www.itv.com/news/tyne-tees/2021-06-09/harrison-ford-another-day-of-indiana-jones-action-this-time-on-newcastle-quayside
2024-10-29 14:51:41,208 - INFO - Fetching URL: https://www.itv.com/news/tyne-tees/2021-06-20/jubilation-as-hartlepool-united-return-to-football-league-after-penalty-shoot-out-win-over-torquay
2024-10-29 14:51:53,183 - INFO - Fetching URL: https://www.itv.com/news/tyne-tees/2021-06-30/aiden-mcgeady-returns-to-sunderland-signing-a-one-year-deal-at-the-stadium-of-light
2024-10-29 14:52:01,482 - INFO - Fetching URL: https://www.itv.com/news/anglia/2021-06-21/extinction-rebellion-youth-cambridge-stencil-churchill-was-a-racist-on-churchill-college-sign
2024-10-29 14:52:11,385 - INFO - Fetching URL: https://www.itv.com/news/westcountry/2021-06-11/blimp-of-boris-johnson-and-joe-biden-holding-hands-appears-in-cornwall-as-g7-summit-begins
2024-10-29 14:52:20,498 - INFO - Fetching URL: https://www.itv.com/news/tyne-tees/2021-06-09/formal-planning-submitted-for-100m-transformation-of-darlington-station-submitted
2024-10-29 14:52:32,454 - INFO - Fetching URL: https://www.itv.com/news/tyne-tees/2021-06-07/north-easts-biggest-multicultural-festival-returns-to-middlesbrough-this-summer
2024-10-29 14:52:41,921 - INFO - Fetching URL: https://www.itv.com/news/tyne-tees/2021-06-10/fire-at-the-popular-tynemouth-restaurant-rileys-fish-shack
2024-10-29 14:52:50,492 - INFO - Fetching URL: https://www.itv.com/news/2021-06-12/in-pictures-g7-protesters-take-to-the-water-to-save-our-seas
2024-10-29 14:53:05,192 - INFO - Fetching URL: https://www.itv.com/news/tyne-tees/2021-06-10/seal-spotters-wanted-on-the-river-tees-no-experience-required
2024-10-29 14:53:14,547 - INFO - Parsing url: https://www.itv.com/news/wales/2021-06-23/climate-change-campaigner-greta-thunberg-backs-welsh-government-plans-to-freeze-new-road-building-projects
2024-10-29 14:53:14,569 - INFO - Parsing url: https://www.itv.com/news/westcountry/2021-06-02/g7-summit-cornwall-xr-apologises-to-people-of-falmouth-ahead-of-protests
2024-10-29 14:53:14,595 - INFO - Parsing url: https://www.itv.com/news/tyne-tees/2021-06-21/middlesbrough-shopkeeper-confronts-police-minister-and-pcc-over-break-ins
2024-10-29 14:53:14,630 - INFO - article dropped, search terms not present: https://www.itv.com/news/tyne-tees/2021-06-21/middlesbrough-shopkeeper-confronts-police-minister-and-pcc-over-break-ins
2024-10-29 14:53:14,631 - INFO - Parsing url: https://www.itv.com/news/2021-06-04/shipping-boss-sorry-for-harm-to-sri-lanka-as-chemical-laden-cargo-ship-burns-and-sinks
2024-10-29 14:53:14,663 - INFO - article dropped, search terms not present: https://www.itv.com/news/2021-06-04/shipping-boss-sorry-for-harm-to-sri-lanka-as-chemical-laden-cargo-ship-burns-and-sinks
2024-10-29 14:53:14,663 - INFO - Parsing url: https://www.itv.com/news/2021-06-26/hordes-of-protesters-take-to-london-amid-bumper-weekend-of-demonstrations
2024-10-29 14:53:14,691 - INFO - Parsing url: https://www.itv.com/news/tyne-tees/2021-06-11/new-indiana-jones-filming-lights-up-the-sky-at-bamburgh-castle
2024-10-29 14:53:14,718 - INFO - article dropped, search terms not present: https://www.itv.com/news/tyne-tees/2021-06-11/new-indiana-jones-filming-lights-up-the-sky-at-bamburgh-castle
2024-10-29 14:53:14,718 - INFO - Parsing url: https://www.itv.com/news/tyne-tees/2021-06-09/harrison-ford-another-day-of-indiana-jones-action-this-time-on-newcastle-quayside
2024-10-29 14:53:14,744 - INFO - article dropped, search terms not present: https://www.itv.com/news/tyne-tees/2021-06-09/harrison-ford-another-day-of-indiana-jones-action-this-time-on-newcastle-quayside
2024-10-29 14:53:14,744 - INFO - Parsing url: https://www.itv.com/news/tyne-tees/2021-06-20/jubilation-as-hartlepool-united-return-to-football-league-after-penalty-shoot-out-win-over-torquay
2024-10-29 14:53:14,770 - INFO - article dropped, search terms not present: https://www.itv.com/news/tyne-tees/2021-06-20/jubilation-as-hartlepool-united-return-to-football-league-after-penalty-shoot-out-win-over-torquay
2024-10-29 14:53:14,770 - INFO - Parsing url: https://www.itv.com/news/tyne-tees/2021-06-30/aiden-mcgeady-returns-to-sunderland-signing-a-one-year-deal-at-the-stadium-of-light
2024-10-29 14:53:14,792 - INFO - article dropped, search terms not present: https://www.itv.com/news/tyne-tees/2021-06-30/aiden-mcgeady-returns-to-sunderland-signing-a-one-year-deal-at-the-stadium-of-light
2024-10-29 14:53:14,792 - INFO - Parsing url: https://www.itv.com/news/anglia/2021-06-21/extinction-rebellion-youth-cambridge-stencil-churchill-was-a-racist-on-churchill-college-sign
2024-10-29 14:53:14,813 - INFO - Parsing url: https://www.itv.com/news/westcountry/2021-06-11/blimp-of-boris-johnson-and-joe-biden-holding-hands-appears-in-cornwall-as-g7-summit-begins
2024-10-29 14:53:14,834 - INFO - Parsing url: https://www.itv.com/news/tyne-tees/2021-06-09/formal-planning-submitted-for-100m-transformation-of-darlington-station-submitted
2024-10-29 14:53:14,855 - INFO - article dropped, search terms not present: https://www.itv.com/news/tyne-tees/2021-06-09/formal-planning-submitted-for-100m-transformation-of-darlington-station-submitted
2024-10-29 14:53:14,855 - INFO - Parsing url: https://www.itv.com/news/tyne-tees/2021-06-07/north-easts-biggest-multicultural-festival-returns-to-middlesbrough-this-summer
2024-10-29 14:53:14,875 - INFO - article dropped, search terms not present: https://www.itv.com/news/tyne-tees/2021-06-07/north-easts-biggest-multicultural-festival-returns-to-middlesbrough-this-summer
2024-10-29 14:53:14,875 - INFO - Parsing url: https://www.itv.com/news/tyne-tees/2021-06-10/fire-at-the-popular-tynemouth-restaurant-rileys-fish-shack
2024-10-29 14:53:14,897 - INFO - article dropped, search terms not present: https://www.itv.com/news/tyne-tees/2021-06-10/fire-at-the-popular-tynemouth-restaurant-rileys-fish-shack
2024-10-29 14:53:14,897 - INFO - Parsing url: https://www.itv.com/news/2021-06-12/in-pictures-g7-protesters-take-to-the-water-to-save-our-seas
2024-10-29 14:53:14,925 - INFO - Parsing url: https://www.itv.com/news/tyne-tees/2021-06-10/seal-spotters-wanted-on-the-river-tees-no-experience-required
2024-10-29 14:53:15,088 - INFO - article dropped, search terms not present: https://www.itv.com/news/tyne-tees/2021-06-10/seal-spotters-wanted-on-the-river-tees-no-experience-required
2024-10-29 14:53:15,089 - INFO - downloading images for file article_contents/ITV/itv.com-news_2021-06-01_2021-06-30_parsed.json
2024-10-29 14:53:15,089 - INFO - downloading images for article https://www.itv.com/news/wales/2021-06-23/climate-change-campaigner-greta-thunberg-backs-welsh-government-plans-to-freeze-new-road-building-projects
2024-10-29 14:53:15,090 - INFO - downloading file at https://images.ctfassets.net/pjshm78m9jt4/2tbPm7v9E2pPE7TIgwgFRj/a139b23313bf4ad2c8253859d42f8a4b/PA-44439218.jpg
2024-10-29 14:53:15,905 - INFO - downloading file at https://images.ctfassets.net/pjshm78m9jt4/3FmF7XWqTbHSCMrrpx1ejI/98bbf1d467fb36db18722058df7b4b3e/PA-6645322.jpg
2024-10-29 14:53:16,655 - INFO - downloading file at https://images.ctfassets.net/pjshm78m9jt4/3IZamPIGnyynoxIFm28nRO/c0cad599e601227c3f81cd9ab8ab2869/natasha.PNG
2024-10-29 14:53:17,124 - INFO - downloading images for article https://www.itv.com/news/westcountry/2021-06-02/g7-summit-cornwall-xr-apologises-to-people-of-falmouth-ahead-of-protests
2024-10-29 14:53:17,126 - INFO - downloading file at https://images.ctfassets.net/pjshm78m9jt4/5zvjnbqfBZPArONZKN6fk6/f1f933e0d5b378162ce0e806fb80e9a1/Screen_Shot_2021-06-02_at_11.25.06_AM.png
2024-10-29 14:53:17,862 - INFO - downloading file at https://images.ctfassets.net/pjshm78m9jt4/7LePy8WyNQhoSqIvXa6D7U/729d530afa5b69372bd8c524eab511c9/PA-48362036.jpg
2024-10-29 14:53:18,973 - INFO - downloading file at https://images.ctfassets.net/pjshm78m9jt4/5fj2GB7oGw1deG8P3oyajs/1e338f75e919ddebc3665f283ecefd8b/HSBC22.jpg
2024-10-29 14:53:21,156 - INFO - downloading file at https://images.ctfassets.net/pjshm78m9jt4/3hzG7zcUkjfXLT7P3tvTrd/6737996e4cffc9cfb6472946dc687e79/HSBC32.jpg
2024-10-29 14:53:22,315 - INFO - downloading images for article https://www.itv.com/news/2021-06-26/hordes-of-protesters-take-to-london-amid-bumper-weekend-of-demonstrations
2024-10-29 14:53:22,317 - INFO - downloading file at https://images.ctfassets.net/pjshm78m9jt4/1YB1cyFuqS7uCBx9j86kjQ/e5d1145b3bd815347669f03b31d311ae/PA-60586344__1_.jpg
2024-10-29 14:53:23,468 - INFO - downloading file at https://images.ctfassets.net/pjshm78m9jt4/73LayLKglXAUCEBlehth7Y/b95a37a7967a6b7f71bcbe1ff77de211/PA-60587574.jpg
2024-10-29 14:53:24,315 - INFO - downloading file at https://images.ctfassets.net/pjshm78m9jt4/2UZ8Hg3gyPDTX6lQRUIiAz/d2fc2510bca2d53472c46d1135c16c88/2.60587968.jpg
2024-10-29 14:53:26,220 - INFO - downloading file at https://images.ctfassets.net/pjshm78m9jt4/nMt1pfHYQa9LfQeMDvL5Z/a1c7180a1410a61824ecc947695b13cc/2.60585433.jpg
2024-10-29 14:53:27,069 - INFO - downloading images for article https://www.itv.com/news/anglia/2021-06-21/extinction-rebellion-youth-cambridge-stencil-churchill-was-a-racist-on-churchill-college-sign
2024-10-29 14:53:27,071 - INFO - downloading file at https://images.ctfassets.net/pjshm78m9jt4/2T0KirVHIsgQeTMRZ9P9uE/090368721083120cfb8061f1725585c3/signal-2021-06-20-231059_002.jpeg
2024-10-29 14:53:27,807 - INFO - downloading file at https://images.ctfassets.net/pjshm78m9jt4/6NfXRvd3OfGdX4aM4EGprh/3927e37b213dc850ce8b5cec5b464398/XR.jpg
2024-10-29 14:53:28,379 - INFO - downloading file at https://images.ctfassets.net/pjshm78m9jt4/68iu0U3VGqHMdeHEou56hm/343711be29bf3546899c2fa686068463/signal-2021-06-20-231059_003.jpeg
2024-10-29 14:53:28,803 - INFO - downloading images for article https://www.itv.com/news/westcountry/2021-06-11/blimp-of-boris-johnson-and-joe-biden-holding-hands-appears-in-cornwall-as-g7-summit-begins
2024-10-29 14:53:28,805 - INFO - downloading file at https://images.ctfassets.net/pjshm78m9jt4/14JWFQ9LMPh0QUasNyObz3/53e51fc2d7d65d3653a6340ecca95fc7/COR_Boris_Blimp_03_copy.jpg
2024-10-29 14:53:30,600 - INFO - downloading file at https://images.ctfassets.net/pjshm78m9jt4/xOeCGvAkr6O30lnIkFOFH/c85e4bc7907654cd921abcd724aa5d38/COR_Boris_Blimp_05_copy.jpg
2024-10-29 14:53:31,048 - INFO - downloading images for article https://www.itv.com/news/2021-06-12/in-pictures-g7-protesters-take-to-the-water-to-save-our-seas
2024-10-29 14:53:31,051 - INFO - downloading file at https://images.ctfassets.net/pjshm78m9jt4/headerImage-954b4b2c-78bf-4574-8d2e-fa367fc85f7f/f3a5b7d0b370b39a39411ec4644d7163/headerImage-954b4b2c-78bf-4574-8d2e-fa367fc85f7f
2024-10-29 14:53:32,257 - INFO - downloading file at https://images.ctfassets.net/pjshm78m9jt4/embedded260316482/0c779e801a62dd1d2ba4a23a5e415eb2/importedImageembedded260316482
2024-10-29 14:53:32,653 - INFO - downloading file at https://images.ctfassets.net/pjshm78m9jt4/embedded260316560/506e5d7f2d7b68716d4213f37f944076/importedImageembedded260316560
2024-10-29 14:53:32,955 - INFO - downloading file at https://images.ctfassets.net/pjshm78m9jt4/embedded260316386/3a23c68b12a30605709ca89177869bf2/importedImageembedded260316386
2024-10-29 14:53:33,263 - INFO - downloading file at https://images.ctfassets.net/pjshm78m9jt4/embedded260316622/5ba2ed99c73ee5bd05571013c0472445/importedImageembedded260316622
2024-10-29 14:53:33,596 - INFO - downloading file at https://images.ctfassets.net/pjshm78m9jt4/embedded260315746/7539486aaa45572f3612fd01906bd61c/importedImageembedded260315746
2024-10-29 14:53:33,987 - INFO - downloading file at https://images.ctfassets.net/pjshm78m9jt4/embedded260315815/d48a74471abcf48aaeb3a5faaf5b063e/importedImageembedded260315815
2024-10-29 14:53:34,284 - INFO - downloading file at https://images.ctfassets.net/pjshm78m9jt4/embedded260315729/c66fa00c4f0352947123653f745e6508/importedImageembedded260315729
2024-10-29 14:53:34,604 - INFO - downloading file at https://images.ctfassets.net/pjshm78m9jt4/embedded260315814/2a63e576e335990b145252fb22bc8af4/importedImageembedded260315814
2024-10-29 14:53:34,908 - INFO - scraping urls from file: ../google_scraping/article_urls/ITV/itv.com-news_2021-07-01_2021-07-31_urls.csv
2024-10-29 14:53:35,157 - INFO - Fetching URL: https://www.itv.com/news/tyne-tees/2021-07-06/good-luck-jordan-students-at-hendersons-old-school-wish-him-well-ahead-of-euro-semi-final
2024-10-29 14:53:42,777 - INFO - Successfully accepted cookies
2024-10-29 14:53:50,678 - INFO - Fetching URL: https://www.itv.com/news/tyne-tees/2021-07-16/sunderland-make-third-new-signing-ahead-of-the-202122-season
2024-10-29 14:53:58,062 - INFO - Fetching URL: https://www.itv.com/news/tyne-tees/2021-07-28/how-to-see-the-world-famous-flying-scotsman-in-county-durham-for-free
2024-10-29 14:54:09,175 - INFO - Fetching URL: https://www.itv.com/news/tyne-tees/2021-07-20/county-durham-woman-warns-people-to-think-twice-about-a-holiday-after-isolation
2024-10-29 14:54:20,327 - INFO - Fetching URL: https://www.itv.com/news/tyne-tees/2021-07-23/rotherham-uniteds-matt-crooks-becomes-boros-fifth-signing-of-the-summer
2024-10-29 14:54:28,043 - INFO - Fetching URL: https://www.itv.com/news/tyne-tees/2021-07-28/the-return-of-live-music-as-stereophonics-take-to-the-stage-in-scarborough
2024-10-29 14:54:37,819 - INFO - Parsing url: https://www.itv.com/news/tyne-tees/2021-07-06/good-luck-jordan-students-at-hendersons-old-school-wish-him-well-ahead-of-euro-semi-final
2024-10-29 14:54:37,855 - INFO - article dropped, search terms not present: https://www.itv.com/news/tyne-tees/2021-07-06/good-luck-jordan-students-at-hendersons-old-school-wish-him-well-ahead-of-euro-semi-final
2024-10-29 14:54:37,855 - INFO - Parsing url: https://www.itv.com/news/tyne-tees/2021-07-16/sunderland-make-third-new-signing-ahead-of-the-202122-season
2024-10-29 14:54:37,879 - INFO - article dropped, search terms not present: https://www.itv.com/news/tyne-tees/2021-07-16/sunderland-make-third-new-signing-ahead-of-the-202122-season
2024-10-29 14:54:37,879 - INFO - Parsing url: https://www.itv.com/news/tyne-tees/2021-07-28/how-to-see-the-world-famous-flying-scotsman-in-county-durham-for-free
2024-10-29 14:54:37,906 - INFO - article dropped, search terms not present: https://www.itv.com/news/tyne-tees/2021-07-28/how-to-see-the-world-famous-flying-scotsman-in-county-durham-for-free
2024-10-29 14:54:37,906 - INFO - Parsing url: https://www.itv.com/news/tyne-tees/2021-07-20/county-durham-woman-warns-people-to-think-twice-about-a-holiday-after-isolation
2024-10-29 14:54:37,938 - INFO - article dropped, search terms not present: https://www.itv.com/news/tyne-tees/2021-07-20/county-durham-woman-warns-people-to-think-twice-about-a-holiday-after-isolation
2024-10-29 14:54:37,938 - INFO - Parsing url: https://www.itv.com/news/tyne-tees/2021-07-23/rotherham-uniteds-matt-crooks-becomes-boros-fifth-signing-of-the-summer
2024-10-29 14:54:37,962 - INFO - article dropped, search terms not present: https://www.itv.com/news/tyne-tees/2021-07-23/rotherham-uniteds-matt-crooks-becomes-boros-fifth-signing-of-the-summer
2024-10-29 14:54:37,962 - INFO - Parsing url: https://www.itv.com/news/tyne-tees/2021-07-28/the-return-of-live-music-as-stereophonics-take-to-the-stage-in-scarborough
2024-10-29 14:54:37,981 - INFO - article dropped, search terms not present: https://www.itv.com/news/tyne-tees/2021-07-28/the-return-of-live-music-as-stereophonics-take-to-the-stage-in-scarborough
2024-10-29 14:54:37,982 - INFO - downloading images for file article_contents/ITV/itv.com-news_2021-07-01_2021-07-31_parsed.json
2024-10-29 14:54:37,982 - INFO - scraping urls from file: ../google_scraping/article_urls/ITV/itv.com-news_2021-08-01_2021-08-31_urls.csv
2024-10-29 14:54:38,268 - INFO - Fetching URL: https://www.itv.com/news/london/2021-08-31/more-than-300-arrests-made-during-first-week-of-extinction-rebellion-protests
2024-10-29 14:54:44,128 - INFO - Successfully accepted cookies
2024-10-29 14:54:51,186 - INFO - Fetching URL: https://www.itv.com/news/tyne-tees/2021-08-17/north-yorkshire-church-asks-tourists-to-stop-asking-where-draculas-grave-is
2024-10-29 14:54:59,063 - INFO - Fetching URL: https://www.itv.com/news/tyne-tees/2021-08-17/video-highlights-dangers-of-drug-driving-after-boy-hit-from-his-bike-in-stockton
2024-10-29 14:55:09,691 - INFO - Fetching URL: https://www.itv.com/news/anglia/2021-08-08/teens-arrested-over-murder-of-16-year-old-boy-are-released-without-charge
2024-10-29 14:55:17,334 - INFO - Fetching URL: https://www.itv.com/news/london/2021-08-24/extinction-rebellion-giant-pink-table-dismantled-on-day-two-of-xr-protest
2024-10-29 14:55:26,350 - INFO - Fetching URL: https://www.itv.com/news/tyne-tees/2021-08-14/4m-renovation-of-newcastle-central-station-to-start-in-september
2024-10-29 14:55:37,052 - INFO - Fetching URL: https://www.itv.com/news/tyne-tees/2021-08-02/head-and-heart-dj-joel-corry-on-producing-a-lockdown-hit-and-returning-to-newcastle
2024-10-29 14:55:51,216 - INFO - Fetching URL: https://www.itv.com/news/tyne-tees/2021-08-26/newcastle-keeper-woodman-hopes-for-change-in-fortunes-after-league-cup-loss
2024-10-29 14:56:01,465 - INFO - Fetching URL: https://www.itv.com/news/tyne-tees/2021-08-13/undercover-big-boss-sees-newcastle-based-ceo-give-worker-15000-towards-house
2024-10-29 14:56:12,846 - INFO - Fetching URL: https://www.itv.com/news/london/2021-08-31/extinction-rebellion-block-london-bridge-and-entrance-to-no-10-with-white-prams
2024-10-29 14:56:24,594 - INFO - Fetching URL: https://www.itv.com/news/tyne-tees/2021-08-12/middlesbrough-to-london-direct-trains-confirmed-to-run-from-december
2024-10-29 14:56:33,072 - INFO - Fetching URL: https://www.itv.com/news/tyne-tees/2021-08-06/pride-celebrations-return-to-darlington-this-weekend
2024-10-29 14:56:49,758 - INFO - Fetching URL: https://www.itv.com/news/tyne-tees/2021-08-11/undiscovered-part-of-hadrians-wall-found-under-newcastles-busiest-street
2024-10-29 14:57:00,760 - INFO - Fetching URL: https://www.itv.com/news/tyne-tees/2021-08-10/nail-art-inspired-by-north-east-bakery-chain-greggs-goes-viral-on-social-media
2024-10-29 14:57:08,560 - INFO - Parsing url: https://www.itv.com/news/london/2021-08-31/more-than-300-arrests-made-during-first-week-of-extinction-rebellion-protests
2024-10-29 14:57:08,589 - INFO - Parsing url: https://www.itv.com/news/tyne-tees/2021-08-17/north-yorkshire-church-asks-tourists-to-stop-asking-where-draculas-grave-is
2024-10-29 14:57:08,613 - INFO - article dropped, search terms not present: https://www.itv.com/news/tyne-tees/2021-08-17/north-yorkshire-church-asks-tourists-to-stop-asking-where-draculas-grave-is
2024-10-29 14:57:08,613 - INFO - Parsing url: https://www.itv.com/news/tyne-tees/2021-08-17/video-highlights-dangers-of-drug-driving-after-boy-hit-from-his-bike-in-stockton
2024-10-29 14:57:08,654 - INFO - article dropped, search terms not present: https://www.itv.com/news/tyne-tees/2021-08-17/video-highlights-dangers-of-drug-driving-after-boy-hit-from-his-bike-in-stockton
2024-10-29 14:57:08,654 - INFO - Parsing url: https://www.itv.com/news/anglia/2021-08-08/teens-arrested-over-murder-of-16-year-old-boy-are-released-without-charge
2024-10-29 14:57:08,690 - INFO - article dropped, search terms not present: https://www.itv.com/news/anglia/2021-08-08/teens-arrested-over-murder-of-16-year-old-boy-are-released-without-charge
2024-10-29 14:57:08,690 - INFO - Parsing url: https://www.itv.com/news/london/2021-08-24/extinction-rebellion-giant-pink-table-dismantled-on-day-two-of-xr-protest
2024-10-29 14:57:08,715 - INFO - Parsing url: https://www.itv.com/news/tyne-tees/2021-08-14/4m-renovation-of-newcastle-central-station-to-start-in-september
2024-10-29 14:57:08,735 - INFO - article dropped, search terms not present: https://www.itv.com/news/tyne-tees/2021-08-14/4m-renovation-of-newcastle-central-station-to-start-in-september
2024-10-29 14:57:08,735 - INFO - Parsing url: https://www.itv.com/news/tyne-tees/2021-08-02/head-and-heart-dj-joel-corry-on-producing-a-lockdown-hit-and-returning-to-newcastle
2024-10-29 14:57:08,767 - INFO - article dropped, search terms not present: https://www.itv.com/news/tyne-tees/2021-08-02/head-and-heart-dj-joel-corry-on-producing-a-lockdown-hit-and-returning-to-newcastle
2024-10-29 14:57:08,767 - INFO - Parsing url: https://www.itv.com/news/tyne-tees/2021-08-26/newcastle-keeper-woodman-hopes-for-change-in-fortunes-after-league-cup-loss
2024-10-29 14:57:08,784 - INFO - article dropped, search terms not present: https://www.itv.com/news/tyne-tees/2021-08-26/newcastle-keeper-woodman-hopes-for-change-in-fortunes-after-league-cup-loss
2024-10-29 14:57:08,785 - INFO - Parsing url: https://www.itv.com/news/tyne-tees/2021-08-13/undercover-big-boss-sees-newcastle-based-ceo-give-worker-15000-towards-house
2024-10-29 14:57:08,806 - INFO - article dropped, search terms not present: https://www.itv.com/news/tyne-tees/2021-08-13/undercover-big-boss-sees-newcastle-based-ceo-give-worker-15000-towards-house
2024-10-29 14:57:08,806 - INFO - Parsing url: https://www.itv.com/news/london/2021-08-31/extinction-rebellion-block-london-bridge-and-entrance-to-no-10-with-white-prams
2024-10-29 14:57:08,971 - INFO - Parsing url: https://www.itv.com/news/tyne-tees/2021-08-12/middlesbrough-to-london-direct-trains-confirmed-to-run-from-december
2024-10-29 14:57:08,991 - INFO - article dropped, search terms not present: https://www.itv.com/news/tyne-tees/2021-08-12/middlesbrough-to-london-direct-trains-confirmed-to-run-from-december
2024-10-29 14:57:08,991 - INFO - Parsing url: https://www.itv.com/news/tyne-tees/2021-08-06/pride-celebrations-return-to-darlington-this-weekend
2024-10-29 14:57:09,015 - INFO - article dropped, search terms not present: https://www.itv.com/news/tyne-tees/2021-08-06/pride-celebrations-return-to-darlington-this-weekend
2024-10-29 14:57:09,015 - INFO - Parsing url: https://www.itv.com/news/tyne-tees/2021-08-11/undiscovered-part-of-hadrians-wall-found-under-newcastles-busiest-street
2024-10-29 14:57:09,033 - INFO - article dropped, search terms not present: https://www.itv.com/news/tyne-tees/2021-08-11/undiscovered-part-of-hadrians-wall-found-under-newcastles-busiest-street
2024-10-29 14:57:09,034 - INFO - Parsing url: https://www.itv.com/news/tyne-tees/2021-08-10/nail-art-inspired-by-north-east-bakery-chain-greggs-goes-viral-on-social-media
2024-10-29 14:57:09,052 - INFO - article dropped, search terms not present: https://www.itv.com/news/tyne-tees/2021-08-10/nail-art-inspired-by-north-east-bakery-chain-greggs-goes-viral-on-social-media
2024-10-29 14:57:09,052 - INFO - downloading images for file article_contents/ITV/itv.com-news_2021-08-01_2021-08-31_parsed.json
2024-10-29 14:57:09,052 - INFO - downloading images for article https://www.itv.com/news/london/2021-08-31/more-than-300-arrests-made-during-first-week-of-extinction-rebellion-protests
2024-10-29 14:57:09,053 - INFO - downloading file at https://images.ctfassets.net/pjshm78m9jt4/23CnVJxAqHgE29U2npoINt/19be8f24973b07bae2f7aa7e04ea1fe1/PA-62080889.jpg
2024-10-29 14:57:10,574 - INFO - downloading file at https://images.ctfassets.net/pjshm78m9jt4/embedded262078793/869a7fed573527751d215fd044d7bc72/importedImageembedded262078793
2024-10-29 14:57:10,969 - INFO - downloading file at https://images.ctfassets.net/pjshm78m9jt4/embedded262078544/8f3204132f115c0f61d950a848ccd7e5/importedImageembedded262078544
2024-10-29 14:57:11,280 - INFO - downloading images for article https://www.itv.com/news/london/2021-08-24/extinction-rebellion-giant-pink-table-dismantled-on-day-two-of-xr-protest
2024-10-29 14:57:11,282 - INFO - downloading file at https://images.ctfassets.net/pjshm78m9jt4/2PhwallVEM7OYHV4XbNwlp/047fcc93d03510a88e50eedf5534a3d9/2.61940454.jpg
2024-10-29 14:57:12,716 - INFO - downloading file at https://images.ctfassets.net/pjshm78m9jt4/69682DCmdqEIdOptrUb5y3/10d934c4695dceef0ddef5240f2fd8df/2.61940528.jpg
2024-10-29 14:57:13,336 - INFO - downloading file at https://images.ctfassets.net/pjshm78m9jt4/4HNx3rF1mH2vVE6Zy3vdxt/8289e015a6f1358a1291b8fdd71533d1/2.61941118.jpg
2024-10-29 14:57:13,873 - INFO - downloading images for article https://www.itv.com/news/london/2021-08-31/extinction-rebellion-block-london-bridge-and-entrance-to-no-10-with-white-prams
2024-10-29 14:57:13,875 - INFO - downloading file at https://images.ctfassets.net/pjshm78m9jt4/PL7sObV1auMLOoQdO1vt0/5d85bb5c5997ec8a1cab3443f3759991/WhatsApp_Image_2021-08-31_at_14.43.21.jpeg
2024-10-29 14:57:14,356 - INFO - scraping urls from file: ../google_scraping/article_urls/ITV/itv.com-news_2021-09-01_2021-09-30_urls.csv
2024-10-29 14:57:14,599 - INFO - Fetching URL: https://www.itv.com/news/tyne-tees/2021-09-02/tribute-paid-to-19-year-old-steven-thompson-who-died-after-nightclub-assault
2024-10-29 14:57:19,169 - INFO - Successfully accepted cookies
2024-10-29 14:57:25,436 - INFO - Fetching URL: https://www.itv.com/news/tyne-tees/2021-09-09/newcastle-pilot-leads-to-70-reduction-in-time-people-spend-in-homeless-system
2024-10-29 14:57:37,284 - INFO - Fetching URL: https://www.itv.com/news/tyne-tees/2021-09-15/giant-moon-artwork-lands-in-durham-cathedral
2024-10-29 14:57:44,442 - INFO - Fetching URL: https://www.itv.com/news/tyne-tees/2021-09-21/bid-to-replace-teesside-hospital-in-disrepair
2024-10-29 14:57:54,351 - INFO - Fetching URL: https://www.itv.com/news/2021-09-13/environment-protesters-leave-m25-at-standstill-after-blocking-junctions
2024-10-29 14:58:05,287 - INFO - Fetching URL: https://www.itv.com/news/2021-09-20/who-are-insulate-britain-the-group-blocking-the-m25-and-what-do-they-want
2024-10-29 14:58:17,991 - INFO - Fetching URL: https://www.itv.com/news/2021-09-24/former-paralympian-jailed-for-supergluing-himself-to-plane-in-xr-protest
2024-10-29 14:58:28,511 - INFO - Fetching URL: https://www.itv.com/news/2021-09-20/climate-protesters-arrested-after-causing-m25-rush-hour-traffic-for-fourth-time
2024-10-29 14:58:41,926 - INFO - Fetching URL: https://www.itv.com/news/tyne-tees/2021-09-20/newcastle-speedway-hosts-what-is-likely-to-be-its-final-meeting-after-92-years
2024-10-29 14:58:52,225 - INFO - Fetching URL: https://www.itv.com/news/tyne-tees/2021-09-05/hartlepools-jeff-stelling-completes-fourth-football-walk-for-prostate-cancer-uk
2024-10-29 14:59:02,500 - INFO - Fetching URL: https://www.itv.com/news/calendar/2021-09-10/roy-chubby-brown-protest-held-in-sheffield-over-cancelled-comics-show
2024-10-29 14:59:11,485 - INFO - Fetching URL: https://www.itv.com/news/tyne-tees/2021-09-13/planning-permission-granted-for-the-first-railway-station-on-northumberland-line
2024-10-29 14:59:18,919 - INFO - Parsing url: https://www.itv.com/news/tyne-tees/2021-09-02/tribute-paid-to-19-year-old-steven-thompson-who-died-after-nightclub-assault
2024-10-29 14:59:18,941 - INFO - article dropped, search terms not present: https://www.itv.com/news/tyne-tees/2021-09-02/tribute-paid-to-19-year-old-steven-thompson-who-died-after-nightclub-assault
2024-10-29 14:59:18,941 - INFO - Parsing url: https://www.itv.com/news/tyne-tees/2021-09-09/newcastle-pilot-leads-to-70-reduction-in-time-people-spend-in-homeless-system
2024-10-29 14:59:18,969 - INFO - article dropped, search terms not present: https://www.itv.com/news/tyne-tees/2021-09-09/newcastle-pilot-leads-to-70-reduction-in-time-people-spend-in-homeless-system
2024-10-29 14:59:18,969 - INFO - Parsing url: https://www.itv.com/news/tyne-tees/2021-09-15/giant-moon-artwork-lands-in-durham-cathedral
2024-10-29 14:59:18,991 - INFO - article dropped, search terms not present: https://www.itv.com/news/tyne-tees/2021-09-15/giant-moon-artwork-lands-in-durham-cathedral
2024-10-29 14:59:18,991 - INFO - Parsing url: https://www.itv.com/news/tyne-tees/2021-09-21/bid-to-replace-teesside-hospital-in-disrepair
2024-10-29 14:59:19,022 - INFO - article dropped, search terms not present: https://www.itv.com/news/tyne-tees/2021-09-21/bid-to-replace-teesside-hospital-in-disrepair
2024-10-29 14:59:19,022 - INFO - Parsing url: https://www.itv.com/news/2021-09-13/environment-protesters-leave-m25-at-standstill-after-blocking-junctions
2024-10-29 14:59:19,045 - INFO - Parsing url: https://www.itv.com/news/2021-09-20/who-are-insulate-britain-the-group-blocking-the-m25-and-what-do-they-want
2024-10-29 14:59:19,070 - INFO - Parsing url: https://www.itv.com/news/2021-09-24/former-paralympian-jailed-for-supergluing-himself-to-plane-in-xr-protest
2024-10-29 14:59:19,086 - INFO - Parsing url: https://www.itv.com/news/2021-09-20/climate-protesters-arrested-after-causing-m25-rush-hour-traffic-for-fourth-time
2024-10-29 14:59:19,111 - INFO - Parsing url: https://www.itv.com/news/tyne-tees/2021-09-20/newcastle-speedway-hosts-what-is-likely-to-be-its-final-meeting-after-92-years
2024-10-29 14:59:19,140 - INFO - article dropped, search terms not present: https://www.itv.com/news/tyne-tees/2021-09-20/newcastle-speedway-hosts-what-is-likely-to-be-its-final-meeting-after-92-years
2024-10-29 14:59:19,140 - INFO - Parsing url: https://www.itv.com/news/tyne-tees/2021-09-05/hartlepools-jeff-stelling-completes-fourth-football-walk-for-prostate-cancer-uk
2024-10-29 14:59:19,165 - INFO - article dropped, search terms not present: https://www.itv.com/news/tyne-tees/2021-09-05/hartlepools-jeff-stelling-completes-fourth-football-walk-for-prostate-cancer-uk
2024-10-29 14:59:19,165 - INFO - Parsing url: https://www.itv.com/news/calendar/2021-09-10/roy-chubby-brown-protest-held-in-sheffield-over-cancelled-comics-show
2024-10-29 14:59:19,191 - INFO - article dropped, search terms not present: https://www.itv.com/news/calendar/2021-09-10/roy-chubby-brown-protest-held-in-sheffield-over-cancelled-comics-show
2024-10-29 14:59:19,191 - INFO - Parsing url: https://www.itv.com/news/tyne-tees/2021-09-13/planning-permission-granted-for-the-first-railway-station-on-northumberland-line
2024-10-29 14:59:19,212 - INFO - article dropped, search terms not present: https://www.itv.com/news/tyne-tees/2021-09-13/planning-permission-granted-for-the-first-railway-station-on-northumberland-line
2024-10-29 14:59:19,212 - INFO - downloading images for file article_contents/ITV/itv.com-news_2021-09-01_2021-09-30_parsed.json
2024-10-29 14:59:19,212 - INFO - downloading images for article https://www.itv.com/news/2021-09-13/environment-protesters-leave-m25-at-standstill-after-blocking-junctions
2024-10-29 14:59:19,213 - INFO - downloading file at https://images.ctfassets.net/pjshm78m9jt4/3iVZZLhcGJ0aONLi2KPHrF/30a5982cc83981197a33793ffbbc0d02/2.62399256.jpg
2024-10-29 14:59:19,979 - INFO - downloading file at https://images.ctfassets.net/pjshm78m9jt4/1H4aRD2KturWWK0hUFNRbs/e9bb7d2f351ca139293293292f75a663/2.62399257.jpg
2024-10-29 14:59:20,476 - INFO - downloading file at https://images.ctfassets.net/pjshm78m9jt4/1YnVTLm6CF5JYoX0Opg39j/1aa83ec5c4532ccd09e036470cacf431/2.62401607.jpg
2024-10-29 14:59:21,525 - INFO - downloading images for article https://www.itv.com/news/2021-09-20/who-are-insulate-britain-the-group-blocking-the-m25-and-what-do-they-want
2024-10-29 14:59:21,527 - INFO - downloading file at https://images.ctfassets.net/pjshm78m9jt4/1gNCuI7c4MBVOCNCHIYjNW/3889f6180e3f38003a0d1797b883396c/PA-62548921.jpg
2024-10-29 14:59:23,075 - INFO - downloading file at https://images.ctfassets.net/pjshm78m9jt4/1idUz17EhMcGVc2Xv2eF60/7ec1561d5d8428f635aabb76b59f1f9e/2.62546309.jpg
2024-10-29 14:59:24,302 - INFO - downloading file at https://images.ctfassets.net/pjshm78m9jt4/3iVZZLhcGJ0aONLi2KPHrF/30a5982cc83981197a33793ffbbc0d02/2.62399256.jpg
2024-10-29 14:59:24,511 - INFO - downloading file at https://images.ctfassets.net/pjshm78m9jt4/3HQc9yfPahvTPUUVoWvI1s/d2173a7b103b3a09b20fb2becd3e9c96/2.62545982.jpg
2024-10-29 14:59:29,339 - INFO - downloading images for article https://www.itv.com/news/2021-09-24/former-paralympian-jailed-for-supergluing-himself-to-plane-in-xr-protest
2024-10-29 14:59:29,340 - INFO - downloading file at https://images.ctfassets.net/pjshm78m9jt4/7LQPXpaOyVwOrwTNXqUpKY/d11fe47530fc423feadcf87a8f8b4e4f/James_Brown_sitting_on_top_of_plane.png
2024-10-29 14:59:30,200 - INFO - downloading file at https://images.ctfassets.net/pjshm78m9jt4/15tGIZRYhLzmQHxogWf5q1/f1ab760dfe3dff3beb2e6986f3ba4f3e/PA-46564883.jpeg
2024-10-29 14:59:31,315 - INFO - downloading file at https://images.ctfassets.net/pjshm78m9jt4/embedded246245909/a37cf58782dab75f42f99dc784c93879/importedImageembedded246245909
2024-10-29 14:59:31,701 - INFO - downloading images for article https://www.itv.com/news/2021-09-20/climate-protesters-arrested-after-causing-m25-rush-hour-traffic-for-fourth-time
2024-10-29 14:59:31,702 - INFO - downloading file at https://images.ctfassets.net/pjshm78m9jt4/1idUz17EhMcGVc2Xv2eF60/7ec1561d5d8428f635aabb76b59f1f9e/2.62546309.jpg
2024-10-29 14:59:32,929 - INFO - downloading file at https://images.ctfassets.net/pjshm78m9jt4/5ktHe1iFwSIaV47JHOSb8b/4a54a284f9ad434aff4219ed0b7d29a7/2.62546732.jpg
2024-10-29 14:59:36,812 - INFO - downloading file at https://images.ctfassets.net/pjshm78m9jt4/3HQc9yfPahvTPUUVoWvI1s/d2173a7b103b3a09b20fb2becd3e9c96/2.62545982.jpg
2024-10-29 14:59:40,436 - INFO - downloading file at https://images.ctfassets.net/pjshm78m9jt4/lymGFmbKUQMVRHrIs0RMS/e3222aacf323d35456c436465ee44e1a/2.62545984__1_.jpg
2024-10-29 14:59:43,333 - INFO - downloading file at https://images.ctfassets.net/pjshm78m9jt4/6ZiQGUekSTYXR6s8V6sM8z/0a6653c418e917a17ca47811e73d0da1/2.62546728.jpg
2024-10-29 14:59:46,961 - INFO - scraping urls from file: ../google_scraping/article_urls/ITV/itv.com-news_2021-10-01_2021-10-31_urls.csv
2024-10-29 14:59:47,227 - INFO - Fetching URL: https://www.itv.com/news/tyne-tees/2021-10-15/why-are-hundreds-of-crabs-washing-up-dead-on-teessides-beaches
2024-10-29 14:59:55,413 - INFO - Successfully accepted cookies
2024-10-29 15:00:04,965 - INFO - Fetching URL: https://www.itv.com/news/anglia/2021-10-26/banham-zoo-in-norfolk-welcomes-two-new-residents
2024-10-29 15:00:16,993 - INFO - Fetching URL: https://www.itv.com/news/2021-10-13/insulate-britain-protesters-back-on-m25-as-they-block-major-roads-again
2024-10-29 15:00:29,918 - INFO - Fetching URL: https://www.itv.com/news/2021-10-19/can-you-get-5000-to-replace-your-gas-boiler-and-will-it-cover-the-cost
2024-10-29 15:00:45,596 - INFO - Fetching URL: https://www.itv.com/news/meridian/2021-10-29/650ft-chimney-at-fawley-power-station-set-to-be-demolished-this-weekend
2024-10-29 15:00:57,133 - INFO - Fetching URL: https://www.itv.com/news/tyne-tees/2021-10-15/couple-donate-more-than-100-newborn-outfits-for-premature-babies-on-teesside
2024-10-29 15:01:05,723 - INFO - Fetching URL: https://www.itv.com/news/tyne-tees/2021-10-05/95-of-newcastle-fan-group-members-think-theyre-going-down-this-season
2024-10-29 15:01:14,407 - INFO - Fetching URL: https://www.itv.com/news/tyne-tees/2021-10-05/north-east-study-finds-more-would-get-covid-vaccine-if-at-significant-virus-risk
2024-10-29 15:01:27,520 - INFO - Fetching URL: https://www.itv.com/news/tyne-tees/2021-10-29/middlesbrough-footballer-matt-crooks-shares-experience-of-living-with-epilepsy
2024-10-29 15:01:35,824 - INFO - Parsing url: https://www.itv.com/news/tyne-tees/2021-10-15/why-are-hundreds-of-crabs-washing-up-dead-on-teessides-beaches
2024-10-29 15:01:35,862 - INFO - article dropped, search terms not present: https://www.itv.com/news/tyne-tees/2021-10-15/why-are-hundreds-of-crabs-washing-up-dead-on-teessides-beaches
2024-10-29 15:01:35,862 - INFO - Parsing url: https://www.itv.com/news/anglia/2021-10-26/banham-zoo-in-norfolk-welcomes-two-new-residents
2024-10-29 15:01:35,889 - INFO - article dropped, search terms not present: https://www.itv.com/news/anglia/2021-10-26/banham-zoo-in-norfolk-welcomes-two-new-residents
2024-10-29 15:01:35,889 - INFO - Parsing url: https://www.itv.com/news/2021-10-13/insulate-britain-protesters-back-on-m25-as-they-block-major-roads-again
2024-10-29 15:01:35,915 - INFO - Parsing url: https://www.itv.com/news/2021-10-19/can-you-get-5000-to-replace-your-gas-boiler-and-will-it-cover-the-cost
2024-10-29 15:01:35,955 - INFO - Parsing url: https://www.itv.com/news/meridian/2021-10-29/650ft-chimney-at-fawley-power-station-set-to-be-demolished-this-weekend
2024-10-29 15:01:35,986 - INFO - article dropped, search terms not present: https://www.itv.com/news/meridian/2021-10-29/650ft-chimney-at-fawley-power-station-set-to-be-demolished-this-weekend
2024-10-29 15:01:35,987 - INFO - Parsing url: https://www.itv.com/news/tyne-tees/2021-10-15/couple-donate-more-than-100-newborn-outfits-for-premature-babies-on-teesside
2024-10-29 15:01:36,005 - INFO - article dropped, search terms not present: https://www.itv.com/news/tyne-tees/2021-10-15/couple-donate-more-than-100-newborn-outfits-for-premature-babies-on-teesside
2024-10-29 15:01:36,005 - INFO - Parsing url: https://www.itv.com/news/tyne-tees/2021-10-05/95-of-newcastle-fan-group-members-think-theyre-going-down-this-season
2024-10-29 15:01:36,160 - INFO - article dropped, search terms not present: https://www.itv.com/news/tyne-tees/2021-10-05/95-of-newcastle-fan-group-members-think-theyre-going-down-this-season
2024-10-29 15:01:36,160 - INFO - Parsing url: https://www.itv.com/news/tyne-tees/2021-10-05/north-east-study-finds-more-would-get-covid-vaccine-if-at-significant-virus-risk
2024-10-29 15:01:36,190 - INFO - article dropped, search terms not present: https://www.itv.com/news/tyne-tees/2021-10-05/north-east-study-finds-more-would-get-covid-vaccine-if-at-significant-virus-risk
2024-10-29 15:01:36,190 - INFO - Parsing url: https://www.itv.com/news/tyne-tees/2021-10-29/middlesbrough-footballer-matt-crooks-shares-experience-of-living-with-epilepsy
2024-10-29 15:01:36,215 - INFO - article dropped, search terms not present: https://www.itv.com/news/tyne-tees/2021-10-29/middlesbrough-footballer-matt-crooks-shares-experience-of-living-with-epilepsy
2024-10-29 15:01:36,216 - INFO - downloading images for file article_contents/ITV/itv.com-news_2021-10-01_2021-10-31_parsed.json
2024-10-29 15:01:36,216 - INFO - downloading images for article https://www.itv.com/news/2021-10-13/insulate-britain-protesters-back-on-m25-as-they-block-major-roads-again
2024-10-29 15:01:36,216 - INFO - downloading file at https://images.ctfassets.net/pjshm78m9jt4/73SLY9fcJMXWNFQc0YOxyK/3465f75748e80199e6098e2005ba093e/insulateb.jpeg
2024-10-29 15:01:39,470 - INFO - downloading file at https://images.ctfassets.net/pjshm78m9jt4/embedded263030647/44ebfc78b0d6eaf2f64425d5d37c3715/importedImageembedded263030647
2024-10-29 15:01:40,761 - INFO - downloading file at https://images.ctfassets.net/pjshm78m9jt4/2Q0cBN7jbrZrQ9OhQdgCCK/67c7105d38cb1523a5425505983da809/2.63030644.jpg
2024-10-29 15:01:44,134 - INFO - downloading file at https://images.ctfassets.net/pjshm78m9jt4/7mwinqMXIb1pKcCYgXaByT/62df5949f76de467de05899faba0621d/2.63032094.jpg
2024-10-29 15:01:46,432 - INFO - downloading file at https://images.ctfassets.net/pjshm78m9jt4/23XOHGMPvxIZfYnpsdVxnm/38b0c4a9a5f5a479a26da9a3d2e094e8/2.63032095__1_.jpg
2024-10-29 15:01:52,554 - INFO - downloading file at https://images.ctfassets.net/pjshm78m9jt4/embedded263014993/b04e1cf3344a72c2c2b597f5b8d102f2/importedImageembedded263014993
2024-10-29 15:01:54,080 - INFO - downloading images for article https://www.itv.com/news/2021-10-19/can-you-get-5000-to-replace-your-gas-boiler-and-will-it-cover-the-cost
2024-10-29 15:01:54,083 - INFO - downloading file at https://images.ctfassets.net/pjshm78m9jt4/embedded262714138/feb3d61b32a0ef571a2ad2bb987692c1/importedImageembedded262714138
2024-10-29 15:01:56,870 - INFO - downloading file at https://images.ctfassets.net/pjshm78m9jt4/embedded262420051/1f04b594c0acca21e0421c3632c96f09/importedImageembedded262420051
2024-10-29 15:01:58,273 - INFO - scraping urls from file: ../google_scraping/article_urls/ITV/itv.com-news_2021-11-01_2021-11-30_urls.csv
2024-10-29 15:01:58,537 - INFO - Fetching URL: https://www.itv.com/news/tyne-tees/2021-11-05/who-is-eddie-howe
2024-10-29 15:02:07,135 - INFO - Successfully accepted cookies
2024-10-29 15:02:16,526 - INFO - Fetching URL: https://www.itv.com/news/anglia/2021-11-29/peterborough-amazon-protest-four-people-charged
2024-10-29 15:02:23,569 - INFO - Fetching URL: https://www.itv.com/news/tyne-tees/2021-11-25/it-hit-me-like-a-sledgehammer-man-spiked-with-a-needle-in-newcastle
2024-10-29 15:02:34,511 - INFO - Fetching URL: https://www.itv.com/news/granada/2021-11-02/insulate-britain-protesters-block-motorway-at-manchester-airport
2024-10-29 15:02:46,528 - INFO - Fetching URL: https://www.itv.com/news/2021-11-03/cop26-extinction-rebellion-block-roads-and-protest-outside-banks-in-glasgow
2024-10-29 15:03:03,168 - INFO - Fetching URL: https://www.itv.com/news/anglia/2021-11-04/un-leader-says-stop-subsidising-fossil-fuels-and-start-spending-on-people
2024-10-29 15:03:16,853 - INFO - Parsing url: https://www.itv.com/news/tyne-tees/2021-11-05/who-is-eddie-howe
2024-10-29 15:03:16,881 - INFO - article dropped, search terms not present: https://www.itv.com/news/tyne-tees/2021-11-05/who-is-eddie-howe
2024-10-29 15:03:16,881 - INFO - Parsing url: https://www.itv.com/news/anglia/2021-11-29/peterborough-amazon-protest-four-people-charged
2024-10-29 15:03:16,902 - INFO - Parsing url: https://www.itv.com/news/tyne-tees/2021-11-25/it-hit-me-like-a-sledgehammer-man-spiked-with-a-needle-in-newcastle
2024-10-29 15:03:16,933 - INFO - article dropped, search terms not present: https://www.itv.com/news/tyne-tees/2021-11-25/it-hit-me-like-a-sledgehammer-man-spiked-with-a-needle-in-newcastle
2024-10-29 15:03:16,934 - INFO - Parsing url: https://www.itv.com/news/granada/2021-11-02/insulate-britain-protesters-block-motorway-at-manchester-airport
2024-10-29 15:03:16,959 - INFO - Parsing url: https://www.itv.com/news/2021-11-03/cop26-extinction-rebellion-block-roads-and-protest-outside-banks-in-glasgow
2024-10-29 15:03:16,993 - INFO - Parsing url: https://www.itv.com/news/anglia/2021-11-04/un-leader-says-stop-subsidising-fossil-fuels-and-start-spending-on-people
2024-10-29 15:03:17,019 - INFO - downloading images for file article_contents/ITV/itv.com-news_2021-11-01_2021-11-30_parsed.json
2024-10-29 15:03:17,019 - INFO - downloading images for article https://www.itv.com/news/anglia/2021-11-29/peterborough-amazon-protest-four-people-charged
2024-10-29 15:03:17,019 - INFO - downloading file at https://images.ctfassets.net/pjshm78m9jt4/3LZgl9uocK5PrCb44G8xpQ/f037c9b5a8db8abeac658d9a8cb50ba2/AMAZON_PROTEST_PETERBOROUGH_261121_Protest_banner.png
2024-10-29 15:03:18,338 - INFO - downloading images for article https://www.itv.com/news/granada/2021-11-02/insulate-britain-protesters-block-motorway-at-manchester-airport
2024-10-29 15:03:18,340 - INFO - downloading file at https://images.ctfassets.net/pjshm78m9jt4/7smdIXLmUCGA0z8ojFz85H/fa46e80af3b6e8e3b676a403828dfb92/PA-63480905.jpg
2024-10-29 15:03:20,152 - INFO - downloading file at https://images.ctfassets.net/pjshm78m9jt4/6Z24iYflKOCNnjvHXL4ndK/77045f2fee34a3503e5662237088953f/PA-63471960.jpg
2024-10-29 15:03:20,927 - INFO - downloading images for article https://www.itv.com/news/2021-11-03/cop26-extinction-rebellion-block-roads-and-protest-outside-banks-in-glasgow
2024-10-29 15:03:20,928 - INFO - downloading images for article https://www.itv.com/news/anglia/2021-11-04/un-leader-says-stop-subsidising-fossil-fuels-and-start-spending-on-people
2024-10-29 15:03:20,930 - INFO - downloading file at https://images.ctfassets.net/pjshm78m9jt4/4UNmXTU0ifa0r0Jp50bGXU/f106480a7f6c6aa1de0a3effd7a77057/PANEL_close_up_UN_live_u_chris_w_0951_211104.png
2024-10-29 15:03:23,033 - INFO - downloading file at https://images.ctfassets.net/pjshm78m9jt4/2CrxX6djNY4mDyNiaxNnkJ/8caae75927d8dcdddbd038d0fc851041/P-COP_PANEL.transfer.png
2024-10-29 15:03:24,574 - INFO - downloading file at https://images.ctfassets.net/pjshm78m9jt4/1xpnHXmcQ6P1hC0baKnMVQ/310449d12a0cbe49cd56972f27c9d42a/PANEL_Umaryam2.png
2024-10-29 15:03:25,906 - INFO - downloading file at https://images.ctfassets.net/pjshm78m9jt4/1P9mVq1U6EfmX8qvtnt6Ql/d996d17b246a98eb681afa169e59a989/G-GUTTERRES.png
2024-10-29 15:03:27,425 - INFO - scraping urls from file: ../google_scraping/article_urls/ITV/itv.com-news_2021-12-01_2021-12-31_urls.csv
2024-10-29 15:03:27,671 - INFO - Fetching URL: https://www.itv.com/news/westcountry/2021-12-15/xr-elves-tape-up-newquay-airport-in-protest-against-new-route
2024-10-29 15:03:32,172 - INFO - Successfully accepted cookies
2024-10-29 15:03:39,159 - INFO - Fetching URL: https://www.itv.com/news/anglia/2021-12-02/shed-want-us-together-teens-fight-to-adopt-brothers-after-mum-dies-of-covid
2024-10-29 15:03:51,382 - INFO - Fetching URL: https://www.itv.com/news/tyne-tees/2021-12-15/joshua-hoole-death-father-of-catterick-garrison-soldier-wants-inquest-reopened
2024-10-29 15:04:00,598 - INFO - Fetching URL: https://www.itv.com/news/tyne-tees/2021-12-08/a-county-durham-pup-had-a-close-shave-after-it-swallowed-a-set-of-razor-blades
2024-10-29 15:04:11,841 - INFO - Parsing url: https://www.itv.com/news/westcountry/2021-12-15/xr-elves-tape-up-newquay-airport-in-protest-against-new-route
2024-10-29 15:04:11,864 - INFO - Parsing url: https://www.itv.com/news/anglia/2021-12-02/shed-want-us-together-teens-fight-to-adopt-brothers-after-mum-dies-of-covid
2024-10-29 15:04:11,896 - INFO - article dropped, search terms not present: https://www.itv.com/news/anglia/2021-12-02/shed-want-us-together-teens-fight-to-adopt-brothers-after-mum-dies-of-covid
2024-10-29 15:04:11,896 - INFO - Parsing url: https://www.itv.com/news/tyne-tees/2021-12-15/joshua-hoole-death-father-of-catterick-garrison-soldier-wants-inquest-reopened
2024-10-29 15:04:11,928 - INFO - article dropped, search terms not present: https://www.itv.com/news/tyne-tees/2021-12-15/joshua-hoole-death-father-of-catterick-garrison-soldier-wants-inquest-reopened
2024-10-29 15:04:11,928 - INFO - Parsing url: https://www.itv.com/news/tyne-tees/2021-12-08/a-county-durham-pup-had-a-close-shave-after-it-swallowed-a-set-of-razor-blades
2024-10-29 15:04:11,948 - INFO - article dropped, search terms not present: https://www.itv.com/news/tyne-tees/2021-12-08/a-county-durham-pup-had-a-close-shave-after-it-swallowed-a-set-of-razor-blades
2024-10-29 15:04:11,949 - INFO - downloading images for file article_contents/ITV/itv.com-news_2021-12-01_2021-12-31_parsed.json
2024-10-29 15:04:11,949 - INFO - downloading images for article https://www.itv.com/news/westcountry/2021-12-15/xr-elves-tape-up-newquay-airport-in-protest-against-new-route
2024-10-29 15:04:11,950 - INFO - downloading file at https://images.ctfassets.net/pjshm78m9jt4/5KcE6zoglCF0w2aFRWdNn8/48a5f03361c97dc745e8fdf5acaf70f1/image0__1_.jpeg
2024-10-29 15:04:15,185 - INFO - downloading file at https://images.ctfassets.net/pjshm78m9jt4/5A20THDDpL3mP0lTbzd3cS/9385bed5e47d7a54f3f417122c1b51b0/image0__2_.jpeg
2024-10-29 15:04:18,214 - INFO - downloading file at https://images.ctfassets.net/pjshm78m9jt4/4aOpORsiFNc2yklOQKFLxS/edbad8a7af614291c3b24bf0e5e6f370/IMG_6704.jpg
2024-10-29 15:04:22,259 - INFO - scraping urls from file: ../google_scraping/article_urls/ITV/itv.com-news_2022-01-01_2022-01-31_urls.csv
2024-10-29 15:04:22,497 - INFO - Fetching URL: https://www.itv.com/news/tyne-tees/2022-01-20/sentence-of-a1-lorry-driver-who-killed-three-people-in-crash-to-be-reviewed
2024-10-29 15:04:27,634 - INFO - Successfully accepted cookies
2024-10-29 15:04:33,170 - INFO - Fetching URL: https://www.itv.com/news/tyne-tees/2022-01-26/historians-discover-stash-of-saucy-coded-1940s-love-letters
2024-10-29 15:04:45,033 - INFO - Fetching URL: https://www.itv.com/news/tyne-tees/2022-01-27/football-agent-says-january-transfer-window-could-transform-newcastle
2024-10-29 15:04:55,472 - INFO - Fetching URL: https://www.itv.com/news/tyne-tees/2022-01-25/newcastle-comes-third-in-list-of-best-cities-for-culture-in-the-uk
2024-10-29 15:05:03,629 - INFO - Fetching URL: https://www.itv.com/news/tyne-tees/2022-01-27/dangerous-online-paedophile-caught-by-undercover-police-officer-jailed
2024-10-29 15:05:11,105 - INFO - Fetching URL: https://www.itv.com/news/anglia/2022-01-26/cambridge-accountant-stole-more-than-200000-from-employer
2024-10-29 15:05:17,997 - INFO - Fetching URL: https://www.itv.com/news/london/2022-01-14/climate-protester-who-glued-himself-to-plane-has-sentence-cut-by-appeal-judges
2024-10-29 15:05:26,023 - INFO - Fetching URL: https://www.itv.com/news/tyne-tees/2022-01-10/stoma-campaigner-a-lot-of-people-with-hidden-disabilities-feel-misunderstood
2024-10-29 15:05:36,730 - INFO - Fetching URL: https://www.itv.com/news/tyne-tees/2021-12-31/new-year-honours-regions-sport-education-and-community-leaders-make-2022-list
2024-10-29 15:05:55,061 - INFO - Fetching URL: https://www.itv.com/news/tyne-tees/2022-01-03/parents-of-fallen-soldiers-blast-tony-blair-knighthood
2024-10-29 15:06:10,058 - INFO - Parsing url: https://www.itv.com/news/tyne-tees/2022-01-20/sentence-of-a1-lorry-driver-who-killed-three-people-in-crash-to-be-reviewed
2024-10-29 15:06:10,083 - INFO - article dropped, search terms not present: https://www.itv.com/news/tyne-tees/2022-01-20/sentence-of-a1-lorry-driver-who-killed-three-people-in-crash-to-be-reviewed
2024-10-29 15:06:10,083 - INFO - Parsing url: https://www.itv.com/news/tyne-tees/2022-01-26/historians-discover-stash-of-saucy-coded-1940s-love-letters
2024-10-29 15:06:10,113 - INFO - article dropped, search terms not present: https://www.itv.com/news/tyne-tees/2022-01-26/historians-discover-stash-of-saucy-coded-1940s-love-letters
2024-10-29 15:06:10,113 - INFO - Parsing url: https://www.itv.com/news/tyne-tees/2022-01-27/football-agent-says-january-transfer-window-could-transform-newcastle
2024-10-29 15:06:10,140 - INFO - article dropped, search terms not present: https://www.itv.com/news/tyne-tees/2022-01-27/football-agent-says-january-transfer-window-could-transform-newcastle
2024-10-29 15:06:10,140 - INFO - Parsing url: https://www.itv.com/news/tyne-tees/2022-01-25/newcastle-comes-third-in-list-of-best-cities-for-culture-in-the-uk
2024-10-29 15:06:10,162 - INFO - article dropped, search terms not present: https://www.itv.com/news/tyne-tees/2022-01-25/newcastle-comes-third-in-list-of-best-cities-for-culture-in-the-uk
2024-10-29 15:06:10,162 - INFO - Parsing url: https://www.itv.com/news/tyne-tees/2022-01-27/dangerous-online-paedophile-caught-by-undercover-police-officer-jailed
2024-10-29 15:06:10,185 - INFO - article dropped, search terms not present: https://www.itv.com/news/tyne-tees/2022-01-27/dangerous-online-paedophile-caught-by-undercover-police-officer-jailed
2024-10-29 15:06:10,185 - INFO - Parsing url: https://www.itv.com/news/anglia/2022-01-26/cambridge-accountant-stole-more-than-200000-from-employer
2024-10-29 15:06:10,205 - INFO - article dropped, search terms not present: https://www.itv.com/news/anglia/2022-01-26/cambridge-accountant-stole-more-than-200000-from-employer
2024-10-29 15:06:10,205 - INFO - Parsing url: https://www.itv.com/news/london/2022-01-14/climate-protester-who-glued-himself-to-plane-has-sentence-cut-by-appeal-judges
2024-10-29 15:06:10,226 - INFO - Parsing url: https://www.itv.com/news/tyne-tees/2022-01-10/stoma-campaigner-a-lot-of-people-with-hidden-disabilities-feel-misunderstood
2024-10-29 15:06:10,377 - INFO - article dropped, search terms not present: https://www.itv.com/news/tyne-tees/2022-01-10/stoma-campaigner-a-lot-of-people-with-hidden-disabilities-feel-misunderstood
2024-10-29 15:06:10,377 - INFO - Parsing url: https://www.itv.com/news/tyne-tees/2021-12-31/new-year-honours-regions-sport-education-and-community-leaders-make-2022-list
2024-10-29 15:06:10,411 - INFO - article dropped, search terms not present: https://www.itv.com/news/tyne-tees/2021-12-31/new-year-honours-regions-sport-education-and-community-leaders-make-2022-list
2024-10-29 15:06:10,411 - INFO - Parsing url: https://www.itv.com/news/tyne-tees/2022-01-03/parents-of-fallen-soldiers-blast-tony-blair-knighthood
2024-10-29 15:06:10,459 - INFO - article dropped, search terms not present: https://www.itv.com/news/tyne-tees/2022-01-03/parents-of-fallen-soldiers-blast-tony-blair-knighthood
2024-10-29 15:06:10,467 - INFO - downloading images for file article_contents/ITV/itv.com-news_2022-01-01_2022-01-31_parsed.json
2024-10-29 15:06:10,468 - INFO - downloading images for article https://www.itv.com/news/london/2022-01-14/climate-protester-who-glued-himself-to-plane-has-sentence-cut-by-appeal-judges
2024-10-29 15:06:10,468 - INFO - downloading file at https://images.ctfassets.net/pjshm78m9jt4/7LQPXpaOyVwOrwTNXqUpKY/d11fe47530fc423feadcf87a8f8b4e4f/James_Brown_sitting_on_top_of_plane.png
2024-10-29 15:06:10,795 - INFO - downloading file at https://images.ctfassets.net/pjshm78m9jt4/4RVLCMBSETQhwgdp8UNs8S/b1ce5726cae28504711442d910d50f5a/James_Brown_Southwark_Crown_Court_Helena_Smith2886.jpeg
2024-10-29 15:06:12,004 - INFO - scraping urls from file: ../google_scraping/article_urls/ITV/itv.com-news_2022-02-01_2022-02-28_urls.csv
2024-10-29 15:06:12,510 - INFO - Fetching URL: https://www.itv.com/news/tyne-tees/2022-02-24/durham-man-who-spent-25k-on-cosmetic-surgery-speaks-on-social-media-pressures
2024-10-29 15:06:19,864 - INFO - Successfully accepted cookies
2024-10-29 15:06:27,760 - INFO - Fetching URL: https://www.itv.com/news/tyne-tees/2022-02-15/explosion-in-sunderland-blows-entire-roof-off-house
2024-10-29 15:06:40,937 - INFO - Fetching URL: https://www.itv.com/news/tyne-tees/2022-02-03/thousands-of-dead-crabs-found-on-the-north-east-shores-linked-to-natural-algae
2024-10-29 15:06:51,757 - INFO - Fetching URL: https://www.itv.com/news/anglia/2022-02-10/canadian-teenagers-family-thank-people-of-england-for-support-over-her-death
2024-10-29 15:06:59,520 - INFO - Fetching URL: https://www.itv.com/news/tyne-tees/2022-02-22/lost-voice-guy-finally-receives-his-geordie-accent
2024-10-29 15:07:13,375 - INFO - Fetching URL: https://www.itv.com/news/tyne-tees/2022-02-02/five-arrested-for-targeting-vulnerable-people-in-the-north-east-in-fraud-sca
2024-10-29 15:07:20,928 - INFO - Parsing url: https://www.itv.com/news/tyne-tees/2022-02-24/durham-man-who-spent-25k-on-cosmetic-surgery-speaks-on-social-media-pressures
2024-10-29 15:07:20,968 - INFO - article dropped, search terms not present: https://www.itv.com/news/tyne-tees/2022-02-24/durham-man-who-spent-25k-on-cosmetic-surgery-speaks-on-social-media-pressures
2024-10-29 15:07:20,968 - INFO - Parsing url: https://www.itv.com/news/tyne-tees/2022-02-15/explosion-in-sunderland-blows-entire-roof-off-house
2024-10-29 15:07:20,998 - INFO - article dropped, search terms not present: https://www.itv.com/news/tyne-tees/2022-02-15/explosion-in-sunderland-blows-entire-roof-off-house
2024-10-29 15:07:20,998 - INFO - Parsing url: https://www.itv.com/news/tyne-tees/2022-02-03/thousands-of-dead-crabs-found-on-the-north-east-shores-linked-to-natural-algae
2024-10-29 15:07:21,256 - INFO - article dropped, search terms not present: https://www.itv.com/news/tyne-tees/2022-02-03/thousands-of-dead-crabs-found-on-the-north-east-shores-linked-to-natural-algae
2024-10-29 15:07:21,257 - INFO - Parsing url: https://www.itv.com/news/anglia/2022-02-10/canadian-teenagers-family-thank-people-of-england-for-support-over-her-death
2024-10-29 15:07:21,280 - INFO - article dropped, search terms not present: https://www.itv.com/news/anglia/2022-02-10/canadian-teenagers-family-thank-people-of-england-for-support-over-her-death
2024-10-29 15:07:21,280 - INFO - Parsing url: https://www.itv.com/news/tyne-tees/2022-02-22/lost-voice-guy-finally-receives-his-geordie-accent
2024-10-29 15:07:21,317 - INFO - article dropped, search terms not present: https://www.itv.com/news/tyne-tees/2022-02-22/lost-voice-guy-finally-receives-his-geordie-accent
2024-10-29 15:07:21,318 - INFO - Parsing url: https://www.itv.com/news/tyne-tees/2022-02-02/five-arrested-for-targeting-vulnerable-people-in-the-north-east-in-fraud-sca
2024-10-29 15:07:21,340 - INFO - article dropped, search terms not present: https://www.itv.com/news/tyne-tees/2022-02-02/five-arrested-for-targeting-vulnerable-people-in-the-north-east-in-fraud-sca
2024-10-29 15:07:21,340 - INFO - downloading images for file article_contents/ITV/itv.com-news_2022-02-01_2022-02-28_parsed.json
2024-10-29 15:07:21,347 - INFO - scraping urls from file: ../google_scraping/article_urls/ITV/itv.com-news_2022-03-01_2022-03-31_urls.csv
2024-10-29 15:07:21,623 - INFO - Fetching URL: https://www.itv.com/news/topic/protestors
2024-10-29 15:07:26,644 - INFO - Successfully accepted cookies
2024-10-29 15:07:29,033 - INFO - Fetching URL: https://www.itv.com/news/tyne-tees/2022-03-19/south-shields-drugs-trafficker-in-global-dark-web-organised-crime-group-jailed
2024-10-29 15:07:37,223 - INFO - Fetching URL: https://www.itv.com/news/tyne-tees/2022-03-18/gateshead-couple-win-best-breeder-at-crufts-for-their-dashing-dalmatians
2024-10-29 15:07:46,828 - INFO - Fetching URL: https://www.itv.com/news/tyne-tees/2022-03-12/sunderland-afc-auctioning-signed-home-worn-blue-and-yellow-away-kit-for-ukraine
2024-10-29 15:07:55,153 - INFO - Fetching URL: https://www.itv.com/news/tyne-tees/2022-03-31/all-aboard-special-school-transforms-old-train-into-learning-facility
2024-10-29 15:08:05,726 - INFO - Fetching URL: https://www.itv.com/news/tyne-tees/2022-03-10/substantial-cannabis-farm-found-in-converted-attic-in-stanley
2024-10-29 15:08:13,283 - INFO - Fetching URL: https://www.itv.com/news/tyne-tees/2022-03-18/plans-for-ouseburns-malmo-quay-to-be-redrawn-after-huge-backlash
2024-10-29 15:08:22,707 - INFO - Fetching URL: https://www.itv.com/news/tyne-tees/2022-03-29/independent-watchdog-to-handle-tyne-tunnel-complaints
2024-10-29 15:08:33,368 - INFO - Fetching URL: https://www.itv.com/news/tyne-tees/2022-03-14/why-are-extinction-rebellion-protesting-outside-newcastles-hmrc-building
2024-10-29 15:08:43,616 - INFO - Fetching URL: https://www.itv.com/news/tyne-tees/2022-03-16/30000-shopping-trolleys-found-abandoned-in-sunderland-over-the-last-two-years
2024-10-29 15:08:51,052 - INFO - Fetching URL: https://www.itv.com/news/tyne-tees/2022-03-03/tyneside-music-legend-sting-is-set-to-star-in-a-radio-drama
2024-10-29 15:08:59,817 - INFO - Fetching URL: https://www.itv.com/news/tyne-tees/2022-03-04/love-island-was-a-mini-existential-crisis-reality-star-turned-podcast-guru
2024-10-29 15:09:11,806 - INFO - Fetching URL: https://www.itv.com/news/tyne-tees/2022-03-02/two-men-plead-guilty-to-manslaughter-after-death-of-polish-man-on-teesside
2024-10-29 15:09:19,758 - INFO - Fetching URL: https://www.itv.com/news/topic/southend-on-sea
2024-10-29 15:09:24,991 - INFO - Fetching URL: https://www.itv.com/news/tyne-tees/2022-03-28/raf-typhoon-display-team-confirmed-for-this-summers-teesside-airshow
2024-10-29 15:09:34,873 - INFO - Fetching URL: https://www.itv.com/news/topic/university-of-exeter
2024-10-29 15:09:40,221 - INFO - Fetching URL: https://www.itv.com/news/tyne-tees/2022-03-16/stormzy-wears-newcastle-shirt-thrown-from-crowd-after-two-year-wait-for-gig
2024-10-29 15:09:50,708 - INFO - Fetching URL: https://www.itv.com/news/topic/thurrock
2024-10-29 15:09:56,280 - INFO - Fetching URL: https://www.itv.com/news/tyne-tees/2022-03-25/son-of-john-and-anne-darwin-watches-filming-of-itv-drama-on-infamous-parents
2024-10-29 15:10:06,822 - INFO - Parsing url: https://www.itv.com/news/topic/protestors
2024-10-29 15:10:06,859 - INFO - text parsing unsuccessful due to 'NoneType' object has no attribute 'findAll'
2024-10-29 15:10:06,861 - INFO - article dropped, no body text found: https://www.itv.com/news/topic/protestors
2024-10-29 15:10:06,861 - INFO - Parsing url: https://www.itv.com/news/tyne-tees/2022-03-19/south-shields-drugs-trafficker-in-global-dark-web-organised-crime-group-jailed
2024-10-29 15:10:06,913 - INFO - article dropped, search terms not present: https://www.itv.com/news/tyne-tees/2022-03-19/south-shields-drugs-trafficker-in-global-dark-web-organised-crime-group-jailed
2024-10-29 15:10:06,913 - INFO - Parsing url: https://www.itv.com/news/tyne-tees/2022-03-18/gateshead-couple-win-best-breeder-at-crufts-for-their-dashing-dalmatians
2024-10-29 15:10:06,953 - INFO - article dropped, search terms not present: https://www.itv.com/news/tyne-tees/2022-03-18/gateshead-couple-win-best-breeder-at-crufts-for-their-dashing-dalmatians
2024-10-29 15:10:06,953 - INFO - Parsing url: https://www.itv.com/news/tyne-tees/2022-03-12/sunderland-afc-auctioning-signed-home-worn-blue-and-yellow-away-kit-for-ukraine
2024-10-29 15:10:07,193 - INFO - article dropped, search terms not present: https://www.itv.com/news/tyne-tees/2022-03-12/sunderland-afc-auctioning-signed-home-worn-blue-and-yellow-away-kit-for-ukraine
2024-10-29 15:10:07,194 - INFO - Parsing url: https://www.itv.com/news/tyne-tees/2022-03-31/all-aboard-special-school-transforms-old-train-into-learning-facility
2024-10-29 15:10:07,232 - INFO - article dropped, search terms not present: https://www.itv.com/news/tyne-tees/2022-03-31/all-aboard-special-school-transforms-old-train-into-learning-facility
2024-10-29 15:10:07,232 - INFO - Parsing url: https://www.itv.com/news/tyne-tees/2022-03-10/substantial-cannabis-farm-found-in-converted-attic-in-stanley
2024-10-29 15:10:07,267 - INFO - article dropped, search terms not present: https://www.itv.com/news/tyne-tees/2022-03-10/substantial-cannabis-farm-found-in-converted-attic-in-stanley
2024-10-29 15:10:07,267 - INFO - Parsing url: https://www.itv.com/news/tyne-tees/2022-03-18/plans-for-ouseburns-malmo-quay-to-be-redrawn-after-huge-backlash
2024-10-29 15:10:07,294 - INFO - article dropped, search terms not present: https://www.itv.com/news/tyne-tees/2022-03-18/plans-for-ouseburns-malmo-quay-to-be-redrawn-after-huge-backlash
2024-10-29 15:10:07,295 - INFO - Parsing url: https://www.itv.com/news/tyne-tees/2022-03-29/independent-watchdog-to-handle-tyne-tunnel-complaints
2024-10-29 15:10:07,325 - INFO - article dropped, search terms not present: https://www.itv.com/news/tyne-tees/2022-03-29/independent-watchdog-to-handle-tyne-tunnel-complaints
2024-10-29 15:10:07,325 - INFO - Parsing url: https://www.itv.com/news/tyne-tees/2022-03-14/why-are-extinction-rebellion-protesting-outside-newcastles-hmrc-building
2024-10-29 15:10:07,350 - INFO - Parsing url: https://www.itv.com/news/tyne-tees/2022-03-16/30000-shopping-trolleys-found-abandoned-in-sunderland-over-the-last-two-years
2024-10-29 15:10:07,377 - INFO - article dropped, search terms not present: https://www.itv.com/news/tyne-tees/2022-03-16/30000-shopping-trolleys-found-abandoned-in-sunderland-over-the-last-two-years
2024-10-29 15:10:07,378 - INFO - Parsing url: https://www.itv.com/news/tyne-tees/2022-03-03/tyneside-music-legend-sting-is-set-to-star-in-a-radio-drama
2024-10-29 15:10:07,399 - INFO - article dropped, search terms not present: https://www.itv.com/news/tyne-tees/2022-03-03/tyneside-music-legend-sting-is-set-to-star-in-a-radio-drama
2024-10-29 15:10:07,399 - INFO - Parsing url: https://www.itv.com/news/tyne-tees/2022-03-04/love-island-was-a-mini-existential-crisis-reality-star-turned-podcast-guru
2024-10-29 15:10:07,428 - INFO - article dropped, search terms not present: https://www.itv.com/news/tyne-tees/2022-03-04/love-island-was-a-mini-existential-crisis-reality-star-turned-podcast-guru
2024-10-29 15:10:07,428 - INFO - Parsing url: https://www.itv.com/news/tyne-tees/2022-03-02/two-men-plead-guilty-to-manslaughter-after-death-of-polish-man-on-teesside
2024-10-29 15:10:07,451 - INFO - article dropped, search terms not present: https://www.itv.com/news/tyne-tees/2022-03-02/two-men-plead-guilty-to-manslaughter-after-death-of-polish-man-on-teesside
2024-10-29 15:10:07,451 - INFO - Parsing url: https://www.itv.com/news/topic/southend-on-sea
2024-10-29 15:10:07,472 - INFO - text parsing unsuccessful due to 'NoneType' object has no attribute 'findAll'
2024-10-29 15:10:07,474 - INFO - article dropped, no body text found: https://www.itv.com/news/topic/southend-on-sea
2024-10-29 15:10:07,474 - INFO - Parsing url: https://www.itv.com/news/tyne-tees/2022-03-28/raf-typhoon-display-team-confirmed-for-this-summers-teesside-airshow
2024-10-29 15:10:07,497 - INFO - article dropped, search terms not present: https://www.itv.com/news/tyne-tees/2022-03-28/raf-typhoon-display-team-confirmed-for-this-summers-teesside-airshow
2024-10-29 15:10:07,497 - INFO - Parsing url: https://www.itv.com/news/topic/university-of-exeter
2024-10-29 15:10:07,520 - INFO - text parsing unsuccessful due to 'NoneType' object has no attribute 'findAll'
2024-10-29 15:10:07,523 - INFO - article dropped, no body text found: https://www.itv.com/news/topic/university-of-exeter
2024-10-29 15:10:07,523 - INFO - Parsing url: https://www.itv.com/news/tyne-tees/2022-03-16/stormzy-wears-newcastle-shirt-thrown-from-crowd-after-two-year-wait-for-gig
2024-10-29 15:10:07,548 - INFO - article dropped, search terms not present: https://www.itv.com/news/tyne-tees/2022-03-16/stormzy-wears-newcastle-shirt-thrown-from-crowd-after-two-year-wait-for-gig
2024-10-29 15:10:07,548 - INFO - Parsing url: https://www.itv.com/news/topic/thurrock
2024-10-29 15:10:07,570 - INFO - text parsing unsuccessful due to 'NoneType' object has no attribute 'findAll'
2024-10-29 15:10:07,571 - INFO - article dropped, no body text found: https://www.itv.com/news/topic/thurrock
2024-10-29 15:10:07,571 - INFO - Parsing url: https://www.itv.com/news/tyne-tees/2022-03-25/son-of-john-and-anne-darwin-watches-filming-of-itv-drama-on-infamous-parents
2024-10-29 15:10:07,598 - INFO - article dropped, search terms not present: https://www.itv.com/news/tyne-tees/2022-03-25/son-of-john-and-anne-darwin-watches-filming-of-itv-drama-on-infamous-parents
2024-10-29 15:10:07,607 - INFO - downloading images for file article_contents/ITV/itv.com-news_2022-03-01_2022-03-31_parsed.json
2024-10-29 15:10:07,607 - INFO - downloading images for article https://www.itv.com/news/tyne-tees/2022-03-14/why-are-extinction-rebellion-protesting-outside-newcastles-hmrc-building
2024-10-29 15:10:07,608 - INFO - downloading file at https://images.ctfassets.net/pjshm78m9jt4/40NHLjpp9pRtiXlm2CuWkS/07f3cf0981d537239238ed3355834f62/NCJM_Extinction_Rebellion_-_HMRC_01_copy.jpg
2024-10-29 15:10:08,695 - INFO - downloading file at https://images.ctfassets.net/pjshm78m9jt4/4KPcnP9aR2AtnEKwPmj9OP/5192617c4a956638a5f4a270440bc000/NCJM_Extinction_Rebellion_-_HMRC_03_copy.jpg
2024-10-29 15:10:09,393 - INFO - downloading file at https://images.ctfassets.net/pjshm78m9jt4/3mGWut9S0gioelMaFixm0o/39177ddd7e5c8a1fa8f5acd2e35ff065/NCJM_Extinction_Rebellion_-_HMRC_02_copy.jpg
2024-10-29 15:10:10,112 - INFO - scraping urls from file: ../google_scraping/article_urls/ITV/itv.com-news_2022-04-01_2022-04-30_urls.csv
2024-10-29 15:10:10,479 - INFO - Fetching URL: https://www.itv.com/news/tyne-tees/2022-04-19/two-women-suffer-serious-leg-injuries-after-incident-at-saltburn-beach
2024-10-29 15:10:19,046 - INFO - Successfully accepted cookies
2024-10-29 15:10:25,318 - INFO - Fetching URL: https://www.itv.com/news/tyne-tees/2022-04-04/20-life-sized-bronze-lions-unveiled-in-newcastle
2024-10-29 15:10:34,310 - INFO - Fetching URL: https://www.itv.com/news/tyne-tees/2022-04-06/man-appears-in-court-charged-in-connection-with-sunderland-house-explosion
2024-10-29 15:10:41,216 - INFO - Fetching URL: https://www.itv.com/news/anglia/2022-04-16/23-people-charged-with-trespass-after-fuel-protests-in-essex
2024-10-29 15:10:49,488 - INFO - Fetching URL: https://www.itv.com/news/2022-04-16/six-arrests-after-extinction-rebellion-occupies-shell-oil-tanker
2024-10-29 15:11:02,587 - INFO - Fetching URL: https://www.itv.com/news/london/topic/kent
2024-10-29 15:11:08,009 - INFO - Fetching URL: https://www.itv.com/news/tyne-tees/2022-04-22/police-name-man-killed-following-alleged-assault-outside-york-sports-bar
2024-10-29 15:11:14,653 - INFO - Fetching URL: https://www.itv.com/news/london/2022-04-11/cold-case-park-murder-victims-family-offer-20k-reward-in-fresh-appeal
2024-10-29 15:11:27,458 - INFO - Fetching URL: https://www.itv.com/news/london/2022-04-08/extinction-rebellion-activists-force-closure-of-tower-bridge-after-abseil-stunt
2024-10-29 15:11:37,709 - INFO - Fetching URL: https://www.itv.com/news/tyne-tees/2022-04-27/mystery-solved-victorian-orphan-who-asked-not-to-be-forgotten-was-us-hero
2024-10-29 15:11:45,537 - INFO - Fetching URL: https://www.itv.com/news/tyne-tees/2022-04-19/woman-gets-stuck-head-first-behind-a-sofa-at-easter-bottomless-brunch
2024-10-29 15:11:55,352 - INFO - Fetching URL: https://www.itv.com/news/tyne-tees/2022-04-21/a1-crash-watch-the-moment-stolen-car-plunges-onto-the-motorway-below
2024-10-29 15:12:04,361 - INFO - Fetching URL: https://www.itv.com/news/tyne-tees/2022-04-22/two-men-jailed-after-attacking-woman-and-burgling-petrol-station
2024-10-29 15:12:12,501 - INFO - Fetching URL: https://www.itv.com/news/tyne-tees/2022-04-05/durhams-steph-houghton-loses-england-captaincy-for-2022-womens-euros
2024-10-29 15:12:24,801 - INFO - Fetching URL: https://www.itv.com/news/topic/kingsbury
2024-10-29 15:12:29,129 - INFO - Fetching URL: https://www.itv.com/news/tyne-tees/2022-04-20/seaton-carew-hotel-cuts-links-with-canoe-conman-john-darwin
2024-10-29 15:12:38,121 - INFO - Fetching URL: https://www.itv.com/news/utv/2022-04-13/tributes-to-murder-victims-as-police-investigate-potential-hate-motive
2024-10-29 15:12:44,967 - INFO - Fetching URL: https://www.itv.com/news/london/2022-04-10/extinction-rebellion-protests-block-two-london-bridges-in-climate-action-demand
2024-10-29 15:12:59,402 - INFO - Fetching URL: https://www.itv.com/news/central/2022-04-07/just-stop-oil-claims-activists-inside-the-kingsbury-oil-terminal
2024-10-29 15:13:09,855 - INFO - Parsing url: https://www.itv.com/news/tyne-tees/2022-04-19/two-women-suffer-serious-leg-injuries-after-incident-at-saltburn-beach
2024-10-29 15:13:09,882 - INFO - article dropped, search terms not present: https://www.itv.com/news/tyne-tees/2022-04-19/two-women-suffer-serious-leg-injuries-after-incident-at-saltburn-beach
2024-10-29 15:13:09,882 - INFO - Parsing url: https://www.itv.com/news/tyne-tees/2022-04-04/20-life-sized-bronze-lions-unveiled-in-newcastle
2024-10-29 15:13:09,908 - INFO - article dropped, search terms not present: https://www.itv.com/news/tyne-tees/2022-04-04/20-life-sized-bronze-lions-unveiled-in-newcastle
2024-10-29 15:13:09,908 - INFO - Parsing url: https://www.itv.com/news/tyne-tees/2022-04-06/man-appears-in-court-charged-in-connection-with-sunderland-house-explosion
2024-10-29 15:13:09,938 - INFO - article dropped, search terms not present: https://www.itv.com/news/tyne-tees/2022-04-06/man-appears-in-court-charged-in-connection-with-sunderland-house-explosion
2024-10-29 15:13:09,938 - INFO - Parsing url: https://www.itv.com/news/anglia/2022-04-16/23-people-charged-with-trespass-after-fuel-protests-in-essex
2024-10-29 15:13:09,960 - INFO - article dropped, search terms not present: https://www.itv.com/news/anglia/2022-04-16/23-people-charged-with-trespass-after-fuel-protests-in-essex
2024-10-29 15:13:09,960 - INFO - Parsing url: https://www.itv.com/news/2022-04-16/six-arrests-after-extinction-rebellion-occupies-shell-oil-tanker
2024-10-29 15:13:09,988 - INFO - Parsing url: https://www.itv.com/news/london/topic/kent
2024-10-29 15:13:10,010 - INFO - text parsing unsuccessful due to 'NoneType' object has no attribute 'findAll'
2024-10-29 15:13:10,011 - INFO - article dropped, no body text found: https://www.itv.com/news/london/topic/kent
2024-10-29 15:13:10,011 - INFO - Parsing url: https://www.itv.com/news/tyne-tees/2022-04-22/police-name-man-killed-following-alleged-assault-outside-york-sports-bar
2024-10-29 15:13:10,029 - INFO - article dropped, search terms not present: https://www.itv.com/news/tyne-tees/2022-04-22/police-name-man-killed-following-alleged-assault-outside-york-sports-bar
2024-10-29 15:13:10,029 - INFO - Parsing url: https://www.itv.com/news/london/2022-04-11/cold-case-park-murder-victims-family-offer-20k-reward-in-fresh-appeal
2024-10-29 15:13:10,054 - INFO - article dropped, search terms not present: https://www.itv.com/news/london/2022-04-11/cold-case-park-murder-victims-family-offer-20k-reward-in-fresh-appeal
2024-10-29 15:13:10,055 - INFO - Parsing url: https://www.itv.com/news/london/2022-04-08/extinction-rebellion-activists-force-closure-of-tower-bridge-after-abseil-stunt
2024-10-29 15:13:10,073 - INFO - Parsing url: https://www.itv.com/news/tyne-tees/2022-04-27/mystery-solved-victorian-orphan-who-asked-not-to-be-forgotten-was-us-hero
2024-10-29 15:13:10,091 - INFO - article dropped, search terms not present: https://www.itv.com/news/tyne-tees/2022-04-27/mystery-solved-victorian-orphan-who-asked-not-to-be-forgotten-was-us-hero
2024-10-29 15:13:10,091 - INFO - Parsing url: https://www.itv.com/news/tyne-tees/2022-04-19/woman-gets-stuck-head-first-behind-a-sofa-at-easter-bottomless-brunch
2024-10-29 15:13:10,116 - INFO - article dropped, search terms not present: https://www.itv.com/news/tyne-tees/2022-04-19/woman-gets-stuck-head-first-behind-a-sofa-at-easter-bottomless-brunch
2024-10-29 15:13:10,116 - INFO - Parsing url: https://www.itv.com/news/tyne-tees/2022-04-21/a1-crash-watch-the-moment-stolen-car-plunges-onto-the-motorway-below
2024-10-29 15:13:10,146 - INFO - article dropped, search terms not present: https://www.itv.com/news/tyne-tees/2022-04-21/a1-crash-watch-the-moment-stolen-car-plunges-onto-the-motorway-below
2024-10-29 15:13:10,146 - INFO - Parsing url: https://www.itv.com/news/tyne-tees/2022-04-22/two-men-jailed-after-attacking-woman-and-burgling-petrol-station
2024-10-29 15:13:10,163 - INFO - article dropped, search terms not present: https://www.itv.com/news/tyne-tees/2022-04-22/two-men-jailed-after-attacking-woman-and-burgling-petrol-station
2024-10-29 15:13:10,164 - INFO - Parsing url: https://www.itv.com/news/tyne-tees/2022-04-05/durhams-steph-houghton-loses-england-captaincy-for-2022-womens-euros
2024-10-29 15:13:10,180 - INFO - article dropped, search terms not present: https://www.itv.com/news/tyne-tees/2022-04-05/durhams-steph-houghton-loses-england-captaincy-for-2022-womens-euros
2024-10-29 15:13:10,180 - INFO - Parsing url: https://www.itv.com/news/topic/kingsbury
2024-10-29 15:13:10,339 - INFO - text parsing unsuccessful due to 'NoneType' object has no attribute 'findAll'
2024-10-29 15:13:10,341 - INFO - article dropped, no body text found: https://www.itv.com/news/topic/kingsbury
2024-10-29 15:13:10,341 - INFO - Parsing url: https://www.itv.com/news/tyne-tees/2022-04-20/seaton-carew-hotel-cuts-links-with-canoe-conman-john-darwin
2024-10-29 15:13:10,363 - INFO - article dropped, search terms not present: https://www.itv.com/news/tyne-tees/2022-04-20/seaton-carew-hotel-cuts-links-with-canoe-conman-john-darwin
2024-10-29 15:13:10,363 - INFO - Parsing url: https://www.itv.com/news/utv/2022-04-13/tributes-to-murder-victims-as-police-investigate-potential-hate-motive
2024-10-29 15:13:10,389 - INFO - article dropped, search terms not present: https://www.itv.com/news/utv/2022-04-13/tributes-to-murder-victims-as-police-investigate-potential-hate-motive
2024-10-29 15:13:10,389 - INFO - Parsing url: https://www.itv.com/news/london/2022-04-10/extinction-rebellion-protests-block-two-london-bridges-in-climate-action-demand
2024-10-29 15:13:10,411 - INFO - Parsing url: https://www.itv.com/news/central/2022-04-07/just-stop-oil-claims-activists-inside-the-kingsbury-oil-terminal
2024-10-29 15:13:10,444 - INFO - downloading images for file article_contents/ITV/itv.com-news_2022-04-01_2022-04-30_parsed.json
2024-10-29 15:13:10,444 - INFO - downloading images for article https://www.itv.com/news/2022-04-16/six-arrests-after-extinction-rebellion-occupies-shell-oil-tanker
2024-10-29 15:13:10,444 - INFO - downloading file at https://images.ctfassets.net/pjshm78m9jt4/7v8fl9z6XSd22pKYkjwXO4/03f21f399b7b650fd5d5fef0f5c4e5d2/XR.jpg
2024-10-29 15:13:11,261 - INFO - downloading file at https://images.ctfassets.net/pjshm78m9jt4/embedded266411996/c8c21b883b9b77025e676fc2e5d69c0a/importedImageembedded266411996
2024-10-29 15:13:11,776 - INFO - downloading file at https://images.ctfassets.net/pjshm78m9jt4/embedded266412065/8774226eccc8eecf29e8aeddcaa7bc6c/importedImageembedded266412065
2024-10-29 15:13:12,233 - INFO - downloading images for article https://www.itv.com/news/london/2022-04-08/extinction-rebellion-activists-force-closure-of-tower-bridge-after-abseil-stunt
2024-10-29 15:13:12,236 - INFO - downloading file at https://images.ctfassets.net/pjshm78m9jt4/kh9pOPcXsBrIeTnLa8Gaj/e871ba27e6f8bd2231d549dd35ca0053/2.66277767.jpg
2024-10-29 15:13:14,980 - INFO - downloading file at https://images.ctfassets.net/pjshm78m9jt4/3uqSkCftGBnZYdvfOfPmb8/1df3e725ec22a185c57769134ec9e1f7/2.66277766.jpg
2024-10-29 15:13:16,635 - INFO - downloading file at https://images.ctfassets.net/pjshm78m9jt4/5kuxgN5O0zv3DEYzpCO8hb/562b903a8d263acca5c692a00fef6202/2.66277769.jpg
2024-10-29 15:13:18,540 - INFO - downloading images for article https://www.itv.com/news/london/2022-04-10/extinction-rebellion-protests-block-two-london-bridges-in-climate-action-demand
2024-10-29 15:13:18,542 - INFO - downloading file at https://images.ctfassets.net/pjshm78m9jt4/1iJmrfz5TAyL0KAsITedH5/0126606183e8edb7ea917567ade9540d/FotoJet__85_.jpg
2024-10-29 15:13:20,207 - INFO - downloading file at https://images.ctfassets.net/pjshm78m9jt4/5IkIa2nJ79glCkwuU0S2dg/ba5de0c1a9957fc97eb21ac5db496213/PA-66325135.jpg
2024-10-29 15:13:21,609 - INFO - downloading file at https://images.ctfassets.net/pjshm78m9jt4/1MfJI1G08GxsMWAIW59qNt/7f3c5600557db9493355af80f7e8f09a/PA-66324885.jpg
2024-10-29 15:13:23,114 - INFO - downloading file at https://images.ctfassets.net/pjshm78m9jt4/3P3n3HPw2sD291dE6Y13ZG/ef82e8e368c312af628a3e0f38d6980e/PA-66191233.jpg
2024-10-29 15:13:24,648 - INFO - downloading file at https://images.ctfassets.net/pjshm78m9jt4/embedded266174098/099eb93a2187f0aa2ab56a0d6311342d/importedImageembedded266174098
2024-10-29 15:13:25,044 - INFO - downloading file at https://images.ctfassets.net/pjshm78m9jt4/4p1Em39RD5Snrc7kJHM5CP/843c815bf846f2ad4f5a65d7fc4af947/PA-66173822.jpg
2024-10-29 15:13:25,975 - INFO - downloading images for article https://www.itv.com/news/central/2022-04-07/just-stop-oil-claims-activists-inside-the-kingsbury-oil-terminal
2024-10-29 15:13:25,978 - INFO - scraping urls from file: ../google_scraping/article_urls/ITV/itv.com-news_2022-05-01_2022-05-31_urls.csv
2024-10-29 15:13:26,285 - INFO - Fetching URL: https://www.itv.com/news/tyne-tees/2022-05-24/man-charged-in-connection-with-a1-crash-which-left-woman-in-critical-condition
2024-10-29 15:13:31,480 - INFO - Successfully accepted cookies
2024-10-29 15:13:36,943 - INFO - Fetching URL: https://www.itv.com/news/tyne-tees/2022-05-05/loosefest-adds-another-act-ahead-of-largest-festival-summer-weekend
2024-10-29 15:13:45,934 - INFO - Fetching URL: https://www.itv.com/news/tyne-tees/2022-05-06/dean-richards-to-step-down-as-newcastle-falcons-director-of-rugby
2024-10-29 15:13:54,518 - INFO - Fetching URL: https://www.itv.com/news/tyne-tees/2022-05-04/stack-closure-makes-way-for-huge-155m-change-to-newcastle-city-centre
2024-10-29 15:14:02,408 - INFO - Fetching URL: https://www.itv.com/news/tyne-tees/2022-05-22/woman-in-critical-condition-in-hospital-following-a1-crash-in-durham
2024-10-29 15:14:13,605 - INFO - Fetching URL: https://www.itv.com/news/tyne-tees/2022-05-26/man-74-who-died-following-newcastle-crash-was-familys-foundation-stone
2024-10-29 15:14:21,686 - INFO - Fetching URL: https://www.itv.com/news/tyne-tees/2022-05-03/ann-herons-cold-case-murder-re-examined-as-part-of-documentary
2024-10-29 15:14:33,753 - INFO - Fetching URL: https://www.itv.com/news/tyne-tees/2022-05-29/a-hundred-years-of-saving-lives-in-gateshead
2024-10-29 15:14:42,211 - INFO - Fetching URL: https://www.itv.com/news/tyne-tees/2022-05-11/singer-emeli-sande-speaks-out-about-bold-and-honest-bid-to-come-out-publicly
2024-10-29 15:14:51,887 - INFO - Fetching URL: https://www.itv.com/news/tyne-tees/2022-05-03/john-darwin-drama-itvs-most-watched-easter-sunday-programme-since-2010
2024-10-29 15:15:01,602 - INFO - Fetching URL: https://www.itv.com/news/tyne-tees/2022-05-21/sunderland-win-promotion-to-championship-in-front-of-thousands-of-wembley-fans
2024-10-29 15:15:10,553 - INFO - Fetching URL: https://www.itv.com/news/tyne-tees/2022-05-03/motorcyclist-knocked-off-bike-and-run-over-by-car-shattering-pelvis
2024-10-29 15:15:24,686 - INFO - Fetching URL: https://www.itv.com/news/tyne-tees/2022-05-17/jail-for-county-durham-man-who-tried-to-gouge-police-officers-eyes-out
2024-10-29 15:15:34,414 - INFO - Fetching URL: https://www.itv.com/news/tyne-tees/2022-05-10/wife-says-suicide-of-teesside-businessman-was-like-a-bomb-going-off
2024-10-29 15:15:45,036 - INFO - Fetching URL: https://www.itv.com/news/tyne-tees/2022-05-24/brave-pc-detained-blood-covered-suspect-before-trying-to-save-murder-victim
2024-10-29 15:15:54,231 - INFO - Fetching URL: https://www.itv.com/news/tyne-tees/2022-05-26/vampires-gather-in-whitby-for-dracula-anniversary-world-record-attempt
2024-10-29 15:16:04,769 - INFO - Fetching URL: https://www.itv.com/news/tyne-tees/2022-05-06/killers-mother-this-has-ripped-my-family-apart-inquest-hears
2024-10-29 15:16:15,210 - INFO - Fetching URL: https://www.itv.com/news/tyne-tees/2022-05-31/county-durham-loses-race-for-uk-city-of-culture-2025-status
2024-10-29 15:16:27,354 - INFO - Fetching URL: https://www.itv.com/news/tyne-tees/2022-05-03/newcastle-united-fa-cup-hero-and-magpie-brother-honoured-with-blue-plaque
2024-10-29 15:16:36,510 - INFO - Parsing url: https://www.itv.com/news/tyne-tees/2022-05-24/man-charged-in-connection-with-a1-crash-which-left-woman-in-critical-condition
2024-10-29 15:16:36,539 - INFO - article dropped, search terms not present: https://www.itv.com/news/tyne-tees/2022-05-24/man-charged-in-connection-with-a1-crash-which-left-woman-in-critical-condition
2024-10-29 15:16:36,539 - INFO - Parsing url: https://www.itv.com/news/tyne-tees/2022-05-05/loosefest-adds-another-act-ahead-of-largest-festival-summer-weekend
2024-10-29 15:16:36,560 - INFO - article dropped, search terms not present: https://www.itv.com/news/tyne-tees/2022-05-05/loosefest-adds-another-act-ahead-of-largest-festival-summer-weekend
2024-10-29 15:16:36,560 - INFO - Parsing url: https://www.itv.com/news/tyne-tees/2022-05-06/dean-richards-to-step-down-as-newcastle-falcons-director-of-rugby
2024-10-29 15:16:36,588 - INFO - article dropped, search terms not present: https://www.itv.com/news/tyne-tees/2022-05-06/dean-richards-to-step-down-as-newcastle-falcons-director-of-rugby
2024-10-29 15:16:36,588 - INFO - Parsing url: https://www.itv.com/news/tyne-tees/2022-05-04/stack-closure-makes-way-for-huge-155m-change-to-newcastle-city-centre
2024-10-29 15:16:36,609 - INFO - article dropped, search terms not present: https://www.itv.com/news/tyne-tees/2022-05-04/stack-closure-makes-way-for-huge-155m-change-to-newcastle-city-centre
2024-10-29 15:16:36,609 - INFO - Parsing url: https://www.itv.com/news/tyne-tees/2022-05-22/woman-in-critical-condition-in-hospital-following-a1-crash-in-durham
2024-10-29 15:16:36,628 - INFO - article dropped, search terms not present: https://www.itv.com/news/tyne-tees/2022-05-22/woman-in-critical-condition-in-hospital-following-a1-crash-in-durham
2024-10-29 15:16:36,628 - INFO - Parsing url: https://www.itv.com/news/tyne-tees/2022-05-26/man-74-who-died-following-newcastle-crash-was-familys-foundation-stone
2024-10-29 15:16:36,649 - INFO - article dropped, search terms not present: https://www.itv.com/news/tyne-tees/2022-05-26/man-74-who-died-following-newcastle-crash-was-familys-foundation-stone
2024-10-29 15:16:36,649 - INFO - Parsing url: https://www.itv.com/news/tyne-tees/2022-05-03/ann-herons-cold-case-murder-re-examined-as-part-of-documentary
2024-10-29 15:16:36,679 - INFO - article dropped, search terms not present: https://www.itv.com/news/tyne-tees/2022-05-03/ann-herons-cold-case-murder-re-examined-as-part-of-documentary
2024-10-29 15:16:36,679 - INFO - Parsing url: https://www.itv.com/news/tyne-tees/2022-05-29/a-hundred-years-of-saving-lives-in-gateshead
2024-10-29 15:16:36,700 - INFO - article dropped, search terms not present: https://www.itv.com/news/tyne-tees/2022-05-29/a-hundred-years-of-saving-lives-in-gateshead
2024-10-29 15:16:36,700 - INFO - Parsing url: https://www.itv.com/news/tyne-tees/2022-05-11/singer-emeli-sande-speaks-out-about-bold-and-honest-bid-to-come-out-publicly
2024-10-29 15:16:36,722 - INFO - article dropped, search terms not present: https://www.itv.com/news/tyne-tees/2022-05-11/singer-emeli-sande-speaks-out-about-bold-and-honest-bid-to-come-out-publicly
2024-10-29 15:16:36,723 - INFO - Parsing url: https://www.itv.com/news/tyne-tees/2022-05-03/john-darwin-drama-itvs-most-watched-easter-sunday-programme-since-2010
2024-10-29 15:16:36,743 - INFO - article dropped, search terms not present: https://www.itv.com/news/tyne-tees/2022-05-03/john-darwin-drama-itvs-most-watched-easter-sunday-programme-since-2010
2024-10-29 15:16:36,743 - INFO - Parsing url: https://www.itv.com/news/tyne-tees/2022-05-21/sunderland-win-promotion-to-championship-in-front-of-thousands-of-wembley-fans
2024-10-29 15:16:36,764 - INFO - article dropped, search terms not present: https://www.itv.com/news/tyne-tees/2022-05-21/sunderland-win-promotion-to-championship-in-front-of-thousands-of-wembley-fans
2024-10-29 15:16:36,764 - INFO - Parsing url: https://www.itv.com/news/tyne-tees/2022-05-03/motorcyclist-knocked-off-bike-and-run-over-by-car-shattering-pelvis
2024-10-29 15:16:36,790 - INFO - article dropped, search terms not present: https://www.itv.com/news/tyne-tees/2022-05-03/motorcyclist-knocked-off-bike-and-run-over-by-car-shattering-pelvis
2024-10-29 15:16:36,791 - INFO - Parsing url: https://www.itv.com/news/tyne-tees/2022-05-17/jail-for-county-durham-man-who-tried-to-gouge-police-officers-eyes-out
2024-10-29 15:16:36,810 - INFO - article dropped, search terms not present: https://www.itv.com/news/tyne-tees/2022-05-17/jail-for-county-durham-man-who-tried-to-gouge-police-officers-eyes-out
2024-10-29 15:16:36,810 - INFO - Parsing url: https://www.itv.com/news/tyne-tees/2022-05-10/wife-says-suicide-of-teesside-businessman-was-like-a-bomb-going-off
2024-10-29 15:16:36,837 - INFO - article dropped, search terms not present: https://www.itv.com/news/tyne-tees/2022-05-10/wife-says-suicide-of-teesside-businessman-was-like-a-bomb-going-off
2024-10-29 15:16:36,837 - INFO - Parsing url: https://www.itv.com/news/tyne-tees/2022-05-24/brave-pc-detained-blood-covered-suspect-before-trying-to-save-murder-victim
2024-10-29 15:16:37,017 - INFO - article dropped, search terms not present: https://www.itv.com/news/tyne-tees/2022-05-24/brave-pc-detained-blood-covered-suspect-before-trying-to-save-murder-victim
2024-10-29 15:16:37,017 - INFO - Parsing url: https://www.itv.com/news/tyne-tees/2022-05-26/vampires-gather-in-whitby-for-dracula-anniversary-world-record-attempt
2024-10-29 15:16:37,046 - INFO - article dropped, search terms not present: https://www.itv.com/news/tyne-tees/2022-05-26/vampires-gather-in-whitby-for-dracula-anniversary-world-record-attempt
2024-10-29 15:16:37,046 - INFO - Parsing url: https://www.itv.com/news/tyne-tees/2022-05-06/killers-mother-this-has-ripped-my-family-apart-inquest-hears
2024-10-29 15:16:37,067 - INFO - article dropped, search terms not present: https://www.itv.com/news/tyne-tees/2022-05-06/killers-mother-this-has-ripped-my-family-apart-inquest-hears
2024-10-29 15:16:37,067 - INFO - Parsing url: https://www.itv.com/news/tyne-tees/2022-05-31/county-durham-loses-race-for-uk-city-of-culture-2025-status
2024-10-29 15:16:37,088 - INFO - article dropped, search terms not present: https://www.itv.com/news/tyne-tees/2022-05-31/county-durham-loses-race-for-uk-city-of-culture-2025-status
2024-10-29 15:16:37,088 - INFO - Parsing url: https://www.itv.com/news/tyne-tees/2022-05-03/newcastle-united-fa-cup-hero-and-magpie-brother-honoured-with-blue-plaque
2024-10-29 15:16:37,108 - INFO - article dropped, search terms not present: https://www.itv.com/news/tyne-tees/2022-05-03/newcastle-united-fa-cup-hero-and-magpie-brother-honoured-with-blue-plaque
2024-10-29 15:16:37,109 - INFO - downloading images for file article_contents/ITV/itv.com-news_2022-05-01_2022-05-31_parsed.json
2024-10-29 15:16:37,115 - INFO - scraping urls from file: ../google_scraping/article_urls/ITV/itv.com-news_2022-06-01_2022-06-30_urls.csv
2024-10-29 15:16:37,355 - INFO - Fetching URL: https://www.itv.com/news/meridian/2022-06-24/man-detained-at-gatwick-airport-as-police-cordon-off-part-of-north-terminal
2024-10-29 15:16:44,398 - INFO - Successfully accepted cookies
2024-10-29 15:16:52,305 - INFO - Fetching URL: https://www.itv.com/news/tyne-tees/2022-06-13/cyclist-left-with-broken-collar-bone-after-crash-with-van-in-middlesbrough
2024-10-29 15:17:01,394 - INFO - Fetching URL: https://www.itv.com/news/tyne-tees/2022-06-13/daniel-green-hodgson-guisborough-mum-admits-murdering-two-year-old-son
2024-10-29 15:17:08,484 - INFO - Fetching URL: https://www.itv.com/news/tyne-tees/2022-06-23/northumbria-police-release-images-of-their-top-suspected-criminals
2024-10-29 15:17:16,761 - INFO - Fetching URL: https://www.itv.com/news/tyne-tees/2022-06-01/johnny-depp-spotted-outside-newcastle-pub-on-night-he-wins-lawsuit
2024-10-29 15:17:28,488 - INFO - Fetching URL: https://www.itv.com/news/tyne-tees/2022-06-09/thousands-expected-on-the-town-moor-for-new-rock-and-roll-circus-festival
2024-10-29 15:17:39,110 - INFO - Fetching URL: https://www.itv.com/news/london/2022-06-04/police-drag-away-protesters-who-ran-onto-epsom-derby-track
2024-10-29 15:17:50,881 - INFO - Fetching URL: https://www.itv.com/news/anglia/2022-06-06/brain-damaged-boy-12-not-absorbing-nourishment-properly-says-lawyer
2024-10-29 15:18:04,826 - INFO - Fetching URL: https://www.itv.com/news/london/2022-06-02/arrests-made-after-protesters-attempt-to-enter-queens-jubilee-parade-route
2024-10-29 15:18:14,406 - INFO - Fetching URL: https://www.itv.com/news/tyne-tees/2022-06-21/double-amputee-veteran-set-to-climb-north-africas-highest-mountain
2024-10-29 15:18:25,246 - INFO - Fetching URL: https://www.itv.com/news/tyne-tees/2022-06-20/teesside-university-announces-new-scholarship-with-rock-royalty-paul-rodgers
2024-10-29 15:18:33,354 - INFO - Fetching URL: https://www.itv.com/news/tyne-tees/2022-06-04/sam-fender-apologises-after-johnny-depp-heroes-photo-at-pub
2024-10-29 15:18:43,092 - INFO - Fetching URL: https://www.itv.com/news/anglia/2022-06-07/woman-in-her-40s-killed-in-two-vehicle-crash
2024-10-29 15:18:50,776 - INFO - Fetching URL: https://www.itv.com/news/tyne-tees/2022-05-12/first-common-crane-chick-born-at-washington-wetland-centre-in-46-year-history
2024-10-29 15:19:00,161 - INFO - Fetching URL: https://www.itv.com/news/tyne-tees/2022-06-29/brain-damaged-woman-who-died-10-years-after-house-fire-was-unlawfully-killed
2024-10-29 15:19:11,321 - INFO - Fetching URL: https://www.itv.com/news/tyne-tees/2022-06-01/no-clear-cause-for-dead-crabs-and-lobsters-washed-up-along-regions-coastline
2024-10-29 15:19:19,417 - INFO - Fetching URL: https://www.itv.com/news/anglia/2022-06-27/silverstone-boss-hopeful-of-new-f1-deal-as-of-british-grand-prix
2024-10-29 15:19:29,421 - INFO - Fetching URL: https://www.itv.com/news/tyne-tees/2022-06-28/opera-singer-whose-life-inspired-billy-elliot-leaves-durham-university
2024-10-29 15:19:39,264 - INFO - Parsing url: https://www.itv.com/news/meridian/2022-06-24/man-detained-at-gatwick-airport-as-police-cordon-off-part-of-north-terminal
2024-10-29 15:19:39,288 - INFO - article dropped, search terms not present: https://www.itv.com/news/meridian/2022-06-24/man-detained-at-gatwick-airport-as-police-cordon-off-part-of-north-terminal
2024-10-29 15:19:39,288 - INFO - Parsing url: https://www.itv.com/news/tyne-tees/2022-06-13/cyclist-left-with-broken-collar-bone-after-crash-with-van-in-middlesbrough
2024-10-29 15:19:39,311 - INFO - article dropped, search terms not present: https://www.itv.com/news/tyne-tees/2022-06-13/cyclist-left-with-broken-collar-bone-after-crash-with-van-in-middlesbrough
2024-10-29 15:19:39,311 - INFO - Parsing url: https://www.itv.com/news/tyne-tees/2022-06-13/daniel-green-hodgson-guisborough-mum-admits-murdering-two-year-old-son
2024-10-29 15:19:39,332 - INFO - article dropped, search terms not present: https://www.itv.com/news/tyne-tees/2022-06-13/daniel-green-hodgson-guisborough-mum-admits-murdering-two-year-old-son
2024-10-29 15:19:39,332 - INFO - Parsing url: https://www.itv.com/news/tyne-tees/2022-06-23/northumbria-police-release-images-of-their-top-suspected-criminals
2024-10-29 15:19:39,355 - INFO - article dropped, search terms not present: https://www.itv.com/news/tyne-tees/2022-06-23/northumbria-police-release-images-of-their-top-suspected-criminals
2024-10-29 15:19:39,356 - INFO - Parsing url: https://www.itv.com/news/tyne-tees/2022-06-01/johnny-depp-spotted-outside-newcastle-pub-on-night-he-wins-lawsuit
2024-10-29 15:19:39,386 - INFO - article dropped, search terms not present: https://www.itv.com/news/tyne-tees/2022-06-01/johnny-depp-spotted-outside-newcastle-pub-on-night-he-wins-lawsuit
2024-10-29 15:19:39,386 - INFO - Parsing url: https://www.itv.com/news/tyne-tees/2022-06-09/thousands-expected-on-the-town-moor-for-new-rock-and-roll-circus-festival
2024-10-29 15:19:39,410 - INFO - article dropped, search terms not present: https://www.itv.com/news/tyne-tees/2022-06-09/thousands-expected-on-the-town-moor-for-new-rock-and-roll-circus-festival
2024-10-29 15:19:39,411 - INFO - Parsing url: https://www.itv.com/news/london/2022-06-04/police-drag-away-protesters-who-ran-onto-epsom-derby-track
2024-10-29 15:19:39,432 - INFO - Parsing url: https://www.itv.com/news/anglia/2022-06-06/brain-damaged-boy-12-not-absorbing-nourishment-properly-says-lawyer
2024-10-29 15:19:39,453 - INFO - article dropped, search terms not present: https://www.itv.com/news/anglia/2022-06-06/brain-damaged-boy-12-not-absorbing-nourishment-properly-says-lawyer
2024-10-29 15:19:39,453 - INFO - Parsing url: https://www.itv.com/news/london/2022-06-02/arrests-made-after-protesters-attempt-to-enter-queens-jubilee-parade-route
2024-10-29 15:19:39,476 - INFO - Parsing url: https://www.itv.com/news/tyne-tees/2022-06-21/double-amputee-veteran-set-to-climb-north-africas-highest-mountain
2024-10-29 15:19:39,641 - INFO - article dropped, search terms not present: https://www.itv.com/news/tyne-tees/2022-06-21/double-amputee-veteran-set-to-climb-north-africas-highest-mountain
2024-10-29 15:19:39,641 - INFO - Parsing url: https://www.itv.com/news/tyne-tees/2022-06-20/teesside-university-announces-new-scholarship-with-rock-royalty-paul-rodgers
2024-10-29 15:19:39,662 - INFO - article dropped, search terms not present: https://www.itv.com/news/tyne-tees/2022-06-20/teesside-university-announces-new-scholarship-with-rock-royalty-paul-rodgers
2024-10-29 15:19:39,662 - INFO - Parsing url: https://www.itv.com/news/tyne-tees/2022-06-04/sam-fender-apologises-after-johnny-depp-heroes-photo-at-pub
2024-10-29 15:19:39,685 - INFO - article dropped, search terms not present: https://www.itv.com/news/tyne-tees/2022-06-04/sam-fender-apologises-after-johnny-depp-heroes-photo-at-pub
2024-10-29 15:19:39,685 - INFO - Parsing url: https://www.itv.com/news/anglia/2022-06-07/woman-in-her-40s-killed-in-two-vehicle-crash
2024-10-29 15:19:39,705 - INFO - article dropped, search terms not present: https://www.itv.com/news/anglia/2022-06-07/woman-in-her-40s-killed-in-two-vehicle-crash
2024-10-29 15:19:39,706 - INFO - Parsing url: https://www.itv.com/news/tyne-tees/2022-05-12/first-common-crane-chick-born-at-washington-wetland-centre-in-46-year-history
2024-10-29 15:19:39,737 - INFO - article dropped, search terms not present: https://www.itv.com/news/tyne-tees/2022-05-12/first-common-crane-chick-born-at-washington-wetland-centre-in-46-year-history
2024-10-29 15:19:39,737 - INFO - Parsing url: https://www.itv.com/news/tyne-tees/2022-06-29/brain-damaged-woman-who-died-10-years-after-house-fire-was-unlawfully-killed
2024-10-29 15:19:39,761 - INFO - article dropped, search terms not present: https://www.itv.com/news/tyne-tees/2022-06-29/brain-damaged-woman-who-died-10-years-after-house-fire-was-unlawfully-killed
2024-10-29 15:19:39,761 - INFO - Parsing url: https://www.itv.com/news/tyne-tees/2022-06-01/no-clear-cause-for-dead-crabs-and-lobsters-washed-up-along-regions-coastline
2024-10-29 15:19:39,782 - INFO - article dropped, search terms not present: https://www.itv.com/news/tyne-tees/2022-06-01/no-clear-cause-for-dead-crabs-and-lobsters-washed-up-along-regions-coastline
2024-10-29 15:19:39,782 - INFO - Parsing url: https://www.itv.com/news/anglia/2022-06-27/silverstone-boss-hopeful-of-new-f1-deal-as-of-british-grand-prix
2024-10-29 15:19:39,801 - INFO - article dropped, search terms not present: https://www.itv.com/news/anglia/2022-06-27/silverstone-boss-hopeful-of-new-f1-deal-as-of-british-grand-prix
2024-10-29 15:19:39,801 - INFO - Parsing url: https://www.itv.com/news/tyne-tees/2022-06-28/opera-singer-whose-life-inspired-billy-elliot-leaves-durham-university
2024-10-29 15:19:39,820 - INFO - article dropped, search terms not present: https://www.itv.com/news/tyne-tees/2022-06-28/opera-singer-whose-life-inspired-billy-elliot-leaves-durham-university
2024-10-29 15:19:39,829 - INFO - downloading images for file article_contents/ITV/itv.com-news_2022-06-01_2022-06-30_parsed.json
2024-10-29 15:19:39,830 - INFO - downloading images for article https://www.itv.com/news/london/2022-06-04/police-drag-away-protesters-who-ran-onto-epsom-derby-track
2024-10-29 15:19:39,830 - INFO - downloading file at https://images.ctfassets.net/pjshm78m9jt4/LYgh6WqlQGEJPClat57F0/bc4b5746d7ec9b80e4d0d862146213a8/PA-67278858.jpg
2024-10-29 15:19:41,034 - INFO - downloading file at https://images.ctfassets.net/pjshm78m9jt4/75ryc9gk2OQayKz5JdzFgK/69392cae093275fe74f3c04639f6fd69/PA-67278847.jpg
2024-10-29 15:19:42,125 - INFO - downloading file at https://images.ctfassets.net/pjshm78m9jt4/7CS0rRvPgstXZEoiSVG4i0/37cdb80f26c593afdeec18882ba4372b/PA-67278820.jpg
2024-10-29 15:19:42,891 - INFO - downloading file at https://images.ctfassets.net/pjshm78m9jt4/embedded267242748/c53d99cfe35e70a852c07049b932bf68/importedImageembedded267242748
2024-10-29 15:19:43,278 - INFO - downloading images for article https://www.itv.com/news/london/2022-06-02/arrests-made-after-protesters-attempt-to-enter-queens-jubilee-parade-route
2024-10-29 15:19:43,281 - INFO - downloading file at https://images.ctfassets.net/pjshm78m9jt4/5cZWBVxFSyY3CZg5V1a0rO/ed73c562d3b7b0785befbd3775795e3b/FUPOmpPXoAAvSRO__1_.jpg
2024-10-29 15:19:46,030 - INFO - downloading file at https://images.ctfassets.net/pjshm78m9jt4/2FQzYSiGUH6mz3shgi9Y0V/d0cf78e62292131c0d278856a256d0d8/PA-67242816.jpg
2024-10-29 15:19:48,113 - INFO - scraping urls from file: ../google_scraping/article_urls/ITV/itv.com-news_2022-07-01_2022-07-31_urls.csv
2024-10-29 15:19:48,468 - INFO - Fetching URL: https://www.itv.com/news/anglia/2022-07-05/six-climate-activists-charged-over-invasion-of-british-f1-grand-prix
2024-10-29 15:19:53,754 - INFO - Successfully accepted cookies
2024-10-29 15:20:00,731 - INFO - Fetching URL: https://www.itv.com/news/tyne-tees/2022-07-14/large-jellyfish-spotted-off-roker-beach
2024-10-29 15:20:08,813 - INFO - Fetching URL: https://www.itv.com/news/tyne-tees/2022-07-02/south-shields-sandhaven-tops-list-of-best-uk-beaches-by-the-sunday-times
2024-10-29 15:20:18,792 - INFO - Fetching URL: https://www.itv.com/news/tyne-tees/2022-07-09/ant-mcpartlin-pays-tribute-to-father-dermott-donnelly-as-kindest-man-he-knew
2024-10-29 15:20:28,688 - INFO - Fetching URL: https://www.itv.com/news/tyne-tees/2022-07-24/boris-johnson-throws-hand-grenade-and-holds-rocket-launcher-in-military-exercise
2024-10-29 15:20:39,622 - INFO - Fetching URL: https://www.itv.com/news/tyne-tees/2022-07-06/who-are-the-north-east-footballers-representing-england-at-the-euros
2024-10-29 15:20:49,868 - INFO - Fetching URL: https://www.itv.com/news/london/2022-07-22/eco-activists-plead-not-guilty-to-causing-public-nuisance-over-heatwave-protest
2024-10-29 15:20:57,740 - INFO - Fetching URL: https://www.itv.com/news/tyne-tees/2022-07-06/man-jailed-for-threatening-woman-with-knife-and-pouring-wash-powder-in-her-mouth
2024-10-29 15:21:05,147 - INFO - Fetching URL: https://www.itv.com/news/tyne-tees/2022-07-12/mum-with-long-covid-died-after-falling-from-cliffs-in-unknown-circumstances
2024-10-29 15:21:14,198 - INFO - Fetching URL: https://www.itv.com/news/anglia/2022-07-04/climate-activists-paste-apocalyptic-vision-over-john-constable-painting
2024-10-29 15:21:24,748 - INFO - Fetching URL: https://www.itv.com/news/tyne-tees/2022-07-05/five-teens-convicted-for-killing-dad-35-after-joking-he-resembled-ant-and-dec
2024-10-29 15:21:38,959 - INFO - Fetching URL: https://www.itv.com/news/meridian/2022-07-07/who-is-suella-braverman-the-brexit-backing-attorney-general-who-wants-to-be-pm
2024-10-29 15:21:50,916 - INFO - Fetching URL: https://www.itv.com/news/london/2022-07-22/one-of-busiest-days-to-travel-as-nearly-1k-flights-leave-london-airports
2024-10-29 15:22:01,035 - INFO - Fetching URL: https://www.itv.com/news/tyne-tees/2022-07-18/devastated-family-pay-tribute-to-teenager-who-died-in-river-tyne
2024-10-29 15:22:10,619 - INFO - Fetching URL: https://www.itv.com/news/london/2022-07-20/huge-m25-queues-in-surrey-as-just-stop-oil-protesters-climb-motorway-signs
2024-10-29 15:22:22,619 - INFO - Fetching URL: https://www.itv.com/news/london/2022-07-01/climate-activists-glue-themselves-to-van-gogh-oil-painting-at-london-gallery
2024-10-29 15:22:32,434 - INFO - Fetching URL: https://www.itv.com/news/tyne-tees/2022-07-11/boy-five-dies-after-trying-to-climb-inside-dinosaur-shaped-helium-balloon
2024-10-29 15:22:43,506 - INFO - Fetching URL: https://www.itv.com/news/tyne-tees/2022-07-05/boxer-savannah-marshall-to-face-rival-in-biggest-fight-in-womens-boxing-history
2024-10-29 15:22:57,262 - INFO - Fetching URL: https://www.itv.com/news/tyne-tees/2022-07-11/extinction-rebellion-activist-spotted-abseiling-angel-of-the-north
2024-10-29 15:23:06,610 - INFO - Fetching URL: https://www.itv.com/news/calendar/2022-07-06/rishi-sunak-lies-low-as-wife-makes-round-of-tea-for-media-in-38-mugs
2024-10-29 15:23:16,594 - INFO - Fetching URL: https://www.itv.com/news/london/2022-07-05/just-stop-oil-demonstrators-glue-themselves-to-the-last-supper
2024-10-29 15:23:29,068 - INFO - Fetching URL: https://www.itv.com/news/tyne-tees/2022-07-21/rishi-sunak-treats-journalists-to-twix-sprite-and-suncream-for-the-road
2024-10-29 15:23:39,770 - INFO - Fetching URL: https://www.itv.com/news/tyne-tees/2022-07-27/lorry-driver-breaks-down-in-tears-over-killing-three-as-he-browsed-dating-sites
2024-10-29 15:23:53,555 - INFO - Fetching URL: https://www.itv.com/news/tyne-tees/2022-07-01/prized-gateshead-homing-pigeon-found-over-4000-miles-from-home-in-alabama
2024-10-29 15:24:01,966 - INFO - Parsing url: https://www.itv.com/news/anglia/2022-07-05/six-climate-activists-charged-over-invasion-of-british-f1-grand-prix
2024-10-29 15:24:01,988 - INFO - article dropped, search terms not present: https://www.itv.com/news/anglia/2022-07-05/six-climate-activists-charged-over-invasion-of-british-f1-grand-prix
2024-10-29 15:24:01,988 - INFO - Parsing url: https://www.itv.com/news/tyne-tees/2022-07-14/large-jellyfish-spotted-off-roker-beach
2024-10-29 15:24:02,011 - INFO - article dropped, search terms not present: https://www.itv.com/news/tyne-tees/2022-07-14/large-jellyfish-spotted-off-roker-beach
2024-10-29 15:24:02,011 - INFO - Parsing url: https://www.itv.com/news/tyne-tees/2022-07-02/south-shields-sandhaven-tops-list-of-best-uk-beaches-by-the-sunday-times
2024-10-29 15:24:02,033 - INFO - article dropped, search terms not present: https://www.itv.com/news/tyne-tees/2022-07-02/south-shields-sandhaven-tops-list-of-best-uk-beaches-by-the-sunday-times
2024-10-29 15:24:02,033 - INFO - Parsing url: https://www.itv.com/news/tyne-tees/2022-07-09/ant-mcpartlin-pays-tribute-to-father-dermott-donnelly-as-kindest-man-he-knew
2024-10-29 15:24:02,059 - INFO - article dropped, search terms not present: https://www.itv.com/news/tyne-tees/2022-07-09/ant-mcpartlin-pays-tribute-to-father-dermott-donnelly-as-kindest-man-he-knew
2024-10-29 15:24:02,059 - INFO - Parsing url: https://www.itv.com/news/tyne-tees/2022-07-24/boris-johnson-throws-hand-grenade-and-holds-rocket-launcher-in-military-exercise
2024-10-29 15:24:02,094 - INFO - article dropped, search terms not present: https://www.itv.com/news/tyne-tees/2022-07-24/boris-johnson-throws-hand-grenade-and-holds-rocket-launcher-in-military-exercise
2024-10-29 15:24:02,094 - INFO - Parsing url: https://www.itv.com/news/tyne-tees/2022-07-06/who-are-the-north-east-footballers-representing-england-at-the-euros
2024-10-29 15:24:02,115 - INFO - article dropped, search terms not present: https://www.itv.com/news/tyne-tees/2022-07-06/who-are-the-north-east-footballers-representing-england-at-the-euros
2024-10-29 15:24:02,115 - INFO - Parsing url: https://www.itv.com/news/london/2022-07-22/eco-activists-plead-not-guilty-to-causing-public-nuisance-over-heatwave-protest
2024-10-29 15:24:02,141 - INFO - Parsing url: https://www.itv.com/news/tyne-tees/2022-07-06/man-jailed-for-threatening-woman-with-knife-and-pouring-wash-powder-in-her-mouth
2024-10-29 15:24:02,161 - INFO - article dropped, search terms not present: https://www.itv.com/news/tyne-tees/2022-07-06/man-jailed-for-threatening-woman-with-knife-and-pouring-wash-powder-in-her-mouth
2024-10-29 15:24:02,161 - INFO - Parsing url: https://www.itv.com/news/tyne-tees/2022-07-12/mum-with-long-covid-died-after-falling-from-cliffs-in-unknown-circumstances
2024-10-29 15:24:02,182 - INFO - article dropped, search terms not present: https://www.itv.com/news/tyne-tees/2022-07-12/mum-with-long-covid-died-after-falling-from-cliffs-in-unknown-circumstances
2024-10-29 15:24:02,182 - INFO - Parsing url: https://www.itv.com/news/anglia/2022-07-04/climate-activists-paste-apocalyptic-vision-over-john-constable-painting
2024-10-29 15:24:02,203 - INFO - Parsing url: https://www.itv.com/news/tyne-tees/2022-07-05/five-teens-convicted-for-killing-dad-35-after-joking-he-resembled-ant-and-dec
2024-10-29 15:24:02,230 - INFO - article dropped, search terms not present: https://www.itv.com/news/tyne-tees/2022-07-05/five-teens-convicted-for-killing-dad-35-after-joking-he-resembled-ant-and-dec
2024-10-29 15:24:02,230 - INFO - Parsing url: https://www.itv.com/news/meridian/2022-07-07/who-is-suella-braverman-the-brexit-backing-attorney-general-who-wants-to-be-pm
2024-10-29 15:24:02,252 - INFO - Parsing url: https://www.itv.com/news/london/2022-07-22/one-of-busiest-days-to-travel-as-nearly-1k-flights-leave-london-airports
2024-10-29 15:24:02,277 - INFO - Parsing url: https://www.itv.com/news/tyne-tees/2022-07-18/devastated-family-pay-tribute-to-teenager-who-died-in-river-tyne
2024-10-29 15:24:02,295 - INFO - article dropped, search terms not present: https://www.itv.com/news/tyne-tees/2022-07-18/devastated-family-pay-tribute-to-teenager-who-died-in-river-tyne
2024-10-29 15:24:02,295 - INFO - Parsing url: https://www.itv.com/news/london/2022-07-20/huge-m25-queues-in-surrey-as-just-stop-oil-protesters-climb-motorway-signs
2024-10-29 15:24:02,484 - INFO - Parsing url: https://www.itv.com/news/london/2022-07-01/climate-activists-glue-themselves-to-van-gogh-oil-painting-at-london-gallery
2024-10-29 15:24:02,506 - INFO - Parsing url: https://www.itv.com/news/tyne-tees/2022-07-11/boy-five-dies-after-trying-to-climb-inside-dinosaur-shaped-helium-balloon
2024-10-29 15:24:02,527 - INFO - article dropped, search terms not present: https://www.itv.com/news/tyne-tees/2022-07-11/boy-five-dies-after-trying-to-climb-inside-dinosaur-shaped-helium-balloon
2024-10-29 15:24:02,528 - INFO - Parsing url: https://www.itv.com/news/tyne-tees/2022-07-05/boxer-savannah-marshall-to-face-rival-in-biggest-fight-in-womens-boxing-history
2024-10-29 15:24:02,554 - INFO - article dropped, search terms not present: https://www.itv.com/news/tyne-tees/2022-07-05/boxer-savannah-marshall-to-face-rival-in-biggest-fight-in-womens-boxing-history
2024-10-29 15:24:02,554 - INFO - Parsing url: https://www.itv.com/news/tyne-tees/2022-07-11/extinction-rebellion-activist-spotted-abseiling-angel-of-the-north
2024-10-29 15:24:02,581 - INFO - Parsing url: https://www.itv.com/news/calendar/2022-07-06/rishi-sunak-lies-low-as-wife-makes-round-of-tea-for-media-in-38-mugs
2024-10-29 15:24:02,604 - INFO - article dropped, search terms not present: https://www.itv.com/news/calendar/2022-07-06/rishi-sunak-lies-low-as-wife-makes-round-of-tea-for-media-in-38-mugs
2024-10-29 15:24:02,604 - INFO - Parsing url: https://www.itv.com/news/london/2022-07-05/just-stop-oil-demonstrators-glue-themselves-to-the-last-supper
2024-10-29 15:24:02,625 - INFO - Parsing url: https://www.itv.com/news/tyne-tees/2022-07-21/rishi-sunak-treats-journalists-to-twix-sprite-and-suncream-for-the-road
2024-10-29 15:24:02,645 - INFO - article dropped, search terms not present: https://www.itv.com/news/tyne-tees/2022-07-21/rishi-sunak-treats-journalists-to-twix-sprite-and-suncream-for-the-road
2024-10-29 15:24:02,645 - INFO - Parsing url: https://www.itv.com/news/tyne-tees/2022-07-27/lorry-driver-breaks-down-in-tears-over-killing-three-as-he-browsed-dating-sites
2024-10-29 15:24:02,677 - INFO - article dropped, search terms not present: https://www.itv.com/news/tyne-tees/2022-07-27/lorry-driver-breaks-down-in-tears-over-killing-three-as-he-browsed-dating-sites
2024-10-29 15:24:02,677 - INFO - Parsing url: https://www.itv.com/news/tyne-tees/2022-07-01/prized-gateshead-homing-pigeon-found-over-4000-miles-from-home-in-alabama
2024-10-29 15:24:02,704 - INFO - article dropped, search terms not present: https://www.itv.com/news/tyne-tees/2022-07-01/prized-gateshead-homing-pigeon-found-over-4000-miles-from-home-in-alabama
2024-10-29 15:24:02,705 - INFO - downloading images for file article_contents/ITV/itv.com-news_2022-07-01_2022-07-31_parsed.json
2024-10-29 15:24:02,705 - INFO - downloading images for article https://www.itv.com/news/london/2022-07-22/eco-activists-plead-not-guilty-to-causing-public-nuisance-over-heatwave-protest
2024-10-29 15:24:02,705 - INFO - downloading file at https://images.ctfassets.net/pjshm78m9jt4/headerImage-466ddec5-ea70-4d89-ab4d-2e97ecfee2cd/071f605415ef85c96b8959aec140ac88/headerImage-466ddec5-ea70-4d89-ab4d-2e97ecfee2cd
2024-10-29 15:24:03,466 - INFO - downloading images for article https://www.itv.com/news/anglia/2022-07-04/climate-activists-paste-apocalyptic-vision-over-john-constable-painting
2024-10-29 15:24:03,468 - INFO - downloading file at https://images.ctfassets.net/pjshm78m9jt4/51QAe4jZ1VDdaIaFYHFWMQ/625b074b019a2d35cface0732d4d105a/PA-67736918.jpeg
2024-10-29 15:24:04,136 - INFO - downloading file at https://images.ctfassets.net/pjshm78m9jt4/wDpqPua1QHv4LJPmJtOZQ/4cb1ef8f9cbb5bf875a42a6c9b978510/Screen_Shot_2021-07-08_at_4.57.31_PM.png
2024-10-29 15:24:04,986 - INFO - downloading images for article https://www.itv.com/news/meridian/2022-07-07/who-is-suella-braverman-the-brexit-backing-attorney-general-who-wants-to-be-pm
2024-10-29 15:24:04,989 - INFO - downloading file at https://images.ctfassets.net/pjshm78m9jt4/4StQf7IZdK0T9AnXGoVqEZ/78c2efb2243eaefcef19998f8d278b92/2.67777426.jpg
2024-10-29 15:24:05,499 - INFO - downloading file at https://images.ctfassets.net/pjshm78m9jt4/headerImage-bbae91bb-34a8-43f1-b069-3ac3444760cc/6d38527b125a32d27a7af2a0d460acd2/headerImage-bbae91bb-34a8-43f1-b069-3ac3444760cc
2024-10-29 15:24:06,460 - INFO - downloading file at https://images.ctfassets.net/pjshm78m9jt4/headerImage-3df31505-0a2c-4301-96b1-58cf95eb583a/fd562041a5cc3b447fb95e7977da7a9d/headerImage-3df31505-0a2c-4301-96b1-58cf95eb583a
2024-10-29 15:24:07,212 - INFO - downloading images for article https://www.itv.com/news/london/2022-07-22/one-of-busiest-days-to-travel-as-nearly-1k-flights-leave-london-airports
2024-10-29 15:24:07,214 - INFO - downloading images for article https://www.itv.com/news/london/2022-07-20/huge-m25-queues-in-surrey-as-just-stop-oil-protesters-climb-motorway-signs
2024-10-29 15:24:07,215 - INFO - downloading file at https://images.ctfassets.net/pjshm78m9jt4/5cnpJXfY4CqfKrWqzzZBHd/080b9ad6fc742b1e3b715f4665f46f74/2.67964218.jpg
2024-10-29 15:24:07,906 - INFO - downloading file at https://images.ctfassets.net/pjshm78m9jt4/LSjofpf9FpwbSMm6J6Uyo/2adfd101b89bbe9cee06a9090e2a0dd4/2.67965267.jpg
2024-10-29 15:24:08,547 - INFO - downloading file at https://images.ctfassets.net/pjshm78m9jt4/kc6nWfPJWbeUeMRkKXQjL/b60d873420ef0318aa8fb4a70f5c06bd/2.67965023.jpg
2024-10-29 15:24:09,248 - INFO - downloading images for article https://www.itv.com/news/london/2022-07-01/climate-activists-glue-themselves-to-van-gogh-oil-painting-at-london-gallery
2024-10-29 15:24:09,249 - INFO - downloading file at https://images.ctfassets.net/pjshm78m9jt4/6NBuljNDZHWe0LXxvlGFxR/5bc06bd066b5741893eed07914f76939/JustStopOil_CourtauldGallery5_30062022.png
2024-10-29 15:24:09,520 - INFO - downloading images for article https://www.itv.com/news/tyne-tees/2022-07-11/extinction-rebellion-activist-spotted-abseiling-angel-of-the-north
2024-10-29 15:24:09,523 - INFO - downloading file at https://images.ctfassets.net/pjshm78m9jt4/4OZjkWt2jtYh2mUXa1WJNW/9d522e95571ddfffcb98c55f7c426d80/Screenshot_2022-07-11_at_11.09.45.png
2024-10-29 15:24:10,181 - INFO - downloading file at https://images.ctfassets.net/pjshm78m9jt4/2rzoRJcDeSdOyIkXjlmdNs/13804d7c088a49b92e2e349f6a5ed100/Screenshot_2022-07-11_at_11.42.22.png
2024-10-29 15:24:10,685 - INFO - downloading images for article https://www.itv.com/news/london/2022-07-05/just-stop-oil-demonstrators-glue-themselves-to-the-last-supper
2024-10-29 15:24:10,686 - INFO - downloading file at https://images.ctfassets.net/pjshm78m9jt4/2LnHb3OmwyXSrb8fgNOm24/d879be6b36c3f8c6e5175f6aa6ad8137/2.67747189__1_.jpg
2024-10-29 15:24:12,793 - INFO - downloading file at https://images.ctfassets.net/pjshm78m9jt4/4HadAMGpX298NxZNsezVPn/af7e02a65b676fb0196bc207fa02d5c7/2.67747187.jpg
2024-10-29 15:24:14,623 - INFO - downloading file at https://images.ctfassets.net/pjshm78m9jt4/1Kt5LVWLKfU2bxrWhg3lCx/3bdc4486d30784c3350e24a9c92339f0/2.67747240.jpg
2024-10-29 15:24:16,602 - INFO - downloading file at https://images.ctfassets.net/pjshm78m9jt4/5CeZIWlwyv4kRIn1OWJY1s/3dd9ed8cb7e44e637285eb3adb2565c7/2.67747180.jpg
2024-10-29 15:24:17,745 - INFO - scraping urls from file: ../google_scraping/article_urls/ITV/itv.com-news_2022-08-01_2022-08-31_urls.csv
2024-10-29 15:24:18,029 - INFO - Fetching URL: https://www.itv.com/news/anglia/2022-07-05/six-climate-activists-charged-over-invasion-of-british-f1-grand-prix
2024-10-29 15:24:23,386 - INFO - Successfully accepted cookies
2024-10-29 15:24:30,435 - INFO - Fetching URL: https://www.itv.com/news/tyne-tees/2022-07-14/large-jellyfish-spotted-off-roker-beach
2024-10-29 15:24:38,449 - INFO - Fetching URL: https://www.itv.com/news/tyne-tees/2022-07-02/south-shields-sandhaven-tops-list-of-best-uk-beaches-by-the-sunday-times
2024-10-29 15:24:47,643 - INFO - Fetching URL: https://www.itv.com/news/tyne-tees/2022-07-09/ant-mcpartlin-pays-tribute-to-father-dermott-donnelly-as-kindest-man-he-knew
2024-10-29 15:24:57,437 - INFO - Fetching URL: https://www.itv.com/news/tyne-tees/2022-07-24/boris-johnson-throws-hand-grenade-and-holds-rocket-launcher-in-military-exercise
2024-10-29 15:25:08,012 - INFO - Fetching URL: https://www.itv.com/news/tyne-tees/2022-07-06/who-are-the-north-east-footballers-representing-england-at-the-euros
2024-10-29 15:25:18,191 - INFO - Fetching URL: https://www.itv.com/news/london/2022-07-22/eco-activists-plead-not-guilty-to-causing-public-nuisance-over-heatwave-protest
2024-10-29 15:25:26,959 - INFO - Fetching URL: https://www.itv.com/news/tyne-tees/2022-07-06/man-jailed-for-threatening-woman-with-knife-and-pouring-wash-powder-in-her-mouth
2024-10-29 15:25:34,713 - INFO - Fetching URL: https://www.itv.com/news/tyne-tees/2022-07-12/mum-with-long-covid-died-after-falling-from-cliffs-in-unknown-circumstances
2024-10-29 15:25:42,870 - INFO - Fetching URL: https://www.itv.com/news/anglia/2022-07-04/climate-activists-paste-apocalyptic-vision-over-john-constable-painting
2024-10-29 15:25:55,435 - INFO - Fetching URL: https://www.itv.com/news/tyne-tees/2022-07-05/five-teens-convicted-for-killing-dad-35-after-joking-he-resembled-ant-and-dec
2024-10-29 15:26:09,152 - INFO - Fetching URL: https://www.itv.com/news/meridian/2022-07-07/who-is-suella-braverman-the-brexit-backing-attorney-general-who-wants-to-be-pm
2024-10-29 15:26:20,207 - INFO - Fetching URL: https://www.itv.com/news/london/2022-07-22/one-of-busiest-days-to-travel-as-nearly-1k-flights-leave-london-airports
2024-10-29 15:26:30,741 - INFO - Fetching URL: https://www.itv.com/news/tyne-tees/2022-07-18/devastated-family-pay-tribute-to-teenager-who-died-in-river-tyne
2024-10-29 15:26:45,125 - INFO - Fetching URL: https://www.itv.com/news/london/2022-07-20/huge-m25-queues-in-surrey-as-just-stop-oil-protesters-climb-motorway-signs
2024-10-29 15:26:56,159 - INFO - Fetching URL: https://www.itv.com/news/london/2022-07-01/climate-activists-glue-themselves-to-van-gogh-oil-painting-at-london-gallery
2024-10-29 15:27:06,383 - INFO - Fetching URL: https://www.itv.com/news/tyne-tees/2022-07-11/boy-five-dies-after-trying-to-climb-inside-dinosaur-shaped-helium-balloon
2024-10-29 15:27:18,534 - INFO - Fetching URL: https://www.itv.com/news/tyne-tees/2022-07-05/boxer-savannah-marshall-to-face-rival-in-biggest-fight-in-womens-boxing-history
2024-10-29 15:27:31,617 - INFO - Fetching URL: https://www.itv.com/news/tyne-tees/2022-07-11/extinction-rebellion-activist-spotted-abseiling-angel-of-the-north
2024-10-29 15:27:40,675 - INFO - Fetching URL: https://www.itv.com/news/calendar/2022-07-06/rishi-sunak-lies-low-as-wife-makes-round-of-tea-for-media-in-38-mugs
2024-10-29 15:27:51,427 - INFO - Fetching URL: https://www.itv.com/news/london/2022-07-05/just-stop-oil-demonstrators-glue-themselves-to-the-last-supper
2024-10-29 15:28:02,114 - INFO - Fetching URL: https://www.itv.com/news/tyne-tees/2022-07-21/rishi-sunak-treats-journalists-to-twix-sprite-and-suncream-for-the-road
2024-10-29 15:28:12,722 - INFO - Fetching URL: https://www.itv.com/news/tyne-tees/2022-07-27/lorry-driver-breaks-down-in-tears-over-killing-three-as-he-browsed-dating-sites
2024-10-29 15:28:27,149 - INFO - Fetching URL: https://www.itv.com/news/tyne-tees/2022-07-01/prized-gateshead-homing-pigeon-found-over-4000-miles-from-home-in-alabama
2024-10-29 15:28:35,423 - INFO - Fetching URL: https://www.itv.com/news/tyne-tees/2022-08-03/family-say-cocaine-got-its-claws-into-son-and-brother-before-suicide
2024-10-29 15:28:48,501 - INFO - Fetching URL: https://www.itv.com/news/tyne-tees/2022-08-15/freya-the-walrus-put-down-by-norwegian-authorities-over-threat-to-human-safety
2024-10-29 15:29:01,047 - INFO - Fetching URL: https://www.itv.com/news/tyne-tees/2022-08-15/watch-moment-young-dad-was-killed-as-drink-and-drug-fuelled-driver-lost-control
2024-10-29 15:29:13,778 - INFO - Fetching URL: https://www.itv.com/news/tyne-tees/2022-08-23/police-stop-car-driving-without-a-bonnet-in-catterick
2024-10-29 15:29:22,230 - INFO - Fetching URL: https://www.itv.com/news/tyne-tees/2022-08-22/tyneside-couple-who-died-in-their-home-have-been-named
2024-10-29 15:29:32,751 - INFO - Fetching URL: https://www.itv.com/news/tyne-tees/2022-08-01/newcastle-under-15s-cricket-team-win-national-competition
2024-10-29 15:29:41,529 - INFO - Fetching URL: https://www.itv.com/news/tyne-tees/2022-08-04/mining-company-fined-after-electricians-suffer-severe-burns-leaving-one-in-coma
2024-10-29 15:29:49,848 - INFO - Fetching URL: https://www.itv.com/news/tyne-tees/2022-08-05/ten-teenagers-jailed-for-more-than-120-years-for-murder-of-jack-woodley
2024-10-29 15:30:00,503 - INFO - Fetching URL: https://www.itv.com/news/tyne-tees/2022-08-11/woman-with-life-long-health-issues-calls-for-more-details-on-drugs-in-pregnancy
2024-10-29 15:30:16,180 - INFO - Fetching URL: https://www.itv.com/news/tyne-tees/2022-08-08/middlesbrough-mayor-says-transport-bridge-is-sinking
2024-10-29 15:30:24,568 - INFO - Fetching URL: https://www.itv.com/news/tyne-tees/2022-08-01/family-pay-tribute-to-dearly-loved-15-year-old-boy-after-crash-death
2024-10-29 15:30:31,737 - INFO - Fetching URL: https://www.itv.com/news/tyne-tees/2022-08-02/woman-and-her-pink-poodle-go-viral-for-riding-scooter-through-city
2024-10-29 15:30:42,377 - INFO - Fetching URL: https://www.itv.com/news/tyne-tees/2022-08-29/happy-bank-collie-day-over-60-border-collies-gather-for-dog-sanctuary
2024-10-29 15:30:54,341 - INFO - Fetching URL: https://www.itv.com/news/tyne-tees/2022-08-24/alleged-murder-victim-stabbed-ten-times-in-the-legs-jurors-told
2024-10-29 15:31:05,432 - INFO - Fetching URL: https://www.itv.com/news/tyne-tees/2022-08-24/house-damaged-after-car-crashes-through-window
2024-10-29 15:31:15,207 - INFO - Parsing url: https://www.itv.com/news/anglia/2022-07-05/six-climate-activists-charged-over-invasion-of-british-f1-grand-prix
2024-10-29 15:31:15,229 - INFO - article dropped, search terms not present: https://www.itv.com/news/anglia/2022-07-05/six-climate-activists-charged-over-invasion-of-british-f1-grand-prix
2024-10-29 15:31:15,229 - INFO - Parsing url: https://www.itv.com/news/tyne-tees/2022-07-14/large-jellyfish-spotted-off-roker-beach
2024-10-29 15:31:15,253 - INFO - article dropped, search terms not present: https://www.itv.com/news/tyne-tees/2022-07-14/large-jellyfish-spotted-off-roker-beach
2024-10-29 15:31:15,253 - INFO - Parsing url: https://www.itv.com/news/tyne-tees/2022-07-02/south-shields-sandhaven-tops-list-of-best-uk-beaches-by-the-sunday-times
2024-10-29 15:31:15,274 - INFO - article dropped, search terms not present: https://www.itv.com/news/tyne-tees/2022-07-02/south-shields-sandhaven-tops-list-of-best-uk-beaches-by-the-sunday-times
2024-10-29 15:31:15,274 - INFO - Parsing url: https://www.itv.com/news/tyne-tees/2022-07-09/ant-mcpartlin-pays-tribute-to-father-dermott-donnelly-as-kindest-man-he-knew
2024-10-29 15:31:15,307 - INFO - article dropped, search terms not present: https://www.itv.com/news/tyne-tees/2022-07-09/ant-mcpartlin-pays-tribute-to-father-dermott-donnelly-as-kindest-man-he-knew
2024-10-29 15:31:15,307 - INFO - Parsing url: https://www.itv.com/news/tyne-tees/2022-07-24/boris-johnson-throws-hand-grenade-and-holds-rocket-launcher-in-military-exercise
2024-10-29 15:31:15,329 - INFO - article dropped, search terms not present: https://www.itv.com/news/tyne-tees/2022-07-24/boris-johnson-throws-hand-grenade-and-holds-rocket-launcher-in-military-exercise
2024-10-29 15:31:15,329 - INFO - Parsing url: https://www.itv.com/news/tyne-tees/2022-07-06/who-are-the-north-east-footballers-representing-england-at-the-euros
2024-10-29 15:31:15,352 - INFO - article dropped, search terms not present: https://www.itv.com/news/tyne-tees/2022-07-06/who-are-the-north-east-footballers-representing-england-at-the-euros
2024-10-29 15:31:15,352 - INFO - Parsing url: https://www.itv.com/news/london/2022-07-22/eco-activists-plead-not-guilty-to-causing-public-nuisance-over-heatwave-protest
2024-10-29 15:31:15,370 - INFO - Parsing url: https://www.itv.com/news/tyne-tees/2022-07-06/man-jailed-for-threatening-woman-with-knife-and-pouring-wash-powder-in-her-mouth
2024-10-29 15:31:15,388 - INFO - article dropped, search terms not present: https://www.itv.com/news/tyne-tees/2022-07-06/man-jailed-for-threatening-woman-with-knife-and-pouring-wash-powder-in-her-mouth
2024-10-29 15:31:15,388 - INFO - Parsing url: https://www.itv.com/news/tyne-tees/2022-07-12/mum-with-long-covid-died-after-falling-from-cliffs-in-unknown-circumstances
2024-10-29 15:31:15,406 - INFO - article dropped, search terms not present: https://www.itv.com/news/tyne-tees/2022-07-12/mum-with-long-covid-died-after-falling-from-cliffs-in-unknown-circumstances
2024-10-29 15:31:15,406 - INFO - Parsing url: https://www.itv.com/news/anglia/2022-07-04/climate-activists-paste-apocalyptic-vision-over-john-constable-painting
2024-10-29 15:31:15,425 - INFO - Parsing url: https://www.itv.com/news/tyne-tees/2022-07-05/five-teens-convicted-for-killing-dad-35-after-joking-he-resembled-ant-and-dec
2024-10-29 15:31:15,603 - INFO - article dropped, search terms not present: https://www.itv.com/news/tyne-tees/2022-07-05/five-teens-convicted-for-killing-dad-35-after-joking-he-resembled-ant-and-dec
2024-10-29 15:31:15,603 - INFO - Parsing url: https://www.itv.com/news/meridian/2022-07-07/who-is-suella-braverman-the-brexit-backing-attorney-general-who-wants-to-be-pm
2024-10-29 15:31:15,627 - INFO - Parsing url: https://www.itv.com/news/london/2022-07-22/one-of-busiest-days-to-travel-as-nearly-1k-flights-leave-london-airports
2024-10-29 15:31:15,653 - INFO - Parsing url: https://www.itv.com/news/tyne-tees/2022-07-18/devastated-family-pay-tribute-to-teenager-who-died-in-river-tyne
2024-10-29 15:31:15,673 - INFO - article dropped, search terms not present: https://www.itv.com/news/tyne-tees/2022-07-18/devastated-family-pay-tribute-to-teenager-who-died-in-river-tyne
2024-10-29 15:31:15,673 - INFO - Parsing url: https://www.itv.com/news/london/2022-07-20/huge-m25-queues-in-surrey-as-just-stop-oil-protesters-climb-motorway-signs
2024-10-29 15:31:15,694 - INFO - Parsing url: https://www.itv.com/news/london/2022-07-01/climate-activists-glue-themselves-to-van-gogh-oil-painting-at-london-gallery
2024-10-29 15:31:15,712 - INFO - Parsing url: https://www.itv.com/news/tyne-tees/2022-07-11/boy-five-dies-after-trying-to-climb-inside-dinosaur-shaped-helium-balloon
2024-10-29 15:31:15,733 - INFO - article dropped, search terms not present: https://www.itv.com/news/tyne-tees/2022-07-11/boy-five-dies-after-trying-to-climb-inside-dinosaur-shaped-helium-balloon
2024-10-29 15:31:15,733 - INFO - Parsing url: https://www.itv.com/news/tyne-tees/2022-07-05/boxer-savannah-marshall-to-face-rival-in-biggest-fight-in-womens-boxing-history
2024-10-29 15:31:15,758 - INFO - article dropped, search terms not present: https://www.itv.com/news/tyne-tees/2022-07-05/boxer-savannah-marshall-to-face-rival-in-biggest-fight-in-womens-boxing-history
2024-10-29 15:31:15,758 - INFO - Parsing url: https://www.itv.com/news/tyne-tees/2022-07-11/extinction-rebellion-activist-spotted-abseiling-angel-of-the-north
2024-10-29 15:31:15,776 - INFO - Parsing url: https://www.itv.com/news/calendar/2022-07-06/rishi-sunak-lies-low-as-wife-makes-round-of-tea-for-media-in-38-mugs
2024-10-29 15:31:15,796 - INFO - article dropped, search terms not present: https://www.itv.com/news/calendar/2022-07-06/rishi-sunak-lies-low-as-wife-makes-round-of-tea-for-media-in-38-mugs
2024-10-29 15:31:15,796 - INFO - Parsing url: https://www.itv.com/news/london/2022-07-05/just-stop-oil-demonstrators-glue-themselves-to-the-last-supper
2024-10-29 15:31:15,814 - INFO - Parsing url: https://www.itv.com/news/tyne-tees/2022-07-21/rishi-sunak-treats-journalists-to-twix-sprite-and-suncream-for-the-road
2024-10-29 15:31:15,834 - INFO - article dropped, search terms not present: https://www.itv.com/news/tyne-tees/2022-07-21/rishi-sunak-treats-journalists-to-twix-sprite-and-suncream-for-the-road
2024-10-29 15:31:15,834 - INFO - Parsing url: https://www.itv.com/news/tyne-tees/2022-07-27/lorry-driver-breaks-down-in-tears-over-killing-three-as-he-browsed-dating-sites
2024-10-29 15:31:15,861 - INFO - article dropped, search terms not present: https://www.itv.com/news/tyne-tees/2022-07-27/lorry-driver-breaks-down-in-tears-over-killing-three-as-he-browsed-dating-sites
2024-10-29 15:31:15,861 - INFO - Parsing url: https://www.itv.com/news/tyne-tees/2022-07-01/prized-gateshead-homing-pigeon-found-over-4000-miles-from-home-in-alabama
2024-10-29 15:31:15,879 - INFO - article dropped, search terms not present: https://www.itv.com/news/tyne-tees/2022-07-01/prized-gateshead-homing-pigeon-found-over-4000-miles-from-home-in-alabama
2024-10-29 15:31:15,879 - INFO - Parsing url: https://www.itv.com/news/tyne-tees/2022-08-03/family-say-cocaine-got-its-claws-into-son-and-brother-before-suicide
2024-10-29 15:31:15,902 - INFO - article dropped, search terms not present: https://www.itv.com/news/tyne-tees/2022-08-03/family-say-cocaine-got-its-claws-into-son-and-brother-before-suicide
2024-10-29 15:31:15,902 - INFO - Parsing url: https://www.itv.com/news/tyne-tees/2022-08-15/freya-the-walrus-put-down-by-norwegian-authorities-over-threat-to-human-safety
2024-10-29 15:31:15,925 - INFO - article dropped, search terms not present: https://www.itv.com/news/tyne-tees/2022-08-15/freya-the-walrus-put-down-by-norwegian-authorities-over-threat-to-human-safety
2024-10-29 15:31:15,925 - INFO - Parsing url: https://www.itv.com/news/tyne-tees/2022-08-15/watch-moment-young-dad-was-killed-as-drink-and-drug-fuelled-driver-lost-control
2024-10-29 15:31:16,051 - INFO - article dropped, search terms not present: https://www.itv.com/news/tyne-tees/2022-08-15/watch-moment-young-dad-was-killed-as-drink-and-drug-fuelled-driver-lost-control
2024-10-29 15:31:16,051 - INFO - Parsing url: https://www.itv.com/news/tyne-tees/2022-08-23/police-stop-car-driving-without-a-bonnet-in-catterick
2024-10-29 15:31:16,073 - INFO - article dropped, search terms not present: https://www.itv.com/news/tyne-tees/2022-08-23/police-stop-car-driving-without-a-bonnet-in-catterick
2024-10-29 15:31:16,073 - INFO - Parsing url: https://www.itv.com/news/tyne-tees/2022-08-22/tyneside-couple-who-died-in-their-home-have-been-named
2024-10-29 15:31:16,093 - INFO - article dropped, search terms not present: https://www.itv.com/news/tyne-tees/2022-08-22/tyneside-couple-who-died-in-their-home-have-been-named
2024-10-29 15:31:16,093 - INFO - Parsing url: https://www.itv.com/news/tyne-tees/2022-08-01/newcastle-under-15s-cricket-team-win-national-competition
2024-10-29 15:31:16,114 - INFO - article dropped, search terms not present: https://www.itv.com/news/tyne-tees/2022-08-01/newcastle-under-15s-cricket-team-win-national-competition
2024-10-29 15:31:16,114 - INFO - Parsing url: https://www.itv.com/news/tyne-tees/2022-08-04/mining-company-fined-after-electricians-suffer-severe-burns-leaving-one-in-coma
2024-10-29 15:31:16,136 - INFO - article dropped, search terms not present: https://www.itv.com/news/tyne-tees/2022-08-04/mining-company-fined-after-electricians-suffer-severe-burns-leaving-one-in-coma
2024-10-29 15:31:16,137 - INFO - Parsing url: https://www.itv.com/news/tyne-tees/2022-08-05/ten-teenagers-jailed-for-more-than-120-years-for-murder-of-jack-woodley
2024-10-29 15:31:16,157 - INFO - article dropped, search terms not present: https://www.itv.com/news/tyne-tees/2022-08-05/ten-teenagers-jailed-for-more-than-120-years-for-murder-of-jack-woodley
2024-10-29 15:31:16,157 - INFO - Parsing url: https://www.itv.com/news/tyne-tees/2022-08-11/woman-with-life-long-health-issues-calls-for-more-details-on-drugs-in-pregnancy
2024-10-29 15:31:16,186 - INFO - article dropped, search terms not present: https://www.itv.com/news/tyne-tees/2022-08-11/woman-with-life-long-health-issues-calls-for-more-details-on-drugs-in-pregnancy
2024-10-29 15:31:16,186 - INFO - Parsing url: https://www.itv.com/news/tyne-tees/2022-08-08/middlesbrough-mayor-says-transport-bridge-is-sinking
2024-10-29 15:31:16,207 - INFO - article dropped, search terms not present: https://www.itv.com/news/tyne-tees/2022-08-08/middlesbrough-mayor-says-transport-bridge-is-sinking
2024-10-29 15:31:16,207 - INFO - Parsing url: https://www.itv.com/news/tyne-tees/2022-08-01/family-pay-tribute-to-dearly-loved-15-year-old-boy-after-crash-death
2024-10-29 15:31:16,227 - INFO - article dropped, search terms not present: https://www.itv.com/news/tyne-tees/2022-08-01/family-pay-tribute-to-dearly-loved-15-year-old-boy-after-crash-death
2024-10-29 15:31:16,227 - INFO - Parsing url: https://www.itv.com/news/tyne-tees/2022-08-02/woman-and-her-pink-poodle-go-viral-for-riding-scooter-through-city
2024-10-29 15:31:16,247 - INFO - article dropped, search terms not present: https://www.itv.com/news/tyne-tees/2022-08-02/woman-and-her-pink-poodle-go-viral-for-riding-scooter-through-city
2024-10-29 15:31:16,247 - INFO - Parsing url: https://www.itv.com/news/tyne-tees/2022-08-29/happy-bank-collie-day-over-60-border-collies-gather-for-dog-sanctuary
2024-10-29 15:31:16,275 - INFO - article dropped, search terms not present: https://www.itv.com/news/tyne-tees/2022-08-29/happy-bank-collie-day-over-60-border-collies-gather-for-dog-sanctuary
2024-10-29 15:31:16,275 - INFO - Parsing url: https://www.itv.com/news/tyne-tees/2022-08-24/alleged-murder-victim-stabbed-ten-times-in-the-legs-jurors-told
2024-10-29 15:31:16,295 - INFO - article dropped, search terms not present: https://www.itv.com/news/tyne-tees/2022-08-24/alleged-murder-victim-stabbed-ten-times-in-the-legs-jurors-told
2024-10-29 15:31:16,295 - INFO - Parsing url: https://www.itv.com/news/tyne-tees/2022-08-24/house-damaged-after-car-crashes-through-window
2024-10-29 15:31:16,313 - INFO - article dropped, search terms not present: https://www.itv.com/news/tyne-tees/2022-08-24/house-damaged-after-car-crashes-through-window
2024-10-29 15:31:16,316 - INFO - downloading images for file article_contents/ITV/itv.com-news_2022-08-01_2022-08-31_parsed.json
2024-10-29 15:31:16,316 - INFO - downloading images for article https://www.itv.com/news/london/2022-07-22/eco-activists-plead-not-guilty-to-causing-public-nuisance-over-heatwave-protest
2024-10-29 15:31:16,317 - INFO - downloading file at https://images.ctfassets.net/pjshm78m9jt4/headerImage-466ddec5-ea70-4d89-ab4d-2e97ecfee2cd/071f605415ef85c96b8959aec140ac88/headerImage-466ddec5-ea70-4d89-ab4d-2e97ecfee2cd
2024-10-29 15:31:17,032 - INFO - downloading images for article https://www.itv.com/news/anglia/2022-07-04/climate-activists-paste-apocalyptic-vision-over-john-constable-painting
2024-10-29 15:31:17,035 - INFO - downloading file at https://images.ctfassets.net/pjshm78m9jt4/51QAe4jZ1VDdaIaFYHFWMQ/625b074b019a2d35cface0732d4d105a/PA-67736918.jpeg
2024-10-29 15:31:17,975 - INFO - downloading file at https://images.ctfassets.net/pjshm78m9jt4/wDpqPua1QHv4LJPmJtOZQ/4cb1ef8f9cbb5bf875a42a6c9b978510/Screen_Shot_2021-07-08_at_4.57.31_PM.png
2024-10-29 15:31:18,449 - INFO - downloading images for article https://www.itv.com/news/meridian/2022-07-07/who-is-suella-braverman-the-brexit-backing-attorney-general-who-wants-to-be-pm
2024-10-29 15:31:18,451 - INFO - downloading file at https://images.ctfassets.net/pjshm78m9jt4/4StQf7IZdK0T9AnXGoVqEZ/78c2efb2243eaefcef19998f8d278b92/2.67777426.jpg
2024-10-29 15:31:18,826 - INFO - downloading file at https://images.ctfassets.net/pjshm78m9jt4/headerImage-bbae91bb-34a8-43f1-b069-3ac3444760cc/6d38527b125a32d27a7af2a0d460acd2/headerImage-bbae91bb-34a8-43f1-b069-3ac3444760cc
2024-10-29 15:31:19,505 - INFO - downloading file at https://images.ctfassets.net/pjshm78m9jt4/headerImage-3df31505-0a2c-4301-96b1-58cf95eb583a/fd562041a5cc3b447fb95e7977da7a9d/headerImage-3df31505-0a2c-4301-96b1-58cf95eb583a
2024-10-29 15:31:20,026 - INFO - downloading images for article https://www.itv.com/news/london/2022-07-22/one-of-busiest-days-to-travel-as-nearly-1k-flights-leave-london-airports
2024-10-29 15:31:20,028 - INFO - downloading images for article https://www.itv.com/news/london/2022-07-20/huge-m25-queues-in-surrey-as-just-stop-oil-protesters-climb-motorway-signs
2024-10-29 15:31:20,029 - INFO - downloading file at https://images.ctfassets.net/pjshm78m9jt4/5cnpJXfY4CqfKrWqzzZBHd/080b9ad6fc742b1e3b715f4665f46f74/2.67964218.jpg
2024-10-29 15:31:20,515 - INFO - downloading file at https://images.ctfassets.net/pjshm78m9jt4/LSjofpf9FpwbSMm6J6Uyo/2adfd101b89bbe9cee06a9090e2a0dd4/2.67965267.jpg
2024-10-29 15:31:20,768 - INFO - downloading file at https://images.ctfassets.net/pjshm78m9jt4/kc6nWfPJWbeUeMRkKXQjL/b60d873420ef0318aa8fb4a70f5c06bd/2.67965023.jpg
2024-10-29 15:31:21,195 - INFO - downloading images for article https://www.itv.com/news/london/2022-07-01/climate-activists-glue-themselves-to-van-gogh-oil-painting-at-london-gallery
2024-10-29 15:31:21,197 - INFO - downloading file at https://images.ctfassets.net/pjshm78m9jt4/6NBuljNDZHWe0LXxvlGFxR/5bc06bd066b5741893eed07914f76939/JustStopOil_CourtauldGallery5_30062022.png
2024-10-29 15:31:21,737 - INFO - downloading images for article https://www.itv.com/news/tyne-tees/2022-07-11/extinction-rebellion-activist-spotted-abseiling-angel-of-the-north
2024-10-29 15:31:21,739 - INFO - downloading file at https://images.ctfassets.net/pjshm78m9jt4/4OZjkWt2jtYh2mUXa1WJNW/9d522e95571ddfffcb98c55f7c426d80/Screenshot_2022-07-11_at_11.09.45.png
2024-10-29 15:31:22,236 - INFO - downloading file at https://images.ctfassets.net/pjshm78m9jt4/2rzoRJcDeSdOyIkXjlmdNs/13804d7c088a49b92e2e349f6a5ed100/Screenshot_2022-07-11_at_11.42.22.png
2024-10-29 15:31:22,467 - INFO - downloading images for article https://www.itv.com/news/london/2022-07-05/just-stop-oil-demonstrators-glue-themselves-to-the-last-supper
2024-10-29 15:31:22,467 - INFO - downloading file at https://images.ctfassets.net/pjshm78m9jt4/2LnHb3OmwyXSrb8fgNOm24/d879be6b36c3f8c6e5175f6aa6ad8137/2.67747189__1_.jpg
2024-10-29 15:31:23,888 - INFO - downloading file at https://images.ctfassets.net/pjshm78m9jt4/4HadAMGpX298NxZNsezVPn/af7e02a65b676fb0196bc207fa02d5c7/2.67747187.jpg
2024-10-29 15:31:25,262 - INFO - downloading file at https://images.ctfassets.net/pjshm78m9jt4/1Kt5LVWLKfU2bxrWhg3lCx/3bdc4486d30784c3350e24a9c92339f0/2.67747240.jpg
2024-10-29 15:31:26,788 - INFO - downloading file at https://images.ctfassets.net/pjshm78m9jt4/5CeZIWlwyv4kRIn1OWJY1s/3dd9ed8cb7e44e637285eb3adb2565c7/2.67747180.jpg
