"id","weight","ideology","outlet","consumed"
20022530,0.894742969930345,4,"BBC News online",1
20023753,0.817899511525492,6,"BBC News online",1
20025447,0.924464590075186,5,"BBC News online",0
20026947,0.821534967006642,2,"BBC News online",0
20047619,0.820360991763164,6,"BBC News online",1
20048332,1.1759725084016,4,"BBC News online",1
20048618,0.925208410912284,4,"BBC News online",1
20050448,0.987033283522209,5,"BBC News online",0
20051529,0.761143846254295,4,"BBC News online",0
20051923,0.803926781539201,6,"BBC News online",1
20052122,1.03465290359113,4,"BBC News online",1
20052241,0.915122066222173,4,"BBC News online",1
20054024,0.897206273270836,5,"BBC News online",0
20054270,0.917818307739336,NA,"BBC News online",0
20054395,1.03853157643102,5,"BBC News online",0
20060542,0.971117221620311,NA,"BBC News online",0
20064022,1.02756830800205,6,"BBC News online",0
20065179,1.01019313817515,4,"BBC News online",1
20067149,1.36837782143029,5,"BBC News online",0
20067844,0.887468293345291,5,"BBC News online",0
20073628,0.923817194805369,3,"BBC News online",1
20074410,0.773996228257417,NA,"BBC News online",0
20077389,1.18669564292533,NA,"BBC News online",1
20078507,1.00964339403178,3,"BBC News online",1
20085274,1.09594320375307,4,"BBC News online",0
20086548,0.973494560447607,6,"BBC News online",0
20087794,0.788292694930814,6,"BBC News online",0
20087888,0.8108497346763,NA,"BBC News online",0
20088212,0.817899511525492,6,"BBC News online",0
20089287,0.760970327217994,4,"BBC News online",0
20089575,0.765847326092285,3,"BBC News online",1
20091650,1.36467995317101,6,"BBC News online",1
20091668,0.976826118736406,4,"BBC News online",1
20093294,0.890771270097029,6,"BBC News online",0
20096796,0.909315105885082,3,"BBC News online",0
20098142,0.851773826284773,2,"BBC News online",1
20099291,0.976826118736406,6,"BBC News online",1
20102045,1.18262480891063,4,"BBC News online",1
20103834,1.18127904724926,NA,"BBC News online",1
20105311,0.978841972355124,NA,"BBC News online",0
20106754,0.995000205805947,7,"BBC News online",1
20107774,0.957175087236545,4,"BBC News online",1
20108848,0.686890779810034,4,"BBC News online",0
20113956,1.05395044442534,6,"BBC News online",0
20114172,0.884671877547993,5,"BBC News online",0
20114869,1.42500367564671,2,"BBC News online",0
20115167,0.748282483561949,3,"BBC News online",1
20122155,1.27260493984081,4,"BBC News online",0
20122792,1.09295094620214,4,"BBC News online",1
20124135,0.915653346199629,6,"BBC News online",1
20125503,0.798900062604096,5,"BBC News online",0
20126726,0.739654295956792,NA,"BBC News online",0
20128496,0.928967578985955,5,"BBC News online",0
20133288,1.2934980155536,3,"BBC News online",1
20133843,1.07922092931644,4,"BBC News online",1
20133959,0.976826118736406,5,"BBC News online",0
20134062,0.953571918607351,4,"BBC News online",0
20135037,0.948052073531323,7,"BBC News online",1
20135236,1.17776303245002,NA,"BBC News online",1
20135368,0.976826118736406,5,"BBC News online",0
20135890,0.825688491871181,3,"BBC News online",1
20135896,1.02691170127348,5,"BBC News online",0
20136090,1.07868111800161,4,"BBC News online",1
20136198,0.930329183919794,4,"BBC News online",0
20137204,1.16766529817587,NA,"BBC News online",0
20137867,0.91954497216919,4,"BBC News online",1
20139579,0.823005185848736,4,"BBC News online",1
20139936,1.1771220972616,3,"BBC News online",0
20140177,1.09074035706863,NA,"BBC News online",0
20140746,1.34812249136809,6,"BBC News online",0
20142240,0.929902768554445,1,"BBC News online",1
20143499,0.749672136467166,1,"BBC News online",1
20143790,1.03541599566902,5,"BBC News online",0
20145040,1.27118104060527,NA,"BBC News online",1
20145226,0.790272204577528,NA,"BBC News online",0
20145321,0.905840002742017,3,"BBC News online",0
20145418,1.02827233406731,4,"BBC News online",0
20148829,0.953571918607351,NA,"BBC News online",0
20149402,0.876750016606568,NA,"BBC News online",0
20149838,0.969858785669946,NA,"BBC News online",0
20150337,1.02827197727516,3,"BBC News online",1
20151311,0.723829626325887,5,"BBC News online",0
20151909,0.91840516021723,5,"BBC News online",0
20152155,0.798661733986574,4,"BBC News online",1
20152444,0.952251715896481,4,"BBC News online",1
20153171,0.976826118736406,2,"BBC News online",1
20155692,0.914772568516223,NA,"BBC News online",0
20156694,1.33176607273167,4,"BBC News online",1
20157553,0.809471843979465,6,"BBC News online",1
20157664,1.1761964194612,6,"BBC News online",0
20160898,1.34323433307381,2,"BBC News online",1
20161127,0.720343693026911,3,"BBC News online",0
20161313,0.927449832702319,5,"BBC News online",0
20165504,0.900276752673519,6,"BBC News online",0
20167553,0.953571918607351,6,"BBC News online",0
20168594,0.993555576786381,6,"BBC News online",0
20172071,1.09295094620214,5,"BBC News online",0
20172350,0.900276752673519,6,"BBC News online",1
20174731,1.00936762401267,NA,"BBC News online",1
20185685,0.850838952009086,2,"BBC News online",1
20186139,1.09335305494336,4,"BBC News online",1
20187447,1.08546716548142,NA,"BBC News online",0
20187643,1.12267941428684,NA,"BBC News online",0
20187973,0.761166469935306,4,"BBC News online",1
20190533,0.867336641943539,3,"BBC News online",1
20191176,0.87382095739501,5,"BBC News online",1
20192405,0.887013255982913,6,"BBC News online",0
20192862,0.765847326092285,NA,"BBC News online",0
20193929,0.94419959074595,6,"BBC News online",0
20194591,1.03392834431338,4,"BBC News online",0
20195130,0.916482088139855,NA,"BBC News online",1
20195245,0.747423130140161,3,"BBC News online",1
20196593,1.2758580902463,5,"BBC News online",0
20197611,0.686694582824386,NA,"BBC News online",1
20198070,0.904739521776239,5,"BBC News online",1
20199178,1.2128449680906,NA,"BBC News online",0
20199884,0.702322593003148,3,"BBC News online",0
20203396,1.05368885133127,2,"BBC News online",0
20203630,0.762653101584496,NA,"BBC News online",0
20204323,0.948867606283327,4,"BBC News online",0
20204943,0.887444447484897,4,"BBC News online",0
20208196,0.823793349980589,NA,"BBC News online",0
20210902,0.900276752673519,5,"BBC News online",0
20211741,0.908850223904938,3,"BBC News online",1
20212803,0.876294237923966,5,"BBC News online",0
20213840,0.940076826200111,3,"BBC News online",0
20218535,0.861397339890943,NA,"BBC News online",0
20219332,1.50409503337125,4,"BBC News online",0
20220715,0.936171066347943,3,"BBC News online",1
20223358,0.918134488710401,5,"BBC News online",0
20224282,1.22173933972407,NA,"BBC News online",0
20225171,1.10636867735698,3,"BBC News online",1
20229641,0.976826118736406,6,"BBC News online",1
20229961,0.847811794083742,4,"BBC News online",0
20230094,1.0109279537919,4,"BBC News online",1
20236098,1.14009882347847,NA,"BBC News online",0
20236184,0.915777316193063,3,"BBC News online",0
20239005,0.967957797037201,2,"BBC News online",0
20239127,0.858571516903643,NA,"BBC News online",0
20240996,0.812474998807354,3,"BBC News online",1
20242781,0.844645415079307,4,"BBC News online",0
20243373,1.03786796427443,4,"BBC News online",1
20246931,0.607263186969397,3,"BBC News online",1
20246999,1.5478282430944,3,"BBC News online",1
20247178,1.03853157643102,5,"BBC News online",1
20248337,0.884671877547993,5,"BBC News online",0
20248469,0.843427271661646,NA,"BBC News online",0
20249561,0.733583391835327,2,"BBC News online",1
20252333,0.84389780870887,NA,"BBC News online",0
20252892,0.668426975814446,NA,"BBC News online",1
20253190,0.919147800210688,2,"BBC News online",0
20261597,1.1259193156667,NA,"BBC News online",0
20261834,0.899637429815814,4,"BBC News online",0
20264620,0.896668094594843,4,"BBC News online",0
20267695,1.12267941428684,5,"BBC News online",0
20269882,1.22915997565542,4,"BBC News online",1
20271482,0.916841448123286,4,"BBC News online",0
20279656,0.771928521910068,NA,"BBC News online",0
20282652,0.858195384763216,4,"BBC News online",1
20283337,0.969239054797089,4,"BBC News online",0
20287056,0.884671877547993,4,"BBC News online",0
20287911,1.41933102769153,NA,"BBC News online",0
20292241,0.810238724016875,5,"BBC News online",0
20298810,0.763778615188506,3,"BBC News online",1
20305136,1.20786969531933,2,"BBC News online",1
20306733,0.756140976367034,3,"BBC News online",1
20309668,1.4953094644389,5,"BBC News online",0
20314827,0.77509187632978,4,"BBC News online",0
20314957,1.15061164828363,2,"BBC News online",0
20316902,1.11135869068197,6,"BBC News online",1
20334426,1.19378406791155,4,"BBC News online",0
20336029,0.868370017484301,NA,"BBC News online",0
20336875,1.06197604095222,5,"BBC News online",0
20339893,0.89385541742505,4,"BBC News online",0
20340967,1.20572086747911,4,"BBC News online",0
20343175,0.989809342081748,3,"BBC News online",1
20343899,0.958596070532606,NA,"BBC News online",0
20348755,0.887444447484897,NA,"BBC News online",0
20351548,1.05395044442534,3,"BBC News online",0
20379011,1.09501395932862,NA,"BBC News online",1
20383672,0.936849727935804,3,"BBC News online",1
20388046,1.33176607273167,4,"BBC News online",1
20389810,1.002611317936,4,"BBC News online",1
20396797,0.887622663785031,NA,"BBC News online",1
20397668,1.23205481737507,NA,"BBC News online",1
20399950,0.970799170414574,NA,"BBC News online",1
20405023,0.925654803029123,5,"BBC News online",1
20405320,0.84594142827104,5,"BBC News online",1
20418950,0.953571918607351,5,"BBC News online",0
20421365,0.917885286825368,NA,"BBC News online",0
20427040,1.10920518008911,2,"BBC News online",1
20427978,1.01019313817515,4,"BBC News online",0
20430365,0.719396769090035,NA,"BBC News online",0
20433545,1.03468070498057,5,"BBC News online",1
20434159,0.942515802898834,6,"BBC News online",0
20437849,0.78159358411302,3,"BBC News online",1
20440100,0.993519906850358,3,"BBC News online",1
20440170,1.03436469303264,4,"BBC News online",0
20440408,0.765847326092285,6,"BBC News online",0
20446141,1.18148589878386,5,"BBC News online",0
20501374,1.22214426581869,2,"BBC News online",0
20505330,0.917885286825368,6,"BBC News online",0
20525307,1.24842339100706,3,"BBC News online",1
20533993,1.07868111800161,5,"BBC News online",1
20545388,0.863592956821994,4,"BBC News online",1
20546711,0.897206273270836,6,"BBC News online",1
20548468,0.858707242933069,2,"BBC News online",0
20556580,0.85750172263526,2,"BBC News online",1
20571450,0.982862404751604,5,"BBC News online",1
20579704,0.659781242506987,5,"BBC News online",1
20588958,0.904559466223653,1,"BBC News online",0
20599963,0.9205756783726,5,"BBC News online",1
20609958,0.897206273270836,7,"BBC News online",0
20611450,1.12850448712512,4,"BBC News online",0
20621054,1.11416747220947,6,"BBC News online",1
20626839,0.771638719679397,5,"BBC News online",1
20629537,1.09149051834509,3,"BBC News online",1
20636152,0.874993877289061,2,"BBC News online",0
20636990,1.09295094620214,4,"BBC News online",1
20638692,1.18512538089011,4,"BBC News online",0
20639451,0.900276752673519,4,"BBC News online",1
20639487,0.976320446993874,5,"BBC News online",1
20639532,0.908943959690363,3,"BBC News online",1
20643016,1.02562633672478,4,"BBC News online",0
20644464,0.665983569115204,3,"BBC News online",1
20663607,1.48173141717201,NA,"BBC News online",0
20664557,0.865819742700279,NA,"BBC News online",0
20669921,0.89385541742505,6,"BBC News online",0
20671465,1.02571170243139,1,"BBC News online",1
20682590,1.25614430656367,4,"BBC News online",0
20690532,0.91787073208587,4,"BBC News online",0
20692384,1.02756830800205,4,"BBC News online",0
20696602,1.09295094620214,4,"BBC News online",0
20704743,1.22382710987253,NA,"BBC News online",0
20707325,1.13170811625119,4,"BBC News online",1
20707394,0.991152548827504,NA,"BBC News online",0
20710990,0.833697652560433,NA,"BBC News online",1
20713943,0.874027050296371,3,"BBC News online",0
20716485,0.738131805223005,2,"BBC News online",1
20716957,0.939044996852221,2,"BBC News online",0
20717044,1.20558630781978,5,"BBC News online",0
20718933,1.12566586807069,4,"BBC News online",1
20725665,1.10920518008911,5,"BBC News online",0
20728580,1.37004414647068,3,"BBC News online",0
20729382,0.963008145891068,4,"BBC News online",1
20733757,0.915653346199629,5,"BBC News online",0
20739660,0.898296032826641,NA,"BBC News online",1
20749975,1.16585337868382,3,"BBC News online",1
20757666,1.23205481737507,6,"BBC News online",1
20757869,0.834086882124798,6,"BBC News online",0
20759800,1.13130319812072,5,"BBC News online",1
20765090,1.03541599566902,5,"BBC News online",1
20772060,1.20144716521654,3,"BBC News online",1
20779386,0.715080729081225,2,"BBC News online",0
22086387,0.748564002239245,3,"BBC News online",1
22087570,0.960853674843062,5,"BBC News online",0
22091348,0.810908350835403,6,"BBC News online",0
22141182,1.09335305494336,3,"BBC News online",1
22141975,1.03853157643102,6,"BBC News online",0
22144146,0.748090154997302,6,"BBC News online",0
22152420,1.04160818585092,NA,"BBC News online",0
22152443,1.03465290359113,6,"BBC News online",0
22187403,0.878277890252884,3,"BBC News online",1
22264314,0.872316496291049,2,"BBC News online",1
22275023,0.839574388854932,4,"BBC News online",1
22309739,0.959687996382129,2,"BBC News online",1
22316630,0.77399224178618,4,"BBC News online",0
22330358,1.2495897009648,5,"BBC News online",0
22403734,0.811233985050568,3,"BBC News online",0
28009011,1.01859652762759,4,"BBC News online",0
28110124,0.936647281551935,4,"BBC News online",1
28242812,0.900276752673519,5,"BBC News online",0
28263520,0.970137481428116,7,"BBC News online",1
28359418,0.722908883836946,NA,"BBC News online",0
28367120,1.22418790138184,NA,"BBC News online",0
28371373,1.02910304873513,2,"BBC News online",1
28572771,0.909566209969306,5,"BBC News online",0
28807291,0.727172999856394,1,"BBC News online",1
28897999,0.888161284121996,3,"BBC News online",1
29093399,0.953571918607351,4,"BBC News online",0
29099947,0.818861168462333,2,"BBC News online",1
29171252,0.933001346993407,5,"BBC News online",0
29171826,0.950592752033376,6,"BBC News online",0
29213009,0.84389780870887,4,"BBC News online",0
29244000,0.760810689396771,NA,"BBC News online",0
29469942,1.03541599566902,5,"BBC News online",0
29477530,0.966261689432141,3,"BBC News online",1
29483187,0.973152758432742,3,"BBC News online",1
29487305,1.07427453506468,NA,"BBC News online",1
29498254,0.907051016528382,5,"BBC News online",0
29499762,0.833697652560433,NA,"BBC News online",0
29764485,1.17438519003218,4,"BBC News online",0
29821641,0.84797998909773,2,"BBC News online",0
29835911,0.908704538936667,NA,"BBC News online",0
29937004,1.18588314935095,NA,"BBC News online",0
30623806,1.46091454487931,6,"BBC News online",0
30629518,1.25047771566061,4,"BBC News online",1
30937696,1.03212708763763,NA,"BBC News online",0
31273935,0.83080796390262,NA,"BBC News online",1
31435701,1.39572624380206,4,"BBC News online",0
31671783,0.729783196899742,2,"BBC News online",0
31845573,0.820360991763164,4,"BBC News online",0
32693955,0.91667243543518,2,"BBC News online",1
32962021,0.748008777113973,2,"BBC News online",0
33159411,0.84389780870887,6,"BBC News online",0
33386432,0.750370362123011,3,"BBC News online",1
33702033,1.21173841367426,NA,"BBC News online",0
33764738,1.09671122198231,5,"BBC News online",0
33931048,0.893357025221136,5,"BBC News online",0
33951681,1.02243301700971,2,"BBC News online",0
33964836,0.924464590075186,3,"BBC News online",1
34242710,0.950592752033376,6,"BBC News online",0
34356611,0.999122114579395,NA,"BBC News online",1
34649256,0.667132118089837,NA,"BBC News online",0
35353980,1.28042165015217,NA,"BBC News online",1
36447947,0.998037974526841,2,"BBC News online",1
36477499,0.916125581039401,NA,"BBC News online",0
36630170,0.739654295956792,3,"BBC News online",1
36639352,0.924464590075186,5,"BBC News online",1
37273045,1.00593672063042,2,"BBC News online",1
37409380,0.87751795154183,6,"BBC News online",1
37905035,1.2489648275373,1,"BBC News online",1
37998195,0.934227297451027,3,"BBC News online",1
38145824,0.823793349980589,NA,"BBC News online",0
38171943,0.976826118736406,NA,"BBC News online",1
38174841,1.03956599130216,NA,"BBC News online",0
38243482,1.42555536706801,4,"BBC News online",0
38373885,1.06535376248509,4,"BBC News online",0
38418680,0.951505177759098,7,"BBC News online",0
38464266,0.993241815873803,2,"BBC News online",0
38541683,1.02010812125039,4,"BBC News online",0
38610986,0.970574089858866,5,"BBC News online",1
38800892,1.094444637344,6,"BBC News online",1
39340838,0.90245690193347,NA,"BBC News online",1
39601149,0.899073780798858,1,"BBC News online",0
39699738,1.00985806953401,NA,"BBC News online",0
39761399,0.841918816446721,2,"BBC News online",1
39918383,0.764849955428823,6,"BBC News online",0
40197802,0.89385541742505,4,"BBC News online",0
40202000,0.89385541742505,4,"BBC News online",0
40210877,0.869116517852556,4,"BBC News online",1
40259163,0.749495366073594,3,"BBC News online",1
40418895,0.915122066222173,2,"BBC News online",0
40512087,0.950592752033376,2,"BBC News online",0
40682383,0.911608550605073,5,"BBC News online",1
40686754,0.957146637712426,4,"BBC News online",0
40699600,0.900276752673519,4,"BBC News online",1
40759921,1.22799358143051,NA,"BBC News online",0
40834767,0.953571918607351,5,"BBC News online",1
40894203,0.811823837208255,3,"BBC News online",0
40903213,0.757671940311865,NA,"BBC News online",1
40908716,1.29156740857858,NA,"BBC News online",0
40915400,1.25364480788112,4,"BBC News online",1
40973680,0.917047842597496,NA,"BBC News online",0
41245265,0.769109561176168,4,"BBC News online",0
41325769,0.939523240854489,5,"BBC News online",0
41446381,1.01250373064625,NA,"BBC News online",1
41518838,0.711901513430157,3,"BBC News online",1
41723226,0.996441464564433,5,"BBC News online",0
41730131,0.844414264278832,4,"BBC News online",0
41758666,0.832713433836335,2,"BBC News online",0
41979535,0.957146637712426,NA,"BBC News online",0
41997586,1.34462274791379,3,"BBC News online",0
42131094,1.18106677543508,4,"BBC News online",0
42171186,0.970802159453395,4,"BBC News online",0
42191810,0.821615406288972,3,"BBC News online",1
42200816,1.05093695313805,2,"BBC News online",0
42348990,1.24632386535211,2,"BBC News online",1
42436462,0.970137481428116,5,"BBC News online",0
42585715,1.15663276814745,3,"BBC News online",0
42609607,0.887444447484897,6,"BBC News online",1
42748625,1.03465290359113,4,"BBC News online",0
42763963,1.3968866021068,6,"BBC News online",1
42837333,1.03521756164282,NA,"BBC News online",1
42856198,1.05699323222968,4,"BBC News online",0
42879263,0.796046040655566,4,"BBC News online",0
42886102,0.805533573987045,3,"BBC News online",1
42887802,1.18669564292533,4,"BBC News online",0
42887921,1.04222532771776,2,"BBC News online",0
42894286,1.2758580902463,6,"BBC News online",0
42897404,0.84863250636115,4,"BBC News online",0
42944000,0.94419959074595,5,"BBC News online",0
43023604,1.09836329118528,4,"BBC News online",0
43049539,0.832713433836335,1,"BBC News online",0
43057956,0.957146637712426,6,"BBC News online",1
43066111,0.97052327275018,NA,"BBC News online",0
43068545,0.830966332152616,5,"BBC News online",0
43094495,0.880547467181152,1,"BBC News online",1
43102874,0.766899671782288,4,"BBC News online",1
43132678,1.33269126360453,2,"BBC News online",0
43151306,0.702322593003148,1,"BBC News online",1
43226291,0.973152758432742,3,"BBC News online",1
43270919,0.9464923976839,2,"BBC News online",0
43280312,0.807425181094517,6,"BBC News online",0
43396423,0.921753865059368,NA,"BBC News online",1
43423680,1.08776673904153,3,"BBC News online",0
43435157,1.00252346728541,NA,"BBC News online",1
43452326,0.686890779810034,2,"BBC News online",0
43454196,1.05790013523282,NA,"BBC News online",0
43455435,0.787615768160952,5,"BBC News online",1
43496809,0.89385541742505,4,"BBC News online",0
43681882,1.6589226451259,NA,"BBC News online",1
43713638,0.977495379401078,5,"BBC News online",0
43860063,1.01195543590741,NA,"BBC News online",0
43983614,0.910844741517915,5,"BBC News online",1
44199329,0.717981833366672,NA,"BBC News online",0
44631876,0.817407164620393,4,"BBC News online",1
44643491,0.765847326092285,3,"BBC News online",1
44649116,0.784162620215093,2,"BBC News online",0
44661143,1.45946841545958,6,"BBC News online",0
44667881,0.756132193432155,3,"BBC News online",0
44672709,1.03853157643102,NA,"BBC News online",0
44698931,0.819384215656975,3,"BBC News online",0
44790445,0.846020986145008,1,"BBC News online",1
44812787,0.95586767490274,3,"BBC News online",1
44859114,1.41137521153932,NA,"BBC News online",0
44903992,0.900631603709599,2,"BBC News online",0
44944964,0.84863250636115,4,"BBC News online",1
44946802,0.910111462503697,3,"BBC News online",1
45051112,0.912814921390253,7,"BBC News online",0
45151531,1.13301478708081,4,"BBC News online",0
45320283,0.8390006323218,4,"BBC News online",0
45370989,0.953600261879144,NA,"BBC News online",0
45393528,0.869687597110306,4,"BBC News online",0
45448884,1.28338089692779,NA,"BBC News online",0
45619796,0.973494560447607,6,"BBC News online",0
45741935,0.828577467418826,3,"BBC News online",1
45780502,0.672593447348115,2,"BBC News online",0
45958294,0.999122114579395,4,"BBC News online",1
46226260,0.830583986577563,2,"BBC News online",1
46345528,1.04969749800208,NA,"BBC News online",1
46372790,1.003491112401,2,"BBC News online",1
46578362,0.727516890904271,NA,"BBC News online",0
46752005,0.755758887871929,4,"BBC News online",0
46765185,1.05473760391594,1,"BBC News online",0
46779526,1.18483688914871,3,"BBC News online",0
46799958,0.993065273061458,4,"BBC News online",1
47258112,0.835560094170178,4,"BBC News online",1
47358632,0.771101561565534,NA,"BBC News online",0
47516953,0.85831194107099,1,"BBC News online",0
47583586,0.808791864816064,3,"BBC News online",0
47586545,0.946069117560492,NA,"BBC News online",0
47636627,0.730794969038149,6,"BBC News online",1
47661167,1.18262480891063,5,"BBC News online",1
47669255,1.06546248652522,2,"BBC News online",0
47675054,1.02691170127348,4,"BBC News online",0
47690793,0.993462051294154,4,"BBC News online",0
47735381,1.03441445765973,5,"BBC News online",1
47745998,0.683279387180257,3,"BBC News online",1
47778351,1.02803076306129,5,"BBC News online",0
47793657,0.917047842597496,NA,"BBC News online",0
47853777,1.11161963724855,NA,"BBC News online",0
47904875,0.727151386542306,1,"BBC News online",0
47949665,0.890955976786543,4,"BBC News online",0
47962048,0.752760863645947,3,"BBC News online",0
47979961,1.12267941428684,NA,"BBC News online",0
47991091,1.18879859338437,2,"BBC News online",1
47991754,1.3702258933442,3,"BBC News online",0
48001579,0.989368864154687,3,"BBC News online",1
48315198,1.07274758838559,3,"BBC News online",0
48382228,1.38154475936927,2,"BBC News online",1
48711291,0.729701827506074,6,"BBC News online",0
48788760,1.16706528990819,1,"BBC News online",0
49350207,0.812299094949511,6,"BBC News online",0
50111974,1.266238879116,3,"BBC News online",1
51039510,0.947042510160343,NA,"BBC News online",0
51141573,0.802525094258597,NA,"BBC News online",0
51151934,1.08766107075745,3,"BBC News online",0
51205825,1.2916688895354,5,"BBC News online",0
52023806,0.756518380323481,2,"BBC News online",1
52052117,1.08964872142487,5,"BBC News online",1
52114037,1.24842339100706,4,"BBC News online",1
52161324,1.01044537148388,NA,"BBC News online",0
52295884,0.812323239131587,3,"BBC News online",1
52361998,0.815650431714229,NA,"BBC News online",0
52363982,0.887622663785031,2,"BBC News online",1
52471028,0.834987597606341,5,"BBC News online",0
52572254,0.912407017716603,2,"BBC News online",1
52580725,0.94367729036805,NA,"BBC News online",0
52618271,0.765847326092285,4,"BBC News online",0
52647854,0.994926306689342,6,"BBC News online",1
52675334,0.678170754168068,NA,"BBC News online",1
52731886,1.05653537236359,6,"BBC News online",1
52733844,0.947042510160343,6,"BBC News online",0
52821490,0.770024421186343,NA,"BBC News online",1
52929812,0.978489066996293,3,"BBC News online",1
52978709,0.882017873813367,5,"BBC News online",0
53088984,1.15663276814745,1,"BBC News online",0
53909359,0.852018555964852,5,"BBC News online",1
54237659,0.755605247248534,2,"BBC News online",1
54770795,0.976826118736406,5,"BBC News online",0
55242390,1.18498118682961,NA,"BBC News online",1
55251657,0.746245134352986,NA,"BBC News online",0
55547212,0.777846242675866,4,"BBC News online",1
55645879,0.895154007402913,4,"BBC News online",1
56392255,1.2495897009648,5,"BBC News online",0
56558105,1.44715692139383,4,"BBC News online",0
56566532,0.84389780870887,NA,"BBC News online",0
56576592,0.96822509508891,2,"BBC News online",1
56640358,0.689465773416466,6,"BBC News online",0
56649908,1.30953681195162,3,"BBC News online",1
56679233,0.86142096653516,1,"BBC News online",1
56713928,0.898932924060889,4,"BBC News online",1
56744467,0.730794969038149,5,"BBC News online",0
56832299,0.976826118736406,5,"BBC News online",0
56927578,1.31578321246702,2,"BBC News online",0
56931626,1.33889147039214,5,"BBC News online",1
56958546,1.02099059921259,5,"BBC News online",1
57017924,0.942380796761074,3,"BBC News online",1
57032583,0.769109561176168,4,"BBC News online",0
57032741,1.11026399086635,2,"BBC News online",1
57049325,1.15631417583776,5,"BBC News online",1
57053971,0.959687996382129,3,"BBC News online",0
57114436,1.02756830800205,6,"BBC News online",1
57115562,0.888098968266787,6,"BBC News online",0
57133460,1.2451859059914,4,"BBC News online",1
57165736,1.1759725084016,2,"BBC News online",0
57176854,0.916280695075066,NA,"BBC News online",0
57216373,0.788955183923185,4,"BBC News online",1
57230271,1.15581072837555,4,"BBC News online",0
57281520,1.06872920288467,1,"BBC News online",1
57300447,0.892494544422774,4,"BBC News online",1
57435135,0.976826118736406,NA,"BBC News online",0
57479676,0.771430872348229,2,"BBC News online",1
57479777,1.41650258041997,3,"BBC News online",1
57483282,1.0636669578344,3,"BBC News online",1
57483839,0.788292694930814,4,"BBC News online",1
57518822,0.68817335612607,2,"BBC News online",0
57558768,0.915834384521452,2,"BBC News online",1
57638604,1.12688807802034,5,"BBC News online",0
57810666,1.10614553262215,2,"BBC News online",0
57893068,0.953571918607351,5,"BBC News online",1
57905349,0.84389780870887,6,"BBC News online",1
58281729,0.950521824371447,2,"BBC News online",1
58408223,1.29502688101483,4,"BBC News online",0
58481386,1.0357475309506,4,"BBC News online",0
58572155,0.896277494168242,NA,"BBC News online",1
58607964,1.11237999836726,4,"BBC News online",0
58789068,0.969858785669946,7,"BBC News online",0
58905093,0.848005193832514,2,"BBC News online",0
58910393,1.0109279537919,3,"BBC News online",0
58923056,1.01924430045209,3,"BBC News online",1
58936761,0.938773806911833,4,"BBC News online",0
59392697,0.913016200733579,3,"BBC News online",1
59557487,0.880918156188144,3,"BBC News online",0
59743095,1.25047771566061,6,"BBC News online",0
60237306,1.23073792518688,NA,"BBC News online",0
60267522,1.59463230159624,4,"BBC News online",0
60338282,1.06375624165869,2,"BBC News online",0
60658651,1.4031215674834,4,"BBC News online",0
61109547,0.944478158961642,2,"BBC News online",1
61130952,1.01924430045209,5,"BBC News online",1
61140399,1.03399176987092,NA,"BBC News online",0
61316711,0.959687996382129,3,"BBC News online",1
61320357,0.856216654418697,5,"BBC News online",0
61391781,0.881558695477241,4,"BBC News online",1
61601777,0.576867303297478,3,"BBC News online",0
61607451,0.717102762592716,3,"BBC News online",1
61634939,0.953132129100769,4,"BBC News online",0
61670273,1.00540751377478,NA,"BBC News online",1
61916230,1.26981052452799,3,"BBC News online",1
61920179,0.870271267567881,3,"BBC News online",0
62093388,1.08919604901607,2,"BBC News online",1
62549955,0.952514054234276,1,"BBC News online",0
62608906,0.89385541742505,NA,"BBC News online",0
62625223,0.750207832395514,1,"BBC News online",1
62698268,1.42614241546544,NA,"BBC News online",0
62760901,0.693175934117593,3,"BBC News online",0
62862667,0.880855870984505,2,"BBC News online",1
63035544,0.694110456481874,2,"BBC News online",1
63120786,0.913396607044211,4,"BBC News online",0
63148155,0.976826118736406,7,"BBC News online",1
63173206,1.02764368463236,6,"BBC News online",1
63176355,1.20540884652547,6,"BBC News online",0
63273988,1.17507341651471,NA,"BBC News online",1
63279469,1.08225092188429,4,"BBC News online",0
63294349,0.986632991413281,3,"BBC News online",1
63294594,0.969858785669946,6,"BBC News online",0
63307496,0.931420858843705,6,"BBC News online",1
63314393,0.979913830755939,4,"BBC News online",1
63331034,1.10666702346151,4,"BBC News online",1
63584335,1.43440259726332,2,"BBC News online",1
63771273,0.821040636106232,NA,"BBC News online",1
63830101,1.06061054526573,5,"BBC News online",0
63879869,1.31386565041733,2,"BBC News online",1
64190359,0.829363544602136,6,"BBC News online",1
64192061,1.25748017213181,3,"BBC News online",0
64222158,1.06298426305768,NA,"BBC News online",1
64232134,0.847245343227626,NA,"BBC News online",0
64266435,1.17101904588635,5,"BBC News online",1
64309792,0.969858785669946,7,"BBC News online",0
64462978,1.65885249065492,3,"BBC News online",0
64570884,1.27796510970041,NA,"BBC News online",0
64684101,1.12381580180177,4,"BBC News online",1
64819256,0.79912675295184,5,"BBC News online",0
64845724,0.863240279530685,2,"BBC News online",0
64948976,0.986630536417006,2,"BBC News online",0
64954450,0.905840002742017,6,"BBC News online",1
64960009,1.09772286498091,3,"BBC News online",0
64988128,0.947042510160343,4,"BBC News online",0
65174573,0.691567291206768,4,"BBC News online",0
65186942,1.08766107075745,NA,"BBC News online",1
65272957,0.953571918607351,6,"BBC News online",0
65277399,0.984773749383512,4,"BBC News online",0
65369137,1.03465290359113,5,"BBC News online",0
65411597,0.882363103478573,4,"BBC News online",0
65442034,1.02858183298023,5,"BBC News online",1
65446010,1.19448718854612,NA,"BBC News online",0
65454591,1.3662936789239,5,"BBC News online",1
65472057,0.924191736114724,2,"BBC News online",0
65531829,1.03465290359113,4,"BBC News online",0
65618153,0.815344215130893,5,"BBC News online",1
65624683,1.25701223409206,NA,"BBC News online",1
65636324,0.876372933316275,6,"BBC News online",0
65790476,0.821534967006642,NA,"BBC News online",0
65862314,1.54700710142287,5,"BBC News online",0
65980118,1.19883626001481,5,"BBC News online",1
65980386,1.05258945955152,4,"BBC News online",0
66193850,0.979913830755939,6,"BBC News online",1
66204985,0.858850942114618,NA,"BBC News online",0
66208044,1.0283261749472,6,"BBC News online",1
66326256,0.781548198690251,2,"BBC News online",1
66351399,0.953571918607351,5,"BBC News online",0
66414897,0.719396769090035,4,"BBC News online",0
66474716,0.947042510160343,5,"BBC News online",1
66522313,0.95586767490274,2,"BBC News online",1
66593620,0.822095803909667,3,"BBC News online",1
66667069,1.00522952111069,2,"BBC News online",1
66690807,1.0730005986402,3,"BBC News online",1
66730043,0.935487317846887,4,"BBC News online",1
66925078,1.22540248175387,NA,"BBC News online",0
67035809,0.84389780870887,4,"BBC News online",1
67095560,0.903663392866233,NA,"BBC News online",0
67121702,0.825629512531082,2,"BBC News online",1
67133806,1.10323867865011,NA,"BBC News online",0
67140490,0.823793349980589,4,"BBC News online",0
67246017,0.705129569489494,3,"BBC News online",1
67259173,0.915068252105665,NA,"BBC News online",0
67285958,0.861397339890943,4,"BBC News online",0
67298406,0.947042510160343,5,"BBC News online",0
67468958,1.20794679322493,1,"BBC News online",0
67618095,0.82099002814438,4,"BBC News online",0
67747875,1.05613565137138,NA,"BBC News online",0
67761840,1.11902451772789,4,"BBC News online",0
67778757,0.932841445825631,7,"BBC News online",0
67782116,1.08776673904153,4,"BBC News online",0
67913262,1.43151781602231,5,"BBC News online",1
68152478,0.983653212257379,3,"BBC News online",1
68186300,0.904137012894086,4,"BBC News online",0
68278988,0.854232581021158,6,"BBC News online",1
68291901,0.953571918607351,5,"BBC News online",0
68317610,1.09295094620214,6,"BBC News online",1
68362138,1.07441032615425,5,"BBC News online",1
68409052,0.968056116396493,NA,"BBC News online",0
68439757,0.983334199752842,3,"BBC News online",1
68457514,1.03924311384776,NA,"BBC News online",0
68546716,0.937282210218467,NA,"BBC News online",0
68567243,1.19980970131249,2,"BBC News online",0
68576601,0.776920851848309,1,"BBC News online",1
68606802,1.04160818585092,NA,"BBC News online",0
68638543,1.24840507385683,4,"BBC News online",0
68640900,0.809471843979465,6,"BBC News online",0
68641626,0.976826118736406,6,"BBC News online",1
68668897,1.08650905030969,3,"BBC News online",1
68682697,0.976320446993874,5,"BBC News online",0
68702421,0.826881559447904,NA,"BBC News online",1
68723248,1.002611317936,3,"BBC News online",0
68778631,1.04251313447999,4,"BBC News online",1
68785768,1.14031515091747,6,"BBC News online",1
68826991,0.706307567506121,5,"BBC News online",0
68854031,0.999845774267345,3,"BBC News online",1
68907173,1.25783634788036,3,"BBC News online",1
68943927,1.06916611459915,4,"BBC News online",1
68963533,1.09174628721157,5,"BBC News online",0
68989670,0.918119921948326,4,"BBC News online",0
69054821,0.743151012012276,5,"BBC News online",1
69110281,1.44412465285759,3,"BBC News online",1
69118911,0.843022602759885,3,"BBC News online",1
69146916,1.03399176987092,7,"BBC News online",1
69149695,0.969858785669946,NA,"BBC News online",0
69201106,0.820965626364686,5,"BBC News online",0
69221372,1.33156975956833,NA,"BBC News online",0
69269634,0.793350041607133,3,"BBC News online",0
69290836,1.15468781286833,4,"BBC News online",1
69323754,1.0114882148568,1,"BBC News online",0
69335003,1.13610283326467,NA,"BBC News online",0
69335181,0.78159358411302,3,"BBC News online",1
69337045,1.0252595892437,2,"BBC News online",0
69372291,1.02058976557308,NA,"BBC News online",0
69390181,1.18588314935095,6,"BBC News online",0
69408277,1.13653055807785,3,"BBC News online",0
69409971,0.882380503354242,6,"BBC News online",0
69459413,0.80649173530122,NA,"BBC News online",0
69460267,1.00071259221879,5,"BBC News online",0
69464159,0.854014739486256,4,"BBC News online",0
69478157,0.777965939311253,NA,"BBC News online",0
69507647,0.945621918733538,3,"BBC News online",1
69549649,1.09671122198231,6,"BBC News online",0
69632723,0.84389780870887,4,"BBC News online",1
69717053,1.04154625420011,4,"BBC News online",0
69720931,0.7495558311652,NA,"BBC News online",0
69760921,0.960847128815688,NA,"BBC News online",0
69817411,0.894334931397232,2,"BBC News online",1
69915165,0.702322593003148,2,"BBC News online",1
69957888,0.986724347367529,NA,"BBC News online",0
69963585,1.15488984159407,5,"BBC News online",1
70043217,0.802387953519758,1,"BBC News online",1
70081644,0.647284804562786,2,"BBC News online",1
70194744,0.90245690193347,3,"BBC News online",1
70295419,0.913849562352434,2,"BBC News online",1
70296455,0.744447791645743,3,"BBC News online",0
70440692,1.21981313311326,4,"BBC News online",0
70469848,1.22877709679949,3,"BBC News online",1
70529600,1.04154625420011,4,"BBC News online",0
70614778,0.78166414003964,4,"BBC News online",0
70826907,0.749042633615272,5,"BBC News online",0
71084843,1.54058165548262,3,"BBC News online",1
71173213,0.933399171377853,3,"BBC News online",1
71234182,1.00885208599761,5,"BBC News online",0
71316085,0.86281394866448,3,"BBC News online",0
71326387,1.010647773574,5,"BBC News online",0
71358790,0.915653346199629,2,"BBC News online",1
71492825,0.878277890252884,4,"BBC News online",0
71610917,1.10519684233104,5,"BBC News online",0
71628397,0.971865398305731,NA,"BBC News online",0
71661572,1.00696692342008,4,"BBC News online",0
71674506,1.1771220972616,2,"BBC News online",1
71759842,0.858707242933069,2,"BBC News online",1
71843280,0.872182651217801,5,"BBC News online",1
71878669,1.01715794021808,5,"BBC News online",0
71977064,1.11759417950103,NA,"BBC News online",0
72055024,1.13006190461584,NA,"BBC News online",1
72062135,1.00865736649815,2,"BBC News online",1
72093172,0.863798505320152,2,"BBC News online",0
72129693,0.894742969930345,4,"BBC News online",0
72219586,0.875666224237147,4,"BBC News online",0
72247318,0.999695242299456,6,"BBC News online",1
72447469,1.04354172852379,3,"BBC News online",1
72567669,1.19177517132349,4,"BBC News online",0
72641968,0.923956452869501,2,"BBC News online",0
72668706,1.06872920288467,NA,"BBC News online",0
72728264,0.976826118736406,5,"BBC News online",0
72897162,0.94637541316946,3,"BBC News online",1
73198175,1.00573513615791,1,"BBC News online",1
73253319,0.865794008474659,NA,"BBC News online",1
73284614,1.03142042234257,5,"BBC News online",1
73549511,1.00942583139474,4,"BBC News online",0
73631730,0.830966332152616,4,"BBC News online",1
73823384,1.25458923877792,4,"BBC News online",0
73996300,1.38154475936927,4,"BBC News online",0
74175124,0.854014739486256,NA,"BBC News online",0
74324354,0.804278818812007,4,"BBC News online",0
74537144,0.894970486060852,3,"BBC News online",1
74617567,0.725125211126923,4,"BBC News online",0
74619110,0.690923782281259,3,"BBC News online",0
74621198,0.90245690193347,NA,"BBC News online",0
74658809,1.35940734902808,NA,"BBC News online",0
74663296,1.04154625420011,5,"BBC News online",0
74829026,1.04364131810788,3,"BBC News online",0
75079216,0.86142096653516,3,"BBC News online",1
75241661,1.05203148870996,5,"BBC News online",1
75284195,0.934227297451027,2,"BBC News online",1
75313666,0.853157616079651,3,"BBC News online",0
75343298,1.09671122198231,4,"BBC News online",0
75354176,0.84389780870887,5,"BBC News online",1
75468159,0.753896857134639,4,"BBC News online",1
75583993,0.77862929873562,2,"BBC News online",0
75588984,1.06521794199762,2,"BBC News online",1
75605610,0.953571918607351,4,"BBC News online",0
75621569,0.812474998807354,2,"BBC News online",0
75720294,0.746450719394069,2,"BBC News online",1
75927677,0.952297732424997,2,"BBC News online",1
76397787,0.909315105885082,2,"BBC News online",0
76498445,0.705792324543186,2,"BBC News online",1
76604912,0.905840002742017,3,"BBC News online",1
76646966,1.0545713088263,5,"BBC News online",1
76704029,0.879377119804243,NA,"BBC News online",0
76716987,0.976132435084288,3,"BBC News online",1
76741860,0.668727797409046,5,"BBC News online",0
76912213,0.983643282395186,NA,"BBC News online",0
77243074,0.992299234527503,4,"BBC News online",1
77263652,1.18512538089011,4,"BBC News online",1
77264518,0.867075465567927,4,"BBC News online",0
77267153,0.829952927673403,NA,"BBC News online",1
77269193,0.870253926923796,4,"BBC News online",0
77348783,0.753350728099332,3,"BBC News online",1
77352018,0.798661733986574,6,"BBC News online",0
77353320,1.13170811625119,NA,"BBC News online",0
77364516,0.968859680037876,6,"BBC News online",1
77579615,1.22638052758565,5,"BBC News online",1
77951466,1.23695891274463,4,"BBC News online",0
77956753,1.02803076306129,3,"BBC News online",0
77998652,0.976826118736406,6,"BBC News online",0
78000825,1.07427471462766,1,"BBC News online",0
78336917,0.887444447484897,5,"BBC News online",0
78690764,1.01715794021808,5,"BBC News online",0
78889501,0.843676370029427,4,"BBC News online",1
79075374,1.11652786939462,NA,"BBC News online",0
79082996,0.750207832395514,2,"BBC News online",1
79093777,0.729466245436243,7,"BBC News online",1
79105144,0.976826118736406,4,"BBC News online",1
79131559,0.948261288581662,3,"BBC News online",1
79341173,1.38168347086733,NA,"BBC News online",0
79443434,1.09964411176069,4,"BBC News online",0
79537021,1.07427471462766,1,"BBC News online",0
79563727,1.50615616655113,4,"BBC News online",0
79755180,1.10519684233104,5,"BBC News online",0
79897857,0.969858785669946,5,"BBC News online",0
80009660,0.977495379401078,3,"BBC News online",0
80018988,1.00985806953401,NA,"BBC News online",1
80449892,0.718762741431152,2,"BBC News online",0
80511442,0.839345541875355,3,"BBC News online",0
80576545,0.976826118736406,5,"BBC News online",1
80602706,0.963909870492139,NA,"BBC News online",0
80906932,0.779758150051187,5,"BBC News online",0
80927908,1.00921214034145,1,"BBC News online",0
81366928,1.63664311908704,4,"BBC News online",1
81367933,0.953571918607351,6,"BBC News online",1
81369191,1.02756830800205,4,"BBC News online",0
81539087,0.658897989109727,2,"BBC News online",0
81592026,0.784671816581126,3,"BBC News online",0
81669406,0.786800932964332,4,"BBC News online",1
81675276,1.02450597084423,5,"BBC News online",0
81751986,0.969239054797089,5,"BBC News online",0
81824165,0.879085018295835,3,"BBC News online",0
81909975,0.887622663785031,4,"BBC News online",0
82074105,0.91667243543518,2,"BBC News online",1
82124212,0.97368391396667,NA,"BBC News online",0
82129649,0.943867621128857,3,"BBC News online",1
82223758,0.818563175004828,5,"BBC News online",1
82247089,0.957146637712426,7,"BBC News online",0
82257336,1.16841190267025,5,"BBC News online",0
82363324,1.60272757691108,NA,"BBC News online",0
82587186,1.18625485799922,NA,"BBC News online",0
82624495,1.10275299785939,3,"BBC News online",0
82743131,0.874993877289061,3,"BBC News online",0
82825834,0.844629458730225,2,"BBC News online",0
82982484,1.06479815613331,4,"BBC News online",1
83158000,0.874651606964991,1,"BBC News online",1
83195573,0.859417803278321,4,"BBC News online",0
83223192,0.727015513626698,NA,"BBC News online",0
83223213,1.17923114121296,3,"BBC News online",1
83271895,1.01940968496757,5,"BBC News online",0
83315855,0.821534967006642,NA,"BBC News online",0
83356305,0.897232941171559,NA,"BBC News online",1
83406132,1.2875988361998,NA,"BBC News online",0
83418132,1.11976007523138,NA,"BBC News online",0
83460416,0.870762763433792,2,"BBC News online",0
83509004,1.01250373064625,5,"BBC News online",0
83524750,0.89385541742505,7,"BBC News online",0
83537250,0.900276752673519,3,"BBC News online",1
83540768,0.922763043255797,2,"BBC News online",1
83542588,1.13551249473988,3,"BBC News online",0
83703007,0.893357025221136,7,"BBC News online",1
83813215,1.31348228308953,5,"BBC News online",0
83943607,1.19920202677496,5,"BBC News online",1
84180696,1.2621225972791,2,"BBC News online",0
84187606,1.11759417950103,NA,"BBC News online",0
84289132,1.09699162569542,4,"BBC News online",0
84393200,1.11072517686409,4,"BBC News online",1
84412611,0.607845292161927,NA,"BBC News online",0
84426633,0.842642392176408,2,"BBC News online",0
84452078,0.882837659926501,NA,"BBC News online",0
84501588,1.25701223409206,2,"BBC News online",0
84529355,0.903663392866233,4,"BBC News online",0
84560513,1.70245627152988,2,"BBC News online",0
84629736,1.46126432071995,NA,"BBC News online",0
84655925,1.02450597084423,5,"BBC News online",0
84679050,0.750207832395514,2,"BBC News online",0
84814374,1.12381580180177,5,"BBC News online",1
84820529,0.900631603709599,4,"BBC News online",1
84842721,0.857444359423982,3,"BBC News online",0
84862882,1.1418438292735,NA,"BBC News online",1
84901376,1.12381580180177,5,"BBC News online",0
85037264,0.809909483436974,7,"BBC News online",0
85114174,0.89385541742505,NA,"BBC News online",0
85127227,0.930903456245974,5,"BBC News online",1
85398377,0.950592752033376,6,"BBC News online",0
85398640,0.979980445035386,4,"BBC News online",0
85654344,0.80126439511465,2,"BBC News online",1
85689807,0.834883619569165,3,"BBC News online",1
85748928,0.861397339890943,NA,"BBC News online",0
85844055,0.831113280657055,4,"BBC News online",0
85884021,1.00761203039877,5,"BBC News online",0
85890300,1.26476142198374,NA,"BBC News online",0
86127601,1.12231538296698,4,"BBC News online",1
86222253,1.10519684233104,NA,"BBC News online",0
86434423,0.701108020920807,2,"BBC News online",0
86554831,1.07816691345837,5,"BBC News online",0
86605593,0.84305458829439,4,"BBC News online",0
86647005,1.06293394575415,NA,"BBC News online",0
86650489,0.712738015769537,3,"BBC News online",1
86655663,0.976132435084288,NA,"BBC News online",0
86659573,1.11463053466267,4,"BBC News online",0
86665455,1.01430373970905,2,"BBC News online",0
86728087,1.05197140174847,NA,"BBC News online",1
86936999,0.984176389471479,6,"BBC News online",0
86954454,1.02225482876186,3,"BBC News online",0
86954676,1.19936761063178,2,"BBC News online",1
87046197,0.920712585261617,3,"BBC News online",1
87081149,0.858203760450683,NA,"BBC News online",0
87137378,1.13412554305287,3,"BBC News online",1
87156580,0.922497299078617,6,"BBC News online",1
87159650,1.32230211302974,4,"BBC News online",0
87172391,1.18669564292533,6,"BBC News online",0
87191915,1.17923114121296,6,"BBC News online",1
87212231,0.839689258344694,2,"BBC News online",1
87225961,1.00590682179438,4,"BBC News online",1
87375089,0.856782702535132,3,"BBC News online",0
87395310,1.02910304873513,3,"BBC News online",1
87395380,0.893410145353928,NA,"BBC News online",1
87430914,0.836502625775246,NA,"BBC News online",0
87448144,0.805873605527072,NA,"BBC News online",1
87454361,0.899637429815814,4,"BBC News online",1
87552426,1.30433017727133,4,"BBC News online",0
87556050,1.24680613310018,3,"BBC News online",0
87644739,0.953571918607351,6,"BBC News online",0
87797292,1.51968337463708,2,"BBC News online",1
87843497,1.13250705251046,4,"BBC News online",0
87886773,1.06872920288467,2,"BBC News online",1
87945177,1.08400778422544,5,"BBC News online",0
88101086,1.11161838640186,5,"BBC News online",1
88175545,0.805849653043474,5,"BBC News online",0
88187247,1.17776303245002,4,"BBC News online",0
88214727,0.693861078357692,4,"BBC News online",0
88376728,0.953571918607351,5,"BBC News online",0
88453052,0.926429798936584,3,"BBC News online",0
88581767,1.09145016707945,2,"BBC News online",1
88697604,0.925700502996009,6,"BBC News online",0
88815933,1.03853157643102,6,"BBC News online",1
88846895,0.887127539647235,4,"BBC News online",1
88852070,0.699590527406438,NA,"BBC News online",0
88863782,0.820965626364686,5,"BBC News online",1
88890276,0.969239054797089,4,"BBC News online",0
88996196,0.839860081798287,4,"BBC News online",1
89138724,1.0825660039839,5,"BBC News online",0
89157149,1.01138933330093,6,"BBC News online",1
89192000,0.77862929873562,2,"BBC News online",0
89197522,1.4495671132254,1,"BBC News online",1
89348169,0.915653346199629,2,"BBC News online",0
89514773,0.897206273270836,4,"BBC News online",0
89533086,0.888418977014057,NA,"BBC News online",0
89544009,0.9796952205825,7,"BBC News online",0
89611901,1.27334909394847,4,"BBC News online",1
89813503,1.45012730704295,5,"BBC News online",0
89979890,0.943463425742537,6,"BBC News online",0
90166728,1.03853157643102,6,"BBC News online",0
90219060,0.895919419067703,2,"BBC News online",0
90254014,1.15061164828363,4,"BBC News online",1
90381150,0.82265905296044,NA,"BBC News online",1
90424740,1.10082253700897,6,"BBC News online",0
90513789,0.708891150586484,5,"BBC News online",1
90631040,1.2639372538138,NA,"BBC News online",0
90666408,0.867936096035328,4,"BBC News online",0
90794456,1.15427201863317,4,"BBC News online",1
90973755,0.764849955428823,5,"BBC News online",1
91078485,1.15631417583776,6,"BBC News online",0
91107720,1.67951394701412,2,"BBC News online",0
91434316,0.926038398096802,5,"BBC News online",0
91692880,1.18230225531943,2,"BBC News online",1
91794625,0.833697652560433,3,"BBC News online",0
91973774,1.26369764959292,6,"BBC News online",1
92025454,0.869253928550596,3,"BBC News online",0
92078310,1.19552785698874,2,"BBC News online",1
92114235,0.837845148089798,5,"BBC News online",1
92123966,0.971117221620311,NA,"BBC News online",0
92147501,0.874509220133132,4,"BBC News online",1
92184363,1.02947117106712,3,"BBC News online",1
92447573,0.927989838243072,5,"BBC News online",1
92539548,1.05262917191583,3,"BBC News online",0
92588578,0.95586767490274,1,"BBC News online",0
92730874,0.876051973221552,5,"BBC News online",0
92927203,0.976320446993874,6,"BBC News online",1
92944629,0.916234397601368,4,"BBC News online",1
93183043,1.05178571365069,3,"BBC News online",1
93255477,0.704537469218781,3,"BBC News online",1
93269050,0.970137481428116,3,"BBC News online",0
93857292,0.745067997157877,3,"BBC News online",1
93862078,0.915653346199629,6,"BBC News online",0
94004694,1.06357507708395,4,"BBC News online",0
94105683,1.24798638660076,NA,"BBC News online",0
94182248,0.995931883737122,3,"BBC News online",0
94196047,0.772187080891405,NA,"BBC News online",1
94211620,1.05566772144886,NA,"BBC News online",0
94215666,0.978976128278049,3,"BBC News online",1
94259311,1.05197140174847,NA,"BBC News online",0
94367614,1.22093997358102,5,"BBC News online",1
94440945,0.86142096653516,2,"BBC News online",1
94565383,0.991768420920888,3,"BBC News online",0
94650844,1.18512538089011,5,"BBC News online",0
120326662,0.84389780870887,5,"BBC News online",1
120343066,0.831869113980052,5,"BBC News online",0
120369976,0.946310596250932,4,"BBC News online",1
120589886,0.978242405143564,4,"BBC News online",1
120922454,0.859126176588875,2,"BBC News online",0
121174670,1.01679535433635,4,"BBC News online",0
121402714,0.965426515585005,5,"BBC News online",1
121589486,0.868151573392356,6,"BBC News online",1
121777836,1.11600453612596,4,"BBC News online",0
121841078,0.920336105090097,3,"BBC News online",1
121899556,0.828783805784203,2,"BBC News online",1
122041638,1.33231582835925,3,"BBC News online",1
122190108,0.943949271093535,NA,"BBC News online",0
122439972,1.05178571365069,4,"BBC News online",1
122475974,0.757229189241172,3,"BBC News online",1
122532034,1.59424977956316,3,"BBC News online",1
122569846,0.863240279530685,NA,"BBC News online",0
122942128,1.0322725997338,1,"BBC News online",0
122974076,0.84389780870887,4,"BBC News online",0
123049164,0.892603978721498,2,"BBC News online",1
123069434,0.963008145891068,NA,"BBC News online",0
123129456,0.811949940596628,2,"BBC News online",1
123226836,0.869672230435079,3,"BBC News online",1
123340160,1.04821129985381,3,"BBC News online",1
123470048,1.06872920288467,2,"BBC News online",0
123505236,0.984176389471479,4,"BBC News online",0
123796126,0.902302814296871,4,"BBC News online",0
123841212,1.27495482301077,3,"BBC News online",0
124014530,0.942268376070261,3,"BBC News online",1
124128946,0.755605247248534,2,"BBC News online",0
124234864,1.02555497665766,NA,"BBC News online",0
124519236,1.1539860845772,2,"BBC News online",0
124554334,1.11601542794078,4,"BBC News online",1
124962302,1.04081740064865,2,"BBC News online",1
125145836,1.34812249136809,5,"BBC News online",1
125237882,0.736704114845716,NA,"BBC News online",0
125450522,1.27688534389301,6,"BBC News online",1
125595742,0.836210782345226,NA,"BBC News online",0
125930144,0.9089903978755,3,"BBC News online",1
126094720,0.953571918607351,4,"BBC News online",0
126305170,1.10636867735698,2,"BBC News online",1
126407392,0.802326909710037,2,"BBC News online",1
126569968,0.834883619569165,5,"BBC News online",1
126782660,0.976826118736406,5,"BBC News online",1
126837286,0.762987065229127,3,"BBC News online",0
127069188,1.14051234166405,3,"BBC News online",1
127199052,0.986904801539385,4,"BBC News online",1
127266336,1.20575973734044,5,"BBC News online",1
127532646,1.10946156701591,2,"BBC News online",0
128224236,0.78174125064334,NA,"BBC News online",1
128808020,1.15061164828363,3,"BBC News online",1
128932032,1.09149051834509,3,"BBC News online",1
128936438,0.872316496291049,3,"BBC News online",0
129009156,0.63259679316401,3,"BBC News online",1
129049190,1.03399176987092,3,"BBC News online",0
129221992,0.774551916533486,2,"BBC News online",1
129269348,1.13927855962421,6,"BBC News online",0
129351460,1.00522952111069,NA,"BBC News online",0
129398396,1.02450597084423,6,"BBC News online",0
129440134,0.669294118593821,3,"BBC News online",1
129920176,1.19378406791155,3,"BBC News online",1
130385402,1.14200536812351,NA,"BBC News online",0
130632162,1.11026399086635,4,"BBC News online",0
130752342,0.937734357591348,6,"BBC News online",0
130834756,0.666345568281436,4,"BBC News online",0
130952574,1.00936762401267,2,"BBC News online",0
131135914,0.911694273112051,5,"BBC News online",1
131628436,0.857985107542588,NA,"BBC News online",1
131861468,1.21197760964146,5,"BBC News online",0
131878190,1.03441445765973,5,"BBC News online",0
132022250,0.821260532291584,2,"BBC News online",1
132647858,0.797460058059336,2,"BBC News online",0
132727078,0.90818188399219,NA,"BBC News online",0
132853530,1.048423752777,3,"BBC News online",1
132918966,1.10038211214613,3,"BBC News online",0
133208252,1.14858804149964,4,"BBC News online",0
133223394,0.963921417359587,5,"BBC News online",0
133261328,0.824278599134494,3,"BBC News online",0
133777786,1.05135925023318,6,"BBC News online",1
134457430,0.90877666529352,NA,"BBC News online",0
134485322,1.25820502864148,4,"BBC News online",0
134499110,1.14698194567146,NA,"BBC News online",0
134628952,0.857985107542588,7,"BBC News online",0
134820540,1.27495482301077,NA,"BBC News online",0
134962620,0.993065273061458,3,"BBC News online",1
135359144,1.06375624165869,2,"BBC News online",1
135780698,0.872905228243007,NA,"BBC News online",0
135918352,0.817999730300118,3,"BBC News online",1
135967930,0.838923841810851,4,"BBC News online",1
135991860,0.682784414016442,1,"BBC News online",0
135997432,0.649326111125681,NA,"BBC News online",0
136059468,1.03381359308093,6,"BBC News online",0
136069262,0.862207368153404,2,"BBC News online",1
136211656,1.02691170127348,7,"BBC News online",0
136508396,1.11416747220947,4,"BBC News online",0
136623102,0.893509861951593,NA,"BBC News online",0
136645518,1.18588314935095,3,"BBC News online",1
136707034,0.782975765947996,4,"BBC News online",0
136753822,0.979191643263769,5,"BBC News online",0
136774392,0.906622172766907,NA,"BBC News online",1
136813356,1.06682943672262,2,"BBC News online",1
136955008,0.868151573392356,6,"BBC News online",0
137191062,0.764849955428823,5,"BBC News online",1
137759328,0.585632060317169,3,"BBC News online",0
138155466,0.972491709401142,4,"BBC News online",0
138601448,0.730925980995869,4,"BBC News online",0
138753556,0.750370362123011,3,"BBC News online",1
138805406,1.02007026408722,1,"BBC News online",1
138845202,1.14839652704821,6,"BBC News online",1
138849454,1.24694956932451,3,"BBC News online",1
138903188,0.700072511888228,4,"BBC News online",1
138917090,1.05382226674857,6,"BBC News online",0
139296200,1.11822631921253,3,"BBC News online",1
139380094,0.976826118736406,7,"BBC News online",0
139605998,0.865678203615754,4,"BBC News online",1
139629770,0.880807562031832,NA,"BBC News online",1
139630208,0.84277378624664,4,"BBC News online",1
139639092,0.706342798846843,5,"BBC News online",1
139831316,1.2296964925649,1,"BBC News online",0
139836402,0.740898889503389,2,"BBC News online",1
139837418,1.38978449370087,1,"BBC News online",1
140256904,1.20144716521654,3,"BBC News online",1
140421204,0.858195384763216,2,"BBC News online",1
140441586,1.17927293524207,3,"BBC News online",1
140794116,0.89411227307964,6,"BBC News online",0
141174764,1.10082253700897,5,"BBC News online",0
141340314,0.975508695406969,NA,"BBC News online",0
141833292,0.839345541875355,1,"BBC News online",0
142654884,0.890188799685929,NA,"BBC News online",1
142860412,1.11046185650768,NA,"BBC News online",0
142965710,0.787504052056882,7,"BBC News online",1
143053904,0.832108157433433,5,"BBC News online",0
143105480,0.928266803560279,2,"BBC News online",0
143268564,0.987495750750544,6,"BBC News online",0
143575254,0.953571918607351,6,"BBC News online",1
143693906,0.958163860997174,1,"BBC News online",0
144071164,0.990525052752926,4,"BBC News online",0
144169886,1.00955626182045,5,"BBC News online",0
144389668,0.788292694930814,5,"BBC News online",0
144426328,1.34809027730167,NA,"BBC News online",0
144653178,1.18551482304835,3,"BBC News online",0
144933844,0.876944037660098,5,"BBC News online",1
145091482,1.04453369554476,2,"BBC News online",1
145441734,0.837250160434279,6,"BBC News online",0
145602326,0.93157629109852,NA,"BBC News online",0
146057210,0.982443570758637,NA,"BBC News online",0
146213238,1.19980970131249,2,"BBC News online",1
146572054,1.17672062322091,3,"BBC News online",0
146685438,1.03924311384776,6,"BBC News online",0
146832782,1.02393473104551,6,"BBC News online",1
147155948,1.00583146913373,2,"BBC News online",1
147215636,1.02285253268996,NA,"BBC News online",0
147336178,1.16345960628326,5,"BBC News online",1
147524408,0.707912712655374,NA,"BBC News online",0
147859358,1.24842339100706,2,"BBC News online",1
147917420,1.41235305766719,4,"BBC News online",0
148125494,1.17345043405465,4,"BBC News online",0
148196884,1.03436469303264,NA,"BBC News online",1
148679746,1.1771220972616,4,"BBC News online",0
148728408,0.776958802273641,6,"BBC News online",0
148847940,0.793864477886055,4,"BBC News online",1
148882674,1.7217590388959,3,"BBC News online",0
149330148,0.86422055491541,NA,"BBC News online",0
149538874,1.17941117931108,4,"BBC News online",1
150273734,0.876079498305806,6,"BBC News online",1
150821408,0.987574614794489,NA,"BBC News online",1
151003736,0.767234183953987,4,"BBC News online",0
151429708,0.761624812464705,NA,"BBC News online",0
151503954,0.887013255982913,4,"BBC News online",1
151969556,1.25569569690048,3,"BBC News online",1
152845444,1.36428276147706,4,"BBC News online",1
153329282,0.712738015769537,3,"BBC News online",1
153981590,1.16480246223439,3,"BBC News online",1
154234736,0.968247335987236,4,"BBC News online",1
154648688,1.07274758838559,2,"BBC News online",1
154931132,1.08546716548142,NA,"BBC News online",0
155917640,0.952514054234276,2,"BBC News online",1
156245104,1.00484788705532,NA,"BBC News online",0
156343450,0.862207368153404,2,"BBC News online",0
156427766,0.933781680109807,NA,"BBC News online",0
156476418,0.801115360487898,3,"BBC News online",0
157265084,0.895154007402913,3,"BBC News online",1
157267588,1.67485030842223,NA,"BBC News online",0
157567934,0.662776397379452,6,"BBC News online",1
157626548,0.710076105774247,3,"BBC News online",1
157963488,1.22517298807507,3,"BBC News online",1
157978710,1.31534782878096,2,"BBC News online",1
158741306,1.01179623175891,NA,"BBC News online",0
158766086,1.11416747220947,4,"BBC News online",0
159096322,0.765437599816157,2,"BBC News online",0
159273260,0.892494544422774,5,"BBC News online",1
159311290,0.787712136084211,4,"BBC News online",0
159750334,1.18262480891063,NA,"BBC News online",0
160464668,0.895919419067703,4,"BBC News online",1
160718066,0.951296560837276,6,"BBC News online",1
160959772,1.10082253700897,6,"BBC News online",1
160986624,1.19920202677496,6,"BBC News online",0
161020706,0.810238724016875,1,"BBC News online",1
161099098,0.965567776144418,3,"BBC News online",1
161126840,1.15071974497183,3,"BBC News online",0
161207174,0.741043396526439,NA,"BBC News online",0
161477226,1.41758669966524,2,"BBC News online",1
161602500,1.01019313817515,6,"BBC News online",1
161825610,0.968859663882066,NA,"BBC News online",0
162152606,0.899073780798858,3,"BBC News online",1
162598204,1.00811828144339,5,"BBC News online",0
163453516,1.18539204557697,2,"BBC News online",1
163649532,0.898337165262982,3,"BBC News online",1
163848140,0.957146637712426,5,"BBC News online",0
164232918,0.726716343700419,NA,"BBC News online",0
164595042,1.13927611472968,4,"BBC News online",1
164603718,0.765512110495706,4,"BBC News online",0
165084220,0.897262769748551,4,"BBC News online",1
165168926,0.917885286825368,5,"BBC News online",0
165676662,0.938773806911833,5,"BBC News online",1
165745348,0.823005185848736,1,"BBC News online",0
166386150,0.995757096544904,4,"BBC News online",0
166713732,1.12345227352438,NA,"BBC News online",0
167462008,0.919563294984622,2,"BBC News online",0
167585868,0.9205756783726,NA,"BBC News online",0
167900308,0.932841445825631,4,"BBC News online",1
168268728,0.745913668457673,NA,"BBC News online",0
168654550,0.855169262354182,2,"BBC News online",1
170452704,0.998905754056296,2,"BBC News online",0
170486440,0.616491086355416,4,"BBC News online",0
170782372,1.32946956313657,6,"BBC News online",0
170784236,0.964503378728743,4,"BBC News online",1
171322684,1.17795013876667,NA,"BBC News online",0
171425086,0.708891150586484,3,"BBC News online",0
171455024,0.815368449823886,4,"BBC News online",1
171617676,0.89411227307964,4,"BBC News online",1
171640530,1.31433356138562,NA,"BBC News online",0
172053340,0.858707242933069,1,"BBC News online",0
172176296,0.758716631938431,2,"BBC News online",0
172243320,1.10519684233104,4,"BBC News online",1
172274214,1.33889147039214,5,"BBC News online",0
172274596,0.814600789831152,NA,"BBC News online",0
172761052,1.36575839065968,4,"BBC News online",0
172811610,1.04181433716981,3,"BBC News online",1
172851788,1.04869177396415,3,"BBC News online",0
173005182,1.25806440010956,4,"BBC News online",0
173126522,1.01940968496757,5,"BBC News online",0
173453780,0.863240279530685,4,"BBC News online",0
173980606,0.679643792079465,NA,"BBC News online",0
174186374,0.925208410912284,2,"BBC News online",0
174479090,0.924164122376536,NA,"BBC News online",0
174710530,0.925025294836487,NA,"BBC News online",0
174948898,0.876810347267765,4,"BBC News online",1
175121616,1.12410318225958,NA,"BBC News online",1
175217640,1.09295094620214,6,"BBC News online",1
175218554,0.841918816446721,NA,"BBC News online",0
175419284,0.741043566549617,4,"BBC News online",0
175611890,0.899030336135636,2,"BBC News online",1
175817480,1.17701045266944,4,"BBC News online",0
175915046,0.999602344564421,3,"BBC News online",1
176593474,1.11183460625749,4,"BBC News online",0
176819692,1.03212708763763,4,"BBC News online",1
176828934,1.27039863364042,NA,"BBC News online",0
176829758,0.967957797037201,2,"BBC News online",1
176835942,0.971925151485582,2,"BBC News online",0
176900100,0.989532289710028,2,"BBC News online",1
176900524,0.592968737937602,4,"BBC News online",0
176932712,0.877317937591494,5,"BBC News online",1
177098568,1.1162071194112,3,"BBC News online",0
177100894,1.17913068734863,7,"BBC News online",0
177123170,0.989532289710028,1,"BBC News online",0
177970974,1.03441445765973,5,"BBC News online",0
178467672,0.908226066873662,3,"BBC News online",0
178767174,0.818823208785384,2,"BBC News online",1
178770724,1.09996425764235,6,"BBC News online",0
178941796,1.01376970943464,4,"BBC News online",0
179119228,1.47082641994289,5,"BBC News online",0
179210476,1.20080418681121,4,"BBC News online",0
179402922,1.034793216811,2,"BBC News online",1
179531604,1.11161838640186,5,"BBC News online",0
180208204,1.08364178645029,4,"BBC News online",0
180728182,1.09605157545835,1,"BBC News online",1
181295198,0.697151148083204,4,"BBC News online",1
181430192,0.8446799787625,NA,"BBC News online",1
181560592,1.36428276147706,NA,"BBC News online",0
181576714,0.815368449823886,4,"BBC News online",0
181892164,0.789474934182,NA,"BBC News online",1
181949968,0.976826118736406,3,"BBC News online",1
182149862,1.10797213571897,6,"BBC News online",1
182190736,1.03468070498057,5,"BBC News online",1
182707632,1.21192966588612,NA,"BBC News online",0
183511162,0.976132435084288,4,"BBC News online",0
183942580,1.42081610668656,NA,"BBC News online",0
183945454,1.39508526149678,NA,"BBC News online",0
184165860,0.730423074421176,4,"BBC News online",0
184420202,0.850838952009086,2,"BBC News online",1
184475478,1.00522952111069,2,"BBC News online",1
184596766,1.49926428556886,4,"BBC News online",0
184737056,0.861340258855701,3,"BBC News online",1
184747726,1.02341348413936,2,"BBC News online",1
184775772,0.873115251898802,2,"BBC News online",1
184795088,1.20172439269095,6,"BBC News online",0
184927716,1.1906844891791,NA,"BBC News online",0
184988752,1.32755005925458,3,"BBC News online",0
185004518,0.914772568516223,6,"BBC News online",0
185010090,0.907934336325401,NA,"BBC News online",0
185093382,1.06216556273502,2,"BBC News online",0
185811376,0.682784414016442,4,"BBC News online",1
185849988,0.800831580832579,4,"BBC News online",1
186282784,0.912855054731037,NA,"BBC News online",0
186315340,0.766899671782288,6,"BBC News online",1
186318452,0.818299988261537,NA,"BBC News online",0
186849104,0.970690828252488,2,"BBC News online",1
186928756,1.19920202677496,5,"BBC News online",1
186948290,1.05613565137138,1,"BBC News online",0
186959676,1.01279537827209,NA,"BBC News online",0
188348876,0.965120972717638,4,"BBC News online",1
188424098,0.970799170414574,NA,"BBC News online",0
188840398,1.30233340834391,2,"BBC News online",1
189046702,0.975072513249008,NA,"BBC News online",0
189082642,1.18604835696065,1,"BBC News online",0
189086496,0.727222512558282,2,"BBC News online",1
189759828,0.917957054662802,2,"BBC News online",0
190575084,0.806861972777432,6,"BBC News online",1
190640408,0.847795777918023,3,"BBC News online",1
190714830,0.793071016324905,3,"BBC News online",1
190810426,1.12231538296698,5,"BBC News online",0
191216772,1.18588314935095,6,"BBC News online",0
191354140,1.32993731812631,3,"BBC News online",1
192093356,1.04364131810788,3,"BBC News online",0
192301082,1.03601628205551,2,"BBC News online",1
192302842,1.03628267738863,6,"BBC News online",1
192738790,1.31348228308953,NA,"BBC News online",0
192788082,1.0293082503822,NA,"BBC News online",0
192986326,0.850421468757355,NA,"BBC News online",0
193438418,0.559827695646724,3,"BBC News online",0
193471716,0.950521824371447,NA,"BBC News online",0
193473126,1.20518652843978,NA,"BBC News online",1
193544302,1.00884941991614,5,"BBC News online",0
193713002,1.17927293524207,1,"BBC News online",1
193943266,0.946971847396664,7,"BBC News online",0
193980716,1.12267941428684,NA,"BBC News online",0
194031350,0.808870595768758,5,"BBC News online",0
194041122,0.80098539826002,NA,"BBC News online",0
194178378,1.24840507385683,5,"BBC News online",1
194269272,0.81528337892241,2,"BBC News online",1
194345136,1.04557924262214,2,"BBC News online",1
195119722,1.44588252554272,4,"BBC News online",0
195211766,0.832482646043333,5,"BBC News online",1
195224124,0.768723332928738,NA,"BBC News online",0
195635554,1.04160818585092,1,"BBC News online",1
195714394,0.959811828111899,7,"BBC News online",0
195884584,1.04100206478313,3,"BBC News online",1
195924278,0.828473444331886,4,"BBC News online",1
195990542,1.04821129985381,3,"BBC News online",1
196132646,1.4788157828502,NA,"BBC News online",0
196368520,0.958454730686934,5,"BBC News online",0
196405804,0.886933958615908,4,"BBC News online",0
196526530,1.12734874109699,4,"BBC News online",0
196593526,1.13094910625205,NA,"BBC News online",0
196652590,0.742346153465333,NA,"BBC News online",0
196690722,0.985319154725954,5,"BBC News online",0
196694780,0.832226201120028,NA,"BBC News online",1
196792532,0.947042510160343,5,"BBC News online",1
196866924,1.21481217132518,5,"BBC News online",0
197041378,0.84594142827104,5,"BBC News online",1
197067946,1.02013704443961,2,"BBC News online",1
197490022,1.18981056905692,3,"BBC News online",1
197955374,0.89411227307964,5,"BBC News online",1
198335448,0.969858785669946,5,"BBC News online",0
198698140,0.789474934182,1,"BBC News online",0
198723850,1.20281220600616,4,"BBC News online",0
198824926,1.18976658300159,3,"BBC News online",0
199085488,1.15867496499055,3,"BBC News online",1
199183542,0.779758150051187,4,"BBC News online",0
199376640,1.10038211214613,NA,"BBC News online",0
199441442,0.80009662148118,NA,"BBC News online",0
199639714,1.22524279285158,2,"BBC News online",0
199724696,0.82225453973519,2,"BBC News online",0
199845104,1.15468781286833,5,"BBC News online",1
199905472,0.717236295518609,3,"BBC News online",1
200129336,0.963288512137392,5,"BBC News online",1
200175842,0.985720727774559,3,"BBC News online",0
200396460,0.89385541742505,5,"BBC News online",0
200426910,0.90877666529352,NA,"BBC News online",0
200696386,0.6988393995626,NA,"BBC News online",0
200893384,0.890013610463492,4,"BBC News online",0
200943018,1.21452379482099,3,"BBC News online",1
201031662,1.21426695834112,NA,"BBC News online",1
201133542,0.762200612482054,1,"BBC News online",0
201265918,0.953571918607351,4,"BBC News online",1
201367576,0.90245690193347,4,"BBC News online",0
201625112,1.18883583673466,5,"BBC News online",1
201709818,0.943964361016793,2,"BBC News online",0
201851786,1.15799984063728,2,"BBC News online",0
202076204,1.29934630807033,2,"BBC News online",0
202316304,0.698489546239543,2,"BBC News online",1
202403114,0.944236419376229,NA,"BBC News online",0
202537426,0.931813698325488,NA,"BBC News online",0
202680518,0.778813893510985,2,"BBC News online",0
202754734,0.968304046989479,3,"BBC News online",1
202764490,0.712410069598968,2,"BBC News online",1
202844662,0.742346153465333,NA,"BBC News online",0
202981238,0.848005193832514,2,"BBC News online",1
203212024,0.97469913494187,6,"BBC News online",0
203251140,0.823793349980589,4,"BBC News online",0
204090186,1.4425888890715,NA,"BBC News online",0
204102930,0.984700808826954,5,"BBC News online",0
204552288,0.863240279530685,NA,"BBC News online",1
204895206,1.00109334272386,2,"BBC News online",1
204996536,0.775060418258596,NA,"BBC News online",1
205484624,1.18588314935095,7,"BBC News online",1
205722142,0.784162620215093,3,"BBC News online",1
205793190,1.57811157523217,2,"BBC News online",0
206173236,0.857985107542588,NA,"BBC News online",0
206314330,0.95843569630638,1,"BBC News online",0
206318408,0.895102269380755,2,"BBC News online",1
206601182,0.879085018295835,NA,"BBC News online",0
207164462,0.912855054731037,NA,"BBC News online",0
207436264,0.7404200870223,1,"BBC News online",1
207599710,0.925208410912284,2,"BBC News online",1
207695406,1.09743024031428,4,"BBC News online",0
207786978,0.912183457423489,5,"BBC News online",1
208047094,1.10418313814952,3,"BBC News online",1
209165658,0.890565983102308,5,"BBC News online",1
209413126,1.52432453602188,7,"BBC News online",0
209866626,1.24761458191374,2,"BBC News online",0
209992246,0.729783196899742,2,"BBC News online",0
210427990,0.847795777918023,1,"BBC News online",1
210634698,1.05613565137138,1,"BBC News online",0
210705620,0.984872909070726,NA,"BBC News online",1
210973274,1.30206010169634,NA,"BBC News online",1
211557848,1.11026399086635,1,"BBC News online",0
211614162,0.868826907256223,4,"BBC News online",1
212594212,0.951089511121735,6,"BBC News online",1
212766598,0.839345541875355,1,"BBC News online",0
212814838,0.860016278737157,NA,"BBC News online",0
212911900,1.45585119904404,5,"BBC News online",0
213303222,0.918760708695607,NA,"BBC News online",0
213334672,0.912751045639224,4,"BBC News online",1
213683888,0.912407017716603,5,"BBC News online",1
213748474,0.903663392866233,7,"BBC News online",1
213828766,0.989809342081748,2,"BBC News online",1
214504362,0.895102269380755,1,"BBC News online",0
214542556,1.01514524843832,2,"BBC News online",0
214647688,1.09581237183483,2,"BBC News online",0
214705116,0.750261731491196,5,"BBC News online",0
214705540,0.943045294737587,6,"BBC News online",0
214782434,1.15663276814745,3,"BBC News online",1
214919442,1.47301391678228,6,"BBC News online",0
215182932,0.987360667155474,3,"BBC News online",0
215337708,0.908226066873662,NA,"BBC News online",0
215350336,1.2934980155536,3,"BBC News online",1
215847292,0.7974230904666,2,"BBC News online",1
216188834,0.776095978591184,2,"BBC News online",1
216272100,0.809073472065475,1,"BBC News online",0
216313362,0.830966332152616,3,"BBC News online",1
216418204,0.6867008585599,1,"BBC News online",1
216461404,1.11051619593532,4,"BBC News online",0
216637570,0.835560094170178,NA,"BBC News online",0
216723118,0.844139524106999,NA,"BBC News online",0
216725792,0.790229143481072,4,"BBC News online",1
216828318,0.919494704733774,4,"BBC News online",0
216895288,0.860016278737157,NA,"BBC News online",0
216908350,1.00163722436716,3,"BBC News online",1
216961206,1.18849329668165,5,"BBC News online",1
217018758,1.07256211393686,4,"BBC News online",1
217404998,1.4232523760552,4,"BBC News online",0
217434406,0.756132193432155,3,"BBC News online",1
217449106,0.737218226769749,2,"BBC News online",0
217460402,0.829410668184509,3,"BBC News online",1
217463830,1.32307302708996,5,"BBC News online",1
217528310,0.866212163931396,NA,"BBC News online",0
217553724,0.741189723475154,2,"BBC News online",0
217579366,0.899073780798858,4,"BBC News online",1
217681482,0.694959492473598,2,"BBC News online",1
217702220,1.00004306574514,3,"BBC News online",0
217929982,1.00522952111069,1,"BBC News online",0
218114698,0.70660062760802,NA,"BBC News online",0
218454384,0.983643282395186,3,"BBC News online",1
218620750,0.619355507032209,1,"BBC News online",0
218643398,0.771430872348229,5,"BBC News online",1
218656194,0.688828404463518,5,"BBC News online",0
218746690,1.16638330687677,5,"BBC News online",1
218934422,0.735912610954502,4,"BBC News online",0
218952050,0.882380503354242,1,"BBC News online",0
218963904,0.912183457423489,5,"BBC News online",0
219022438,0.882017873813367,5,"BBC News online",1
219038858,0.95586767490274,3,"BBC News online",1
219040804,0.985382473325205,4,"BBC News online",0
219112332,1.10082253700897,5,"BBC News online",0
219245036,0.891759271498008,2,"BBC News online",0
219346770,1.08983106013814,2,"BBC News online",1
219367528,1.30857673358798,NA,"BBC News online",0
219419076,1.02620147799138,6,"BBC News online",0
219867038,1.09964411176069,NA,"BBC News online",0
219883088,1.07026806359058,NA,"BBC News online",0
219891768,0.959524517418811,4,"BBC News online",1
219899294,0.839345541875355,NA,"BBC News online",0
219914870,1.27763193734344,4,"BBC News online",1
219936024,0.74673845948225,1,"BBC News online",1
220022946,0.888668334820385,NA,"BBC News online",0
220398446,0.959524517418811,2,"BBC News online",0
220611686,1.01785613990395,NA,"BBC News online",0
221034898,1.08919604901607,3,"BBC News online",1
221072708,1.44942208630729,4,"BBC News online",0
221163810,0.834442913150283,NA,"BBC News online",0
221239026,0.983653212257379,3,"BBC News online",0
221265120,0.917042901995385,NA,"BBC News online",0
221438034,1.0524006915959,2,"BBC News online",1
222078018,0.823793349980589,NA,"BBC News online",0
222674832,1.12381580180177,4,"BBC News online",1
222774356,1.14130896824919,2,"BBC News online",0
222783664,1.15799984063728,2,"BBC News online",0
222992888,0.979913830755939,6,"BBC News online",1
222997602,1.52432786858755,3,"BBC News online",0
223176024,0.900303511838918,NA,"BBC News online",1
223312110,1.01989585535132,2,"BBC News online",0
223582478,1.31605076340834,4,"BBC News online",0
223686784,0.864659880109122,5,"BBC News online",1
223778558,1.0825660039839,3,"BBC News online",1
223999722,0.874370005145519,5,"BBC News online",0
224004480,0.932744025468468,NA,"BBC News online",0
224143550,0.908203905617775,2,"BBC News online",1
224704992,0.81316501955558,5,"BBC News online",0
224758586,1.04154625420011,4,"BBC News online",0
224887896,1.20518652843978,3,"BBC News online",1
225386206,0.818563175004828,NA,"BBC News online",0
225867244,1.10956744760794,4,"BBC News online",0
226237464,0.748008777113973,NA,"BBC News online",1
226414622,1.20661248221301,3,"BBC News online",0
226528450,1.09996425764235,NA,"BBC News online",1
226709756,0.864648370610447,3,"BBC News online",1
226826130,1.08225092188429,4,"BBC News online",0
226855626,1.15071974497183,NA,"BBC News online",0
226882688,1.11090807244372,6,"BBC News online",1
227055894,0.858518971901073,5,"BBC News online",0
227287102,0.954906372808957,2,"BBC News online",1
227602660,0.950592752033376,6,"BBC News online",0
227944558,0.90877666529352,4,"BBC News online",0
227964436,1.14587098527074,2,"BBC News online",1
228016344,0.809224797923887,4,"BBC News online",1
228028350,0.755649031892398,3,"BBC News online",1
228033558,0.902234756709367,5,"BBC News online",1
228067372,1.18539204557697,2,"BBC News online",1
228282186,1.00522952111069,3,"BBC News online",0
228389346,1.19084117181984,5,"BBC News online",0
229108716,0.773514149606264,NA,"BBC News online",0
229201752,0.970690828252488,5,"BBC News online",1
229285242,1.13489395532347,5,"BBC News online",1
229327278,0.838923395031558,4,"BBC News online",1
229338436,1.31023536383949,NA,"BBC News online",0
229490082,0.825629512531082,NA,"BBC News online",1
229997250,0.937281405220983,6,"BBC News online",1
230016728,1.10038211214613,1,"BBC News online",0
230479568,0.710710158186194,3,"BBC News online",1
230516334,1.30744938561453,NA,"BBC News online",0
230656214,0.952514054234276,2,"BBC News online",1
230940244,0.777455531331569,5,"BBC News online",1
230963370,0.730423074421176,5,"BBC News online",0
231092038,1.25917004392884,NA,"BBC News online",0
231133080,0.863240279530685,NA,"BBC News online",0
231137692,1.11051619593532,2,"BBC News online",0
231255642,1.0157502681202,NA,"BBC News online",0
231417390,1.04821129985381,3,"BBC News online",0
231449930,0.893882382987373,3,"BBC News online",0
231502246,1.09687379397963,6,"BBC News online",1
231657460,1.00711738265362,5,"BBC News online",1
231680166,0.864648370610447,NA,"BBC News online",0
231824598,0.882380503354242,5,"BBC News online",0
231930060,1.15733318602746,6,"BBC News online",0
232199162,0.810238724016875,2,"BBC News online",1
232325042,0.88094433995283,3,"BBC News online",1
232456138,0.996756983269718,5,"BBC News online",1
232507610,0.966780512115836,6,"BBC News online",1
232565984,0.849860689645018,4,"BBC News online",0
232909178,1.85652836451132,3,"BBC News online",1
232912942,0.912183457423489,2,"BBC News online",1
233227326,0.973494560447607,6,"BBC News online",1
233229830,1.04545076860647,5,"BBC News online",1
233551168,0.907934336325401,NA,"BBC News online",0
234100332,1.37936339097195,4,"BBC News online",0
234264702,0.967262509779359,4,"BBC News online",1
234268414,1.139891498601,3,"BBC News online",0
234465532,0.941475061743225,7,"BBC News online",1
234502100,1.15663276814745,3,"BBC News online",0
234694572,0.981435454214154,NA,"BBC News online",0
234747608,0.716311934393466,NA,"BBC News online",0
234862160,0.916234397601368,2,"BBC News online",0
234910798,0.659365413068409,3,"BBC News online",1
234950940,1.1215982337261,NA,"BBC News online",1
234954360,0.815368449823886,6,"BBC News online",1
235025102,0.693175934117593,4,"BBC News online",0
235027802,1.21362380586101,3,"BBC News online",1
235102532,0.861340258855701,3,"BBC News online",1
235177924,1.00421857653253,4,"BBC News online",1
235178750,1.09149051834509,2,"BBC News online",0
235209238,1.54317816939359,NA,"BBC News online",0
235234060,1.31348228308953,NA,"BBC News online",0
235237936,0.791474064625286,3,"BBC News online",1
235244244,1.1904945761062,4,"BBC News online",0
235469740,0.748564002239245,4,"BBC News online",0
235517380,0.901411846932764,NA,"BBC News online",0
235565420,0.776014895656018,4,"BBC News online",0
235620462,1.43560410948649,3,"BBC News online",1
235628006,0.773399412103734,4,"BBC News online",1
235742916,0.913637010769501,1,"BBC News online",1
235783414,0.72111127939402,2,"BBC News online",0
235893704,1.46484040074194,5,"BBC News online",1
235955062,0.886822303562665,4,"BBC News online",0
236100192,1.25806440010956,5,"BBC News online",1
236114346,0.872905228243007,4,"BBC News online",1
236139646,1.156249547604,NA,"BBC News online",0
236168312,1.08546716548142,5,"BBC News online",0
236176102,1.08546716548142,7,"BBC News online",1
236332178,0.809073472065475,NA,"BBC News online",0
236358398,0.803926781539201,4,"BBC News online",1
236397790,0.802387953519758,4,"BBC News online",0
236408360,1.42346835608274,5,"BBC News online",1
236417094,0.931747268644087,5,"BBC News online",0
236424730,0.849112665727184,7,"BBC News online",1
236782462,0.722093620081988,NA,"BBC News online",0
236899074,0.902075513615672,5,"BBC News online",0
236903984,0.874509220133132,4,"BBC News online",1
236975626,1.38343570454086,5,"BBC News online",1
236984614,1.50841158285983,NA,"BBC News online",0
237155958,1.24425302684611,6,"BBC News online",0
237191118,0.886933958615908,1,"BBC News online",0
237284658,0.883636508279602,1,"BBC News online",1
237293988,1.26537557701981,NA,"BBC News online",0
237415254,0.854940286954503,5,"BBC News online",0
237533682,0.726716343700419,4,"BBC News online",0
237804168,0.829952927673403,NA,"BBC News online",0
237806992,1.0114882148568,3,"BBC News online",1
237861170,0.809224797923887,4,"BBC News online",0
237972620,0.986126522965511,NA,"BBC News online",0
237981932,0.992069247869398,1,"BBC News online",1
238043820,0.841918816446721,4,"BBC News online",0
238150478,1.03853157643102,4,"BBC News online",0
238207106,0.957109686868463,3,"BBC News online",0
238378106,1.14434386745079,2,"BBC News online",1
238537170,0.955189414368835,4,"BBC News online",1
238695936,0.949177425027681,7,"BBC News online",0
238837960,1.06872920288467,1,"BBC News online",1
238969016,0.918543414767566,2,"BBC News online",0
239021156,0.900631603709599,3,"BBC News online",0
239283474,0.860951706028191,4,"BBC News online",1
239295582,0.874612171631431,NA,"BBC News online",0
239328428,1.07274758838559,2,"BBC News online",1
239716750,0.788316125564276,5,"BBC News online",0
239717746,1.04639855996209,2,"BBC News online",1
239824926,0.992069247869398,6,"BBC News online",0
240252406,1.04825989369176,4,"BBC News online",0
240384426,0.882380503354242,6,"BBC News online",0
240428194,1.58697342450866,4,"BBC News online",0
240480492,0.722093620081988,2,"BBC News online",0
240592222,0.828602095447296,3,"BBC News online",1
241004572,1.31348228308953,2,"BBC News online",0
241259180,1.17416735801091,NA,"BBC News online",0
241260470,0.790256026834739,2,"BBC News online",0
241677794,0.682042595020447,2,"BBC News online",0
241770534,1.00067745746996,NA,"BBC News online",1
241910882,1.31348228308953,3,"BBC News online",0
241961008,0.706764486668654,NA,"BBC News online",0
241997550,1.18197456823178,6,"BBC News online",0
242019596,1.40736293547749,2,"BBC News online",1
242079690,1.34140664769378,4,"BBC News online",0
242113384,1.12734874109699,3,"BBC News online",0
242126000,1.07026806359058,3,"BBC News online",1
242131272,0.849860689645018,NA,"BBC News online",0
242184698,0.839466032239436,4,"BBC News online",1
242191316,1.11759417950103,NA,"BBC News online",1
242201262,1.07080007470534,2,"BBC News online",1
242614170,1.23719503916481,2,"BBC News online",1
242728716,1.17805730289448,3,"BBC News online",1
242734358,0.858195384763216,NA,"BBC News online",1
242982242,1.12231538296698,NA,"BBC News online",1
243033632,1.13006190461584,2,"BBC News online",1
243174734,1.42081610668656,NA,"BBC News online",1
243267978,0.952161368446369,4,"BBC News online",0
243270752,1.08189143205945,NA,"BBC News online",1
243275230,1.02210344133425,2,"BBC News online",0
243277344,1.12852173237047,3,"BBC News online",1
243282568,1.04821129985381,3,"BBC News online",1
243302040,1.18344743924511,6,"BBC News online",0
243360098,1.09149051834509,1,"BBC News online",1
243389836,1.08542077453939,NA,"BBC News online",1
243416922,1.27039863364042,6,"BBC News online",1
243513246,0.865819742700279,NA,"BBC News online",0
243570914,1.47853590299812,NA,"BBC News online",0
243621412,0.951296560837276,4,"BBC News online",1
243768256,1.10933996797269,4,"BBC News online",1
243770838,1.37004414647068,NA,"BBC News online",1
243811922,0.85145803757202,NA,"BBC News online",1
243856312,1.12852173237047,2,"BBC News online",0
243956104,1.00522952111069,3,"BBC News online",1
243962186,1.01471712560845,4,"BBC News online",1
244017652,1.50424951966136,NA,"BBC News online",0
244066224,1.30394983776155,2,"BBC News online",1
244225582,1.00717734988056,2,"BBC News online",1
244231600,1.09399861784537,4,"BBC News online",0
244239608,1.02450597084423,5,"BBC News online",1
244272520,0.666104197458307,3,"BBC News online",1
244363094,0.728004669895852,NA,"BBC News online",0
244459822,1.65135207820116,4,"BBC News online",0
244460394,0.731676761639663,5,"BBC News online",1
244471710,1.16537677294192,NA,"BBC News online",1
244472510,1.07552028946906,4,"BBC News online",1
244511076,1.14263281467796,3,"BBC News online",1
244520624,1.03853157643102,6,"BBC News online",0
244609110,0.907525909674223,1,"BBC News online",0
244670794,1.03436469303264,NA,"BBC News online",1
244675238,1.34791680346685,6,"BBC News online",0
244819998,0.982635894449724,5,"BBC News online",1
244835122,1.12711893978127,NA,"BBC News online",0
244934952,1.03399176987092,5,"BBC News online",0
244936998,0.835834619933641,NA,"BBC News online",1
244967280,0.617940442239118,5,"BBC News online",1
244975708,0.869645131123742,NA,"BBC News online",0
244991036,0.748709925131492,1,"BBC News online",0
245033894,0.965601687695346,NA,"BBC News online",1
245035084,0.82403318580157,2,"BBC News online",0
245041128,1.02785139550654,5,"BBC News online",0
245098012,0.811949940596628,NA,"BBC News online",0
245109482,1.17687254795235,5,"BBC News online",1
245112736,0.937792852445881,1,"BBC News online",1
245150468,0.962606283970557,2,"BBC News online",1
245172088,0.949997178024947,6,"BBC News online",1
245189310,0.760500356697638,1,"BBC News online",1
245226426,1.11161838640186,NA,"BBC News online",0
245495782,1.03935668286125,2,"BBC News online",1
245506204,1.46674226043578,4,"BBC News online",0
245527012,0.88152661190806,4,"BBC News online",0
245541078,0.906926594120061,2,"BBC News online",0
245581332,0.940979139985692,NA,"BBC News online",0
245664702,1.18512538089011,NA,"BBC News online",1
245696286,1.09141372224,6,"BBC News online",1
245725342,0.874228151225759,NA,"BBC News online",1
245732252,0.739042129788318,3,"BBC News online",1
245800866,0.970574089858866,3,"BBC News online",1
245898614,1.07026806359058,NA,"BBC News online",0
245915150,1.31076378105843,4,"BBC News online",0
245921714,0.985720727774559,NA,"BBC News online",0
245927260,1.2495897009648,6,"BBC News online",0
246036172,0.746752392074174,NA,"BBC News online",0
246117174,1.45275916279413,NA,"BBC News online",1
246119092,0.743709610051722,4,"BBC News online",1
246119930,1.20661248221301,5,"BBC News online",1
246180398,0.804905306198983,5,"BBC News online",1
246191638,0.905840002742017,6,"BBC News online",0
246192908,1.06641072555465,4,"BBC News online",0
246193934,1.09328485701699,5,"BBC News online",1
246309946,1.07399996424319,2,"BBC News online",1
246321994,0.915112869682585,2,"BBC News online",0
246353120,1.31775701534186,4,"BBC News online",1
246358096,1.04435282686173,4,"BBC News online",1
246374866,0.841427799185097,3,"BBC News online",0
246506818,1.03853157643102,6,"BBC News online",0
246516648,1.21001277884327,NA,"BBC News online",0
246520718,1.07925652353775,2,"BBC News online",0
246542616,0.844139524106999,3,"BBC News online",0
246592442,1.05676039073738,2,"BBC News online",0
246688526,1.05966422491494,1,"BBC News online",0
246714200,1.10801522637059,1,"BBC News online",0
246727592,0.924041284515153,5,"BBC News online",1
246735126,1.12410318225958,5,"BBC News online",1
246806450,1.08606873653083,5,"BBC News online",0
246938584,0.815344215130893,6,"BBC News online",0
246952162,0.957444009006743,3,"BBC News online",1
247027498,0.966585142604069,5,"BBC News online",0
247316044,0.836210782345226,1,"BBC News online",0
247330152,0.84389780870887,5,"BBC News online",1
247346276,1.07406539090756,4,"BBC News online",0
247392880,1.00153209041442,6,"BBC News online",1
247498812,1.389252481525,4,"BBC News online",0
247534644,1.25025791137697,2,"BBC News online",1
247760106,1.43923470614957,NA,"BBC News online",0
247791542,1.53191879472082,5,"BBC News online",1
247914468,1.03050753737529,2,"BBC News online",1
247918880,1.04081740064865,NA,"BBC News online",1
247935700,1.04225630605842,3,"BBC News online",0
247999208,0.809567149658432,4,"BBC News online",0
247999610,0.93157629109852,NA,"BBC News online",0
248011082,1.00675007248202,4,"BBC News online",1
248144518,1.46126432071995,NA,"BBC News online",0
248294862,1.1826186803262,2,"BBC News online",1
248308458,1.15970012963805,5,"BBC News online",1
248312342,1.15970012963805,5,"BBC News online",1
248371612,0.994700190974875,5,"BBC News online",1
248421386,0.800172571702637,2,"BBC News online",0
248471346,1.00593672063042,3,"BBC News online",1
248471944,1.15970012963805,5,"BBC News online",1
248772720,0.777455531331569,NA,"BBC News online",0
248793778,0.869672230435079,4,"BBC News online",0
248799736,1.35940734902808,NA,"BBC News online",0
248954192,0.72360665178835,4,"BBC News online",0
248970416,1.14649981273723,3,"BBC News online",1
248980952,1.18560985092296,4,"BBC News online",0
249046688,1.04639855996209,2,"BBC News online",1
249112664,1.15970012963805,5,"BBC News online",1
249120520,0.777751512521152,4,"BBC News online",0
249136112,0.98852660138264,NA,"BBC News online",1
249182422,1.01560192037423,5,"BBC News online",1
249193606,0.938422246637422,5,"BBC News online",1
249204898,1.67485030842223,4,"BBC News online",0
249310854,1.03628267738863,6,"BBC News online",0
249310956,0.837240561017362,NA,"BBC News online",0
249357128,0.779730772953144,NA,"BBC News online",0
249400044,0.937282210218467,NA,"BBC News online",0
249428076,1.02243301700971,4,"BBC News online",0
249636656,1.27061121852916,NA,"BBC News online",0
249641718,0.951296560837276,6,"BBC News online",1
249831400,0.900631603709599,NA,"BBC News online",1
249874586,1.03853157643102,5,"BBC News online",0
249882198,1.45736810296744,2,"BBC News online",1
249886344,0.844599804018056,2,"BBC News online",0
249933564,1.19920202677496,6,"BBC News online",0
249967960,1.24002630665162,4,"BBC News online",0
249988812,1.00446403073359,4,"BBC News online",1
250004016,1.39097574873337,NA,"BBC News online",0
250022452,1.00522952111069,2,"BBC News online",0
250144212,0.908992665360407,NA,"BBC News online",0
250315768,0.957146637712426,5,"BBC News online",0
250481724,1.21905665339257,2,"BBC News online",0
250524840,0.837240561017362,NA,"BBC News online",0
250528716,0.944539814233425,4,"BBC News online",0
250594856,0.911608550605073,2,"BBC News online",0
250603264,0.850421468757355,NA,"BBC News online",0
250778074,0.902302814296871,4,"BBC News online",0
250915674,0.959615992781274,4,"BBC News online",0
250955916,1.27061121852916,4,"BBC News online",0
251114406,1.64127489930417,NA,"BBC News online",1
251140312,1.06282532556844,1,"BBC News online",1
251195960,0.631352578789425,3,"BBC News online",1
251250296,1.29319229243722,5,"BBC News online",0
251292618,0.992069247869398,5,"BBC News online",0
251304660,1.03853157643102,4,"BBC News online",0
251336130,1.05966422491494,4,"BBC News online",1
251435988,1.01679535433635,2,"BBC News online",0
251441206,0.840379180947973,NA,"BBC News online",0
251520114,1.00055203366279,7,"BBC News online",0
251660972,1.2166313101662,NA,"BBC News online",1
251688052,1.2166313101662,NA,"BBC News online",1
251757978,1.01225185360331,4,"BBC News online",1
251947168,0.891999745501182,NA,"BBC News online",1
251955692,1.11306076189116,4,"BBC News online",0
252094444,0.877623404426673,2,"BBC News online",1
252282394,1.02393473104551,6,"BBC News online",1
252284636,1.35087488602065,1,"BBC News online",0
252344084,1.19686416781481,5,"BBC News online",1
252495830,0.634041537320341,4,"BBC News online",0
252572488,1.09295094620214,6,"BBC News online",0
252572592,0.860016278737157,NA,"BBC News online",0
252582704,0.781094152978036,3,"BBC News online",0
252620370,1.35087488602065,NA,"BBC News online",0
252701886,0.871249782440781,4,"BBC News online",0
252761092,0.847853503740656,3,"BBC News online",0
252892348,1.24722763970459,7,"BBC News online",0
252972498,1.17829308234422,5,"BBC News online",0
252991186,1.21628093886108,NA,"BBC News online",1
252993850,1.04545076860647,6,"BBC News online",0
253017160,0.996488849604868,5,"BBC News online",0
253047984,1.00013130418113,NA,"BBC News online",0
253058828,1.61207512336239,NA,"BBC News online",1
253094232,0.945516606100346,1,"BBC News online",1
253104970,0.986126522965511,NA,"BBC News online",0
253350012,1.09149051834509,4,"BBC News online",0
253366666,1.109981118125,4,"BBC News online",1
253372226,0.91533745396678,5,"BBC News online",1
253409710,1.15088794154556,NA,"BBC News online",1
253413920,1.44412465285759,2,"BBC News online",1
253414426,1.57263594352526,4,"BBC News online",1
253473946,1.35820553694131,3,"BBC News online",1
253583024,0.847853503740656,3,"BBC News online",0
253700274,1.2166313101662,NA,"BBC News online",0
253773196,0.830583986577563,2,"BBC News online",1
253971900,1.2296964925649,4,"BBC News online",1
254011828,1.19486633620577,NA,"BBC News online",1
254027902,0.947989673412706,NA,"BBC News online",1
254042094,0.702771877355593,3,"BBC News online",0
254043028,1.4050837777731,4,"BBC News online",0
254074910,0.839345541875355,NA,"BBC News online",0
254084544,1.00565586171353,NA,"BBC News online",1
254128848,1.25806440010956,2,"BBC News online",0
254143726,1.43726515314281,5,"BBC News online",1
254242758,0.853436779759635,6,"BBC News online",0
254279428,0.959461704892058,4,"BBC News online",1
254422914,0.667132118089837,5,"BBC News online",1
254516300,1.22413509579127,6,"BBC News online",1
254616818,1.12345227352438,NA,"BBC News online",0
254651770,1.11834396160192,3,"BBC News online",1
254662346,0.711854759046975,1,"BBC News online",0
254679304,1.26776673367235,3,"BBC News online",1
254763566,1.52805623909157,5,"BBC News online",1
254771514,1.74486379261252,5,"BBC News online",1
254814504,1.50409503337125,3,"BBC News online",0
254840058,0.908333257646119,2,"BBC News online",1
254858296,1.52805623909157,5,"BBC News online",1
254889174,1.28214454708282,2,"BBC News online",1
254900654,0.959719806232124,NA,"BBC News online",0
255120288,1.10221638715275,NA,"BBC News online",0
255179604,1.09149051834509,1,"BBC News online",0
255467932,1.32940283047737,4,"BBC News online",1
255508122,1.30210823927937,NA,"BBC News online",0
255533664,1.28495421012571,NA,"BBC News online",1
255575134,1.43726515314281,5,"BBC News online",1
255575162,1.43726515314281,5,"BBC News online",1
255830148,0.912183457423489,NA,"BBC News online",0
255842650,1.04080094107007,3,"BBC News online",0
255845516,0.822284956213542,5,"BBC News online",1
255876590,1.41931298375505,7,"BBC News online",0
255886052,1.53266790113363,5,"BBC News online",1
255930730,1.09587735077075,NA,"BBC News online",1
256296114,1.26354964734177,NA,"BBC News online",0
256372290,1.14698194567146,1,"BBC News online",1
256377332,1.03841065441449,3,"BBC News online",0
256382828,0.888668334820385,4,"BBC News online",0
256629652,1.46126432071995,NA,"BBC News online",0
256654994,1.5729540438391,5,"BBC News online",1
256716582,0.70660062760802,4,"BBC News online",0
256734410,1.62495476738903,3,"BBC News online",1
256744152,1.52805623909157,5,"BBC News online",1
256765230,0.992069247869398,1,"BBC News online",1
256829698,1.0280548645453,5,"BBC News online",1
256902536,0.895919419067703,3,"BBC News online",0
256948856,0.967182023077504,2,"BBC News online",0
256975524,1.25560707761896,4,"BBC News online",0
257056952,1.17672062322091,2,"BBC News online",0
257117462,0.864322424376335,4,"BBC News online",0
257140874,1.25560707761896,1,"BBC News online",1
257329310,1.00055203366279,4,"BBC News online",1
257439154,1.17076230068469,5,"BBC News online",0
257444136,1.13094910625205,4,"BBC News online",1
257447848,1.21050592719842,5,"BBC News online",0
257529088,1.5587940285612,4,"BBC News online",1
257568892,0.911337970760185,NA,"BBC News online",0
257571518,1.05966422491494,5,"BBC News online",1
257627044,1.58931555708301,NA,"BBC News online",1
257634768,1.11058474135198,4,"BBC News online",0
257649116,1.35313295653385,2,"BBC News online",1
257664948,0.861018752332383,7,"BBC News online",0
257675396,1.32098433130753,NA,"BBC News online",0
257690444,1.02764368463236,5,"BBC News online",0
257716944,0.907934336325401,NA,"BBC News online",0
257776224,0.802361947713291,2,"BBC News online",1
257781626,0.785667680325056,2,"BBC News online",0
257800766,1.05631709786659,NA,"BBC News online",0
257916366,0.947861602426335,5,"BBC News online",1
257929404,1.13781406477558,4,"BBC News online",0
258020620,0.789474934182,NA,"BBC News online",1
258224158,1.0118088844434,4,"BBC News online",1
258240248,1.0103637972367,5,"BBC News online",1
258247388,0.860016278737157,NA,"BBC News online",0
258329500,1.0103637972367,6,"BBC News online",1
258330704,0.933781680109807,NA,"BBC News online",1
258459848,0.879904344324191,2,"BBC News online",1
258526256,0.886933958615908,4,"BBC News online",0
258645752,1.34582968388196,1,"BBC News online",0
258665790,1.05463771209613,2,"BBC News online",1
258681212,1.17782370179777,2,"BBC News online",0
258709540,1.0114882148568,4,"BBC News online",0
258778800,0.805845311522441,2,"BBC News online",0
258819738,0.871182216099515,NA,"BBC News online",1
258826400,1.0114882148568,4,"BBC News online",0
258836194,1.44412647653647,6,"BBC News online",1
258837580,1.45876151575058,5,"BBC News online",0
258919130,0.865819742700279,3,"BBC News online",1
258964502,1.38207320158619,NA,"BBC News online",0
259003810,0.825730068556372,3,"BBC News online",0
259109580,1.17927293524207,3,"BBC News online",1
259142246,0.631957775386743,NA,"BBC News online",0
259159332,1.13811858320268,1,"BBC News online",1
259167646,0.874667222990687,1,"BBC News online",0
259184034,0.944478158961642,NA,"BBC News online",0
259225656,1.16974549913189,4,"BBC News online",1
259242222,1.15163773693288,NA,"BBC News online",0
259250984,1.41136041470365,NA,"BBC News online",1
259260544,0.668747674183253,1,"BBC News online",0
259290400,0.966585142604069,5,"BBC News online",0
259304028,0.753374999439595,4,"BBC News online",1
259475668,1.11651904920855,3,"BBC News online",1
259486672,1.35087488602065,3,"BBC News online",0
259523456,1.42304647564076,4,"BBC News online",1
259539898,1.14314704979682,5,"BBC News online",1
259540724,1.23947720042178,3,"BBC News online",0
259652418,1.52432786858755,6,"BBC News online",0
259691782,0.973446004714624,7,"BBC News online",1
259703584,0.767207246569012,3,"BBC News online",0
259787932,1.07791744583546,2,"BBC News online",1
259807156,1.13489395532347,6,"BBC News online",0
259814654,1.09329050988517,4,"BBC News online",0
259874450,0.9205756783726,NA,"BBC News online",0
259911830,0.844414264278832,NA,"BBC News online",0
259915756,1.14051234166405,4,"BBC News online",0
259921504,0.962434844103709,6,"BBC News online",1
259923704,0.972481734845992,1,"BBC News online",0
260065192,0.62334240367033,4,"BBC News online",0
260083968,1.21415512943999,3,"BBC News online",1
260138946,1.2166313101662,4,"BBC News online",0
260181550,1.3795942097128,3,"BBC News online",1
260182324,1.04186346589293,6,"BBC News online",0
260192104,1.12660251080514,4,"BBC News online",1
260214658,0.93624204253036,1,"BBC News online",1
260252636,0.738421552997824,NA,"BBC News online",0
260267474,0.878672242175325,2,"BBC News online",1
260287420,0.719925047398161,5,"BBC News online",1
260293456,0.922755024824995,NA,"BBC News online",0
260311614,0.818563175004828,NA,"BBC News online",0
260324730,0.741597558132564,4,"BBC News online",1
260327522,1.4748264475141,NA,"BBC News online",0
260350348,1.15970012963805,4,"BBC News online",0
260365118,1.07026806359058,4,"BBC News online",0
260383590,0.758716631938431,NA,"BBC News online",0
260392790,1.42614241546544,NA,"BBC News online",0
260394396,0.98804833730148,4,"BBC News online",0
260394922,0.847795777918023,4,"BBC News online",1
260409030,0.915477417633601,NA,"BBC News online",0
260450826,1.1535138247527,2,"BBC News online",0
260467546,1.24681825344492,NA,"BBC News online",1
260485980,1.10502380836018,1,"BBC News online",1
260488996,0.59860493491936,NA,"BBC News online",1
260515502,0.924164122376536,6,"BBC News online",0
260558310,0.883840804839242,6,"BBC News online",0
260584102,0.83672340058174,NA,"BBC News online",1
260638540,0.955375586826625,NA,"BBC News online",1
260714790,0.701845158958922,4,"BBC News online",0
260811908,0.984850686085726,4,"BBC News online",0
260931750,0.84389780870887,6,"BBC News online",0
260964070,0.978601517128702,NA,"BBC News online",1
261051208,1.20992764363874,1,"BBC News online",1
261062580,0.965616372392045,4,"BBC News online",1
261068880,0.59519163967669,1,"BBC News online",1
20022530,0.894742969930345,4,"ITV News online",0
20023753,0.817899511525492,6,"ITV News online",0
20025447,0.924464590075186,5,"ITV News online",0
20026947,0.821534967006642,2,"ITV News online",0
20047619,0.820360991763164,6,"ITV News online",0
20048332,1.1759725084016,4,"ITV News online",0
20048618,0.925208410912284,4,"ITV News online",0
20050448,0.987033283522209,5,"ITV News online",0
20051529,0.761143846254295,4,"ITV News online",0
20051923,0.803926781539201,6,"ITV News online",0
20052122,1.03465290359113,4,"ITV News online",0
20052241,0.915122066222173,4,"ITV News online",0
20054024,0.897206273270836,5,"ITV News online",0
20054270,0.917818307739336,NA,"ITV News online",0
20054395,1.03853157643102,5,"ITV News online",0
20060542,0.971117221620311,NA,"ITV News online",0
20064022,1.02756830800205,6,"ITV News online",0
20065179,1.01019313817515,4,"ITV News online",0
20067149,1.36837782143029,5,"ITV News online",0
20067844,0.887468293345291,5,"ITV News online",0
20073628,0.923817194805369,3,"ITV News online",0
20074410,0.773996228257417,NA,"ITV News online",0
20077389,1.18669564292533,NA,"ITV News online",0
20078507,1.00964339403178,3,"ITV News online",0
20085274,1.09594320375307,4,"ITV News online",0
20086548,0.973494560447607,6,"ITV News online",0
20087794,0.788292694930814,6,"ITV News online",0
20087888,0.8108497346763,NA,"ITV News online",0
20088212,0.817899511525492,6,"ITV News online",0
20089287,0.760970327217994,4,"ITV News online",0
20089575,0.765847326092285,3,"ITV News online",0
20091650,1.36467995317101,6,"ITV News online",0
20091668,0.976826118736406,4,"ITV News online",0
20093294,0.890771270097029,6,"ITV News online",0
20096796,0.909315105885082,3,"ITV News online",0
20098142,0.851773826284773,2,"ITV News online",0
20099291,0.976826118736406,6,"ITV News online",0
20102045,1.18262480891063,4,"ITV News online",0
20103834,1.18127904724926,NA,"ITV News online",0
20105311,0.978841972355124,NA,"ITV News online",0
20106754,0.995000205805947,7,"ITV News online",0
20107774,0.957175087236545,4,"ITV News online",0
20108848,0.686890779810034,4,"ITV News online",0
20113956,1.05395044442534,6,"ITV News online",0
20114172,0.884671877547993,5,"ITV News online",0
20114869,1.42500367564671,2,"ITV News online",0
20115167,0.748282483561949,3,"ITV News online",0
20122155,1.27260493984081,4,"ITV News online",0
20122792,1.09295094620214,4,"ITV News online",0
20124135,0.915653346199629,6,"ITV News online",0
20125503,0.798900062604096,5,"ITV News online",0
20126726,0.739654295956792,NA,"ITV News online",0
20128496,0.928967578985955,5,"ITV News online",0
20133288,1.2934980155536,3,"ITV News online",0
20133843,1.07922092931644,4,"ITV News online",0
20133959,0.976826118736406,5,"ITV News online",0
20134062,0.953571918607351,4,"ITV News online",0
20135037,0.948052073531323,7,"ITV News online",0
20135236,1.17776303245002,NA,"ITV News online",0
20135368,0.976826118736406,5,"ITV News online",0
20135890,0.825688491871181,3,"ITV News online",0
20135896,1.02691170127348,5,"ITV News online",0
20136090,1.07868111800161,4,"ITV News online",0
20136198,0.930329183919794,4,"ITV News online",0
20137204,1.16766529817587,NA,"ITV News online",0
20137867,0.91954497216919,4,"ITV News online",0
20139579,0.823005185848736,4,"ITV News online",0
20139936,1.1771220972616,3,"ITV News online",0
20140177,1.09074035706863,NA,"ITV News online",0
20140746,1.34812249136809,6,"ITV News online",0
20142240,0.929902768554445,1,"ITV News online",0
20143499,0.749672136467166,1,"ITV News online",0
20143790,1.03541599566902,5,"ITV News online",0
20145040,1.27118104060527,NA,"ITV News online",0
20145226,0.790272204577528,NA,"ITV News online",0
20145321,0.905840002742017,3,"ITV News online",0
20145418,1.02827233406731,4,"ITV News online",0
20148829,0.953571918607351,NA,"ITV News online",0
20149402,0.876750016606568,NA,"ITV News online",0
20149838,0.969858785669946,NA,"ITV News online",0
20150337,1.02827197727516,3,"ITV News online",0
20151311,0.723829626325887,5,"ITV News online",0
20151909,0.91840516021723,5,"ITV News online",0
20152155,0.798661733986574,4,"ITV News online",1
20152444,0.952251715896481,4,"ITV News online",0
20153171,0.976826118736406,2,"ITV News online",0
20155692,0.914772568516223,NA,"ITV News online",0
20156694,1.33176607273167,4,"ITV News online",0
20157553,0.809471843979465,6,"ITV News online",0
20157664,1.1761964194612,6,"ITV News online",0
20160898,1.34323433307381,2,"ITV News online",0
20161127,0.720343693026911,3,"ITV News online",0
20161313,0.927449832702319,5,"ITV News online",0
20165504,0.900276752673519,6,"ITV News online",0
20167553,0.953571918607351,6,"ITV News online",1
20168594,0.993555576786381,6,"ITV News online",0
20172071,1.09295094620214,5,"ITV News online",0
20172350,0.900276752673519,6,"ITV News online",0
20174731,1.00936762401267,NA,"ITV News online",1
20185685,0.850838952009086,2,"ITV News online",0
20186139,1.09335305494336,4,"ITV News online",0
20187447,1.08546716548142,NA,"ITV News online",0
20187643,1.12267941428684,NA,"ITV News online",0
20187973,0.761166469935306,4,"ITV News online",1
20190533,0.867336641943539,3,"ITV News online",0
20191176,0.87382095739501,5,"ITV News online",0
20192405,0.887013255982913,6,"ITV News online",0
20192862,0.765847326092285,NA,"ITV News online",0
20193929,0.94419959074595,6,"ITV News online",0
20194591,1.03392834431338,4,"ITV News online",0
20195130,0.916482088139855,NA,"ITV News online",0
20195245,0.747423130140161,3,"ITV News online",0
20196593,1.2758580902463,5,"ITV News online",0
20197611,0.686694582824386,NA,"ITV News online",0
20198070,0.904739521776239,5,"ITV News online",0
20199178,1.2128449680906,NA,"ITV News online",0
20199884,0.702322593003148,3,"ITV News online",0
20203396,1.05368885133127,2,"ITV News online",0
20203630,0.762653101584496,NA,"ITV News online",0
20204323,0.948867606283327,4,"ITV News online",0
20204943,0.887444447484897,4,"ITV News online",0
20208196,0.823793349980589,NA,"ITV News online",0
20210902,0.900276752673519,5,"ITV News online",0
20211741,0.908850223904938,3,"ITV News online",0
20212803,0.876294237923966,5,"ITV News online",0
20213840,0.940076826200111,3,"ITV News online",0
20218535,0.861397339890943,NA,"ITV News online",0
20219332,1.50409503337125,4,"ITV News online",0
20220715,0.936171066347943,3,"ITV News online",0
20223358,0.918134488710401,5,"ITV News online",0
20224282,1.22173933972407,NA,"ITV News online",0
20225171,1.10636867735698,3,"ITV News online",0
20229641,0.976826118736406,6,"ITV News online",0
20229961,0.847811794083742,4,"ITV News online",0
20230094,1.0109279537919,4,"ITV News online",0
20236098,1.14009882347847,NA,"ITV News online",0
20236184,0.915777316193063,3,"ITV News online",0
20239005,0.967957797037201,2,"ITV News online",0
20239127,0.858571516903643,NA,"ITV News online",0
20240996,0.812474998807354,3,"ITV News online",0
20242781,0.844645415079307,4,"ITV News online",0
20243373,1.03786796427443,4,"ITV News online",0
20246931,0.607263186969397,3,"ITV News online",0
20246999,1.5478282430944,3,"ITV News online",0
20247178,1.03853157643102,5,"ITV News online",0
20248337,0.884671877547993,5,"ITV News online",0
20248469,0.843427271661646,NA,"ITV News online",0
20249561,0.733583391835327,2,"ITV News online",0
20252333,0.84389780870887,NA,"ITV News online",0
20252892,0.668426975814446,NA,"ITV News online",0
20253190,0.919147800210688,2,"ITV News online",0
20261597,1.1259193156667,NA,"ITV News online",0
20261834,0.899637429815814,4,"ITV News online",0
20264620,0.896668094594843,4,"ITV News online",0
20267695,1.12267941428684,5,"ITV News online",0
20269882,1.22915997565542,4,"ITV News online",0
20271482,0.916841448123286,4,"ITV News online",0
20279656,0.771928521910068,NA,"ITV News online",0
20282652,0.858195384763216,4,"ITV News online",0
20283337,0.969239054797089,4,"ITV News online",0
20287056,0.884671877547993,4,"ITV News online",0
20287911,1.41933102769153,NA,"ITV News online",0
20292241,0.810238724016875,5,"ITV News online",0
20298810,0.763778615188506,3,"ITV News online",0
20305136,1.20786969531933,2,"ITV News online",0
20306733,0.756140976367034,3,"ITV News online",0
20309668,1.4953094644389,5,"ITV News online",0
20314827,0.77509187632978,4,"ITV News online",0
20314957,1.15061164828363,2,"ITV News online",0
20316902,1.11135869068197,6,"ITV News online",0
20334426,1.19378406791155,4,"ITV News online",0
20336029,0.868370017484301,NA,"ITV News online",0
20336875,1.06197604095222,5,"ITV News online",0
20339893,0.89385541742505,4,"ITV News online",0
20340967,1.20572086747911,4,"ITV News online",0
20343175,0.989809342081748,3,"ITV News online",0
20343899,0.958596070532606,NA,"ITV News online",0
20348755,0.887444447484897,NA,"ITV News online",0
20351548,1.05395044442534,3,"ITV News online",0
20379011,1.09501395932862,NA,"ITV News online",0
20383672,0.936849727935804,3,"ITV News online",0
20388046,1.33176607273167,4,"ITV News online",0
20389810,1.002611317936,4,"ITV News online",0
20396797,0.887622663785031,NA,"ITV News online",0
20397668,1.23205481737507,NA,"ITV News online",0
20399950,0.970799170414574,NA,"ITV News online",0
20405023,0.925654803029123,5,"ITV News online",0
20405320,0.84594142827104,5,"ITV News online",0
20418950,0.953571918607351,5,"ITV News online",1
20421365,0.917885286825368,NA,"ITV News online",0
20427040,1.10920518008911,2,"ITV News online",0
20427978,1.01019313817515,4,"ITV News online",0
20430365,0.719396769090035,NA,"ITV News online",0
20433545,1.03468070498057,5,"ITV News online",0
20434159,0.942515802898834,6,"ITV News online",0
20437849,0.78159358411302,3,"ITV News online",0
20440100,0.993519906850358,3,"ITV News online",0
20440170,1.03436469303264,4,"ITV News online",0
20440408,0.765847326092285,6,"ITV News online",0
20446141,1.18148589878386,5,"ITV News online",0
20501374,1.22214426581869,2,"ITV News online",0
20505330,0.917885286825368,6,"ITV News online",0
20525307,1.24842339100706,3,"ITV News online",0
20533993,1.07868111800161,5,"ITV News online",1
20545388,0.863592956821994,4,"ITV News online",0
20546711,0.897206273270836,6,"ITV News online",0
20548468,0.858707242933069,2,"ITV News online",0
20556580,0.85750172263526,2,"ITV News online",1
20571450,0.982862404751604,5,"ITV News online",0
20579704,0.659781242506987,5,"ITV News online",0
20588958,0.904559466223653,1,"ITV News online",0
20599963,0.9205756783726,5,"ITV News online",0
20609958,0.897206273270836,7,"ITV News online",0
20611450,1.12850448712512,4,"ITV News online",0
20621054,1.11416747220947,6,"ITV News online",0
20626839,0.771638719679397,5,"ITV News online",0
20629537,1.09149051834509,3,"ITV News online",0
20636152,0.874993877289061,2,"ITV News online",0
20636990,1.09295094620214,4,"ITV News online",0
20638692,1.18512538089011,4,"ITV News online",0
20639451,0.900276752673519,4,"ITV News online",0
20639487,0.976320446993874,5,"ITV News online",0
20639532,0.908943959690363,3,"ITV News online",0
20643016,1.02562633672478,4,"ITV News online",0
20644464,0.665983569115204,3,"ITV News online",1
20663607,1.48173141717201,NA,"ITV News online",0
20664557,0.865819742700279,NA,"ITV News online",0
20669921,0.89385541742505,6,"ITV News online",0
20671465,1.02571170243139,1,"ITV News online",0
20682590,1.25614430656367,4,"ITV News online",0
20690532,0.91787073208587,4,"ITV News online",0
20692384,1.02756830800205,4,"ITV News online",0
20696602,1.09295094620214,4,"ITV News online",0
20704743,1.22382710987253,NA,"ITV News online",0
20707325,1.13170811625119,4,"ITV News online",0
20707394,0.991152548827504,NA,"ITV News online",0
20710990,0.833697652560433,NA,"ITV News online",0
20713943,0.874027050296371,3,"ITV News online",0
20716485,0.738131805223005,2,"ITV News online",0
20716957,0.939044996852221,2,"ITV News online",0
20717044,1.20558630781978,5,"ITV News online",0
20718933,1.12566586807069,4,"ITV News online",0
20725665,1.10920518008911,5,"ITV News online",0
20728580,1.37004414647068,3,"ITV News online",0
20729382,0.963008145891068,4,"ITV News online",0
20733757,0.915653346199629,5,"ITV News online",0
20739660,0.898296032826641,NA,"ITV News online",0
20749975,1.16585337868382,3,"ITV News online",0
20757666,1.23205481737507,6,"ITV News online",0
20757869,0.834086882124798,6,"ITV News online",0
20759800,1.13130319812072,5,"ITV News online",0
20765090,1.03541599566902,5,"ITV News online",0
20772060,1.20144716521654,3,"ITV News online",0
20779386,0.715080729081225,2,"ITV News online",0
22086387,0.748564002239245,3,"ITV News online",0
22087570,0.960853674843062,5,"ITV News online",0
22091348,0.810908350835403,6,"ITV News online",0
22141182,1.09335305494336,3,"ITV News online",0
22141975,1.03853157643102,6,"ITV News online",0
22144146,0.748090154997302,6,"ITV News online",0
22152420,1.04160818585092,NA,"ITV News online",0
22152443,1.03465290359113,6,"ITV News online",0
22187403,0.878277890252884,3,"ITV News online",0
22264314,0.872316496291049,2,"ITV News online",0
22275023,0.839574388854932,4,"ITV News online",0
22309739,0.959687996382129,2,"ITV News online",0
22316630,0.77399224178618,4,"ITV News online",0
22330358,1.2495897009648,5,"ITV News online",0
22403734,0.811233985050568,3,"ITV News online",0
28009011,1.01859652762759,4,"ITV News online",0
28110124,0.936647281551935,4,"ITV News online",0
28242812,0.900276752673519,5,"ITV News online",0
28263520,0.970137481428116,7,"ITV News online",0
28359418,0.722908883836946,NA,"ITV News online",0
28367120,1.22418790138184,NA,"ITV News online",0
28371373,1.02910304873513,2,"ITV News online",0
28572771,0.909566209969306,5,"ITV News online",0
28807291,0.727172999856394,1,"ITV News online",0
28897999,0.888161284121996,3,"ITV News online",0
29093399,0.953571918607351,4,"ITV News online",0
29099947,0.818861168462333,2,"ITV News online",0
29171252,0.933001346993407,5,"ITV News online",0
29171826,0.950592752033376,6,"ITV News online",1
29213009,0.84389780870887,4,"ITV News online",0
29244000,0.760810689396771,NA,"ITV News online",1
29469942,1.03541599566902,5,"ITV News online",0
29477530,0.966261689432141,3,"ITV News online",0
29483187,0.973152758432742,3,"ITV News online",0
29487305,1.07427453506468,NA,"ITV News online",0
29498254,0.907051016528382,5,"ITV News online",0
29499762,0.833697652560433,NA,"ITV News online",0
29764485,1.17438519003218,4,"ITV News online",0
29821641,0.84797998909773,2,"ITV News online",0
29835911,0.908704538936667,NA,"ITV News online",0
29937004,1.18588314935095,NA,"ITV News online",0
30623806,1.46091454487931,6,"ITV News online",0
30629518,1.25047771566061,4,"ITV News online",0
30937696,1.03212708763763,NA,"ITV News online",0
31273935,0.83080796390262,NA,"ITV News online",0
31435701,1.39572624380206,4,"ITV News online",0
31671783,0.729783196899742,2,"ITV News online",0
31845573,0.820360991763164,4,"ITV News online",0
32693955,0.91667243543518,2,"ITV News online",0
32962021,0.748008777113973,2,"ITV News online",0
33159411,0.84389780870887,6,"ITV News online",0
33386432,0.750370362123011,3,"ITV News online",0
33702033,1.21173841367426,NA,"ITV News online",0
33764738,1.09671122198231,5,"ITV News online",0
33931048,0.893357025221136,5,"ITV News online",0
33951681,1.02243301700971,2,"ITV News online",0
33964836,0.924464590075186,3,"ITV News online",0
34242710,0.950592752033376,6,"ITV News online",0
34356611,0.999122114579395,NA,"ITV News online",0
34649256,0.667132118089837,NA,"ITV News online",0
35353980,1.28042165015217,NA,"ITV News online",0
36447947,0.998037974526841,2,"ITV News online",0
36477499,0.916125581039401,NA,"ITV News online",0
36630170,0.739654295956792,3,"ITV News online",0
36639352,0.924464590075186,5,"ITV News online",1
37273045,1.00593672063042,2,"ITV News online",0
37409380,0.87751795154183,6,"ITV News online",0
37905035,1.2489648275373,1,"ITV News online",0
37998195,0.934227297451027,3,"ITV News online",0
38145824,0.823793349980589,NA,"ITV News online",0
38171943,0.976826118736406,NA,"ITV News online",0
38174841,1.03956599130216,NA,"ITV News online",0
38243482,1.42555536706801,4,"ITV News online",0
38373885,1.06535376248509,4,"ITV News online",0
38418680,0.951505177759098,7,"ITV News online",0
38464266,0.993241815873803,2,"ITV News online",0
38541683,1.02010812125039,4,"ITV News online",0
38610986,0.970574089858866,5,"ITV News online",1
38800892,1.094444637344,6,"ITV News online",0
39340838,0.90245690193347,NA,"ITV News online",0
39601149,0.899073780798858,1,"ITV News online",0
39699738,1.00985806953401,NA,"ITV News online",0
39761399,0.841918816446721,2,"ITV News online",0
39918383,0.764849955428823,6,"ITV News online",0
40197802,0.89385541742505,4,"ITV News online",0
40202000,0.89385541742505,4,"ITV News online",0
40210877,0.869116517852556,4,"ITV News online",0
40259163,0.749495366073594,3,"ITV News online",0
40418895,0.915122066222173,2,"ITV News online",0
40512087,0.950592752033376,2,"ITV News online",0
40682383,0.911608550605073,5,"ITV News online",0
40686754,0.957146637712426,4,"ITV News online",0
40699600,0.900276752673519,4,"ITV News online",0
40759921,1.22799358143051,NA,"ITV News online",0
40834767,0.953571918607351,5,"ITV News online",0
40894203,0.811823837208255,3,"ITV News online",0
40903213,0.757671940311865,NA,"ITV News online",0
40908716,1.29156740857858,NA,"ITV News online",0
40915400,1.25364480788112,4,"ITV News online",0
40973680,0.917047842597496,NA,"ITV News online",0
41245265,0.769109561176168,4,"ITV News online",0
41325769,0.939523240854489,5,"ITV News online",0
41446381,1.01250373064625,NA,"ITV News online",0
41518838,0.711901513430157,3,"ITV News online",0
41723226,0.996441464564433,5,"ITV News online",0
41730131,0.844414264278832,4,"ITV News online",0
41758666,0.832713433836335,2,"ITV News online",0
41979535,0.957146637712426,NA,"ITV News online",0
41997586,1.34462274791379,3,"ITV News online",0
42131094,1.18106677543508,4,"ITV News online",0
42171186,0.970802159453395,4,"ITV News online",0
42191810,0.821615406288972,3,"ITV News online",0
42200816,1.05093695313805,2,"ITV News online",0
42348990,1.24632386535211,2,"ITV News online",0
42436462,0.970137481428116,5,"ITV News online",0
42585715,1.15663276814745,3,"ITV News online",0
42609607,0.887444447484897,6,"ITV News online",0
42748625,1.03465290359113,4,"ITV News online",0
42763963,1.3968866021068,6,"ITV News online",0
42837333,1.03521756164282,NA,"ITV News online",0
42856198,1.05699323222968,4,"ITV News online",0
42879263,0.796046040655566,4,"ITV News online",0
42886102,0.805533573987045,3,"ITV News online",0
42887802,1.18669564292533,4,"ITV News online",0
42887921,1.04222532771776,2,"ITV News online",0
42894286,1.2758580902463,6,"ITV News online",0
42897404,0.84863250636115,4,"ITV News online",0
42944000,0.94419959074595,5,"ITV News online",0
43023604,1.09836329118528,4,"ITV News online",0
43049539,0.832713433836335,1,"ITV News online",0
43057956,0.957146637712426,6,"ITV News online",0
43066111,0.97052327275018,NA,"ITV News online",0
43068545,0.830966332152616,5,"ITV News online",0
43094495,0.880547467181152,1,"ITV News online",0
43102874,0.766899671782288,4,"ITV News online",0
43132678,1.33269126360453,2,"ITV News online",0
43151306,0.702322593003148,1,"ITV News online",0
43226291,0.973152758432742,3,"ITV News online",0
43270919,0.9464923976839,2,"ITV News online",0
43280312,0.807425181094517,6,"ITV News online",0
43396423,0.921753865059368,NA,"ITV News online",0
43423680,1.08776673904153,3,"ITV News online",0
43435157,1.00252346728541,NA,"ITV News online",0
43452326,0.686890779810034,2,"ITV News online",0
43454196,1.05790013523282,NA,"ITV News online",0
43455435,0.787615768160952,5,"ITV News online",0
43496809,0.89385541742505,4,"ITV News online",0
43681882,1.6589226451259,NA,"ITV News online",0
43713638,0.977495379401078,5,"ITV News online",0
43860063,1.01195543590741,NA,"ITV News online",0
43983614,0.910844741517915,5,"ITV News online",0
44199329,0.717981833366672,NA,"ITV News online",0
44631876,0.817407164620393,4,"ITV News online",0
44643491,0.765847326092285,3,"ITV News online",0
44649116,0.784162620215093,2,"ITV News online",0
44661143,1.45946841545958,6,"ITV News online",0
44667881,0.756132193432155,3,"ITV News online",0
44672709,1.03853157643102,NA,"ITV News online",0
44698931,0.819384215656975,3,"ITV News online",0
44790445,0.846020986145008,1,"ITV News online",0
44812787,0.95586767490274,3,"ITV News online",0
44859114,1.41137521153932,NA,"ITV News online",0
44903992,0.900631603709599,2,"ITV News online",0
44944964,0.84863250636115,4,"ITV News online",0
44946802,0.910111462503697,3,"ITV News online",0
45051112,0.912814921390253,7,"ITV News online",0
45151531,1.13301478708081,4,"ITV News online",0
45320283,0.8390006323218,4,"ITV News online",0
45370989,0.953600261879144,NA,"ITV News online",0
45393528,0.869687597110306,4,"ITV News online",0
45448884,1.28338089692779,NA,"ITV News online",0
45619796,0.973494560447607,6,"ITV News online",0
45741935,0.828577467418826,3,"ITV News online",0
45780502,0.672593447348115,2,"ITV News online",0
45958294,0.999122114579395,4,"ITV News online",0
46226260,0.830583986577563,2,"ITV News online",1
46345528,1.04969749800208,NA,"ITV News online",0
46372790,1.003491112401,2,"ITV News online",0
46578362,0.727516890904271,NA,"ITV News online",0
46752005,0.755758887871929,4,"ITV News online",0
46765185,1.05473760391594,1,"ITV News online",0
46779526,1.18483688914871,3,"ITV News online",0
46799958,0.993065273061458,4,"ITV News online",1
47258112,0.835560094170178,4,"ITV News online",0
47358632,0.771101561565534,NA,"ITV News online",0
47516953,0.85831194107099,1,"ITV News online",0
47583586,0.808791864816064,3,"ITV News online",0
47586545,0.946069117560492,NA,"ITV News online",0
47636627,0.730794969038149,6,"ITV News online",0
47661167,1.18262480891063,5,"ITV News online",0
47669255,1.06546248652522,2,"ITV News online",0
47675054,1.02691170127348,4,"ITV News online",0
47690793,0.993462051294154,4,"ITV News online",0
47735381,1.03441445765973,5,"ITV News online",0
47745998,0.683279387180257,3,"ITV News online",0
47778351,1.02803076306129,5,"ITV News online",0
47793657,0.917047842597496,NA,"ITV News online",0
47853777,1.11161963724855,NA,"ITV News online",0
47904875,0.727151386542306,1,"ITV News online",0
47949665,0.890955976786543,4,"ITV News online",0
47962048,0.752760863645947,3,"ITV News online",0
47979961,1.12267941428684,NA,"ITV News online",0
47991091,1.18879859338437,2,"ITV News online",0
47991754,1.3702258933442,3,"ITV News online",0
48001579,0.989368864154687,3,"ITV News online",0
48315198,1.07274758838559,3,"ITV News online",0
48382228,1.38154475936927,2,"ITV News online",0
48711291,0.729701827506074,6,"ITV News online",0
48788760,1.16706528990819,1,"ITV News online",0
49350207,0.812299094949511,6,"ITV News online",0
50111974,1.266238879116,3,"ITV News online",0
51039510,0.947042510160343,NA,"ITV News online",0
51141573,0.802525094258597,NA,"ITV News online",0
51151934,1.08766107075745,3,"ITV News online",0
51205825,1.2916688895354,5,"ITV News online",0
52023806,0.756518380323481,2,"ITV News online",0
52052117,1.08964872142487,5,"ITV News online",0
52114037,1.24842339100706,4,"ITV News online",0
52161324,1.01044537148388,NA,"ITV News online",0
52295884,0.812323239131587,3,"ITV News online",0
52361998,0.815650431714229,NA,"ITV News online",0
52363982,0.887622663785031,2,"ITV News online",0
52471028,0.834987597606341,5,"ITV News online",0
52572254,0.912407017716603,2,"ITV News online",0
52580725,0.94367729036805,NA,"ITV News online",0
52618271,0.765847326092285,4,"ITV News online",0
52647854,0.994926306689342,6,"ITV News online",0
52675334,0.678170754168068,NA,"ITV News online",0
52731886,1.05653537236359,6,"ITV News online",0
52733844,0.947042510160343,6,"ITV News online",0
52821490,0.770024421186343,NA,"ITV News online",0
52929812,0.978489066996293,3,"ITV News online",0
52978709,0.882017873813367,5,"ITV News online",0
53088984,1.15663276814745,1,"ITV News online",0
53909359,0.852018555964852,5,"ITV News online",0
54237659,0.755605247248534,2,"ITV News online",0
54770795,0.976826118736406,5,"ITV News online",0
55242390,1.18498118682961,NA,"ITV News online",0
55251657,0.746245134352986,NA,"ITV News online",0
55547212,0.777846242675866,4,"ITV News online",0
55645879,0.895154007402913,4,"ITV News online",0
56392255,1.2495897009648,5,"ITV News online",0
56558105,1.44715692139383,4,"ITV News online",0
56566532,0.84389780870887,NA,"ITV News online",0
56576592,0.96822509508891,2,"ITV News online",1
56640358,0.689465773416466,6,"ITV News online",0
56649908,1.30953681195162,3,"ITV News online",0
56679233,0.86142096653516,1,"ITV News online",0
56713928,0.898932924060889,4,"ITV News online",0
56744467,0.730794969038149,5,"ITV News online",0
56832299,0.976826118736406,5,"ITV News online",0
56927578,1.31578321246702,2,"ITV News online",0
56931626,1.33889147039214,5,"ITV News online",0
56958546,1.02099059921259,5,"ITV News online",0
57017924,0.942380796761074,3,"ITV News online",0
57032583,0.769109561176168,4,"ITV News online",0
57032741,1.11026399086635,2,"ITV News online",0
57049325,1.15631417583776,5,"ITV News online",0
57053971,0.959687996382129,3,"ITV News online",0
57114436,1.02756830800205,6,"ITV News online",0
57115562,0.888098968266787,6,"ITV News online",0
57133460,1.2451859059914,4,"ITV News online",0
57165736,1.1759725084016,2,"ITV News online",0
57176854,0.916280695075066,NA,"ITV News online",0
57216373,0.788955183923185,4,"ITV News online",0
57230271,1.15581072837555,4,"ITV News online",0
57281520,1.06872920288467,1,"ITV News online",0
57300447,0.892494544422774,4,"ITV News online",0
57435135,0.976826118736406,NA,"ITV News online",0
57479676,0.771430872348229,2,"ITV News online",0
57479777,1.41650258041997,3,"ITV News online",0
57483282,1.0636669578344,3,"ITV News online",0
57483839,0.788292694930814,4,"ITV News online",0
57518822,0.68817335612607,2,"ITV News online",0
57558768,0.915834384521452,2,"ITV News online",0
57638604,1.12688807802034,5,"ITV News online",0
57810666,1.10614553262215,2,"ITV News online",0
57893068,0.953571918607351,5,"ITV News online",0
57905349,0.84389780870887,6,"ITV News online",0
58281729,0.950521824371447,2,"ITV News online",0
58408223,1.29502688101483,4,"ITV News online",0
58481386,1.0357475309506,4,"ITV News online",0
58572155,0.896277494168242,NA,"ITV News online",0
58607964,1.11237999836726,4,"ITV News online",0
58789068,0.969858785669946,7,"ITV News online",0
58905093,0.848005193832514,2,"ITV News online",0
58910393,1.0109279537919,3,"ITV News online",0
58923056,1.01924430045209,3,"ITV News online",0
58936761,0.938773806911833,4,"ITV News online",0
59392697,0.913016200733579,3,"ITV News online",0
59557487,0.880918156188144,3,"ITV News online",0
59743095,1.25047771566061,6,"ITV News online",0
60237306,1.23073792518688,NA,"ITV News online",0
60267522,1.59463230159624,4,"ITV News online",0
60338282,1.06375624165869,2,"ITV News online",0
60658651,1.4031215674834,4,"ITV News online",0
61109547,0.944478158961642,2,"ITV News online",0
61130952,1.01924430045209,5,"ITV News online",0
61140399,1.03399176987092,NA,"ITV News online",0
61316711,0.959687996382129,3,"ITV News online",0
61320357,0.856216654418697,5,"ITV News online",0
61391781,0.881558695477241,4,"ITV News online",0
61601777,0.576867303297478,3,"ITV News online",0
61607451,0.717102762592716,3,"ITV News online",0
61634939,0.953132129100769,4,"ITV News online",0
61670273,1.00540751377478,NA,"ITV News online",0
61916230,1.26981052452799,3,"ITV News online",0
61920179,0.870271267567881,3,"ITV News online",0
62093388,1.08919604901607,2,"ITV News online",0
62549955,0.952514054234276,1,"ITV News online",0
62608906,0.89385541742505,NA,"ITV News online",0
62625223,0.750207832395514,1,"ITV News online",0
62698268,1.42614241546544,NA,"ITV News online",0
62760901,0.693175934117593,3,"ITV News online",0
62862667,0.880855870984505,2,"ITV News online",1
63035544,0.694110456481874,2,"ITV News online",0
63120786,0.913396607044211,4,"ITV News online",0
63148155,0.976826118736406,7,"ITV News online",0
63173206,1.02764368463236,6,"ITV News online",0
63176355,1.20540884652547,6,"ITV News online",0
63273988,1.17507341651471,NA,"ITV News online",0
63279469,1.08225092188429,4,"ITV News online",0
63294349,0.986632991413281,3,"ITV News online",0
63294594,0.969858785669946,6,"ITV News online",0
63307496,0.931420858843705,6,"ITV News online",0
63314393,0.979913830755939,4,"ITV News online",0
63331034,1.10666702346151,4,"ITV News online",0
63584335,1.43440259726332,2,"ITV News online",0
63771273,0.821040636106232,NA,"ITV News online",0
63830101,1.06061054526573,5,"ITV News online",0
63879869,1.31386565041733,2,"ITV News online",0
64190359,0.829363544602136,6,"ITV News online",0
64192061,1.25748017213181,3,"ITV News online",0
64222158,1.06298426305768,NA,"ITV News online",0
64232134,0.847245343227626,NA,"ITV News online",0
64266435,1.17101904588635,5,"ITV News online",0
64309792,0.969858785669946,7,"ITV News online",0
64462978,1.65885249065492,3,"ITV News online",0
64570884,1.27796510970041,NA,"ITV News online",0
64684101,1.12381580180177,4,"ITV News online",0
64819256,0.79912675295184,5,"ITV News online",0
64845724,0.863240279530685,2,"ITV News online",0
64948976,0.986630536417006,2,"ITV News online",0
64954450,0.905840002742017,6,"ITV News online",0
64960009,1.09772286498091,3,"ITV News online",0
64988128,0.947042510160343,4,"ITV News online",0
65174573,0.691567291206768,4,"ITV News online",1
65186942,1.08766107075745,NA,"ITV News online",1
65272957,0.953571918607351,6,"ITV News online",0
65277399,0.984773749383512,4,"ITV News online",0
65369137,1.03465290359113,5,"ITV News online",0
65411597,0.882363103478573,4,"ITV News online",0
65442034,1.02858183298023,5,"ITV News online",1
65446010,1.19448718854612,NA,"ITV News online",0
65454591,1.3662936789239,5,"ITV News online",0
65472057,0.924191736114724,2,"ITV News online",0
65531829,1.03465290359113,4,"ITV News online",0
65618153,0.815344215130893,5,"ITV News online",1
65624683,1.25701223409206,NA,"ITV News online",0
65636324,0.876372933316275,6,"ITV News online",1
65790476,0.821534967006642,NA,"ITV News online",0
65862314,1.54700710142287,5,"ITV News online",0
65980118,1.19883626001481,5,"ITV News online",0
65980386,1.05258945955152,4,"ITV News online",0
66193850,0.979913830755939,6,"ITV News online",0
66204985,0.858850942114618,NA,"ITV News online",0
66208044,1.0283261749472,6,"ITV News online",0
66326256,0.781548198690251,2,"ITV News online",0
66351399,0.953571918607351,5,"ITV News online",0
66414897,0.719396769090035,4,"ITV News online",0
66474716,0.947042510160343,5,"ITV News online",0
66522313,0.95586767490274,2,"ITV News online",0
66593620,0.822095803909667,3,"ITV News online",0
66667069,1.00522952111069,2,"ITV News online",0
66690807,1.0730005986402,3,"ITV News online",1
66730043,0.935487317846887,4,"ITV News online",0
66925078,1.22540248175387,NA,"ITV News online",0
67035809,0.84389780870887,4,"ITV News online",0
67095560,0.903663392866233,NA,"ITV News online",0
67121702,0.825629512531082,2,"ITV News online",0
67133806,1.10323867865011,NA,"ITV News online",0
67140490,0.823793349980589,4,"ITV News online",0
67246017,0.705129569489494,3,"ITV News online",0
67259173,0.915068252105665,NA,"ITV News online",0
67285958,0.861397339890943,4,"ITV News online",0
67298406,0.947042510160343,5,"ITV News online",0
67468958,1.20794679322493,1,"ITV News online",0
67618095,0.82099002814438,4,"ITV News online",0
67747875,1.05613565137138,NA,"ITV News online",0
67761840,1.11902451772789,4,"ITV News online",0
67778757,0.932841445825631,7,"ITV News online",0
67782116,1.08776673904153,4,"ITV News online",0
67913262,1.43151781602231,5,"ITV News online",0
68152478,0.983653212257379,3,"ITV News online",0
68186300,0.904137012894086,4,"ITV News online",1
68278988,0.854232581021158,6,"ITV News online",0
68291901,0.953571918607351,5,"ITV News online",0
68317610,1.09295094620214,6,"ITV News online",0
68362138,1.07441032615425,5,"ITV News online",0
68409052,0.968056116396493,NA,"ITV News online",0
68439757,0.983334199752842,3,"ITV News online",0
68457514,1.03924311384776,NA,"ITV News online",0
68546716,0.937282210218467,NA,"ITV News online",0
68567243,1.19980970131249,2,"ITV News online",0
68576601,0.776920851848309,1,"ITV News online",0
68606802,1.04160818585092,NA,"ITV News online",0
68638543,1.24840507385683,4,"ITV News online",0
68640900,0.809471843979465,6,"ITV News online",0
68641626,0.976826118736406,6,"ITV News online",0
68668897,1.08650905030969,3,"ITV News online",0
68682697,0.976320446993874,5,"ITV News online",0
68702421,0.826881559447904,NA,"ITV News online",0
68723248,1.002611317936,3,"ITV News online",0
68778631,1.04251313447999,4,"ITV News online",0
68785768,1.14031515091747,6,"ITV News online",1
68826991,0.706307567506121,5,"ITV News online",0
68854031,0.999845774267345,3,"ITV News online",0
68907173,1.25783634788036,3,"ITV News online",0
68943927,1.06916611459915,4,"ITV News online",0
68963533,1.09174628721157,5,"ITV News online",0
68989670,0.918119921948326,4,"ITV News online",0
69054821,0.743151012012276,5,"ITV News online",0
69110281,1.44412465285759,3,"ITV News online",0
69118911,0.843022602759885,3,"ITV News online",0
69146916,1.03399176987092,7,"ITV News online",0
69149695,0.969858785669946,NA,"ITV News online",0
69201106,0.820965626364686,5,"ITV News online",0
69221372,1.33156975956833,NA,"ITV News online",0
69269634,0.793350041607133,3,"ITV News online",0
69290836,1.15468781286833,4,"ITV News online",0
69323754,1.0114882148568,1,"ITV News online",0
69335003,1.13610283326467,NA,"ITV News online",0
69335181,0.78159358411302,3,"ITV News online",0
69337045,1.0252595892437,2,"ITV News online",0
69372291,1.02058976557308,NA,"ITV News online",0
69390181,1.18588314935095,6,"ITV News online",0
69408277,1.13653055807785,3,"ITV News online",0
69409971,0.882380503354242,6,"ITV News online",0
69459413,0.80649173530122,NA,"ITV News online",0
69460267,1.00071259221879,5,"ITV News online",0
69464159,0.854014739486256,4,"ITV News online",0
69478157,0.777965939311253,NA,"ITV News online",0
69507647,0.945621918733538,3,"ITV News online",0
69549649,1.09671122198231,6,"ITV News online",0
69632723,0.84389780870887,4,"ITV News online",0
69717053,1.04154625420011,4,"ITV News online",0
69720931,0.7495558311652,NA,"ITV News online",0
69760921,0.960847128815688,NA,"ITV News online",0
69817411,0.894334931397232,2,"ITV News online",0
69915165,0.702322593003148,2,"ITV News online",0
69957888,0.986724347367529,NA,"ITV News online",0
69963585,1.15488984159407,5,"ITV News online",0
70043217,0.802387953519758,1,"ITV News online",1
70081644,0.647284804562786,2,"ITV News online",0
70194744,0.90245690193347,3,"ITV News online",0
70295419,0.913849562352434,2,"ITV News online",1
70296455,0.744447791645743,3,"ITV News online",0
70440692,1.21981313311326,4,"ITV News online",0
70469848,1.22877709679949,3,"ITV News online",0
70529600,1.04154625420011,4,"ITV News online",0
70614778,0.78166414003964,4,"ITV News online",0
70826907,0.749042633615272,5,"ITV News online",0
71084843,1.54058165548262,3,"ITV News online",0
71173213,0.933399171377853,3,"ITV News online",0
71234182,1.00885208599761,5,"ITV News online",0
71316085,0.86281394866448,3,"ITV News online",0
71326387,1.010647773574,5,"ITV News online",0
71358790,0.915653346199629,2,"ITV News online",0
71492825,0.878277890252884,4,"ITV News online",0
71610917,1.10519684233104,5,"ITV News online",0
71628397,0.971865398305731,NA,"ITV News online",0
71661572,1.00696692342008,4,"ITV News online",0
71674506,1.1771220972616,2,"ITV News online",0
71759842,0.858707242933069,2,"ITV News online",0
71843280,0.872182651217801,5,"ITV News online",0
71878669,1.01715794021808,5,"ITV News online",0
71977064,1.11759417950103,NA,"ITV News online",0
72055024,1.13006190461584,NA,"ITV News online",0
72062135,1.00865736649815,2,"ITV News online",0
72093172,0.863798505320152,2,"ITV News online",0
72129693,0.894742969930345,4,"ITV News online",0
72219586,0.875666224237147,4,"ITV News online",0
72247318,0.999695242299456,6,"ITV News online",0
72447469,1.04354172852379,3,"ITV News online",0
72567669,1.19177517132349,4,"ITV News online",0
72641968,0.923956452869501,2,"ITV News online",0
72668706,1.06872920288467,NA,"ITV News online",0
72728264,0.976826118736406,5,"ITV News online",0
72897162,0.94637541316946,3,"ITV News online",0
73198175,1.00573513615791,1,"ITV News online",0
73253319,0.865794008474659,NA,"ITV News online",1
73284614,1.03142042234257,5,"ITV News online",0
73549511,1.00942583139474,4,"ITV News online",0
73631730,0.830966332152616,4,"ITV News online",0
73823384,1.25458923877792,4,"ITV News online",0
73996300,1.38154475936927,4,"ITV News online",0
74175124,0.854014739486256,NA,"ITV News online",0
74324354,0.804278818812007,4,"ITV News online",0
74537144,0.894970486060852,3,"ITV News online",0
74617567,0.725125211126923,4,"ITV News online",0
74619110,0.690923782281259,3,"ITV News online",0
74621198,0.90245690193347,NA,"ITV News online",0
74658809,1.35940734902808,NA,"ITV News online",0
74663296,1.04154625420011,5,"ITV News online",0
74829026,1.04364131810788,3,"ITV News online",0
75079216,0.86142096653516,3,"ITV News online",0
75241661,1.05203148870996,5,"ITV News online",1
75284195,0.934227297451027,2,"ITV News online",0
75313666,0.853157616079651,3,"ITV News online",0
75343298,1.09671122198231,4,"ITV News online",0
75354176,0.84389780870887,5,"ITV News online",0
75468159,0.753896857134639,4,"ITV News online",0
75583993,0.77862929873562,2,"ITV News online",1
75588984,1.06521794199762,2,"ITV News online",0
75605610,0.953571918607351,4,"ITV News online",0
75621569,0.812474998807354,2,"ITV News online",0
75720294,0.746450719394069,2,"ITV News online",1
75927677,0.952297732424997,2,"ITV News online",0
76397787,0.909315105885082,2,"ITV News online",0
76498445,0.705792324543186,2,"ITV News online",0
76604912,0.905840002742017,3,"ITV News online",0
76646966,1.0545713088263,5,"ITV News online",0
76704029,0.879377119804243,NA,"ITV News online",0
76716987,0.976132435084288,3,"ITV News online",1
76741860,0.668727797409046,5,"ITV News online",0
76912213,0.983643282395186,NA,"ITV News online",0
77243074,0.992299234527503,4,"ITV News online",0
77263652,1.18512538089011,4,"ITV News online",0
77264518,0.867075465567927,4,"ITV News online",0
77267153,0.829952927673403,NA,"ITV News online",0
77269193,0.870253926923796,4,"ITV News online",0
77348783,0.753350728099332,3,"ITV News online",0
77352018,0.798661733986574,6,"ITV News online",0
77353320,1.13170811625119,NA,"ITV News online",0
77364516,0.968859680037876,6,"ITV News online",0
77579615,1.22638052758565,5,"ITV News online",0
77951466,1.23695891274463,4,"ITV News online",0
77956753,1.02803076306129,3,"ITV News online",0
77998652,0.976826118736406,6,"ITV News online",0
78000825,1.07427471462766,1,"ITV News online",0
78336917,0.887444447484897,5,"ITV News online",0
78690764,1.01715794021808,5,"ITV News online",0
78889501,0.843676370029427,4,"ITV News online",0
79075374,1.11652786939462,NA,"ITV News online",0
79082996,0.750207832395514,2,"ITV News online",0
79093777,0.729466245436243,7,"ITV News online",0
79105144,0.976826118736406,4,"ITV News online",0
79131559,0.948261288581662,3,"ITV News online",0
79341173,1.38168347086733,NA,"ITV News online",0
79443434,1.09964411176069,4,"ITV News online",0
79537021,1.07427471462766,1,"ITV News online",0
79563727,1.50615616655113,4,"ITV News online",0
79755180,1.10519684233104,5,"ITV News online",0
79897857,0.969858785669946,5,"ITV News online",0
80009660,0.977495379401078,3,"ITV News online",1
80018988,1.00985806953401,NA,"ITV News online",0
80449892,0.718762741431152,2,"ITV News online",0
80511442,0.839345541875355,3,"ITV News online",0
80576545,0.976826118736406,5,"ITV News online",0
80602706,0.963909870492139,NA,"ITV News online",0
80906932,0.779758150051187,5,"ITV News online",0
80927908,1.00921214034145,1,"ITV News online",0
81366928,1.63664311908704,4,"ITV News online",0
81367933,0.953571918607351,6,"ITV News online",0
81369191,1.02756830800205,4,"ITV News online",0
81539087,0.658897989109727,2,"ITV News online",0
81592026,0.784671816581126,3,"ITV News online",0
81669406,0.786800932964332,4,"ITV News online",0
81675276,1.02450597084423,5,"ITV News online",0
81751986,0.969239054797089,5,"ITV News online",0
81824165,0.879085018295835,3,"ITV News online",0
81909975,0.887622663785031,4,"ITV News online",0
82074105,0.91667243543518,2,"ITV News online",0
82124212,0.97368391396667,NA,"ITV News online",0
82129649,0.943867621128857,3,"ITV News online",0
82223758,0.818563175004828,5,"ITV News online",0
82247089,0.957146637712426,7,"ITV News online",1
82257336,1.16841190267025,5,"ITV News online",0
82363324,1.60272757691108,NA,"ITV News online",0
82587186,1.18625485799922,NA,"ITV News online",0
82624495,1.10275299785939,3,"ITV News online",0
82743131,0.874993877289061,3,"ITV News online",0
82825834,0.844629458730225,2,"ITV News online",0
82982484,1.06479815613331,4,"ITV News online",0
83158000,0.874651606964991,1,"ITV News online",0
83195573,0.859417803278321,4,"ITV News online",0
83223192,0.727015513626698,NA,"ITV News online",0
83223213,1.17923114121296,3,"ITV News online",0
83271895,1.01940968496757,5,"ITV News online",0
83315855,0.821534967006642,NA,"ITV News online",0
83356305,0.897232941171559,NA,"ITV News online",0
83406132,1.2875988361998,NA,"ITV News online",0
83418132,1.11976007523138,NA,"ITV News online",0
83460416,0.870762763433792,2,"ITV News online",0
83509004,1.01250373064625,5,"ITV News online",0
83524750,0.89385541742505,7,"ITV News online",0
83537250,0.900276752673519,3,"ITV News online",1
83540768,0.922763043255797,2,"ITV News online",0
83542588,1.13551249473988,3,"ITV News online",0
83703007,0.893357025221136,7,"ITV News online",0
83813215,1.31348228308953,5,"ITV News online",0
83943607,1.19920202677496,5,"ITV News online",0
84180696,1.2621225972791,2,"ITV News online",0
84187606,1.11759417950103,NA,"ITV News online",0
84289132,1.09699162569542,4,"ITV News online",0
84393200,1.11072517686409,4,"ITV News online",0
84412611,0.607845292161927,NA,"ITV News online",0
84426633,0.842642392176408,2,"ITV News online",0
84452078,0.882837659926501,NA,"ITV News online",0
84501588,1.25701223409206,2,"ITV News online",0
84529355,0.903663392866233,4,"ITV News online",0
84560513,1.70245627152988,2,"ITV News online",0
84629736,1.46126432071995,NA,"ITV News online",0
84655925,1.02450597084423,5,"ITV News online",0
84679050,0.750207832395514,2,"ITV News online",0
84814374,1.12381580180177,5,"ITV News online",0
84820529,0.900631603709599,4,"ITV News online",0
84842721,0.857444359423982,3,"ITV News online",0
84862882,1.1418438292735,NA,"ITV News online",0
84901376,1.12381580180177,5,"ITV News online",0
85037264,0.809909483436974,7,"ITV News online",0
85114174,0.89385541742505,NA,"ITV News online",0
85127227,0.930903456245974,5,"ITV News online",0
85398377,0.950592752033376,6,"ITV News online",0
85398640,0.979980445035386,4,"ITV News online",0
85654344,0.80126439511465,2,"ITV News online",0
85689807,0.834883619569165,3,"ITV News online",0
85748928,0.861397339890943,NA,"ITV News online",0
85844055,0.831113280657055,4,"ITV News online",0
85884021,1.00761203039877,5,"ITV News online",0
85890300,1.26476142198374,NA,"ITV News online",0
86127601,1.12231538296698,4,"ITV News online",0
86222253,1.10519684233104,NA,"ITV News online",0
86434423,0.701108020920807,2,"ITV News online",0
86554831,1.07816691345837,5,"ITV News online",0
86605593,0.84305458829439,4,"ITV News online",0
86647005,1.06293394575415,NA,"ITV News online",0
86650489,0.712738015769537,3,"ITV News online",0
86655663,0.976132435084288,NA,"ITV News online",0
86659573,1.11463053466267,4,"ITV News online",0
86665455,1.01430373970905,2,"ITV News online",0
86728087,1.05197140174847,NA,"ITV News online",0
86936999,0.984176389471479,6,"ITV News online",0
86954454,1.02225482876186,3,"ITV News online",0
86954676,1.19936761063178,2,"ITV News online",0
87046197,0.920712585261617,3,"ITV News online",0
87081149,0.858203760450683,NA,"ITV News online",0
87137378,1.13412554305287,3,"ITV News online",0
87156580,0.922497299078617,6,"ITV News online",0
87159650,1.32230211302974,4,"ITV News online",0
87172391,1.18669564292533,6,"ITV News online",0
87191915,1.17923114121296,6,"ITV News online",0
87212231,0.839689258344694,2,"ITV News online",1
87225961,1.00590682179438,4,"ITV News online",0
87375089,0.856782702535132,3,"ITV News online",0
87395310,1.02910304873513,3,"ITV News online",0
87395380,0.893410145353928,NA,"ITV News online",1
87430914,0.836502625775246,NA,"ITV News online",0
87448144,0.805873605527072,NA,"ITV News online",0
87454361,0.899637429815814,4,"ITV News online",0
87552426,1.30433017727133,4,"ITV News online",1
87556050,1.24680613310018,3,"ITV News online",0
87644739,0.953571918607351,6,"ITV News online",0
87797292,1.51968337463708,2,"ITV News online",0
87843497,1.13250705251046,4,"ITV News online",0
87886773,1.06872920288467,2,"ITV News online",0
87945177,1.08400778422544,5,"ITV News online",0
88101086,1.11161838640186,5,"ITV News online",0
88175545,0.805849653043474,5,"ITV News online",0
88187247,1.17776303245002,4,"ITV News online",0
88214727,0.693861078357692,4,"ITV News online",0
88376728,0.953571918607351,5,"ITV News online",0
88453052,0.926429798936584,3,"ITV News online",0
88581767,1.09145016707945,2,"ITV News online",0
88697604,0.925700502996009,6,"ITV News online",0
88815933,1.03853157643102,6,"ITV News online",0
88846895,0.887127539647235,4,"ITV News online",0
88852070,0.699590527406438,NA,"ITV News online",0
88863782,0.820965626364686,5,"ITV News online",0
88890276,0.969239054797089,4,"ITV News online",0
88996196,0.839860081798287,4,"ITV News online",0
89138724,1.0825660039839,5,"ITV News online",0
89157149,1.01138933330093,6,"ITV News online",1
89192000,0.77862929873562,2,"ITV News online",0
89197522,1.4495671132254,1,"ITV News online",0
89348169,0.915653346199629,2,"ITV News online",0
89514773,0.897206273270836,4,"ITV News online",0
89533086,0.888418977014057,NA,"ITV News online",0
89544009,0.9796952205825,7,"ITV News online",0
89611901,1.27334909394847,4,"ITV News online",0
89813503,1.45012730704295,5,"ITV News online",0
89979890,0.943463425742537,6,"ITV News online",0
90166728,1.03853157643102,6,"ITV News online",0
90219060,0.895919419067703,2,"ITV News online",0
90254014,1.15061164828363,4,"ITV News online",0
90381150,0.82265905296044,NA,"ITV News online",0
90424740,1.10082253700897,6,"ITV News online",0
90513789,0.708891150586484,5,"ITV News online",1
90631040,1.2639372538138,NA,"ITV News online",0
90666408,0.867936096035328,4,"ITV News online",0
90794456,1.15427201863317,4,"ITV News online",0
90973755,0.764849955428823,5,"ITV News online",0
91078485,1.15631417583776,6,"ITV News online",0
91107720,1.67951394701412,2,"ITV News online",0
91434316,0.926038398096802,5,"ITV News online",0
91692880,1.18230225531943,2,"ITV News online",0
91794625,0.833697652560433,3,"ITV News online",0
91973774,1.26369764959292,6,"ITV News online",0
92025454,0.869253928550596,3,"ITV News online",0
92078310,1.19552785698874,2,"ITV News online",0
92114235,0.837845148089798,5,"ITV News online",0
92123966,0.971117221620311,NA,"ITV News online",0
92147501,0.874509220133132,4,"ITV News online",0
92184363,1.02947117106712,3,"ITV News online",0
92447573,0.927989838243072,5,"ITV News online",0
92539548,1.05262917191583,3,"ITV News online",0
92588578,0.95586767490274,1,"ITV News online",0
92730874,0.876051973221552,5,"ITV News online",0
92927203,0.976320446993874,6,"ITV News online",0
92944629,0.916234397601368,4,"ITV News online",0
93183043,1.05178571365069,3,"ITV News online",0
93255477,0.704537469218781,3,"ITV News online",0
93269050,0.970137481428116,3,"ITV News online",0
93857292,0.745067997157877,3,"ITV News online",1
93862078,0.915653346199629,6,"ITV News online",0
94004694,1.06357507708395,4,"ITV News online",0
94105683,1.24798638660076,NA,"ITV News online",0
94182248,0.995931883737122,3,"ITV News online",0
94196047,0.772187080891405,NA,"ITV News online",1
94211620,1.05566772144886,NA,"ITV News online",0
94215666,0.978976128278049,3,"ITV News online",0
94259311,1.05197140174847,NA,"ITV News online",0
94367614,1.22093997358102,5,"ITV News online",0
94440945,0.86142096653516,2,"ITV News online",0
94565383,0.991768420920888,3,"ITV News online",0
94650844,1.18512538089011,5,"ITV News online",0
120326662,0.84389780870887,5,"ITV News online",0
120343066,0.831869113980052,5,"ITV News online",0
120369976,0.946310596250932,4,"ITV News online",0
120589886,0.978242405143564,4,"ITV News online",0
120922454,0.859126176588875,2,"ITV News online",1
121174670,1.01679535433635,4,"ITV News online",0
121402714,0.965426515585005,5,"ITV News online",0
121589486,0.868151573392356,6,"ITV News online",0
121777836,1.11600453612596,4,"ITV News online",0
121841078,0.920336105090097,3,"ITV News online",0
121899556,0.828783805784203,2,"ITV News online",0
122041638,1.33231582835925,3,"ITV News online",0
122190108,0.943949271093535,NA,"ITV News online",0
122439972,1.05178571365069,4,"ITV News online",0
122475974,0.757229189241172,3,"ITV News online",0
122532034,1.59424977956316,3,"ITV News online",0
122569846,0.863240279530685,NA,"ITV News online",0
122942128,1.0322725997338,1,"ITV News online",0
122974076,0.84389780870887,4,"ITV News online",0
123049164,0.892603978721498,2,"ITV News online",0
123069434,0.963008145891068,NA,"ITV News online",0
123129456,0.811949940596628,2,"ITV News online",0
123226836,0.869672230435079,3,"ITV News online",0
123340160,1.04821129985381,3,"ITV News online",0
123470048,1.06872920288467,2,"ITV News online",0
123505236,0.984176389471479,4,"ITV News online",0
123796126,0.902302814296871,4,"ITV News online",0
123841212,1.27495482301077,3,"ITV News online",0
124014530,0.942268376070261,3,"ITV News online",0
124128946,0.755605247248534,2,"ITV News online",0
124234864,1.02555497665766,NA,"ITV News online",0
124519236,1.1539860845772,2,"ITV News online",0
124554334,1.11601542794078,4,"ITV News online",0
124962302,1.04081740064865,2,"ITV News online",0
125145836,1.34812249136809,5,"ITV News online",0
125237882,0.736704114845716,NA,"ITV News online",0
125450522,1.27688534389301,6,"ITV News online",0
125595742,0.836210782345226,NA,"ITV News online",0
125930144,0.9089903978755,3,"ITV News online",0
126094720,0.953571918607351,4,"ITV News online",0
126305170,1.10636867735698,2,"ITV News online",0
126407392,0.802326909710037,2,"ITV News online",0
126569968,0.834883619569165,5,"ITV News online",0
126782660,0.976826118736406,5,"ITV News online",0
126837286,0.762987065229127,3,"ITV News online",0
127069188,1.14051234166405,3,"ITV News online",0
127199052,0.986904801539385,4,"ITV News online",0
127266336,1.20575973734044,5,"ITV News online",1
127532646,1.10946156701591,2,"ITV News online",0
128224236,0.78174125064334,NA,"ITV News online",0
128808020,1.15061164828363,3,"ITV News online",0
128932032,1.09149051834509,3,"ITV News online",0
128936438,0.872316496291049,3,"ITV News online",0
129009156,0.63259679316401,3,"ITV News online",0
129049190,1.03399176987092,3,"ITV News online",0
129221992,0.774551916533486,2,"ITV News online",0
129269348,1.13927855962421,6,"ITV News online",0
129351460,1.00522952111069,NA,"ITV News online",0
129398396,1.02450597084423,6,"ITV News online",0
129440134,0.669294118593821,3,"ITV News online",0
129920176,1.19378406791155,3,"ITV News online",0
130385402,1.14200536812351,NA,"ITV News online",0
130632162,1.11026399086635,4,"ITV News online",0
130752342,0.937734357591348,6,"ITV News online",0
130834756,0.666345568281436,4,"ITV News online",0
130952574,1.00936762401267,2,"ITV News online",0
131135914,0.911694273112051,5,"ITV News online",0
131628436,0.857985107542588,NA,"ITV News online",0
131861468,1.21197760964146,5,"ITV News online",0
131878190,1.03441445765973,5,"ITV News online",0
132022250,0.821260532291584,2,"ITV News online",0
132647858,0.797460058059336,2,"ITV News online",0
132727078,0.90818188399219,NA,"ITV News online",0
132853530,1.048423752777,3,"ITV News online",0
132918966,1.10038211214613,3,"ITV News online",0
133208252,1.14858804149964,4,"ITV News online",0
133223394,0.963921417359587,5,"ITV News online",0
133261328,0.824278599134494,3,"ITV News online",0
133777786,1.05135925023318,6,"ITV News online",0
134457430,0.90877666529352,NA,"ITV News online",0
134485322,1.25820502864148,4,"ITV News online",0
134499110,1.14698194567146,NA,"ITV News online",0
134628952,0.857985107542588,7,"ITV News online",0
134820540,1.27495482301077,NA,"ITV News online",0
134962620,0.993065273061458,3,"ITV News online",0
135359144,1.06375624165869,2,"ITV News online",1
135780698,0.872905228243007,NA,"ITV News online",0
135918352,0.817999730300118,3,"ITV News online",0
135967930,0.838923841810851,4,"ITV News online",0
135991860,0.682784414016442,1,"ITV News online",0
135997432,0.649326111125681,NA,"ITV News online",0
136059468,1.03381359308093,6,"ITV News online",0
136069262,0.862207368153404,2,"ITV News online",0
136211656,1.02691170127348,7,"ITV News online",0
136508396,1.11416747220947,4,"ITV News online",1
136623102,0.893509861951593,NA,"ITV News online",0
136645518,1.18588314935095,3,"ITV News online",0
136707034,0.782975765947996,4,"ITV News online",0
136753822,0.979191643263769,5,"ITV News online",0
136774392,0.906622172766907,NA,"ITV News online",0
136813356,1.06682943672262,2,"ITV News online",0
136955008,0.868151573392356,6,"ITV News online",0
137191062,0.764849955428823,5,"ITV News online",0
137759328,0.585632060317169,3,"ITV News online",0
138155466,0.972491709401142,4,"ITV News online",0
138601448,0.730925980995869,4,"ITV News online",0
138753556,0.750370362123011,3,"ITV News online",1
138805406,1.02007026408722,1,"ITV News online",0
138845202,1.14839652704821,6,"ITV News online",0
138849454,1.24694956932451,3,"ITV News online",0
138903188,0.700072511888228,4,"ITV News online",0
138917090,1.05382226674857,6,"ITV News online",0
139296200,1.11822631921253,3,"ITV News online",1
139380094,0.976826118736406,7,"ITV News online",0
139605998,0.865678203615754,4,"ITV News online",1
139629770,0.880807562031832,NA,"ITV News online",0
139630208,0.84277378624664,4,"ITV News online",0
139639092,0.706342798846843,5,"ITV News online",0
139831316,1.2296964925649,1,"ITV News online",0
139836402,0.740898889503389,2,"ITV News online",1
139837418,1.38978449370087,1,"ITV News online",0
140256904,1.20144716521654,3,"ITV News online",0
140421204,0.858195384763216,2,"ITV News online",0
140441586,1.17927293524207,3,"ITV News online",0
140794116,0.89411227307964,6,"ITV News online",0
141174764,1.10082253700897,5,"ITV News online",0
141340314,0.975508695406969,NA,"ITV News online",0
141833292,0.839345541875355,1,"ITV News online",0
142654884,0.890188799685929,NA,"ITV News online",0
142860412,1.11046185650768,NA,"ITV News online",0
142965710,0.787504052056882,7,"ITV News online",0
143053904,0.832108157433433,5,"ITV News online",0
143105480,0.928266803560279,2,"ITV News online",0
143268564,0.987495750750544,6,"ITV News online",0
143575254,0.953571918607351,6,"ITV News online",0
143693906,0.958163860997174,1,"ITV News online",0
144071164,0.990525052752926,4,"ITV News online",0
144169886,1.00955626182045,5,"ITV News online",0
144389668,0.788292694930814,5,"ITV News online",0
144426328,1.34809027730167,NA,"ITV News online",0
144653178,1.18551482304835,3,"ITV News online",0
144933844,0.876944037660098,5,"ITV News online",0
145091482,1.04453369554476,2,"ITV News online",0
145441734,0.837250160434279,6,"ITV News online",0
145602326,0.93157629109852,NA,"ITV News online",0
146057210,0.982443570758637,NA,"ITV News online",0
146213238,1.19980970131249,2,"ITV News online",0
146572054,1.17672062322091,3,"ITV News online",0
146685438,1.03924311384776,6,"ITV News online",0
146832782,1.02393473104551,6,"ITV News online",0
147155948,1.00583146913373,2,"ITV News online",0
147215636,1.02285253268996,NA,"ITV News online",0
147336178,1.16345960628326,5,"ITV News online",0
147524408,0.707912712655374,NA,"ITV News online",0
147859358,1.24842339100706,2,"ITV News online",0
147917420,1.41235305766719,4,"ITV News online",0
148125494,1.17345043405465,4,"ITV News online",0
148196884,1.03436469303264,NA,"ITV News online",0
148679746,1.1771220972616,4,"ITV News online",0
148728408,0.776958802273641,6,"ITV News online",0
148847940,0.793864477886055,4,"ITV News online",0
148882674,1.7217590388959,3,"ITV News online",0
149330148,0.86422055491541,NA,"ITV News online",0
149538874,1.17941117931108,4,"ITV News online",0
150273734,0.876079498305806,6,"ITV News online",0
150821408,0.987574614794489,NA,"ITV News online",0
151003736,0.767234183953987,4,"ITV News online",0
151429708,0.761624812464705,NA,"ITV News online",0
151503954,0.887013255982913,4,"ITV News online",0
151969556,1.25569569690048,3,"ITV News online",0
152845444,1.36428276147706,4,"ITV News online",0
153329282,0.712738015769537,3,"ITV News online",0
153981590,1.16480246223439,3,"ITV News online",0
154234736,0.968247335987236,4,"ITV News online",0
154648688,1.07274758838559,2,"ITV News online",0
154931132,1.08546716548142,NA,"ITV News online",0
155917640,0.952514054234276,2,"ITV News online",0
156245104,1.00484788705532,NA,"ITV News online",0
156343450,0.862207368153404,2,"ITV News online",0
156427766,0.933781680109807,NA,"ITV News online",0
156476418,0.801115360487898,3,"ITV News online",0
157265084,0.895154007402913,3,"ITV News online",0
157267588,1.67485030842223,NA,"ITV News online",0
157567934,0.662776397379452,6,"ITV News online",0
157626548,0.710076105774247,3,"ITV News online",0
157963488,1.22517298807507,3,"ITV News online",0
157978710,1.31534782878096,2,"ITV News online",1
158741306,1.01179623175891,NA,"ITV News online",0
158766086,1.11416747220947,4,"ITV News online",0
159096322,0.765437599816157,2,"ITV News online",0
159273260,0.892494544422774,5,"ITV News online",0
159311290,0.787712136084211,4,"ITV News online",0
159750334,1.18262480891063,NA,"ITV News online",0
160464668,0.895919419067703,4,"ITV News online",0
160718066,0.951296560837276,6,"ITV News online",0
160959772,1.10082253700897,6,"ITV News online",0
160986624,1.19920202677496,6,"ITV News online",0
161020706,0.810238724016875,1,"ITV News online",0
161099098,0.965567776144418,3,"ITV News online",0
161126840,1.15071974497183,3,"ITV News online",1
161207174,0.741043396526439,NA,"ITV News online",0
161477226,1.41758669966524,2,"ITV News online",0
161602500,1.01019313817515,6,"ITV News online",0
161825610,0.968859663882066,NA,"ITV News online",0
162152606,0.899073780798858,3,"ITV News online",1
162598204,1.00811828144339,5,"ITV News online",0
163453516,1.18539204557697,2,"ITV News online",0
163649532,0.898337165262982,3,"ITV News online",0
163848140,0.957146637712426,5,"ITV News online",0
164232918,0.726716343700419,NA,"ITV News online",0
164595042,1.13927611472968,4,"ITV News online",0
164603718,0.765512110495706,4,"ITV News online",0
165084220,0.897262769748551,4,"ITV News online",0
165168926,0.917885286825368,5,"ITV News online",1
165676662,0.938773806911833,5,"ITV News online",0
165745348,0.823005185848736,1,"ITV News online",0
166386150,0.995757096544904,4,"ITV News online",0
166713732,1.12345227352438,NA,"ITV News online",0
167462008,0.919563294984622,2,"ITV News online",0
167585868,0.9205756783726,NA,"ITV News online",0
167900308,0.932841445825631,4,"ITV News online",0
168268728,0.745913668457673,NA,"ITV News online",0
168654550,0.855169262354182,2,"ITV News online",0
170452704,0.998905754056296,2,"ITV News online",0
170486440,0.616491086355416,4,"ITV News online",0
170782372,1.32946956313657,6,"ITV News online",0
170784236,0.964503378728743,4,"ITV News online",0
171322684,1.17795013876667,NA,"ITV News online",0
171425086,0.708891150586484,3,"ITV News online",0
171455024,0.815368449823886,4,"ITV News online",0
171617676,0.89411227307964,4,"ITV News online",0
171640530,1.31433356138562,NA,"ITV News online",0
172053340,0.858707242933069,1,"ITV News online",0
172176296,0.758716631938431,2,"ITV News online",0
172243320,1.10519684233104,4,"ITV News online",0
172274214,1.33889147039214,5,"ITV News online",0
172274596,0.814600789831152,NA,"ITV News online",0
172761052,1.36575839065968,4,"ITV News online",0
172811610,1.04181433716981,3,"ITV News online",0
172851788,1.04869177396415,3,"ITV News online",0
173005182,1.25806440010956,4,"ITV News online",0
173126522,1.01940968496757,5,"ITV News online",0
173453780,0.863240279530685,4,"ITV News online",0
173980606,0.679643792079465,NA,"ITV News online",0
174186374,0.925208410912284,2,"ITV News online",0
174479090,0.924164122376536,NA,"ITV News online",0
174710530,0.925025294836487,NA,"ITV News online",0
174948898,0.876810347267765,4,"ITV News online",1
175121616,1.12410318225958,NA,"ITV News online",0
175217640,1.09295094620214,6,"ITV News online",0
175218554,0.841918816446721,NA,"ITV News online",0
175419284,0.741043566549617,4,"ITV News online",0
175611890,0.899030336135636,2,"ITV News online",0
175817480,1.17701045266944,4,"ITV News online",0
175915046,0.999602344564421,3,"ITV News online",0
176593474,1.11183460625749,4,"ITV News online",0
176819692,1.03212708763763,4,"ITV News online",0
176828934,1.27039863364042,NA,"ITV News online",0
176829758,0.967957797037201,2,"ITV News online",0
176835942,0.971925151485582,2,"ITV News online",0
176900100,0.989532289710028,2,"ITV News online",0
176900524,0.592968737937602,4,"ITV News online",0
176932712,0.877317937591494,5,"ITV News online",0
177098568,1.1162071194112,3,"ITV News online",0
177100894,1.17913068734863,7,"ITV News online",0
177123170,0.989532289710028,1,"ITV News online",0
177970974,1.03441445765973,5,"ITV News online",0
178467672,0.908226066873662,3,"ITV News online",0
178767174,0.818823208785384,2,"ITV News online",0
178770724,1.09996425764235,6,"ITV News online",0
178941796,1.01376970943464,4,"ITV News online",0
179119228,1.47082641994289,5,"ITV News online",0
179210476,1.20080418681121,4,"ITV News online",0
179402922,1.034793216811,2,"ITV News online",0
179531604,1.11161838640186,5,"ITV News online",0
180208204,1.08364178645029,4,"ITV News online",0
180728182,1.09605157545835,1,"ITV News online",0
181295198,0.697151148083204,4,"ITV News online",1
181430192,0.8446799787625,NA,"ITV News online",0
181560592,1.36428276147706,NA,"ITV News online",0
181576714,0.815368449823886,4,"ITV News online",0
181892164,0.789474934182,NA,"ITV News online",0
181949968,0.976826118736406,3,"ITV News online",0
182149862,1.10797213571897,6,"ITV News online",0
182190736,1.03468070498057,5,"ITV News online",0
182707632,1.21192966588612,NA,"ITV News online",0
183511162,0.976132435084288,4,"ITV News online",0
183942580,1.42081610668656,NA,"ITV News online",0
183945454,1.39508526149678,NA,"ITV News online",0
184165860,0.730423074421176,4,"ITV News online",0
184420202,0.850838952009086,2,"ITV News online",0
184475478,1.00522952111069,2,"ITV News online",0
184596766,1.49926428556886,4,"ITV News online",0
184737056,0.861340258855701,3,"ITV News online",0
184747726,1.02341348413936,2,"ITV News online",0
184775772,0.873115251898802,2,"ITV News online",0
184795088,1.20172439269095,6,"ITV News online",0
184927716,1.1906844891791,NA,"ITV News online",0
184988752,1.32755005925458,3,"ITV News online",0
185004518,0.914772568516223,6,"ITV News online",0
185010090,0.907934336325401,NA,"ITV News online",1
185093382,1.06216556273502,2,"ITV News online",0
185811376,0.682784414016442,4,"ITV News online",0
185849988,0.800831580832579,4,"ITV News online",0
186282784,0.912855054731037,NA,"ITV News online",0
186315340,0.766899671782288,6,"ITV News online",1
186318452,0.818299988261537,NA,"ITV News online",0
186849104,0.970690828252488,2,"ITV News online",0
186928756,1.19920202677496,5,"ITV News online",0
186948290,1.05613565137138,1,"ITV News online",0
186959676,1.01279537827209,NA,"ITV News online",0
188348876,0.965120972717638,4,"ITV News online",1
188424098,0.970799170414574,NA,"ITV News online",0
188840398,1.30233340834391,2,"ITV News online",0
189046702,0.975072513249008,NA,"ITV News online",0
189082642,1.18604835696065,1,"ITV News online",0
189086496,0.727222512558282,2,"ITV News online",1
189759828,0.917957054662802,2,"ITV News online",0
190575084,0.806861972777432,6,"ITV News online",0
190640408,0.847795777918023,3,"ITV News online",0
190714830,0.793071016324905,3,"ITV News online",0
190810426,1.12231538296698,5,"ITV News online",0
191216772,1.18588314935095,6,"ITV News online",0
191354140,1.32993731812631,3,"ITV News online",0
192093356,1.04364131810788,3,"ITV News online",0
192301082,1.03601628205551,2,"ITV News online",0
192302842,1.03628267738863,6,"ITV News online",0
192738790,1.31348228308953,NA,"ITV News online",0
192788082,1.0293082503822,NA,"ITV News online",0
192986326,0.850421468757355,NA,"ITV News online",0
193438418,0.559827695646724,3,"ITV News online",0
193471716,0.950521824371447,NA,"ITV News online",0
193473126,1.20518652843978,NA,"ITV News online",0
193544302,1.00884941991614,5,"ITV News online",0
193713002,1.17927293524207,1,"ITV News online",0
193943266,0.946971847396664,7,"ITV News online",0
193980716,1.12267941428684,NA,"ITV News online",0
194031350,0.808870595768758,5,"ITV News online",0
194041122,0.80098539826002,NA,"ITV News online",0
194178378,1.24840507385683,5,"ITV News online",0
194269272,0.81528337892241,2,"ITV News online",0
194345136,1.04557924262214,2,"ITV News online",0
195119722,1.44588252554272,4,"ITV News online",0
195211766,0.832482646043333,5,"ITV News online",0
195224124,0.768723332928738,NA,"ITV News online",0
195635554,1.04160818585092,1,"ITV News online",0
195714394,0.959811828111899,7,"ITV News online",0
195884584,1.04100206478313,3,"ITV News online",0
195924278,0.828473444331886,4,"ITV News online",0
195990542,1.04821129985381,3,"ITV News online",0
196132646,1.4788157828502,NA,"ITV News online",0
196368520,0.958454730686934,5,"ITV News online",0
196405804,0.886933958615908,4,"ITV News online",0
196526530,1.12734874109699,4,"ITV News online",0
196593526,1.13094910625205,NA,"ITV News online",0
196652590,0.742346153465333,NA,"ITV News online",0
196690722,0.985319154725954,5,"ITV News online",0
196694780,0.832226201120028,NA,"ITV News online",0
196792532,0.947042510160343,5,"ITV News online",0
196866924,1.21481217132518,5,"ITV News online",0
197041378,0.84594142827104,5,"ITV News online",0
197067946,1.02013704443961,2,"ITV News online",0
197490022,1.18981056905692,3,"ITV News online",0
197955374,0.89411227307964,5,"ITV News online",0
198335448,0.969858785669946,5,"ITV News online",0
198698140,0.789474934182,1,"ITV News online",0
198723850,1.20281220600616,4,"ITV News online",1
198824926,1.18976658300159,3,"ITV News online",0
199085488,1.15867496499055,3,"ITV News online",0
199183542,0.779758150051187,4,"ITV News online",0
199376640,1.10038211214613,NA,"ITV News online",0
199441442,0.80009662148118,NA,"ITV News online",0
199639714,1.22524279285158,2,"ITV News online",0
199724696,0.82225453973519,2,"ITV News online",0
199845104,1.15468781286833,5,"ITV News online",0
199905472,0.717236295518609,3,"ITV News online",0
200129336,0.963288512137392,5,"ITV News online",0
200175842,0.985720727774559,3,"ITV News online",0
200396460,0.89385541742505,5,"ITV News online",0
200426910,0.90877666529352,NA,"ITV News online",0
200696386,0.6988393995626,NA,"ITV News online",0
200893384,0.890013610463492,4,"ITV News online",0
200943018,1.21452379482099,3,"ITV News online",0
201031662,1.21426695834112,NA,"ITV News online",0
201133542,0.762200612482054,1,"ITV News online",0
201265918,0.953571918607351,4,"ITV News online",0
201367576,0.90245690193347,4,"ITV News online",0
201625112,1.18883583673466,5,"ITV News online",0
201709818,0.943964361016793,2,"ITV News online",0
201851786,1.15799984063728,2,"ITV News online",0
202076204,1.29934630807033,2,"ITV News online",0
202316304,0.698489546239543,2,"ITV News online",0
202403114,0.944236419376229,NA,"ITV News online",0
202537426,0.931813698325488,NA,"ITV News online",0
202680518,0.778813893510985,2,"ITV News online",0
202754734,0.968304046989479,3,"ITV News online",0
202764490,0.712410069598968,2,"ITV News online",0
202844662,0.742346153465333,NA,"ITV News online",0
202981238,0.848005193832514,2,"ITV News online",0
203212024,0.97469913494187,6,"ITV News online",0
203251140,0.823793349980589,4,"ITV News online",0
204090186,1.4425888890715,NA,"ITV News online",0
204102930,0.984700808826954,5,"ITV News online",0
204552288,0.863240279530685,NA,"ITV News online",0
204895206,1.00109334272386,2,"ITV News online",0
204996536,0.775060418258596,NA,"ITV News online",0
205484624,1.18588314935095,7,"ITV News online",0
205722142,0.784162620215093,3,"ITV News online",0
205793190,1.57811157523217,2,"ITV News online",0
206173236,0.857985107542588,NA,"ITV News online",0
206314330,0.95843569630638,1,"ITV News online",0
206318408,0.895102269380755,2,"ITV News online",0
206601182,0.879085018295835,NA,"ITV News online",0
207164462,0.912855054731037,NA,"ITV News online",0
207436264,0.7404200870223,1,"ITV News online",0
207599710,0.925208410912284,2,"ITV News online",0
207695406,1.09743024031428,4,"ITV News online",0
207786978,0.912183457423489,5,"ITV News online",0
208047094,1.10418313814952,3,"ITV News online",0
209165658,0.890565983102308,5,"ITV News online",0
209413126,1.52432453602188,7,"ITV News online",0
209866626,1.24761458191374,2,"ITV News online",0
209992246,0.729783196899742,2,"ITV News online",0
210427990,0.847795777918023,1,"ITV News online",0
210634698,1.05613565137138,1,"ITV News online",0
210705620,0.984872909070726,NA,"ITV News online",0
210973274,1.30206010169634,NA,"ITV News online",0
211557848,1.11026399086635,1,"ITV News online",0
211614162,0.868826907256223,4,"ITV News online",0
212594212,0.951089511121735,6,"ITV News online",0
212766598,0.839345541875355,1,"ITV News online",0
212814838,0.860016278737157,NA,"ITV News online",0
212911900,1.45585119904404,5,"ITV News online",0
213303222,0.918760708695607,NA,"ITV News online",0
213334672,0.912751045639224,4,"ITV News online",0
213683888,0.912407017716603,5,"ITV News online",0
213748474,0.903663392866233,7,"ITV News online",1
213828766,0.989809342081748,2,"ITV News online",0
214504362,0.895102269380755,1,"ITV News online",0
214542556,1.01514524843832,2,"ITV News online",0
214647688,1.09581237183483,2,"ITV News online",0
214705116,0.750261731491196,5,"ITV News online",0
214705540,0.943045294737587,6,"ITV News online",0
214782434,1.15663276814745,3,"ITV News online",1
214919442,1.47301391678228,6,"ITV News online",0
215182932,0.987360667155474,3,"ITV News online",0
215337708,0.908226066873662,NA,"ITV News online",0
215350336,1.2934980155536,3,"ITV News online",0
215847292,0.7974230904666,2,"ITV News online",0
216188834,0.776095978591184,2,"ITV News online",0
216272100,0.809073472065475,1,"ITV News online",0
216313362,0.830966332152616,3,"ITV News online",0
216418204,0.6867008585599,1,"ITV News online",0
216461404,1.11051619593532,4,"ITV News online",0
216637570,0.835560094170178,NA,"ITV News online",0
216723118,0.844139524106999,NA,"ITV News online",0
216725792,0.790229143481072,4,"ITV News online",0
216828318,0.919494704733774,4,"ITV News online",0
216895288,0.860016278737157,NA,"ITV News online",0
216908350,1.00163722436716,3,"ITV News online",0
216961206,1.18849329668165,5,"ITV News online",0
217018758,1.07256211393686,4,"ITV News online",0
217404998,1.4232523760552,4,"ITV News online",0
217434406,0.756132193432155,3,"ITV News online",0
217449106,0.737218226769749,2,"ITV News online",0
217460402,0.829410668184509,3,"ITV News online",0
217463830,1.32307302708996,5,"ITV News online",0
217528310,0.866212163931396,NA,"ITV News online",0
217553724,0.741189723475154,2,"ITV News online",0
217579366,0.899073780798858,4,"ITV News online",0
217681482,0.694959492473598,2,"ITV News online",0
217702220,1.00004306574514,3,"ITV News online",1
217929982,1.00522952111069,1,"ITV News online",0
218114698,0.70660062760802,NA,"ITV News online",0
218454384,0.983643282395186,3,"ITV News online",0
218620750,0.619355507032209,1,"ITV News online",0
218643398,0.771430872348229,5,"ITV News online",0
218656194,0.688828404463518,5,"ITV News online",0
218746690,1.16638330687677,5,"ITV News online",1
218934422,0.735912610954502,4,"ITV News online",0
218952050,0.882380503354242,1,"ITV News online",0
218963904,0.912183457423489,5,"ITV News online",0
219022438,0.882017873813367,5,"ITV News online",0
219038858,0.95586767490274,3,"ITV News online",0
219040804,0.985382473325205,4,"ITV News online",0
219112332,1.10082253700897,5,"ITV News online",0
219245036,0.891759271498008,2,"ITV News online",0
219346770,1.08983106013814,2,"ITV News online",0
219367528,1.30857673358798,NA,"ITV News online",0
219419076,1.02620147799138,6,"ITV News online",0
219867038,1.09964411176069,NA,"ITV News online",0
219883088,1.07026806359058,NA,"ITV News online",0
219891768,0.959524517418811,4,"ITV News online",0
219899294,0.839345541875355,NA,"ITV News online",0
219914870,1.27763193734344,4,"ITV News online",0
219936024,0.74673845948225,1,"ITV News online",1
220022946,0.888668334820385,NA,"ITV News online",0
220398446,0.959524517418811,2,"ITV News online",0
220611686,1.01785613990395,NA,"ITV News online",0
221034898,1.08919604901607,3,"ITV News online",0
221072708,1.44942208630729,4,"ITV News online",0
221163810,0.834442913150283,NA,"ITV News online",0
221239026,0.983653212257379,3,"ITV News online",0
221265120,0.917042901995385,NA,"ITV News online",0
221438034,1.0524006915959,2,"ITV News online",0
222078018,0.823793349980589,NA,"ITV News online",0
222674832,1.12381580180177,4,"ITV News online",0
222774356,1.14130896824919,2,"ITV News online",0
222783664,1.15799984063728,2,"ITV News online",0
222992888,0.979913830755939,6,"ITV News online",0
222997602,1.52432786858755,3,"ITV News online",0
223176024,0.900303511838918,NA,"ITV News online",0
223312110,1.01989585535132,2,"ITV News online",0
223582478,1.31605076340834,4,"ITV News online",0
223686784,0.864659880109122,5,"ITV News online",0
223778558,1.0825660039839,3,"ITV News online",0
223999722,0.874370005145519,5,"ITV News online",0
224004480,0.932744025468468,NA,"ITV News online",0
224143550,0.908203905617775,2,"ITV News online",1
224704992,0.81316501955558,5,"ITV News online",0
224758586,1.04154625420011,4,"ITV News online",0
224887896,1.20518652843978,3,"ITV News online",0
225386206,0.818563175004828,NA,"ITV News online",0
225867244,1.10956744760794,4,"ITV News online",0
226237464,0.748008777113973,NA,"ITV News online",0
226414622,1.20661248221301,3,"ITV News online",0
226528450,1.09996425764235,NA,"ITV News online",1
226709756,0.864648370610447,3,"ITV News online",0
226826130,1.08225092188429,4,"ITV News online",0
226855626,1.15071974497183,NA,"ITV News online",0
226882688,1.11090807244372,6,"ITV News online",1
227055894,0.858518971901073,5,"ITV News online",0
227287102,0.954906372808957,2,"ITV News online",0
227602660,0.950592752033376,6,"ITV News online",0
227944558,0.90877666529352,4,"ITV News online",0
227964436,1.14587098527074,2,"ITV News online",0
228016344,0.809224797923887,4,"ITV News online",0
228028350,0.755649031892398,3,"ITV News online",0
228033558,0.902234756709367,5,"ITV News online",0
228067372,1.18539204557697,2,"ITV News online",0
228282186,1.00522952111069,3,"ITV News online",0
228389346,1.19084117181984,5,"ITV News online",0
229108716,0.773514149606264,NA,"ITV News online",0
229201752,0.970690828252488,5,"ITV News online",0
229285242,1.13489395532347,5,"ITV News online",0
229327278,0.838923395031558,4,"ITV News online",0
229338436,1.31023536383949,NA,"ITV News online",0
229490082,0.825629512531082,NA,"ITV News online",0
229997250,0.937281405220983,6,"ITV News online",0
230016728,1.10038211214613,1,"ITV News online",0
230479568,0.710710158186194,3,"ITV News online",0
230516334,1.30744938561453,NA,"ITV News online",0
230656214,0.952514054234276,2,"ITV News online",0
230940244,0.777455531331569,5,"ITV News online",0
230963370,0.730423074421176,5,"ITV News online",0
231092038,1.25917004392884,NA,"ITV News online",0
231133080,0.863240279530685,NA,"ITV News online",0
231137692,1.11051619593532,2,"ITV News online",0
231255642,1.0157502681202,NA,"ITV News online",0
231417390,1.04821129985381,3,"ITV News online",0
231449930,0.893882382987373,3,"ITV News online",0
231502246,1.09687379397963,6,"ITV News online",0
231657460,1.00711738265362,5,"ITV News online",0
231680166,0.864648370610447,NA,"ITV News online",0
231824598,0.882380503354242,5,"ITV News online",0
231930060,1.15733318602746,6,"ITV News online",0
232199162,0.810238724016875,2,"ITV News online",0
232325042,0.88094433995283,3,"ITV News online",0
232456138,0.996756983269718,5,"ITV News online",0
232507610,0.966780512115836,6,"ITV News online",0
232565984,0.849860689645018,4,"ITV News online",0
232909178,1.85652836451132,3,"ITV News online",0
232912942,0.912183457423489,2,"ITV News online",0
233227326,0.973494560447607,6,"ITV News online",0
233229830,1.04545076860647,5,"ITV News online",0
233551168,0.907934336325401,NA,"ITV News online",0
234100332,1.37936339097195,4,"ITV News online",0
234264702,0.967262509779359,4,"ITV News online",0
234268414,1.139891498601,3,"ITV News online",0
234465532,0.941475061743225,7,"ITV News online",1
234502100,1.15663276814745,3,"ITV News online",0
234694572,0.981435454214154,NA,"ITV News online",0
234747608,0.716311934393466,NA,"ITV News online",1
234862160,0.916234397601368,2,"ITV News online",0
234910798,0.659365413068409,3,"ITV News online",0
234950940,1.1215982337261,NA,"ITV News online",0
234954360,0.815368449823886,6,"ITV News online",1
235025102,0.693175934117593,4,"ITV News online",0
235027802,1.21362380586101,3,"ITV News online",0
235102532,0.861340258855701,3,"ITV News online",0
235177924,1.00421857653253,4,"ITV News online",1
235178750,1.09149051834509,2,"ITV News online",0
235209238,1.54317816939359,NA,"ITV News online",0
235234060,1.31348228308953,NA,"ITV News online",0
235237936,0.791474064625286,3,"ITV News online",0
235244244,1.1904945761062,4,"ITV News online",0
235469740,0.748564002239245,4,"ITV News online",0
235517380,0.901411846932764,NA,"ITV News online",0
235565420,0.776014895656018,4,"ITV News online",0
235620462,1.43560410948649,3,"ITV News online",0
235628006,0.773399412103734,4,"ITV News online",0
235742916,0.913637010769501,1,"ITV News online",0
235783414,0.72111127939402,2,"ITV News online",0
235893704,1.46484040074194,5,"ITV News online",0
235955062,0.886822303562665,4,"ITV News online",0
236100192,1.25806440010956,5,"ITV News online",0
236114346,0.872905228243007,4,"ITV News online",0
236139646,1.156249547604,NA,"ITV News online",0
236168312,1.08546716548142,5,"ITV News online",0
236176102,1.08546716548142,7,"ITV News online",0
236332178,0.809073472065475,NA,"ITV News online",0
236358398,0.803926781539201,4,"ITV News online",0
236397790,0.802387953519758,4,"ITV News online",0
236408360,1.42346835608274,5,"ITV News online",0
236417094,0.931747268644087,5,"ITV News online",0
236424730,0.849112665727184,7,"ITV News online",0
236782462,0.722093620081988,NA,"ITV News online",0
236899074,0.902075513615672,5,"ITV News online",0
236903984,0.874509220133132,4,"ITV News online",0
236975626,1.38343570454086,5,"ITV News online",0
236984614,1.50841158285983,NA,"ITV News online",0
237155958,1.24425302684611,6,"ITV News online",0
237191118,0.886933958615908,1,"ITV News online",0
237284658,0.883636508279602,1,"ITV News online",0
237293988,1.26537557701981,NA,"ITV News online",0
237415254,0.854940286954503,5,"ITV News online",0
237533682,0.726716343700419,4,"ITV News online",0
237804168,0.829952927673403,NA,"ITV News online",0
237806992,1.0114882148568,3,"ITV News online",0
237861170,0.809224797923887,4,"ITV News online",0
237972620,0.986126522965511,NA,"ITV News online",0
237981932,0.992069247869398,1,"ITV News online",0
238043820,0.841918816446721,4,"ITV News online",0
238150478,1.03853157643102,4,"ITV News online",0
238207106,0.957109686868463,3,"ITV News online",0
238378106,1.14434386745079,2,"ITV News online",0
238537170,0.955189414368835,4,"ITV News online",0
238695936,0.949177425027681,7,"ITV News online",1
238837960,1.06872920288467,1,"ITV News online",0
238969016,0.918543414767566,2,"ITV News online",0
239021156,0.900631603709599,3,"ITV News online",1
239283474,0.860951706028191,4,"ITV News online",0
239295582,0.874612171631431,NA,"ITV News online",0
239328428,1.07274758838559,2,"ITV News online",0
239716750,0.788316125564276,5,"ITV News online",0
239717746,1.04639855996209,2,"ITV News online",0
239824926,0.992069247869398,6,"ITV News online",0
240252406,1.04825989369176,4,"ITV News online",0
240384426,0.882380503354242,6,"ITV News online",0
240428194,1.58697342450866,4,"ITV News online",1
240480492,0.722093620081988,2,"ITV News online",0
240592222,0.828602095447296,3,"ITV News online",0
241004572,1.31348228308953,2,"ITV News online",0
241259180,1.17416735801091,NA,"ITV News online",0
241260470,0.790256026834739,2,"ITV News online",0
241677794,0.682042595020447,2,"ITV News online",0
241770534,1.00067745746996,NA,"ITV News online",0
241910882,1.31348228308953,3,"ITV News online",0
241961008,0.706764486668654,NA,"ITV News online",0
241997550,1.18197456823178,6,"ITV News online",0
242019596,1.40736293547749,2,"ITV News online",0
242079690,1.34140664769378,4,"ITV News online",0
242113384,1.12734874109699,3,"ITV News online",0
242126000,1.07026806359058,3,"ITV News online",0
242131272,0.849860689645018,NA,"ITV News online",0
242184698,0.839466032239436,4,"ITV News online",0
242191316,1.11759417950103,NA,"ITV News online",0
242201262,1.07080007470534,2,"ITV News online",0
242614170,1.23719503916481,2,"ITV News online",0
242728716,1.17805730289448,3,"ITV News online",0
242734358,0.858195384763216,NA,"ITV News online",0
242982242,1.12231538296698,NA,"ITV News online",0
243033632,1.13006190461584,2,"ITV News online",0
243174734,1.42081610668656,NA,"ITV News online",0
243267978,0.952161368446369,4,"ITV News online",0
243270752,1.08189143205945,NA,"ITV News online",0
243275230,1.02210344133425,2,"ITV News online",0
243277344,1.12852173237047,3,"ITV News online",0
243282568,1.04821129985381,3,"ITV News online",0
243302040,1.18344743924511,6,"ITV News online",0
243360098,1.09149051834509,1,"ITV News online",0
243389836,1.08542077453939,NA,"ITV News online",0
243416922,1.27039863364042,6,"ITV News online",0
243513246,0.865819742700279,NA,"ITV News online",0
243570914,1.47853590299812,NA,"ITV News online",0
243621412,0.951296560837276,4,"ITV News online",0
243768256,1.10933996797269,4,"ITV News online",0
243770838,1.37004414647068,NA,"ITV News online",0
243811922,0.85145803757202,NA,"ITV News online",0
243856312,1.12852173237047,2,"ITV News online",0
243956104,1.00522952111069,3,"ITV News online",0
243962186,1.01471712560845,4,"ITV News online",0
244017652,1.50424951966136,NA,"ITV News online",0
244066224,1.30394983776155,2,"ITV News online",0
244225582,1.00717734988056,2,"ITV News online",0
244231600,1.09399861784537,4,"ITV News online",0
244239608,1.02450597084423,5,"ITV News online",0
244272520,0.666104197458307,3,"ITV News online",0
244363094,0.728004669895852,NA,"ITV News online",0
244459822,1.65135207820116,4,"ITV News online",0
244460394,0.731676761639663,5,"ITV News online",0
244471710,1.16537677294192,NA,"ITV News online",0
244472510,1.07552028946906,4,"ITV News online",0
244511076,1.14263281467796,3,"ITV News online",0
244520624,1.03853157643102,6,"ITV News online",0
244609110,0.907525909674223,1,"ITV News online",0
244670794,1.03436469303264,NA,"ITV News online",0
244675238,1.34791680346685,6,"ITV News online",0
244819998,0.982635894449724,5,"ITV News online",0
244835122,1.12711893978127,NA,"ITV News online",0
244934952,1.03399176987092,5,"ITV News online",0
244936998,0.835834619933641,NA,"ITV News online",0
244967280,0.617940442239118,5,"ITV News online",0
244975708,0.869645131123742,NA,"ITV News online",0
244991036,0.748709925131492,1,"ITV News online",0
245033894,0.965601687695346,NA,"ITV News online",0
245035084,0.82403318580157,2,"ITV News online",1
245041128,1.02785139550654,5,"ITV News online",1
245098012,0.811949940596628,NA,"ITV News online",0
245109482,1.17687254795235,5,"ITV News online",0
245112736,0.937792852445881,1,"ITV News online",0
245150468,0.962606283970557,2,"ITV News online",0
245172088,0.949997178024947,6,"ITV News online",0
245189310,0.760500356697638,1,"ITV News online",0
245226426,1.11161838640186,NA,"ITV News online",0
245495782,1.03935668286125,2,"ITV News online",0
245506204,1.46674226043578,4,"ITV News online",0
245527012,0.88152661190806,4,"ITV News online",0
245541078,0.906926594120061,2,"ITV News online",0
245581332,0.940979139985692,NA,"ITV News online",0
245664702,1.18512538089011,NA,"ITV News online",0
245696286,1.09141372224,6,"ITV News online",0
245725342,0.874228151225759,NA,"ITV News online",0
245732252,0.739042129788318,3,"ITV News online",0
245800866,0.970574089858866,3,"ITV News online",0
245898614,1.07026806359058,NA,"ITV News online",0
245915150,1.31076378105843,4,"ITV News online",0
245921714,0.985720727774559,NA,"ITV News online",0
245927260,1.2495897009648,6,"ITV News online",0
246036172,0.746752392074174,NA,"ITV News online",0
246117174,1.45275916279413,NA,"ITV News online",0
246119092,0.743709610051722,4,"ITV News online",0
246119930,1.20661248221301,5,"ITV News online",0
246180398,0.804905306198983,5,"ITV News online",0
246191638,0.905840002742017,6,"ITV News online",0
246192908,1.06641072555465,4,"ITV News online",0
246193934,1.09328485701699,5,"ITV News online",0
246309946,1.07399996424319,2,"ITV News online",1
246321994,0.915112869682585,2,"ITV News online",0
246353120,1.31775701534186,4,"ITV News online",0
246358096,1.04435282686173,4,"ITV News online",1
246374866,0.841427799185097,3,"ITV News online",0
246506818,1.03853157643102,6,"ITV News online",0
246516648,1.21001277884327,NA,"ITV News online",0
246520718,1.07925652353775,2,"ITV News online",0
246542616,0.844139524106999,3,"ITV News online",0
246592442,1.05676039073738,2,"ITV News online",0
246688526,1.05966422491494,1,"ITV News online",0
246714200,1.10801522637059,1,"ITV News online",1
246727592,0.924041284515153,5,"ITV News online",0
246735126,1.12410318225958,5,"ITV News online",0
246806450,1.08606873653083,5,"ITV News online",0
246938584,0.815344215130893,6,"ITV News online",0
246952162,0.957444009006743,3,"ITV News online",0
247027498,0.966585142604069,5,"ITV News online",0
247316044,0.836210782345226,1,"ITV News online",0
247330152,0.84389780870887,5,"ITV News online",0
247346276,1.07406539090756,4,"ITV News online",0
247392880,1.00153209041442,6,"ITV News online",0
247498812,1.389252481525,4,"ITV News online",0
247534644,1.25025791137697,2,"ITV News online",0
247760106,1.43923470614957,NA,"ITV News online",0
247791542,1.53191879472082,5,"ITV News online",0
247914468,1.03050753737529,2,"ITV News online",1
247918880,1.04081740064865,NA,"ITV News online",0
247935700,1.04225630605842,3,"ITV News online",0
247999208,0.809567149658432,4,"ITV News online",0
247999610,0.93157629109852,NA,"ITV News online",0
248011082,1.00675007248202,4,"ITV News online",0
248144518,1.46126432071995,NA,"ITV News online",0
248294862,1.1826186803262,2,"ITV News online",0
248308458,1.15970012963805,5,"ITV News online",0
248312342,1.15970012963805,5,"ITV News online",0
248371612,0.994700190974875,5,"ITV News online",0
248421386,0.800172571702637,2,"ITV News online",0
248471346,1.00593672063042,3,"ITV News online",0
248471944,1.15970012963805,5,"ITV News online",0
248772720,0.777455531331569,NA,"ITV News online",0
248793778,0.869672230435079,4,"ITV News online",0
248799736,1.35940734902808,NA,"ITV News online",0
248954192,0.72360665178835,4,"ITV News online",0
248970416,1.14649981273723,3,"ITV News online",0
248980952,1.18560985092296,4,"ITV News online",0
249046688,1.04639855996209,2,"ITV News online",0
249112664,1.15970012963805,5,"ITV News online",0
249120520,0.777751512521152,4,"ITV News online",0
249136112,0.98852660138264,NA,"ITV News online",1
249182422,1.01560192037423,5,"ITV News online",0
249193606,0.938422246637422,5,"ITV News online",0
249204898,1.67485030842223,4,"ITV News online",0
249310854,1.03628267738863,6,"ITV News online",0
249310956,0.837240561017362,NA,"ITV News online",0
249357128,0.779730772953144,NA,"ITV News online",0
249400044,0.937282210218467,NA,"ITV News online",0
249428076,1.02243301700971,4,"ITV News online",0
249636656,1.27061121852916,NA,"ITV News online",0
249641718,0.951296560837276,6,"ITV News online",0
249831400,0.900631603709599,NA,"ITV News online",0
249874586,1.03853157643102,5,"ITV News online",0
249882198,1.45736810296744,2,"ITV News online",0
249886344,0.844599804018056,2,"ITV News online",0
249933564,1.19920202677496,6,"ITV News online",0
249967960,1.24002630665162,4,"ITV News online",0
249988812,1.00446403073359,4,"ITV News online",0
250004016,1.39097574873337,NA,"ITV News online",0
250022452,1.00522952111069,2,"ITV News online",0
250144212,0.908992665360407,NA,"ITV News online",0
250315768,0.957146637712426,5,"ITV News online",1
250481724,1.21905665339257,2,"ITV News online",0
250524840,0.837240561017362,NA,"ITV News online",0
250528716,0.944539814233425,4,"ITV News online",0
250594856,0.911608550605073,2,"ITV News online",0
250603264,0.850421468757355,NA,"ITV News online",0
250778074,0.902302814296871,4,"ITV News online",0
250915674,0.959615992781274,4,"ITV News online",0
250955916,1.27061121852916,4,"ITV News online",1
251114406,1.64127489930417,NA,"ITV News online",0
251140312,1.06282532556844,1,"ITV News online",0
251195960,0.631352578789425,3,"ITV News online",0
251250296,1.29319229243722,5,"ITV News online",0
251292618,0.992069247869398,5,"ITV News online",0
251304660,1.03853157643102,4,"ITV News online",0
251336130,1.05966422491494,4,"ITV News online",0
251435988,1.01679535433635,2,"ITV News online",0
251441206,0.840379180947973,NA,"ITV News online",0
251520114,1.00055203366279,7,"ITV News online",0
251660972,1.2166313101662,NA,"ITV News online",0
251688052,1.2166313101662,NA,"ITV News online",0
251757978,1.01225185360331,4,"ITV News online",0
251947168,0.891999745501182,NA,"ITV News online",0
251955692,1.11306076189116,4,"ITV News online",0
252094444,0.877623404426673,2,"ITV News online",0
252282394,1.02393473104551,6,"ITV News online",1
252284636,1.35087488602065,1,"ITV News online",0
252344084,1.19686416781481,5,"ITV News online",0
252495830,0.634041537320341,4,"ITV News online",0
252572488,1.09295094620214,6,"ITV News online",0
252572592,0.860016278737157,NA,"ITV News online",0
252582704,0.781094152978036,3,"ITV News online",0
252620370,1.35087488602065,NA,"ITV News online",0
252701886,0.871249782440781,4,"ITV News online",0
252761092,0.847853503740656,3,"ITV News online",0
252892348,1.24722763970459,7,"ITV News online",0
252972498,1.17829308234422,5,"ITV News online",0
252991186,1.21628093886108,NA,"ITV News online",0
252993850,1.04545076860647,6,"ITV News online",0
253017160,0.996488849604868,5,"ITV News online",1
253047984,1.00013130418113,NA,"ITV News online",0
253058828,1.61207512336239,NA,"ITV News online",0
253094232,0.945516606100346,1,"ITV News online",0
253104970,0.986126522965511,NA,"ITV News online",0
253350012,1.09149051834509,4,"ITV News online",0
253366666,1.109981118125,4,"ITV News online",0
253372226,0.91533745396678,5,"ITV News online",0
253409710,1.15088794154556,NA,"ITV News online",0
253413920,1.44412465285759,2,"ITV News online",0
253414426,1.57263594352526,4,"ITV News online",0
253473946,1.35820553694131,3,"ITV News online",0
253583024,0.847853503740656,3,"ITV News online",0
253700274,1.2166313101662,NA,"ITV News online",0
253773196,0.830583986577563,2,"ITV News online",0
253971900,1.2296964925649,4,"ITV News online",0
254011828,1.19486633620577,NA,"ITV News online",0
254027902,0.947989673412706,NA,"ITV News online",0
254042094,0.702771877355593,3,"ITV News online",0
254043028,1.4050837777731,4,"ITV News online",0
254074910,0.839345541875355,NA,"ITV News online",0
254084544,1.00565586171353,NA,"ITV News online",0
254128848,1.25806440010956,2,"ITV News online",0
254143726,1.43726515314281,5,"ITV News online",0
254242758,0.853436779759635,6,"ITV News online",0
254279428,0.959461704892058,4,"ITV News online",0
254422914,0.667132118089837,5,"ITV News online",0
254516300,1.22413509579127,6,"ITV News online",0
254616818,1.12345227352438,NA,"ITV News online",0
254651770,1.11834396160192,3,"ITV News online",0
254662346,0.711854759046975,1,"ITV News online",0
254679304,1.26776673367235,3,"ITV News online",1
254763566,1.52805623909157,5,"ITV News online",0
254771514,1.74486379261252,5,"ITV News online",0
254814504,1.50409503337125,3,"ITV News online",0
254840058,0.908333257646119,2,"ITV News online",0
254858296,1.52805623909157,5,"ITV News online",0
254889174,1.28214454708282,2,"ITV News online",0
254900654,0.959719806232124,NA,"ITV News online",0
255120288,1.10221638715275,NA,"ITV News online",0
255179604,1.09149051834509,1,"ITV News online",0
255467932,1.32940283047737,4,"ITV News online",0
255508122,1.30210823927937,NA,"ITV News online",0
255533664,1.28495421012571,NA,"ITV News online",0
255575134,1.43726515314281,5,"ITV News online",0
255575162,1.43726515314281,5,"ITV News online",0
255830148,0.912183457423489,NA,"ITV News online",0
255842650,1.04080094107007,3,"ITV News online",0
255845516,0.822284956213542,5,"ITV News online",0
255876590,1.41931298375505,7,"ITV News online",0
255886052,1.53266790113363,5,"ITV News online",0
255930730,1.09587735077075,NA,"ITV News online",0
256296114,1.26354964734177,NA,"ITV News online",0
256372290,1.14698194567146,1,"ITV News online",0
256377332,1.03841065441449,3,"ITV News online",0
256382828,0.888668334820385,4,"ITV News online",0
256629652,1.46126432071995,NA,"ITV News online",0
256654994,1.5729540438391,5,"ITV News online",0
256716582,0.70660062760802,4,"ITV News online",0
256734410,1.62495476738903,3,"ITV News online",0
256744152,1.52805623909157,5,"ITV News online",0
256765230,0.992069247869398,1,"ITV News online",1
256829698,1.0280548645453,5,"ITV News online",0
256902536,0.895919419067703,3,"ITV News online",0
256948856,0.967182023077504,2,"ITV News online",0
256975524,1.25560707761896,4,"ITV News online",0
257056952,1.17672062322091,2,"ITV News online",0
257117462,0.864322424376335,4,"ITV News online",0
257140874,1.25560707761896,1,"ITV News online",1
257329310,1.00055203366279,4,"ITV News online",0
257439154,1.17076230068469,5,"ITV News online",0
257444136,1.13094910625205,4,"ITV News online",0
257447848,1.21050592719842,5,"ITV News online",0
257529088,1.5587940285612,4,"ITV News online",0
257568892,0.911337970760185,NA,"ITV News online",0
257571518,1.05966422491494,5,"ITV News online",0
257627044,1.58931555708301,NA,"ITV News online",0
257634768,1.11058474135198,4,"ITV News online",0
257649116,1.35313295653385,2,"ITV News online",0
257664948,0.861018752332383,7,"ITV News online",0
257675396,1.32098433130753,NA,"ITV News online",0
257690444,1.02764368463236,5,"ITV News online",1
257716944,0.907934336325401,NA,"ITV News online",0
257776224,0.802361947713291,2,"ITV News online",0
257781626,0.785667680325056,2,"ITV News online",0
257800766,1.05631709786659,NA,"ITV News online",0
257916366,0.947861602426335,5,"ITV News online",0
257929404,1.13781406477558,4,"ITV News online",0
258020620,0.789474934182,NA,"ITV News online",0
258224158,1.0118088844434,4,"ITV News online",0
258240248,1.0103637972367,5,"ITV News online",0
258247388,0.860016278737157,NA,"ITV News online",0
258329500,1.0103637972367,6,"ITV News online",0
258330704,0.933781680109807,NA,"ITV News online",0
258459848,0.879904344324191,2,"ITV News online",0
258526256,0.886933958615908,4,"ITV News online",0
258645752,1.34582968388196,1,"ITV News online",0
258665790,1.05463771209613,2,"ITV News online",0
258681212,1.17782370179777,2,"ITV News online",0
258709540,1.0114882148568,4,"ITV News online",0
258778800,0.805845311522441,2,"ITV News online",0
258819738,0.871182216099515,NA,"ITV News online",0
258826400,1.0114882148568,4,"ITV News online",0
258836194,1.44412647653647,6,"ITV News online",0
258837580,1.45876151575058,5,"ITV News online",0
258919130,0.865819742700279,3,"ITV News online",0
258964502,1.38207320158619,NA,"ITV News online",0
259003810,0.825730068556372,3,"ITV News online",0
259109580,1.17927293524207,3,"ITV News online",0
259142246,0.631957775386743,NA,"ITV News online",0
259159332,1.13811858320268,1,"ITV News online",0
259167646,0.874667222990687,1,"ITV News online",0
259184034,0.944478158961642,NA,"ITV News online",0
259225656,1.16974549913189,4,"ITV News online",0
259242222,1.15163773693288,NA,"ITV News online",0
259250984,1.41136041470365,NA,"ITV News online",0
259260544,0.668747674183253,1,"ITV News online",0
259290400,0.966585142604069,5,"ITV News online",0
259304028,0.753374999439595,4,"ITV News online",0
259475668,1.11651904920855,3,"ITV News online",0
259486672,1.35087488602065,3,"ITV News online",1
259523456,1.42304647564076,4,"ITV News online",0
259539898,1.14314704979682,5,"ITV News online",0
259540724,1.23947720042178,3,"ITV News online",0
259652418,1.52432786858755,6,"ITV News online",0
259691782,0.973446004714624,7,"ITV News online",0
259703584,0.767207246569012,3,"ITV News online",0
259787932,1.07791744583546,2,"ITV News online",0
259807156,1.13489395532347,6,"ITV News online",0
259814654,1.09329050988517,4,"ITV News online",0
259874450,0.9205756783726,NA,"ITV News online",0
259911830,0.844414264278832,NA,"ITV News online",0
259915756,1.14051234166405,4,"ITV News online",1
259921504,0.962434844103709,6,"ITV News online",0
259923704,0.972481734845992,1,"ITV News online",0
260065192,0.62334240367033,4,"ITV News online",0
260083968,1.21415512943999,3,"ITV News online",0
260138946,1.2166313101662,4,"ITV News online",0
260181550,1.3795942097128,3,"ITV News online",0
260182324,1.04186346589293,6,"ITV News online",0
260192104,1.12660251080514,4,"ITV News online",0
260214658,0.93624204253036,1,"ITV News online",0
260252636,0.738421552997824,NA,"ITV News online",0
260267474,0.878672242175325,2,"ITV News online",0
260287420,0.719925047398161,5,"ITV News online",0
260293456,0.922755024824995,NA,"ITV News online",0
260311614,0.818563175004828,NA,"ITV News online",0
260324730,0.741597558132564,4,"ITV News online",0
260327522,1.4748264475141,NA,"ITV News online",0
260350348,1.15970012963805,4,"ITV News online",0
260365118,1.07026806359058,4,"ITV News online",0
260383590,0.758716631938431,NA,"ITV News online",0
260392790,1.42614241546544,NA,"ITV News online",0
260394396,0.98804833730148,4,"ITV News online",0
260394922,0.847795777918023,4,"ITV News online",0
260409030,0.915477417633601,NA,"ITV News online",0
260450826,1.1535138247527,2,"ITV News online",0
260467546,1.24681825344492,NA,"ITV News online",0
260485980,1.10502380836018,1,"ITV News online",0
260488996,0.59860493491936,NA,"ITV News online",0
260515502,0.924164122376536,6,"ITV News online",0
260558310,0.883840804839242,6,"ITV News online",0
260584102,0.83672340058174,NA,"ITV News online",0
260638540,0.955375586826625,NA,"ITV News online",0
260714790,0.701845158958922,4,"ITV News online",0
260811908,0.984850686085726,4,"ITV News online",0
260931750,0.84389780870887,6,"ITV News online",0
260964070,0.978601517128702,NA,"ITV News online",1
261051208,1.20992764363874,1,"ITV News online",0
261062580,0.965616372392045,4,"ITV News online",0
261068880,0.59519163967669,1,"ITV News online",0
20022530,0.894742969930345,4,"Sky News online",0
20023753,0.817899511525492,6,"Sky News online",0
20025447,0.924464590075186,5,"Sky News online",0
20026947,0.821534967006642,2,"Sky News online",1
20047619,0.820360991763164,6,"Sky News online",0
20048332,1.1759725084016,4,"Sky News online",0
20048618,0.925208410912284,4,"Sky News online",0
20050448,0.987033283522209,5,"Sky News online",0
20051529,0.761143846254295,4,"Sky News online",0
20051923,0.803926781539201,6,"Sky News online",1
20052122,1.03465290359113,4,"Sky News online",0
20052241,0.915122066222173,4,"Sky News online",0
20054024,0.897206273270836,5,"Sky News online",0
20054270,0.917818307739336,NA,"Sky News online",0
20054395,1.03853157643102,5,"Sky News online",0
20060542,0.971117221620311,NA,"Sky News online",0
20064022,1.02756830800205,6,"Sky News online",0
20065179,1.01019313817515,4,"Sky News online",0
20067149,1.36837782143029,5,"Sky News online",0
20067844,0.887468293345291,5,"Sky News online",0
20073628,0.923817194805369,3,"Sky News online",0
20074410,0.773996228257417,NA,"Sky News online",0
20077389,1.18669564292533,NA,"Sky News online",0
20078507,1.00964339403178,3,"Sky News online",0
20085274,1.09594320375307,4,"Sky News online",0
20086548,0.973494560447607,6,"Sky News online",0
20087794,0.788292694930814,6,"Sky News online",0
20087888,0.8108497346763,NA,"Sky News online",0
20088212,0.817899511525492,6,"Sky News online",1
20089287,0.760970327217994,4,"Sky News online",1
20089575,0.765847326092285,3,"Sky News online",0
20091650,1.36467995317101,6,"Sky News online",0
20091668,0.976826118736406,4,"Sky News online",0
20093294,0.890771270097029,6,"Sky News online",0
20096796,0.909315105885082,3,"Sky News online",1
20098142,0.851773826284773,2,"Sky News online",1
20099291,0.976826118736406,6,"Sky News online",0
20102045,1.18262480891063,4,"Sky News online",0
20103834,1.18127904724926,NA,"Sky News online",0
20105311,0.978841972355124,NA,"Sky News online",0
20106754,0.995000205805947,7,"Sky News online",0
20107774,0.957175087236545,4,"Sky News online",1
20108848,0.686890779810034,4,"Sky News online",0
20113956,1.05395044442534,6,"Sky News online",0
20114172,0.884671877547993,5,"Sky News online",0
20114869,1.42500367564671,2,"Sky News online",0
20115167,0.748282483561949,3,"Sky News online",0
20122155,1.27260493984081,4,"Sky News online",0
20122792,1.09295094620214,4,"Sky News online",0
20124135,0.915653346199629,6,"Sky News online",0
20125503,0.798900062604096,5,"Sky News online",0
20126726,0.739654295956792,NA,"Sky News online",0
20128496,0.928967578985955,5,"Sky News online",0
20133288,1.2934980155536,3,"Sky News online",1
20133843,1.07922092931644,4,"Sky News online",0
20133959,0.976826118736406,5,"Sky News online",0
20134062,0.953571918607351,4,"Sky News online",0
20135037,0.948052073531323,7,"Sky News online",0
20135236,1.17776303245002,NA,"Sky News online",1
20135368,0.976826118736406,5,"Sky News online",0
20135890,0.825688491871181,3,"Sky News online",0
20135896,1.02691170127348,5,"Sky News online",0
20136090,1.07868111800161,4,"Sky News online",0
20136198,0.930329183919794,4,"Sky News online",0
20137204,1.16766529817587,NA,"Sky News online",0
20137867,0.91954497216919,4,"Sky News online",0
20139579,0.823005185848736,4,"Sky News online",0
20139936,1.1771220972616,3,"Sky News online",0
20140177,1.09074035706863,NA,"Sky News online",0
20140746,1.34812249136809,6,"Sky News online",0
20142240,0.929902768554445,1,"Sky News online",0
20143499,0.749672136467166,1,"Sky News online",0
20143790,1.03541599566902,5,"Sky News online",1
20145040,1.27118104060527,NA,"Sky News online",0
20145226,0.790272204577528,NA,"Sky News online",0
20145321,0.905840002742017,3,"Sky News online",0
20145418,1.02827233406731,4,"Sky News online",0
20148829,0.953571918607351,NA,"Sky News online",0
20149402,0.876750016606568,NA,"Sky News online",0
20149838,0.969858785669946,NA,"Sky News online",0
20150337,1.02827197727516,3,"Sky News online",0
20151311,0.723829626325887,5,"Sky News online",0
20151909,0.91840516021723,5,"Sky News online",0
20152155,0.798661733986574,4,"Sky News online",0
20152444,0.952251715896481,4,"Sky News online",0
20153171,0.976826118736406,2,"Sky News online",0
20155692,0.914772568516223,NA,"Sky News online",0
20156694,1.33176607273167,4,"Sky News online",0
20157553,0.809471843979465,6,"Sky News online",1
20157664,1.1761964194612,6,"Sky News online",0
20160898,1.34323433307381,2,"Sky News online",0
20161127,0.720343693026911,3,"Sky News online",0
20161313,0.927449832702319,5,"Sky News online",0
20165504,0.900276752673519,6,"Sky News online",0
20167553,0.953571918607351,6,"Sky News online",0
20168594,0.993555576786381,6,"Sky News online",0
20172071,1.09295094620214,5,"Sky News online",0
20172350,0.900276752673519,6,"Sky News online",0
20174731,1.00936762401267,NA,"Sky News online",1
20185685,0.850838952009086,2,"Sky News online",0
20186139,1.09335305494336,4,"Sky News online",0
20187447,1.08546716548142,NA,"Sky News online",0
20187643,1.12267941428684,NA,"Sky News online",0
20187973,0.761166469935306,4,"Sky News online",1
20190533,0.867336641943539,3,"Sky News online",1
20191176,0.87382095739501,5,"Sky News online",0
20192405,0.887013255982913,6,"Sky News online",0
20192862,0.765847326092285,NA,"Sky News online",0
20193929,0.94419959074595,6,"Sky News online",0
20194591,1.03392834431338,4,"Sky News online",0
20195130,0.916482088139855,NA,"Sky News online",0
20195245,0.747423130140161,3,"Sky News online",0
20196593,1.2758580902463,5,"Sky News online",0
20197611,0.686694582824386,NA,"Sky News online",0
20198070,0.904739521776239,5,"Sky News online",0
20199178,1.2128449680906,NA,"Sky News online",0
20199884,0.702322593003148,3,"Sky News online",0
20203396,1.05368885133127,2,"Sky News online",0
20203630,0.762653101584496,NA,"Sky News online",0
20204323,0.948867606283327,4,"Sky News online",0
20204943,0.887444447484897,4,"Sky News online",0
20208196,0.823793349980589,NA,"Sky News online",0
20210902,0.900276752673519,5,"Sky News online",0
20211741,0.908850223904938,3,"Sky News online",1
20212803,0.876294237923966,5,"Sky News online",0
20213840,0.940076826200111,3,"Sky News online",1
20218535,0.861397339890943,NA,"Sky News online",0
20219332,1.50409503337125,4,"Sky News online",0
20220715,0.936171066347943,3,"Sky News online",0
20223358,0.918134488710401,5,"Sky News online",0
20224282,1.22173933972407,NA,"Sky News online",0
20225171,1.10636867735698,3,"Sky News online",0
20229641,0.976826118736406,6,"Sky News online",1
20229961,0.847811794083742,4,"Sky News online",0
20230094,1.0109279537919,4,"Sky News online",0
20236098,1.14009882347847,NA,"Sky News online",0
20236184,0.915777316193063,3,"Sky News online",0
20239005,0.967957797037201,2,"Sky News online",0
20239127,0.858571516903643,NA,"Sky News online",0
20240996,0.812474998807354,3,"Sky News online",0
20242781,0.844645415079307,4,"Sky News online",1
20243373,1.03786796427443,4,"Sky News online",0
20246931,0.607263186969397,3,"Sky News online",0
20246999,1.5478282430944,3,"Sky News online",0
20247178,1.03853157643102,5,"Sky News online",0
20248337,0.884671877547993,5,"Sky News online",0
20248469,0.843427271661646,NA,"Sky News online",0
20249561,0.733583391835327,2,"Sky News online",0
20252333,0.84389780870887,NA,"Sky News online",0
20252892,0.668426975814446,NA,"Sky News online",0
20253190,0.919147800210688,2,"Sky News online",0
20261597,1.1259193156667,NA,"Sky News online",0
20261834,0.899637429815814,4,"Sky News online",0
20264620,0.896668094594843,4,"Sky News online",0
20267695,1.12267941428684,5,"Sky News online",0
20269882,1.22915997565542,4,"Sky News online",0
20271482,0.916841448123286,4,"Sky News online",0
20279656,0.771928521910068,NA,"Sky News online",0
20282652,0.858195384763216,4,"Sky News online",0
20283337,0.969239054797089,4,"Sky News online",0
20287056,0.884671877547993,4,"Sky News online",0
20287911,1.41933102769153,NA,"Sky News online",0
20292241,0.810238724016875,5,"Sky News online",0
20298810,0.763778615188506,3,"Sky News online",0
20305136,1.20786969531933,2,"Sky News online",0
20306733,0.756140976367034,3,"Sky News online",0
20309668,1.4953094644389,5,"Sky News online",0
20314827,0.77509187632978,4,"Sky News online",0
20314957,1.15061164828363,2,"Sky News online",0
20316902,1.11135869068197,6,"Sky News online",1
20334426,1.19378406791155,4,"Sky News online",0
20336029,0.868370017484301,NA,"Sky News online",0
20336875,1.06197604095222,5,"Sky News online",0
20339893,0.89385541742505,4,"Sky News online",0
20340967,1.20572086747911,4,"Sky News online",0
20343175,0.989809342081748,3,"Sky News online",0
20343899,0.958596070532606,NA,"Sky News online",0
20348755,0.887444447484897,NA,"Sky News online",0
20351548,1.05395044442534,3,"Sky News online",1
20379011,1.09501395932862,NA,"Sky News online",0
20383672,0.936849727935804,3,"Sky News online",0
20388046,1.33176607273167,4,"Sky News online",0
20389810,1.002611317936,4,"Sky News online",0
20396797,0.887622663785031,NA,"Sky News online",0
20397668,1.23205481737507,NA,"Sky News online",1
20399950,0.970799170414574,NA,"Sky News online",0
20405023,0.925654803029123,5,"Sky News online",0
20405320,0.84594142827104,5,"Sky News online",0
20418950,0.953571918607351,5,"Sky News online",0
20421365,0.917885286825368,NA,"Sky News online",0
20427040,1.10920518008911,2,"Sky News online",0
20427978,1.01019313817515,4,"Sky News online",1
20430365,0.719396769090035,NA,"Sky News online",0
20433545,1.03468070498057,5,"Sky News online",0
20434159,0.942515802898834,6,"Sky News online",0
20437849,0.78159358411302,3,"Sky News online",0
20440100,0.993519906850358,3,"Sky News online",0
20440170,1.03436469303264,4,"Sky News online",0
20440408,0.765847326092285,6,"Sky News online",0
20446141,1.18148589878386,5,"Sky News online",0
20501374,1.22214426581869,2,"Sky News online",0
20505330,0.917885286825368,6,"Sky News online",0
20525307,1.24842339100706,3,"Sky News online",1
20533993,1.07868111800161,5,"Sky News online",0
20545388,0.863592956821994,4,"Sky News online",0
20546711,0.897206273270836,6,"Sky News online",0
20548468,0.858707242933069,2,"Sky News online",0
20556580,0.85750172263526,2,"Sky News online",0
20571450,0.982862404751604,5,"Sky News online",0
20579704,0.659781242506987,5,"Sky News online",0
20588958,0.904559466223653,1,"Sky News online",0
20599963,0.9205756783726,5,"Sky News online",0
20609958,0.897206273270836,7,"Sky News online",0
20611450,1.12850448712512,4,"Sky News online",0
20621054,1.11416747220947,6,"Sky News online",0
20626839,0.771638719679397,5,"Sky News online",1
20629537,1.09149051834509,3,"Sky News online",1
20636152,0.874993877289061,2,"Sky News online",0
20636990,1.09295094620214,4,"Sky News online",0
20638692,1.18512538089011,4,"Sky News online",0
20639451,0.900276752673519,4,"Sky News online",0
20639487,0.976320446993874,5,"Sky News online",0
20639532,0.908943959690363,3,"Sky News online",0
20643016,1.02562633672478,4,"Sky News online",0
20644464,0.665983569115204,3,"Sky News online",0
20663607,1.48173141717201,NA,"Sky News online",0
20664557,0.865819742700279,NA,"Sky News online",0
20669921,0.89385541742505,6,"Sky News online",0
20671465,1.02571170243139,1,"Sky News online",0
20682590,1.25614430656367,4,"Sky News online",0
20690532,0.91787073208587,4,"Sky News online",0
20692384,1.02756830800205,4,"Sky News online",0
20696602,1.09295094620214,4,"Sky News online",0
20704743,1.22382710987253,NA,"Sky News online",0
20707325,1.13170811625119,4,"Sky News online",0
20707394,0.991152548827504,NA,"Sky News online",0
20710990,0.833697652560433,NA,"Sky News online",0
20713943,0.874027050296371,3,"Sky News online",0
20716485,0.738131805223005,2,"Sky News online",0
20716957,0.939044996852221,2,"Sky News online",0
20717044,1.20558630781978,5,"Sky News online",1
20718933,1.12566586807069,4,"Sky News online",0
20725665,1.10920518008911,5,"Sky News online",0
20728580,1.37004414647068,3,"Sky News online",0
20729382,0.963008145891068,4,"Sky News online",0
20733757,0.915653346199629,5,"Sky News online",0
20739660,0.898296032826641,NA,"Sky News online",0
20749975,1.16585337868382,3,"Sky News online",1
20757666,1.23205481737507,6,"Sky News online",0
20757869,0.834086882124798,6,"Sky News online",0
20759800,1.13130319812072,5,"Sky News online",0
20765090,1.03541599566902,5,"Sky News online",0
20772060,1.20144716521654,3,"Sky News online",1
20779386,0.715080729081225,2,"Sky News online",0
22086387,0.748564002239245,3,"Sky News online",0
22087570,0.960853674843062,5,"Sky News online",0
22091348,0.810908350835403,6,"Sky News online",0
22141182,1.09335305494336,3,"Sky News online",0
22141975,1.03853157643102,6,"Sky News online",0
22144146,0.748090154997302,6,"Sky News online",0
22152420,1.04160818585092,NA,"Sky News online",0
22152443,1.03465290359113,6,"Sky News online",0
22187403,0.878277890252884,3,"Sky News online",0
22264314,0.872316496291049,2,"Sky News online",1
22275023,0.839574388854932,4,"Sky News online",0
22309739,0.959687996382129,2,"Sky News online",0
22316630,0.77399224178618,4,"Sky News online",0
22330358,1.2495897009648,5,"Sky News online",1
22403734,0.811233985050568,3,"Sky News online",0
28009011,1.01859652762759,4,"Sky News online",0
28110124,0.936647281551935,4,"Sky News online",0
28242812,0.900276752673519,5,"Sky News online",0
28263520,0.970137481428116,7,"Sky News online",0
28359418,0.722908883836946,NA,"Sky News online",0
28367120,1.22418790138184,NA,"Sky News online",0
28371373,1.02910304873513,2,"Sky News online",0
28572771,0.909566209969306,5,"Sky News online",0
28807291,0.727172999856394,1,"Sky News online",0
28897999,0.888161284121996,3,"Sky News online",0
29093399,0.953571918607351,4,"Sky News online",0
29099947,0.818861168462333,2,"Sky News online",0
29171252,0.933001346993407,5,"Sky News online",0
29171826,0.950592752033376,6,"Sky News online",0
29213009,0.84389780870887,4,"Sky News online",0
29244000,0.760810689396771,NA,"Sky News online",0
29469942,1.03541599566902,5,"Sky News online",0
29477530,0.966261689432141,3,"Sky News online",0
29483187,0.973152758432742,3,"Sky News online",0
29487305,1.07427453506468,NA,"Sky News online",0
29498254,0.907051016528382,5,"Sky News online",0
29499762,0.833697652560433,NA,"Sky News online",0
29764485,1.17438519003218,4,"Sky News online",0
29821641,0.84797998909773,2,"Sky News online",0
29835911,0.908704538936667,NA,"Sky News online",0
29937004,1.18588314935095,NA,"Sky News online",0
30623806,1.46091454487931,6,"Sky News online",1
30629518,1.25047771566061,4,"Sky News online",0
30937696,1.03212708763763,NA,"Sky News online",0
31273935,0.83080796390262,NA,"Sky News online",0
31435701,1.39572624380206,4,"Sky News online",0
31671783,0.729783196899742,2,"Sky News online",0
31845573,0.820360991763164,4,"Sky News online",1
32693955,0.91667243543518,2,"Sky News online",1
32962021,0.748008777113973,2,"Sky News online",0
33159411,0.84389780870887,6,"Sky News online",0
33386432,0.750370362123011,3,"Sky News online",0
33702033,1.21173841367426,NA,"Sky News online",0
33764738,1.09671122198231,5,"Sky News online",0
33931048,0.893357025221136,5,"Sky News online",0
33951681,1.02243301700971,2,"Sky News online",0
33964836,0.924464590075186,3,"Sky News online",0
34242710,0.950592752033376,6,"Sky News online",0
34356611,0.999122114579395,NA,"Sky News online",0
34649256,0.667132118089837,NA,"Sky News online",0
35353980,1.28042165015217,NA,"Sky News online",0
36447947,0.998037974526841,2,"Sky News online",0
36477499,0.916125581039401,NA,"Sky News online",0
36630170,0.739654295956792,3,"Sky News online",1
36639352,0.924464590075186,5,"Sky News online",1
37273045,1.00593672063042,2,"Sky News online",1
37409380,0.87751795154183,6,"Sky News online",0
37905035,1.2489648275373,1,"Sky News online",1
37998195,0.934227297451027,3,"Sky News online",0
38145824,0.823793349980589,NA,"Sky News online",0
38171943,0.976826118736406,NA,"Sky News online",0
38174841,1.03956599130216,NA,"Sky News online",0
38243482,1.42555536706801,4,"Sky News online",0
38373885,1.06535376248509,4,"Sky News online",0
38418680,0.951505177759098,7,"Sky News online",0
38464266,0.993241815873803,2,"Sky News online",1
38541683,1.02010812125039,4,"Sky News online",0
38610986,0.970574089858866,5,"Sky News online",1
38800892,1.094444637344,6,"Sky News online",0
39340838,0.90245690193347,NA,"Sky News online",1
39601149,0.899073780798858,1,"Sky News online",0
39699738,1.00985806953401,NA,"Sky News online",1
39761399,0.841918816446721,2,"Sky News online",0
39918383,0.764849955428823,6,"Sky News online",0
40197802,0.89385541742505,4,"Sky News online",0
40202000,0.89385541742505,4,"Sky News online",0
40210877,0.869116517852556,4,"Sky News online",0
40259163,0.749495366073594,3,"Sky News online",0
40418895,0.915122066222173,2,"Sky News online",0
40512087,0.950592752033376,2,"Sky News online",0
40682383,0.911608550605073,5,"Sky News online",0
40686754,0.957146637712426,4,"Sky News online",0
40699600,0.900276752673519,4,"Sky News online",0
40759921,1.22799358143051,NA,"Sky News online",0
40834767,0.953571918607351,5,"Sky News online",0
40894203,0.811823837208255,3,"Sky News online",0
40903213,0.757671940311865,NA,"Sky News online",0
40908716,1.29156740857858,NA,"Sky News online",0
40915400,1.25364480788112,4,"Sky News online",0
40973680,0.917047842597496,NA,"Sky News online",0
41245265,0.769109561176168,4,"Sky News online",1
41325769,0.939523240854489,5,"Sky News online",0
41446381,1.01250373064625,NA,"Sky News online",0
41518838,0.711901513430157,3,"Sky News online",0
41723226,0.996441464564433,5,"Sky News online",0
41730131,0.844414264278832,4,"Sky News online",0
41758666,0.832713433836335,2,"Sky News online",0
41979535,0.957146637712426,NA,"Sky News online",0
41997586,1.34462274791379,3,"Sky News online",0
42131094,1.18106677543508,4,"Sky News online",0
42171186,0.970802159453395,4,"Sky News online",0
42191810,0.821615406288972,3,"Sky News online",0
42200816,1.05093695313805,2,"Sky News online",0
42348990,1.24632386535211,2,"Sky News online",0
42436462,0.970137481428116,5,"Sky News online",0
42585715,1.15663276814745,3,"Sky News online",0
42609607,0.887444447484897,6,"Sky News online",1
42748625,1.03465290359113,4,"Sky News online",0
42763963,1.3968866021068,6,"Sky News online",0
42837333,1.03521756164282,NA,"Sky News online",0
42856198,1.05699323222968,4,"Sky News online",0
42879263,0.796046040655566,4,"Sky News online",0
42886102,0.805533573987045,3,"Sky News online",0
42887802,1.18669564292533,4,"Sky News online",0
42887921,1.04222532771776,2,"Sky News online",0
42894286,1.2758580902463,6,"Sky News online",0
42897404,0.84863250636115,4,"Sky News online",0
42944000,0.94419959074595,5,"Sky News online",0
43023604,1.09836329118528,4,"Sky News online",0
43049539,0.832713433836335,1,"Sky News online",0
43057956,0.957146637712426,6,"Sky News online",0
43066111,0.97052327275018,NA,"Sky News online",0
43068545,0.830966332152616,5,"Sky News online",0
43094495,0.880547467181152,1,"Sky News online",0
43102874,0.766899671782288,4,"Sky News online",0
43132678,1.33269126360453,2,"Sky News online",0
43151306,0.702322593003148,1,"Sky News online",1
43226291,0.973152758432742,3,"Sky News online",0
43270919,0.9464923976839,2,"Sky News online",0
43280312,0.807425181094517,6,"Sky News online",0
43396423,0.921753865059368,NA,"Sky News online",0
43423680,1.08776673904153,3,"Sky News online",0
43435157,1.00252346728541,NA,"Sky News online",0
43452326,0.686890779810034,2,"Sky News online",0
43454196,1.05790013523282,NA,"Sky News online",0
43455435,0.787615768160952,5,"Sky News online",0
43496809,0.89385541742505,4,"Sky News online",0
43681882,1.6589226451259,NA,"Sky News online",1
43713638,0.977495379401078,5,"Sky News online",0
43860063,1.01195543590741,NA,"Sky News online",0
43983614,0.910844741517915,5,"Sky News online",0
44199329,0.717981833366672,NA,"Sky News online",0
44631876,0.817407164620393,4,"Sky News online",0
44643491,0.765847326092285,3,"Sky News online",0
44649116,0.784162620215093,2,"Sky News online",0
44661143,1.45946841545958,6,"Sky News online",0
44667881,0.756132193432155,3,"Sky News online",1
44672709,1.03853157643102,NA,"Sky News online",0
44698931,0.819384215656975,3,"Sky News online",0
44790445,0.846020986145008,1,"Sky News online",1
44812787,0.95586767490274,3,"Sky News online",0
44859114,1.41137521153932,NA,"Sky News online",0
44903992,0.900631603709599,2,"Sky News online",0
44944964,0.84863250636115,4,"Sky News online",0
44946802,0.910111462503697,3,"Sky News online",0
45051112,0.912814921390253,7,"Sky News online",0
45151531,1.13301478708081,4,"Sky News online",0
45320283,0.8390006323218,4,"Sky News online",0
45370989,0.953600261879144,NA,"Sky News online",0
45393528,0.869687597110306,4,"Sky News online",0
45448884,1.28338089692779,NA,"Sky News online",0
45619796,0.973494560447607,6,"Sky News online",0
45741935,0.828577467418826,3,"Sky News online",1
45780502,0.672593447348115,2,"Sky News online",0
45958294,0.999122114579395,4,"Sky News online",0
46226260,0.830583986577563,2,"Sky News online",0
46345528,1.04969749800208,NA,"Sky News online",0
46372790,1.003491112401,2,"Sky News online",0
46578362,0.727516890904271,NA,"Sky News online",0
46752005,0.755758887871929,4,"Sky News online",0
46765185,1.05473760391594,1,"Sky News online",0
46779526,1.18483688914871,3,"Sky News online",0
46799958,0.993065273061458,4,"Sky News online",0
47258112,0.835560094170178,4,"Sky News online",0
47358632,0.771101561565534,NA,"Sky News online",0
47516953,0.85831194107099,1,"Sky News online",0
47583586,0.808791864816064,3,"Sky News online",0
47586545,0.946069117560492,NA,"Sky News online",0
47636627,0.730794969038149,6,"Sky News online",0
47661167,1.18262480891063,5,"Sky News online",0
47669255,1.06546248652522,2,"Sky News online",0
47675054,1.02691170127348,4,"Sky News online",0
47690793,0.993462051294154,4,"Sky News online",0
47735381,1.03441445765973,5,"Sky News online",0
47745998,0.683279387180257,3,"Sky News online",1
47778351,1.02803076306129,5,"Sky News online",0
47793657,0.917047842597496,NA,"Sky News online",0
47853777,1.11161963724855,NA,"Sky News online",0
47904875,0.727151386542306,1,"Sky News online",0
47949665,0.890955976786543,4,"Sky News online",0
47962048,0.752760863645947,3,"Sky News online",0
47979961,1.12267941428684,NA,"Sky News online",0
47991091,1.18879859338437,2,"Sky News online",0
47991754,1.3702258933442,3,"Sky News online",1
48001579,0.989368864154687,3,"Sky News online",0
48315198,1.07274758838559,3,"Sky News online",0
48382228,1.38154475936927,2,"Sky News online",0
48711291,0.729701827506074,6,"Sky News online",0
48788760,1.16706528990819,1,"Sky News online",0
49350207,0.812299094949511,6,"Sky News online",0
50111974,1.266238879116,3,"Sky News online",0
51039510,0.947042510160343,NA,"Sky News online",0
51141573,0.802525094258597,NA,"Sky News online",0
51151934,1.08766107075745,3,"Sky News online",0
51205825,1.2916688895354,5,"Sky News online",0
52023806,0.756518380323481,2,"Sky News online",0
52052117,1.08964872142487,5,"Sky News online",0
52114037,1.24842339100706,4,"Sky News online",0
52161324,1.01044537148388,NA,"Sky News online",0
52295884,0.812323239131587,3,"Sky News online",0
52361998,0.815650431714229,NA,"Sky News online",0
52363982,0.887622663785031,2,"Sky News online",1
52471028,0.834987597606341,5,"Sky News online",0
52572254,0.912407017716603,2,"Sky News online",0
52580725,0.94367729036805,NA,"Sky News online",0
52618271,0.765847326092285,4,"Sky News online",0
52647854,0.994926306689342,6,"Sky News online",0
52675334,0.678170754168068,NA,"Sky News online",0
52731886,1.05653537236359,6,"Sky News online",1
52733844,0.947042510160343,6,"Sky News online",0
52821490,0.770024421186343,NA,"Sky News online",0
52929812,0.978489066996293,3,"Sky News online",1
52978709,0.882017873813367,5,"Sky News online",0
53088984,1.15663276814745,1,"Sky News online",0
53909359,0.852018555964852,5,"Sky News online",0
54237659,0.755605247248534,2,"Sky News online",0
54770795,0.976826118736406,5,"Sky News online",0
55242390,1.18498118682961,NA,"Sky News online",0
55251657,0.746245134352986,NA,"Sky News online",0
55547212,0.777846242675866,4,"Sky News online",0
55645879,0.895154007402913,4,"Sky News online",0
56392255,1.2495897009648,5,"Sky News online",1
56558105,1.44715692139383,4,"Sky News online",0
56566532,0.84389780870887,NA,"Sky News online",0
56576592,0.96822509508891,2,"Sky News online",0
56640358,0.689465773416466,6,"Sky News online",0
56649908,1.30953681195162,3,"Sky News online",0
56679233,0.86142096653516,1,"Sky News online",0
56713928,0.898932924060889,4,"Sky News online",0
56744467,0.730794969038149,5,"Sky News online",1
56832299,0.976826118736406,5,"Sky News online",0
56927578,1.31578321246702,2,"Sky News online",0
56931626,1.33889147039214,5,"Sky News online",1
56958546,1.02099059921259,5,"Sky News online",1
57017924,0.942380796761074,3,"Sky News online",0
57032583,0.769109561176168,4,"Sky News online",0
57032741,1.11026399086635,2,"Sky News online",0
57049325,1.15631417583776,5,"Sky News online",0
57053971,0.959687996382129,3,"Sky News online",0
57114436,1.02756830800205,6,"Sky News online",1
57115562,0.888098968266787,6,"Sky News online",0
57133460,1.2451859059914,4,"Sky News online",0
57165736,1.1759725084016,2,"Sky News online",0
57176854,0.916280695075066,NA,"Sky News online",0
57216373,0.788955183923185,4,"Sky News online",0
57230271,1.15581072837555,4,"Sky News online",0
57281520,1.06872920288467,1,"Sky News online",0
57300447,0.892494544422774,4,"Sky News online",0
57435135,0.976826118736406,NA,"Sky News online",0
57479676,0.771430872348229,2,"Sky News online",1
57479777,1.41650258041997,3,"Sky News online",0
57483282,1.0636669578344,3,"Sky News online",0
57483839,0.788292694930814,4,"Sky News online",0
57518822,0.68817335612607,2,"Sky News online",0
57558768,0.915834384521452,2,"Sky News online",0
57638604,1.12688807802034,5,"Sky News online",0
57810666,1.10614553262215,2,"Sky News online",0
57893068,0.953571918607351,5,"Sky News online",1
57905349,0.84389780870887,6,"Sky News online",0
58281729,0.950521824371447,2,"Sky News online",0
58408223,1.29502688101483,4,"Sky News online",0
58481386,1.0357475309506,4,"Sky News online",0
58572155,0.896277494168242,NA,"Sky News online",0
58607964,1.11237999836726,4,"Sky News online",0
58789068,0.969858785669946,7,"Sky News online",0
58905093,0.848005193832514,2,"Sky News online",0
58910393,1.0109279537919,3,"Sky News online",0
58923056,1.01924430045209,3,"Sky News online",0
58936761,0.938773806911833,4,"Sky News online",0
59392697,0.913016200733579,3,"Sky News online",0
59557487,0.880918156188144,3,"Sky News online",0
59743095,1.25047771566061,6,"Sky News online",1
60237306,1.23073792518688,NA,"Sky News online",0
60267522,1.59463230159624,4,"Sky News online",0
60338282,1.06375624165869,2,"Sky News online",0
60658651,1.4031215674834,4,"Sky News online",0
61109547,0.944478158961642,2,"Sky News online",0
61130952,1.01924430045209,5,"Sky News online",0
61140399,1.03399176987092,NA,"Sky News online",0
61316711,0.959687996382129,3,"Sky News online",0
61320357,0.856216654418697,5,"Sky News online",0
61391781,0.881558695477241,4,"Sky News online",0
61601777,0.576867303297478,3,"Sky News online",0
61607451,0.717102762592716,3,"Sky News online",0
61634939,0.953132129100769,4,"Sky News online",0
61670273,1.00540751377478,NA,"Sky News online",1
61916230,1.26981052452799,3,"Sky News online",0
61920179,0.870271267567881,3,"Sky News online",0
62093388,1.08919604901607,2,"Sky News online",0
62549955,0.952514054234276,1,"Sky News online",0
62608906,0.89385541742505,NA,"Sky News online",0
62625223,0.750207832395514,1,"Sky News online",0
62698268,1.42614241546544,NA,"Sky News online",0
62760901,0.693175934117593,3,"Sky News online",0
62862667,0.880855870984505,2,"Sky News online",0
63035544,0.694110456481874,2,"Sky News online",0
63120786,0.913396607044211,4,"Sky News online",0
63148155,0.976826118736406,7,"Sky News online",0
63173206,1.02764368463236,6,"Sky News online",0
63176355,1.20540884652547,6,"Sky News online",0
63273988,1.17507341651471,NA,"Sky News online",0
63279469,1.08225092188429,4,"Sky News online",0
63294349,0.986632991413281,3,"Sky News online",0
63294594,0.969858785669946,6,"Sky News online",0
63307496,0.931420858843705,6,"Sky News online",1
63314393,0.979913830755939,4,"Sky News online",0
63331034,1.10666702346151,4,"Sky News online",0
63584335,1.43440259726332,2,"Sky News online",0
63771273,0.821040636106232,NA,"Sky News online",0
63830101,1.06061054526573,5,"Sky News online",0
63879869,1.31386565041733,2,"Sky News online",0
64190359,0.829363544602136,6,"Sky News online",0
64192061,1.25748017213181,3,"Sky News online",0
64222158,1.06298426305768,NA,"Sky News online",0
64232134,0.847245343227626,NA,"Sky News online",0
64266435,1.17101904588635,5,"Sky News online",0
64309792,0.969858785669946,7,"Sky News online",0
64462978,1.65885249065492,3,"Sky News online",0
64570884,1.27796510970041,NA,"Sky News online",0
64684101,1.12381580180177,4,"Sky News online",0
64819256,0.79912675295184,5,"Sky News online",1
64845724,0.863240279530685,2,"Sky News online",0
64948976,0.986630536417006,2,"Sky News online",0
64954450,0.905840002742017,6,"Sky News online",0
64960009,1.09772286498091,3,"Sky News online",0
64988128,0.947042510160343,4,"Sky News online",0
65174573,0.691567291206768,4,"Sky News online",0
65186942,1.08766107075745,NA,"Sky News online",0
65272957,0.953571918607351,6,"Sky News online",0
65277399,0.984773749383512,4,"Sky News online",0
65369137,1.03465290359113,5,"Sky News online",0
65411597,0.882363103478573,4,"Sky News online",1
65442034,1.02858183298023,5,"Sky News online",0
65446010,1.19448718854612,NA,"Sky News online",0
65454591,1.3662936789239,5,"Sky News online",0
65472057,0.924191736114724,2,"Sky News online",0
65531829,1.03465290359113,4,"Sky News online",0
65618153,0.815344215130893,5,"Sky News online",0
65624683,1.25701223409206,NA,"Sky News online",0
65636324,0.876372933316275,6,"Sky News online",1
65790476,0.821534967006642,NA,"Sky News online",0
65862314,1.54700710142287,5,"Sky News online",0
65980118,1.19883626001481,5,"Sky News online",0
65980386,1.05258945955152,4,"Sky News online",0
66193850,0.979913830755939,6,"Sky News online",0
66204985,0.858850942114618,NA,"Sky News online",0
66208044,1.0283261749472,6,"Sky News online",1
66326256,0.781548198690251,2,"Sky News online",0
66351399,0.953571918607351,5,"Sky News online",0
66414897,0.719396769090035,4,"Sky News online",0
66474716,0.947042510160343,5,"Sky News online",0
66522313,0.95586767490274,2,"Sky News online",0
66593620,0.822095803909667,3,"Sky News online",0
66667069,1.00522952111069,2,"Sky News online",0
66690807,1.0730005986402,3,"Sky News online",1
66730043,0.935487317846887,4,"Sky News online",1
66925078,1.22540248175387,NA,"Sky News online",0
67035809,0.84389780870887,4,"Sky News online",0
67095560,0.903663392866233,NA,"Sky News online",0
67121702,0.825629512531082,2,"Sky News online",0
67133806,1.10323867865011,NA,"Sky News online",0
67140490,0.823793349980589,4,"Sky News online",0
67246017,0.705129569489494,3,"Sky News online",0
67259173,0.915068252105665,NA,"Sky News online",0
67285958,0.861397339890943,4,"Sky News online",0
67298406,0.947042510160343,5,"Sky News online",0
67468958,1.20794679322493,1,"Sky News online",0
67618095,0.82099002814438,4,"Sky News online",0
67747875,1.05613565137138,NA,"Sky News online",0
67761840,1.11902451772789,4,"Sky News online",0
67778757,0.932841445825631,7,"Sky News online",0
67782116,1.08776673904153,4,"Sky News online",0
67913262,1.43151781602231,5,"Sky News online",0
68152478,0.983653212257379,3,"Sky News online",1
68186300,0.904137012894086,4,"Sky News online",0
68278988,0.854232581021158,6,"Sky News online",0
68291901,0.953571918607351,5,"Sky News online",0
68317610,1.09295094620214,6,"Sky News online",0
68362138,1.07441032615425,5,"Sky News online",0
68409052,0.968056116396493,NA,"Sky News online",1
68439757,0.983334199752842,3,"Sky News online",0
68457514,1.03924311384776,NA,"Sky News online",0
68546716,0.937282210218467,NA,"Sky News online",0
68567243,1.19980970131249,2,"Sky News online",0
68576601,0.776920851848309,1,"Sky News online",0
68606802,1.04160818585092,NA,"Sky News online",0
68638543,1.24840507385683,4,"Sky News online",1
68640900,0.809471843979465,6,"Sky News online",0
68641626,0.976826118736406,6,"Sky News online",1
68668897,1.08650905030969,3,"Sky News online",0
68682697,0.976320446993874,5,"Sky News online",0
68702421,0.826881559447904,NA,"Sky News online",0
68723248,1.002611317936,3,"Sky News online",0
68778631,1.04251313447999,4,"Sky News online",0
68785768,1.14031515091747,6,"Sky News online",0
68826991,0.706307567506121,5,"Sky News online",0
68854031,0.999845774267345,3,"Sky News online",0
68907173,1.25783634788036,3,"Sky News online",0
68943927,1.06916611459915,4,"Sky News online",1
68963533,1.09174628721157,5,"Sky News online",0
68989670,0.918119921948326,4,"Sky News online",0
69054821,0.743151012012276,5,"Sky News online",0
69110281,1.44412465285759,3,"Sky News online",0
69118911,0.843022602759885,3,"Sky News online",0
69146916,1.03399176987092,7,"Sky News online",1
69149695,0.969858785669946,NA,"Sky News online",0
69201106,0.820965626364686,5,"Sky News online",0
69221372,1.33156975956833,NA,"Sky News online",0
69269634,0.793350041607133,3,"Sky News online",0
69290836,1.15468781286833,4,"Sky News online",0
69323754,1.0114882148568,1,"Sky News online",0
69335003,1.13610283326467,NA,"Sky News online",0
69335181,0.78159358411302,3,"Sky News online",0
69337045,1.0252595892437,2,"Sky News online",0
69372291,1.02058976557308,NA,"Sky News online",0
69390181,1.18588314935095,6,"Sky News online",0
69408277,1.13653055807785,3,"Sky News online",0
69409971,0.882380503354242,6,"Sky News online",0
69459413,0.80649173530122,NA,"Sky News online",0
69460267,1.00071259221879,5,"Sky News online",0
69464159,0.854014739486256,4,"Sky News online",0
69478157,0.777965939311253,NA,"Sky News online",0
69507647,0.945621918733538,3,"Sky News online",1
69549649,1.09671122198231,6,"Sky News online",0
69632723,0.84389780870887,4,"Sky News online",0
69717053,1.04154625420011,4,"Sky News online",0
69720931,0.7495558311652,NA,"Sky News online",0
69760921,0.960847128815688,NA,"Sky News online",0
69817411,0.894334931397232,2,"Sky News online",0
69915165,0.702322593003148,2,"Sky News online",0
69957888,0.986724347367529,NA,"Sky News online",0
69963585,1.15488984159407,5,"Sky News online",1
70043217,0.802387953519758,1,"Sky News online",1
70081644,0.647284804562786,2,"Sky News online",0
70194744,0.90245690193347,3,"Sky News online",0
70295419,0.913849562352434,2,"Sky News online",1
70296455,0.744447791645743,3,"Sky News online",0
70440692,1.21981313311326,4,"Sky News online",1
70469848,1.22877709679949,3,"Sky News online",0
70529600,1.04154625420011,4,"Sky News online",0
70614778,0.78166414003964,4,"Sky News online",0
70826907,0.749042633615272,5,"Sky News online",0
71084843,1.54058165548262,3,"Sky News online",0
71173213,0.933399171377853,3,"Sky News online",0
71234182,1.00885208599761,5,"Sky News online",0
71316085,0.86281394866448,3,"Sky News online",0
71326387,1.010647773574,5,"Sky News online",0
71358790,0.915653346199629,2,"Sky News online",1
71492825,0.878277890252884,4,"Sky News online",0
71610917,1.10519684233104,5,"Sky News online",0
71628397,0.971865398305731,NA,"Sky News online",0
71661572,1.00696692342008,4,"Sky News online",0
71674506,1.1771220972616,2,"Sky News online",0
71759842,0.858707242933069,2,"Sky News online",1
71843280,0.872182651217801,5,"Sky News online",0
71878669,1.01715794021808,5,"Sky News online",0
71977064,1.11759417950103,NA,"Sky News online",0
72055024,1.13006190461584,NA,"Sky News online",0
72062135,1.00865736649815,2,"Sky News online",0
72093172,0.863798505320152,2,"Sky News online",0
72129693,0.894742969930345,4,"Sky News online",0
72219586,0.875666224237147,4,"Sky News online",0
72247318,0.999695242299456,6,"Sky News online",0
72447469,1.04354172852379,3,"Sky News online",0
72567669,1.19177517132349,4,"Sky News online",0
72641968,0.923956452869501,2,"Sky News online",0
72668706,1.06872920288467,NA,"Sky News online",0
72728264,0.976826118736406,5,"Sky News online",0
72897162,0.94637541316946,3,"Sky News online",0
73198175,1.00573513615791,1,"Sky News online",0
73253319,0.865794008474659,NA,"Sky News online",1
73284614,1.03142042234257,5,"Sky News online",0
73549511,1.00942583139474,4,"Sky News online",1
73631730,0.830966332152616,4,"Sky News online",0
73823384,1.25458923877792,4,"Sky News online",0
73996300,1.38154475936927,4,"Sky News online",0
74175124,0.854014739486256,NA,"Sky News online",0
74324354,0.804278818812007,4,"Sky News online",0
74537144,0.894970486060852,3,"Sky News online",0
74617567,0.725125211126923,4,"Sky News online",0
74619110,0.690923782281259,3,"Sky News online",0
74621198,0.90245690193347,NA,"Sky News online",0
74658809,1.35940734902808,NA,"Sky News online",0
74663296,1.04154625420011,5,"Sky News online",0
74829026,1.04364131810788,3,"Sky News online",0
75079216,0.86142096653516,3,"Sky News online",0
75241661,1.05203148870996,5,"Sky News online",1
75284195,0.934227297451027,2,"Sky News online",0
75313666,0.853157616079651,3,"Sky News online",0
75343298,1.09671122198231,4,"Sky News online",0
75354176,0.84389780870887,5,"Sky News online",0
75468159,0.753896857134639,4,"Sky News online",0
75583993,0.77862929873562,2,"Sky News online",0
75588984,1.06521794199762,2,"Sky News online",1
75605610,0.953571918607351,4,"Sky News online",0
75621569,0.812474998807354,2,"Sky News online",0
75720294,0.746450719394069,2,"Sky News online",1
75927677,0.952297732424997,2,"Sky News online",0
76397787,0.909315105885082,2,"Sky News online",0
76498445,0.705792324543186,2,"Sky News online",0
76604912,0.905840002742017,3,"Sky News online",1
76646966,1.0545713088263,5,"Sky News online",0
76704029,0.879377119804243,NA,"Sky News online",0
76716987,0.976132435084288,3,"Sky News online",0
76741860,0.668727797409046,5,"Sky News online",0
76912213,0.983643282395186,NA,"Sky News online",0
77243074,0.992299234527503,4,"Sky News online",0
77263652,1.18512538089011,4,"Sky News online",0
77264518,0.867075465567927,4,"Sky News online",0
77267153,0.829952927673403,NA,"Sky News online",0
77269193,0.870253926923796,4,"Sky News online",0
77348783,0.753350728099332,3,"Sky News online",1
77352018,0.798661733986574,6,"Sky News online",0
77353320,1.13170811625119,NA,"Sky News online",0
77364516,0.968859680037876,6,"Sky News online",0
77579615,1.22638052758565,5,"Sky News online",1
77951466,1.23695891274463,4,"Sky News online",1
77956753,1.02803076306129,3,"Sky News online",0
77998652,0.976826118736406,6,"Sky News online",0
78000825,1.07427471462766,1,"Sky News online",0
78336917,0.887444447484897,5,"Sky News online",0
78690764,1.01715794021808,5,"Sky News online",1
78889501,0.843676370029427,4,"Sky News online",0
79075374,1.11652786939462,NA,"Sky News online",1
79082996,0.750207832395514,2,"Sky News online",0
79093777,0.729466245436243,7,"Sky News online",1
79105144,0.976826118736406,4,"Sky News online",0
79131559,0.948261288581662,3,"Sky News online",0
79341173,1.38168347086733,NA,"Sky News online",0
79443434,1.09964411176069,4,"Sky News online",0
79537021,1.07427471462766,1,"Sky News online",0
79563727,1.50615616655113,4,"Sky News online",0
79755180,1.10519684233104,5,"Sky News online",1
79897857,0.969858785669946,5,"Sky News online",0
80009660,0.977495379401078,3,"Sky News online",1
80018988,1.00985806953401,NA,"Sky News online",0
80449892,0.718762741431152,2,"Sky News online",0
80511442,0.839345541875355,3,"Sky News online",0
80576545,0.976826118736406,5,"Sky News online",0
80602706,0.963909870492139,NA,"Sky News online",0
80906932,0.779758150051187,5,"Sky News online",0
80927908,1.00921214034145,1,"Sky News online",0
81366928,1.63664311908704,4,"Sky News online",1
81367933,0.953571918607351,6,"Sky News online",0
81369191,1.02756830800205,4,"Sky News online",0
81539087,0.658897989109727,2,"Sky News online",0
81592026,0.784671816581126,3,"Sky News online",1
81669406,0.786800932964332,4,"Sky News online",0
81675276,1.02450597084423,5,"Sky News online",0
81751986,0.969239054797089,5,"Sky News online",0
81824165,0.879085018295835,3,"Sky News online",0
81909975,0.887622663785031,4,"Sky News online",0
82074105,0.91667243543518,2,"Sky News online",0
82124212,0.97368391396667,NA,"Sky News online",0
82129649,0.943867621128857,3,"Sky News online",0
82223758,0.818563175004828,5,"Sky News online",0
82247089,0.957146637712426,7,"Sky News online",0
82257336,1.16841190267025,5,"Sky News online",0
82363324,1.60272757691108,NA,"Sky News online",0
82587186,1.18625485799922,NA,"Sky News online",0
82624495,1.10275299785939,3,"Sky News online",0
82743131,0.874993877289061,3,"Sky News online",0
82825834,0.844629458730225,2,"Sky News online",0
82982484,1.06479815613331,4,"Sky News online",0
83158000,0.874651606964991,1,"Sky News online",1
83195573,0.859417803278321,4,"Sky News online",0
83223192,0.727015513626698,NA,"Sky News online",0
83223213,1.17923114121296,3,"Sky News online",0
83271895,1.01940968496757,5,"Sky News online",0
83315855,0.821534967006642,NA,"Sky News online",0
83356305,0.897232941171559,NA,"Sky News online",0
83406132,1.2875988361998,NA,"Sky News online",0
83418132,1.11976007523138,NA,"Sky News online",0
83460416,0.870762763433792,2,"Sky News online",0
83509004,1.01250373064625,5,"Sky News online",0
83524750,0.89385541742505,7,"Sky News online",0
83537250,0.900276752673519,3,"Sky News online",0
83540768,0.922763043255797,2,"Sky News online",0
83542588,1.13551249473988,3,"Sky News online",0
83703007,0.893357025221136,7,"Sky News online",0
83813215,1.31348228308953,5,"Sky News online",0
83943607,1.19920202677496,5,"Sky News online",0
84180696,1.2621225972791,2,"Sky News online",0
84187606,1.11759417950103,NA,"Sky News online",0
84289132,1.09699162569542,4,"Sky News online",1
84393200,1.11072517686409,4,"Sky News online",0
84412611,0.607845292161927,NA,"Sky News online",0
84426633,0.842642392176408,2,"Sky News online",0
84452078,0.882837659926501,NA,"Sky News online",0
84501588,1.25701223409206,2,"Sky News online",0
84529355,0.903663392866233,4,"Sky News online",0
84560513,1.70245627152988,2,"Sky News online",1
84629736,1.46126432071995,NA,"Sky News online",0
84655925,1.02450597084423,5,"Sky News online",0
84679050,0.750207832395514,2,"Sky News online",0
84814374,1.12381580180177,5,"Sky News online",1
84820529,0.900631603709599,4,"Sky News online",1
84842721,0.857444359423982,3,"Sky News online",0
84862882,1.1418438292735,NA,"Sky News online",0
84901376,1.12381580180177,5,"Sky News online",0
85037264,0.809909483436974,7,"Sky News online",0
85114174,0.89385541742505,NA,"Sky News online",0
85127227,0.930903456245974,5,"Sky News online",0
85398377,0.950592752033376,6,"Sky News online",0
85398640,0.979980445035386,4,"Sky News online",0
85654344,0.80126439511465,2,"Sky News online",1
85689807,0.834883619569165,3,"Sky News online",1
85748928,0.861397339890943,NA,"Sky News online",0
85844055,0.831113280657055,4,"Sky News online",0
85884021,1.00761203039877,5,"Sky News online",1
85890300,1.26476142198374,NA,"Sky News online",0
86127601,1.12231538296698,4,"Sky News online",0
86222253,1.10519684233104,NA,"Sky News online",0
86434423,0.701108020920807,2,"Sky News online",0
86554831,1.07816691345837,5,"Sky News online",0
86605593,0.84305458829439,4,"Sky News online",0
86647005,1.06293394575415,NA,"Sky News online",0
86650489,0.712738015769537,3,"Sky News online",0
86655663,0.976132435084288,NA,"Sky News online",0
86659573,1.11463053466267,4,"Sky News online",0
86665455,1.01430373970905,2,"Sky News online",0
86728087,1.05197140174847,NA,"Sky News online",0
86936999,0.984176389471479,6,"Sky News online",0
86954454,1.02225482876186,3,"Sky News online",0
86954676,1.19936761063178,2,"Sky News online",0
87046197,0.920712585261617,3,"Sky News online",0
87081149,0.858203760450683,NA,"Sky News online",0
87137378,1.13412554305287,3,"Sky News online",0
87156580,0.922497299078617,6,"Sky News online",0
87159650,1.32230211302974,4,"Sky News online",0
87172391,1.18669564292533,6,"Sky News online",0
87191915,1.17923114121296,6,"Sky News online",0
87212231,0.839689258344694,2,"Sky News online",0
87225961,1.00590682179438,4,"Sky News online",0
87375089,0.856782702535132,3,"Sky News online",0
87395310,1.02910304873513,3,"Sky News online",0
87395380,0.893410145353928,NA,"Sky News online",0
87430914,0.836502625775246,NA,"Sky News online",0
87448144,0.805873605527072,NA,"Sky News online",1
87454361,0.899637429815814,4,"Sky News online",0
87552426,1.30433017727133,4,"Sky News online",0
87556050,1.24680613310018,3,"Sky News online",0
87644739,0.953571918607351,6,"Sky News online",0
87797292,1.51968337463708,2,"Sky News online",0
87843497,1.13250705251046,4,"Sky News online",0
87886773,1.06872920288467,2,"Sky News online",1
87945177,1.08400778422544,5,"Sky News online",0
88101086,1.11161838640186,5,"Sky News online",0
88175545,0.805849653043474,5,"Sky News online",0
88187247,1.17776303245002,4,"Sky News online",0
88214727,0.693861078357692,4,"Sky News online",0
88376728,0.953571918607351,5,"Sky News online",0
88453052,0.926429798936584,3,"Sky News online",0
88581767,1.09145016707945,2,"Sky News online",0
88697604,0.925700502996009,6,"Sky News online",0
88815933,1.03853157643102,6,"Sky News online",0
88846895,0.887127539647235,4,"Sky News online",0
88852070,0.699590527406438,NA,"Sky News online",0
88863782,0.820965626364686,5,"Sky News online",0
88890276,0.969239054797089,4,"Sky News online",0
88996196,0.839860081798287,4,"Sky News online",0
89138724,1.0825660039839,5,"Sky News online",0
89157149,1.01138933330093,6,"Sky News online",1
89192000,0.77862929873562,2,"Sky News online",0
89197522,1.4495671132254,1,"Sky News online",0
89348169,0.915653346199629,2,"Sky News online",0
89514773,0.897206273270836,4,"Sky News online",0
89533086,0.888418977014057,NA,"Sky News online",0
89544009,0.9796952205825,7,"Sky News online",1
89611901,1.27334909394847,4,"Sky News online",1
89813503,1.45012730704295,5,"Sky News online",1
89979890,0.943463425742537,6,"Sky News online",0
90166728,1.03853157643102,6,"Sky News online",0
90219060,0.895919419067703,2,"Sky News online",0
90254014,1.15061164828363,4,"Sky News online",0
90381150,0.82265905296044,NA,"Sky News online",0
90424740,1.10082253700897,6,"Sky News online",0
90513789,0.708891150586484,5,"Sky News online",0
90631040,1.2639372538138,NA,"Sky News online",0
90666408,0.867936096035328,4,"Sky News online",0
90794456,1.15427201863317,4,"Sky News online",0
90973755,0.764849955428823,5,"Sky News online",0
91078485,1.15631417583776,6,"Sky News online",0
91107720,1.67951394701412,2,"Sky News online",0
91434316,0.926038398096802,5,"Sky News online",0
91692880,1.18230225531943,2,"Sky News online",1
91794625,0.833697652560433,3,"Sky News online",0
91973774,1.26369764959292,6,"Sky News online",0
92025454,0.869253928550596,3,"Sky News online",0
92078310,1.19552785698874,2,"Sky News online",0
92114235,0.837845148089798,5,"Sky News online",1
92123966,0.971117221620311,NA,"Sky News online",0
92147501,0.874509220133132,4,"Sky News online",0
92184363,1.02947117106712,3,"Sky News online",0
92447573,0.927989838243072,5,"Sky News online",0
92539548,1.05262917191583,3,"Sky News online",0
92588578,0.95586767490274,1,"Sky News online",0
92730874,0.876051973221552,5,"Sky News online",0
92927203,0.976320446993874,6,"Sky News online",0
92944629,0.916234397601368,4,"Sky News online",1
93183043,1.05178571365069,3,"Sky News online",0
93255477,0.704537469218781,3,"Sky News online",1
93269050,0.970137481428116,3,"Sky News online",0
93857292,0.745067997157877,3,"Sky News online",1
93862078,0.915653346199629,6,"Sky News online",1
94004694,1.06357507708395,4,"Sky News online",0
94105683,1.24798638660076,NA,"Sky News online",0
94182248,0.995931883737122,3,"Sky News online",0
94196047,0.772187080891405,NA,"Sky News online",0
94211620,1.05566772144886,NA,"Sky News online",1
94215666,0.978976128278049,3,"Sky News online",0
94259311,1.05197140174847,NA,"Sky News online",0
94367614,1.22093997358102,5,"Sky News online",1
94440945,0.86142096653516,2,"Sky News online",0
94565383,0.991768420920888,3,"Sky News online",0
94650844,1.18512538089011,5,"Sky News online",0
120326662,0.84389780870887,5,"Sky News online",0
120343066,0.831869113980052,5,"Sky News online",0
120369976,0.946310596250932,4,"Sky News online",0
120589886,0.978242405143564,4,"Sky News online",0
120922454,0.859126176588875,2,"Sky News online",0
121174670,1.01679535433635,4,"Sky News online",0
121402714,0.965426515585005,5,"Sky News online",0
121589486,0.868151573392356,6,"Sky News online",1
121777836,1.11600453612596,4,"Sky News online",0
121841078,0.920336105090097,3,"Sky News online",0
121899556,0.828783805784203,2,"Sky News online",0
122041638,1.33231582835925,3,"Sky News online",0
122190108,0.943949271093535,NA,"Sky News online",0
122439972,1.05178571365069,4,"Sky News online",0
122475974,0.757229189241172,3,"Sky News online",0
122532034,1.59424977956316,3,"Sky News online",0
122569846,0.863240279530685,NA,"Sky News online",0
122942128,1.0322725997338,1,"Sky News online",0
122974076,0.84389780870887,4,"Sky News online",0
123049164,0.892603978721498,2,"Sky News online",0
123069434,0.963008145891068,NA,"Sky News online",0
123129456,0.811949940596628,2,"Sky News online",0
123226836,0.869672230435079,3,"Sky News online",0
123340160,1.04821129985381,3,"Sky News online",0
123470048,1.06872920288467,2,"Sky News online",0
123505236,0.984176389471479,4,"Sky News online",0
123796126,0.902302814296871,4,"Sky News online",0
123841212,1.27495482301077,3,"Sky News online",0
124014530,0.942268376070261,3,"Sky News online",1
124128946,0.755605247248534,2,"Sky News online",0
124234864,1.02555497665766,NA,"Sky News online",0
124519236,1.1539860845772,2,"Sky News online",0
124554334,1.11601542794078,4,"Sky News online",0
124962302,1.04081740064865,2,"Sky News online",0
125145836,1.34812249136809,5,"Sky News online",0
125237882,0.736704114845716,NA,"Sky News online",0
125450522,1.27688534389301,6,"Sky News online",0
125595742,0.836210782345226,NA,"Sky News online",0
125930144,0.9089903978755,3,"Sky News online",1
126094720,0.953571918607351,4,"Sky News online",0
126305170,1.10636867735698,2,"Sky News online",0
126407392,0.802326909710037,2,"Sky News online",0
126569968,0.834883619569165,5,"Sky News online",1
126782660,0.976826118736406,5,"Sky News online",0
126837286,0.762987065229127,3,"Sky News online",0
127069188,1.14051234166405,3,"Sky News online",0
127199052,0.986904801539385,4,"Sky News online",0
127266336,1.20575973734044,5,"Sky News online",1
127532646,1.10946156701591,2,"Sky News online",0
128224236,0.78174125064334,NA,"Sky News online",0
128808020,1.15061164828363,3,"Sky News online",0
128932032,1.09149051834509,3,"Sky News online",0
128936438,0.872316496291049,3,"Sky News online",0
129009156,0.63259679316401,3,"Sky News online",0
129049190,1.03399176987092,3,"Sky News online",0
129221992,0.774551916533486,2,"Sky News online",1
129269348,1.13927855962421,6,"Sky News online",0
129351460,1.00522952111069,NA,"Sky News online",0
129398396,1.02450597084423,6,"Sky News online",0
129440134,0.669294118593821,3,"Sky News online",0
129920176,1.19378406791155,3,"Sky News online",1
130385402,1.14200536812351,NA,"Sky News online",0
130632162,1.11026399086635,4,"Sky News online",0
130752342,0.937734357591348,6,"Sky News online",0
130834756,0.666345568281436,4,"Sky News online",0
130952574,1.00936762401267,2,"Sky News online",0
131135914,0.911694273112051,5,"Sky News online",0
131628436,0.857985107542588,NA,"Sky News online",1
131861468,1.21197760964146,5,"Sky News online",0
131878190,1.03441445765973,5,"Sky News online",0
132022250,0.821260532291584,2,"Sky News online",0
132647858,0.797460058059336,2,"Sky News online",1
132727078,0.90818188399219,NA,"Sky News online",0
132853530,1.048423752777,3,"Sky News online",0
132918966,1.10038211214613,3,"Sky News online",0
133208252,1.14858804149964,4,"Sky News online",0
133223394,0.963921417359587,5,"Sky News online",0
133261328,0.824278599134494,3,"Sky News online",0
133777786,1.05135925023318,6,"Sky News online",0
134457430,0.90877666529352,NA,"Sky News online",0
134485322,1.25820502864148,4,"Sky News online",0
134499110,1.14698194567146,NA,"Sky News online",0
134628952,0.857985107542588,7,"Sky News online",0
134820540,1.27495482301077,NA,"Sky News online",0
134962620,0.993065273061458,3,"Sky News online",0
135359144,1.06375624165869,2,"Sky News online",1
135780698,0.872905228243007,NA,"Sky News online",0
135918352,0.817999730300118,3,"Sky News online",0
135967930,0.838923841810851,4,"Sky News online",0
135991860,0.682784414016442,1,"Sky News online",0
135997432,0.649326111125681,NA,"Sky News online",0
136059468,1.03381359308093,6,"Sky News online",0
136069262,0.862207368153404,2,"Sky News online",0
136211656,1.02691170127348,7,"Sky News online",0
136508396,1.11416747220947,4,"Sky News online",0
136623102,0.893509861951593,NA,"Sky News online",0
136645518,1.18588314935095,3,"Sky News online",0
136707034,0.782975765947996,4,"Sky News online",0
136753822,0.979191643263769,5,"Sky News online",0
136774392,0.906622172766907,NA,"Sky News online",0
136813356,1.06682943672262,2,"Sky News online",1
136955008,0.868151573392356,6,"Sky News online",0
137191062,0.764849955428823,5,"Sky News online",0
137759328,0.585632060317169,3,"Sky News online",0
138155466,0.972491709401142,4,"Sky News online",0
138601448,0.730925980995869,4,"Sky News online",1
138753556,0.750370362123011,3,"Sky News online",0
138805406,1.02007026408722,1,"Sky News online",0
138845202,1.14839652704821,6,"Sky News online",1
138849454,1.24694956932451,3,"Sky News online",0
138903188,0.700072511888228,4,"Sky News online",0
138917090,1.05382226674857,6,"Sky News online",0
139296200,1.11822631921253,3,"Sky News online",1
139380094,0.976826118736406,7,"Sky News online",0
139605998,0.865678203615754,4,"Sky News online",0
139629770,0.880807562031832,NA,"Sky News online",0
139630208,0.84277378624664,4,"Sky News online",1
139639092,0.706342798846843,5,"Sky News online",0
139831316,1.2296964925649,1,"Sky News online",0
139836402,0.740898889503389,2,"Sky News online",0
139837418,1.38978449370087,1,"Sky News online",0
140256904,1.20144716521654,3,"Sky News online",0
140421204,0.858195384763216,2,"Sky News online",0
140441586,1.17927293524207,3,"Sky News online",0
140794116,0.89411227307964,6,"Sky News online",0
141174764,1.10082253700897,5,"Sky News online",0
141340314,0.975508695406969,NA,"Sky News online",0
141833292,0.839345541875355,1,"Sky News online",0
142654884,0.890188799685929,NA,"Sky News online",0
142860412,1.11046185650768,NA,"Sky News online",0
142965710,0.787504052056882,7,"Sky News online",0
143053904,0.832108157433433,5,"Sky News online",0
143105480,0.928266803560279,2,"Sky News online",1
143268564,0.987495750750544,6,"Sky News online",0
143575254,0.953571918607351,6,"Sky News online",0
143693906,0.958163860997174,1,"Sky News online",0
144071164,0.990525052752926,4,"Sky News online",0
144169886,1.00955626182045,5,"Sky News online",0
144389668,0.788292694930814,5,"Sky News online",0
144426328,1.34809027730167,NA,"Sky News online",0
144653178,1.18551482304835,3,"Sky News online",0
144933844,0.876944037660098,5,"Sky News online",0
145091482,1.04453369554476,2,"Sky News online",1
145441734,0.837250160434279,6,"Sky News online",0
145602326,0.93157629109852,NA,"Sky News online",0
146057210,0.982443570758637,NA,"Sky News online",0
146213238,1.19980970131249,2,"Sky News online",0
146572054,1.17672062322091,3,"Sky News online",0
146685438,1.03924311384776,6,"Sky News online",0
146832782,1.02393473104551,6,"Sky News online",1
147155948,1.00583146913373,2,"Sky News online",0
147215636,1.02285253268996,NA,"Sky News online",0
147336178,1.16345960628326,5,"Sky News online",1
147524408,0.707912712655374,NA,"Sky News online",0
147859358,1.24842339100706,2,"Sky News online",0
147917420,1.41235305766719,4,"Sky News online",0
148125494,1.17345043405465,4,"Sky News online",0
148196884,1.03436469303264,NA,"Sky News online",0
148679746,1.1771220972616,4,"Sky News online",0
148728408,0.776958802273641,6,"Sky News online",0
148847940,0.793864477886055,4,"Sky News online",0
148882674,1.7217590388959,3,"Sky News online",0
149330148,0.86422055491541,NA,"Sky News online",0
149538874,1.17941117931108,4,"Sky News online",0
150273734,0.876079498305806,6,"Sky News online",0
150821408,0.987574614794489,NA,"Sky News online",0
151003736,0.767234183953987,4,"Sky News online",0
151429708,0.761624812464705,NA,"Sky News online",0
151503954,0.887013255982913,4,"Sky News online",0
151969556,1.25569569690048,3,"Sky News online",0
152845444,1.36428276147706,4,"Sky News online",0
153329282,0.712738015769537,3,"Sky News online",0
153981590,1.16480246223439,3,"Sky News online",1
154234736,0.968247335987236,4,"Sky News online",0
154648688,1.07274758838559,2,"Sky News online",0
154931132,1.08546716548142,NA,"Sky News online",0
155917640,0.952514054234276,2,"Sky News online",0
156245104,1.00484788705532,NA,"Sky News online",0
156343450,0.862207368153404,2,"Sky News online",0
156427766,0.933781680109807,NA,"Sky News online",0
156476418,0.801115360487898,3,"Sky News online",0
157265084,0.895154007402913,3,"Sky News online",0
157267588,1.67485030842223,NA,"Sky News online",0
157567934,0.662776397379452,6,"Sky News online",0
157626548,0.710076105774247,3,"Sky News online",0
157963488,1.22517298807507,3,"Sky News online",0
157978710,1.31534782878096,2,"Sky News online",1
158741306,1.01179623175891,NA,"Sky News online",0
158766086,1.11416747220947,4,"Sky News online",0
159096322,0.765437599816157,2,"Sky News online",0
159273260,0.892494544422774,5,"Sky News online",0
159311290,0.787712136084211,4,"Sky News online",0
159750334,1.18262480891063,NA,"Sky News online",0
160464668,0.895919419067703,4,"Sky News online",1
160718066,0.951296560837276,6,"Sky News online",0
160959772,1.10082253700897,6,"Sky News online",0
160986624,1.19920202677496,6,"Sky News online",0
161020706,0.810238724016875,1,"Sky News online",0
161099098,0.965567776144418,3,"Sky News online",0
161126840,1.15071974497183,3,"Sky News online",1
161207174,0.741043396526439,NA,"Sky News online",1
161477226,1.41758669966524,2,"Sky News online",1
161602500,1.01019313817515,6,"Sky News online",0
161825610,0.968859663882066,NA,"Sky News online",0
162152606,0.899073780798858,3,"Sky News online",1
162598204,1.00811828144339,5,"Sky News online",0
163453516,1.18539204557697,2,"Sky News online",1
163649532,0.898337165262982,3,"Sky News online",0
163848140,0.957146637712426,5,"Sky News online",0
164232918,0.726716343700419,NA,"Sky News online",0
164595042,1.13927611472968,4,"Sky News online",1
164603718,0.765512110495706,4,"Sky News online",0
165084220,0.897262769748551,4,"Sky News online",0
165168926,0.917885286825368,5,"Sky News online",1
165676662,0.938773806911833,5,"Sky News online",0
165745348,0.823005185848736,1,"Sky News online",0
166386150,0.995757096544904,4,"Sky News online",0
166713732,1.12345227352438,NA,"Sky News online",0
167462008,0.919563294984622,2,"Sky News online",0
167585868,0.9205756783726,NA,"Sky News online",0
167900308,0.932841445825631,4,"Sky News online",0
168268728,0.745913668457673,NA,"Sky News online",0
168654550,0.855169262354182,2,"Sky News online",0
170452704,0.998905754056296,2,"Sky News online",0
170486440,0.616491086355416,4,"Sky News online",0
170782372,1.32946956313657,6,"Sky News online",0
170784236,0.964503378728743,4,"Sky News online",0
171322684,1.17795013876667,NA,"Sky News online",0
171425086,0.708891150586484,3,"Sky News online",0
171455024,0.815368449823886,4,"Sky News online",0
171617676,0.89411227307964,4,"Sky News online",0
171640530,1.31433356138562,NA,"Sky News online",0
172053340,0.858707242933069,1,"Sky News online",0
172176296,0.758716631938431,2,"Sky News online",0
172243320,1.10519684233104,4,"Sky News online",0
172274214,1.33889147039214,5,"Sky News online",0
172274596,0.814600789831152,NA,"Sky News online",0
172761052,1.36575839065968,4,"Sky News online",0
172811610,1.04181433716981,3,"Sky News online",0
172851788,1.04869177396415,3,"Sky News online",1
173005182,1.25806440010956,4,"Sky News online",0
173126522,1.01940968496757,5,"Sky News online",0
173453780,0.863240279530685,4,"Sky News online",0
173980606,0.679643792079465,NA,"Sky News online",0
174186374,0.925208410912284,2,"Sky News online",1
174479090,0.924164122376536,NA,"Sky News online",0
174710530,0.925025294836487,NA,"Sky News online",0
174948898,0.876810347267765,4,"Sky News online",0
175121616,1.12410318225958,NA,"Sky News online",0
175217640,1.09295094620214,6,"Sky News online",0
175218554,0.841918816446721,NA,"Sky News online",0
175419284,0.741043566549617,4,"Sky News online",1
175611890,0.899030336135636,2,"Sky News online",0
175817480,1.17701045266944,4,"Sky News online",0
175915046,0.999602344564421,3,"Sky News online",0
176593474,1.11183460625749,4,"Sky News online",0
176819692,1.03212708763763,4,"Sky News online",1
176828934,1.27039863364042,NA,"Sky News online",0
176829758,0.967957797037201,2,"Sky News online",0
176835942,0.971925151485582,2,"Sky News online",0
176900100,0.989532289710028,2,"Sky News online",0
176900524,0.592968737937602,4,"Sky News online",0
176932712,0.877317937591494,5,"Sky News online",0
177098568,1.1162071194112,3,"Sky News online",1
177100894,1.17913068734863,7,"Sky News online",1
177123170,0.989532289710028,1,"Sky News online",0
177970974,1.03441445765973,5,"Sky News online",0
178467672,0.908226066873662,3,"Sky News online",1
178767174,0.818823208785384,2,"Sky News online",0
178770724,1.09996425764235,6,"Sky News online",0
178941796,1.01376970943464,4,"Sky News online",1
179119228,1.47082641994289,5,"Sky News online",1
179210476,1.20080418681121,4,"Sky News online",0
179402922,1.034793216811,2,"Sky News online",0
179531604,1.11161838640186,5,"Sky News online",1
180208204,1.08364178645029,4,"Sky News online",0
180728182,1.09605157545835,1,"Sky News online",0
181295198,0.697151148083204,4,"Sky News online",0
181430192,0.8446799787625,NA,"Sky News online",1
181560592,1.36428276147706,NA,"Sky News online",0
181576714,0.815368449823886,4,"Sky News online",0
181892164,0.789474934182,NA,"Sky News online",0
181949968,0.976826118736406,3,"Sky News online",1
182149862,1.10797213571897,6,"Sky News online",0
182190736,1.03468070498057,5,"Sky News online",0
182707632,1.21192966588612,NA,"Sky News online",0
183511162,0.976132435084288,4,"Sky News online",0
183942580,1.42081610668656,NA,"Sky News online",0
183945454,1.39508526149678,NA,"Sky News online",0
184165860,0.730423074421176,4,"Sky News online",0
184420202,0.850838952009086,2,"Sky News online",1
184475478,1.00522952111069,2,"Sky News online",0
184596766,1.49926428556886,4,"Sky News online",0
184737056,0.861340258855701,3,"Sky News online",0
184747726,1.02341348413936,2,"Sky News online",0
184775772,0.873115251898802,2,"Sky News online",0
184795088,1.20172439269095,6,"Sky News online",0
184927716,1.1906844891791,NA,"Sky News online",0
184988752,1.32755005925458,3,"Sky News online",0
185004518,0.914772568516223,6,"Sky News online",0
185010090,0.907934336325401,NA,"Sky News online",1
185093382,1.06216556273502,2,"Sky News online",0
185811376,0.682784414016442,4,"Sky News online",0
185849988,0.800831580832579,4,"Sky News online",0
186282784,0.912855054731037,NA,"Sky News online",0
186315340,0.766899671782288,6,"Sky News online",0
186318452,0.818299988261537,NA,"Sky News online",0
186849104,0.970690828252488,2,"Sky News online",0
186928756,1.19920202677496,5,"Sky News online",0
186948290,1.05613565137138,1,"Sky News online",0
186959676,1.01279537827209,NA,"Sky News online",0
188348876,0.965120972717638,4,"Sky News online",1
188424098,0.970799170414574,NA,"Sky News online",0
188840398,1.30233340834391,2,"Sky News online",0
189046702,0.975072513249008,NA,"Sky News online",0
189082642,1.18604835696065,1,"Sky News online",0
189086496,0.727222512558282,2,"Sky News online",1
189759828,0.917957054662802,2,"Sky News online",0
190575084,0.806861972777432,6,"Sky News online",1
190640408,0.847795777918023,3,"Sky News online",0
190714830,0.793071016324905,3,"Sky News online",0
190810426,1.12231538296698,5,"Sky News online",0
191216772,1.18588314935095,6,"Sky News online",0
191354140,1.32993731812631,3,"Sky News online",1
192093356,1.04364131810788,3,"Sky News online",1
192301082,1.03601628205551,2,"Sky News online",1
192302842,1.03628267738863,6,"Sky News online",0
192738790,1.31348228308953,NA,"Sky News online",0
192788082,1.0293082503822,NA,"Sky News online",0
192986326,0.850421468757355,NA,"Sky News online",0
193438418,0.559827695646724,3,"Sky News online",0
193471716,0.950521824371447,NA,"Sky News online",0
193473126,1.20518652843978,NA,"Sky News online",0
193544302,1.00884941991614,5,"Sky News online",0
193713002,1.17927293524207,1,"Sky News online",0
193943266,0.946971847396664,7,"Sky News online",0
193980716,1.12267941428684,NA,"Sky News online",0
194031350,0.808870595768758,5,"Sky News online",0
194041122,0.80098539826002,NA,"Sky News online",0
194178378,1.24840507385683,5,"Sky News online",0
194269272,0.81528337892241,2,"Sky News online",0
194345136,1.04557924262214,2,"Sky News online",0
195119722,1.44588252554272,4,"Sky News online",0
195211766,0.832482646043333,5,"Sky News online",1
195224124,0.768723332928738,NA,"Sky News online",0
195635554,1.04160818585092,1,"Sky News online",0
195714394,0.959811828111899,7,"Sky News online",0
195884584,1.04100206478313,3,"Sky News online",0
195924278,0.828473444331886,4,"Sky News online",0
195990542,1.04821129985381,3,"Sky News online",0
196132646,1.4788157828502,NA,"Sky News online",0
196368520,0.958454730686934,5,"Sky News online",0
196405804,0.886933958615908,4,"Sky News online",1
196526530,1.12734874109699,4,"Sky News online",0
196593526,1.13094910625205,NA,"Sky News online",0
196652590,0.742346153465333,NA,"Sky News online",0
196690722,0.985319154725954,5,"Sky News online",0
196694780,0.832226201120028,NA,"Sky News online",0
196792532,0.947042510160343,5,"Sky News online",1
196866924,1.21481217132518,5,"Sky News online",0
197041378,0.84594142827104,5,"Sky News online",0
197067946,1.02013704443961,2,"Sky News online",0
197490022,1.18981056905692,3,"Sky News online",0
197955374,0.89411227307964,5,"Sky News online",0
198335448,0.969858785669946,5,"Sky News online",0
198698140,0.789474934182,1,"Sky News online",0
198723850,1.20281220600616,4,"Sky News online",1
198824926,1.18976658300159,3,"Sky News online",0
199085488,1.15867496499055,3,"Sky News online",0
199183542,0.779758150051187,4,"Sky News online",0
199376640,1.10038211214613,NA,"Sky News online",0
199441442,0.80009662148118,NA,"Sky News online",0
199639714,1.22524279285158,2,"Sky News online",0
199724696,0.82225453973519,2,"Sky News online",1
199845104,1.15468781286833,5,"Sky News online",0
199905472,0.717236295518609,3,"Sky News online",0
200129336,0.963288512137392,5,"Sky News online",0
200175842,0.985720727774559,3,"Sky News online",0
200396460,0.89385541742505,5,"Sky News online",0
200426910,0.90877666529352,NA,"Sky News online",0
200696386,0.6988393995626,NA,"Sky News online",0
200893384,0.890013610463492,4,"Sky News online",1
200943018,1.21452379482099,3,"Sky News online",0
201031662,1.21426695834112,NA,"Sky News online",0
201133542,0.762200612482054,1,"Sky News online",0
201265918,0.953571918607351,4,"Sky News online",0
201367576,0.90245690193347,4,"Sky News online",0
201625112,1.18883583673466,5,"Sky News online",0
201709818,0.943964361016793,2,"Sky News online",0
201851786,1.15799984063728,2,"Sky News online",0
202076204,1.29934630807033,2,"Sky News online",1
202316304,0.698489546239543,2,"Sky News online",0
202403114,0.944236419376229,NA,"Sky News online",0
202537426,0.931813698325488,NA,"Sky News online",0
202680518,0.778813893510985,2,"Sky News online",0
202754734,0.968304046989479,3,"Sky News online",0
202764490,0.712410069598968,2,"Sky News online",0
202844662,0.742346153465333,NA,"Sky News online",0
202981238,0.848005193832514,2,"Sky News online",0
203212024,0.97469913494187,6,"Sky News online",0
203251140,0.823793349980589,4,"Sky News online",0
204090186,1.4425888890715,NA,"Sky News online",0
204102930,0.984700808826954,5,"Sky News online",0
204552288,0.863240279530685,NA,"Sky News online",0
204895206,1.00109334272386,2,"Sky News online",0
204996536,0.775060418258596,NA,"Sky News online",0
205484624,1.18588314935095,7,"Sky News online",0
205722142,0.784162620215093,3,"Sky News online",0
205793190,1.57811157523217,2,"Sky News online",0
206173236,0.857985107542588,NA,"Sky News online",0
206314330,0.95843569630638,1,"Sky News online",0
206318408,0.895102269380755,2,"Sky News online",0
206601182,0.879085018295835,NA,"Sky News online",1
207164462,0.912855054731037,NA,"Sky News online",0
207436264,0.7404200870223,1,"Sky News online",0
207599710,0.925208410912284,2,"Sky News online",0
207695406,1.09743024031428,4,"Sky News online",0
207786978,0.912183457423489,5,"Sky News online",0
208047094,1.10418313814952,3,"Sky News online",0
209165658,0.890565983102308,5,"Sky News online",0
209413126,1.52432453602188,7,"Sky News online",1
209866626,1.24761458191374,2,"Sky News online",0
209992246,0.729783196899742,2,"Sky News online",0
210427990,0.847795777918023,1,"Sky News online",0
210634698,1.05613565137138,1,"Sky News online",0
210705620,0.984872909070726,NA,"Sky News online",0
210973274,1.30206010169634,NA,"Sky News online",0
211557848,1.11026399086635,1,"Sky News online",0
211614162,0.868826907256223,4,"Sky News online",0
212594212,0.951089511121735,6,"Sky News online",0
212766598,0.839345541875355,1,"Sky News online",0
212814838,0.860016278737157,NA,"Sky News online",0
212911900,1.45585119904404,5,"Sky News online",0
213303222,0.918760708695607,NA,"Sky News online",0
213334672,0.912751045639224,4,"Sky News online",0
213683888,0.912407017716603,5,"Sky News online",0
213748474,0.903663392866233,7,"Sky News online",1
213828766,0.989809342081748,2,"Sky News online",0
214504362,0.895102269380755,1,"Sky News online",0
214542556,1.01514524843832,2,"Sky News online",0
214647688,1.09581237183483,2,"Sky News online",0
214705116,0.750261731491196,5,"Sky News online",0
214705540,0.943045294737587,6,"Sky News online",0
214782434,1.15663276814745,3,"Sky News online",1
214919442,1.47301391678228,6,"Sky News online",0
215182932,0.987360667155474,3,"Sky News online",0
215337708,0.908226066873662,NA,"Sky News online",0
215350336,1.2934980155536,3,"Sky News online",0
215847292,0.7974230904666,2,"Sky News online",1
216188834,0.776095978591184,2,"Sky News online",1
216272100,0.809073472065475,1,"Sky News online",0
216313362,0.830966332152616,3,"Sky News online",0
216418204,0.6867008585599,1,"Sky News online",0
216461404,1.11051619593532,4,"Sky News online",0
216637570,0.835560094170178,NA,"Sky News online",0
216723118,0.844139524106999,NA,"Sky News online",0
216725792,0.790229143481072,4,"Sky News online",0
216828318,0.919494704733774,4,"Sky News online",0
216895288,0.860016278737157,NA,"Sky News online",0
216908350,1.00163722436716,3,"Sky News online",0
216961206,1.18849329668165,5,"Sky News online",0
217018758,1.07256211393686,4,"Sky News online",0
217404998,1.4232523760552,4,"Sky News online",0
217434406,0.756132193432155,3,"Sky News online",0
217449106,0.737218226769749,2,"Sky News online",0
217460402,0.829410668184509,3,"Sky News online",0
217463830,1.32307302708996,5,"Sky News online",0
217528310,0.866212163931396,NA,"Sky News online",0
217553724,0.741189723475154,2,"Sky News online",0
217579366,0.899073780798858,4,"Sky News online",0
217681482,0.694959492473598,2,"Sky News online",0
217702220,1.00004306574514,3,"Sky News online",1
217929982,1.00522952111069,1,"Sky News online",0
218114698,0.70660062760802,NA,"Sky News online",0
218454384,0.983643282395186,3,"Sky News online",0
218620750,0.619355507032209,1,"Sky News online",0
218643398,0.771430872348229,5,"Sky News online",0
218656194,0.688828404463518,5,"Sky News online",0
218746690,1.16638330687677,5,"Sky News online",0
218934422,0.735912610954502,4,"Sky News online",0
218952050,0.882380503354242,1,"Sky News online",0
218963904,0.912183457423489,5,"Sky News online",0
219022438,0.882017873813367,5,"Sky News online",1
219038858,0.95586767490274,3,"Sky News online",0
219040804,0.985382473325205,4,"Sky News online",0
219112332,1.10082253700897,5,"Sky News online",1
219245036,0.891759271498008,2,"Sky News online",0
219346770,1.08983106013814,2,"Sky News online",1
219367528,1.30857673358798,NA,"Sky News online",0
219419076,1.02620147799138,6,"Sky News online",1
219867038,1.09964411176069,NA,"Sky News online",0
219883088,1.07026806359058,NA,"Sky News online",0
219891768,0.959524517418811,4,"Sky News online",0
219899294,0.839345541875355,NA,"Sky News online",0
219914870,1.27763193734344,4,"Sky News online",1
219936024,0.74673845948225,1,"Sky News online",1
220022946,0.888668334820385,NA,"Sky News online",0
220398446,0.959524517418811,2,"Sky News online",0
220611686,1.01785613990395,NA,"Sky News online",0
221034898,1.08919604901607,3,"Sky News online",0
221072708,1.44942208630729,4,"Sky News online",0
221163810,0.834442913150283,NA,"Sky News online",0
221239026,0.983653212257379,3,"Sky News online",0
221265120,0.917042901995385,NA,"Sky News online",0
221438034,1.0524006915959,2,"Sky News online",0
222078018,0.823793349980589,NA,"Sky News online",0
222674832,1.12381580180177,4,"Sky News online",0
222774356,1.14130896824919,2,"Sky News online",0
222783664,1.15799984063728,2,"Sky News online",0
222992888,0.979913830755939,6,"Sky News online",0
222997602,1.52432786858755,3,"Sky News online",0
223176024,0.900303511838918,NA,"Sky News online",0
223312110,1.01989585535132,2,"Sky News online",0
223582478,1.31605076340834,4,"Sky News online",0
223686784,0.864659880109122,5,"Sky News online",0
223778558,1.0825660039839,3,"Sky News online",1
223999722,0.874370005145519,5,"Sky News online",0
224004480,0.932744025468468,NA,"Sky News online",1
224143550,0.908203905617775,2,"Sky News online",1
224704992,0.81316501955558,5,"Sky News online",1
224758586,1.04154625420011,4,"Sky News online",0
224887896,1.20518652843978,3,"Sky News online",0
225386206,0.818563175004828,NA,"Sky News online",0
225867244,1.10956744760794,4,"Sky News online",0
226237464,0.748008777113973,NA,"Sky News online",0
226414622,1.20661248221301,3,"Sky News online",0
226528450,1.09996425764235,NA,"Sky News online",1
226709756,0.864648370610447,3,"Sky News online",0
226826130,1.08225092188429,4,"Sky News online",0
226855626,1.15071974497183,NA,"Sky News online",0
226882688,1.11090807244372,6,"Sky News online",1
227055894,0.858518971901073,5,"Sky News online",0
227287102,0.954906372808957,2,"Sky News online",0
227602660,0.950592752033376,6,"Sky News online",0
227944558,0.90877666529352,4,"Sky News online",0
227964436,1.14587098527074,2,"Sky News online",0
228016344,0.809224797923887,4,"Sky News online",1
228028350,0.755649031892398,3,"Sky News online",0
228033558,0.902234756709367,5,"Sky News online",1
228067372,1.18539204557697,2,"Sky News online",0
228282186,1.00522952111069,3,"Sky News online",1
228389346,1.19084117181984,5,"Sky News online",1
229108716,0.773514149606264,NA,"Sky News online",0
229201752,0.970690828252488,5,"Sky News online",0
229285242,1.13489395532347,5,"Sky News online",0
229327278,0.838923395031558,4,"Sky News online",0
229338436,1.31023536383949,NA,"Sky News online",0
229490082,0.825629512531082,NA,"Sky News online",0
229997250,0.937281405220983,6,"Sky News online",0
230016728,1.10038211214613,1,"Sky News online",0
230479568,0.710710158186194,3,"Sky News online",0
230516334,1.30744938561453,NA,"Sky News online",0
230656214,0.952514054234276,2,"Sky News online",0
230940244,0.777455531331569,5,"Sky News online",0
230963370,0.730423074421176,5,"Sky News online",0
231092038,1.25917004392884,NA,"Sky News online",0
231133080,0.863240279530685,NA,"Sky News online",0
231137692,1.11051619593532,2,"Sky News online",0
231255642,1.0157502681202,NA,"Sky News online",0
231417390,1.04821129985381,3,"Sky News online",0
231449930,0.893882382987373,3,"Sky News online",0
231502246,1.09687379397963,6,"Sky News online",0
231657460,1.00711738265362,5,"Sky News online",0
231680166,0.864648370610447,NA,"Sky News online",0
231824598,0.882380503354242,5,"Sky News online",0
231930060,1.15733318602746,6,"Sky News online",0
232199162,0.810238724016875,2,"Sky News online",0
232325042,0.88094433995283,3,"Sky News online",0
232456138,0.996756983269718,5,"Sky News online",0
232507610,0.966780512115836,6,"Sky News online",0
232565984,0.849860689645018,4,"Sky News online",0
232909178,1.85652836451132,3,"Sky News online",0
232912942,0.912183457423489,2,"Sky News online",0
233227326,0.973494560447607,6,"Sky News online",0
233229830,1.04545076860647,5,"Sky News online",1
233551168,0.907934336325401,NA,"Sky News online",0
234100332,1.37936339097195,4,"Sky News online",0
234264702,0.967262509779359,4,"Sky News online",0
234268414,1.139891498601,3,"Sky News online",0
234465532,0.941475061743225,7,"Sky News online",1
234502100,1.15663276814745,3,"Sky News online",0
234694572,0.981435454214154,NA,"Sky News online",0
234747608,0.716311934393466,NA,"Sky News online",0
234862160,0.916234397601368,2,"Sky News online",0
234910798,0.659365413068409,3,"Sky News online",1
234950940,1.1215982337261,NA,"Sky News online",0
234954360,0.815368449823886,6,"Sky News online",1
235025102,0.693175934117593,4,"Sky News online",0
235027802,1.21362380586101,3,"Sky News online",0
235102532,0.861340258855701,3,"Sky News online",0
235177924,1.00421857653253,4,"Sky News online",1
235178750,1.09149051834509,2,"Sky News online",0
235209238,1.54317816939359,NA,"Sky News online",0
235234060,1.31348228308953,NA,"Sky News online",0
235237936,0.791474064625286,3,"Sky News online",1
235244244,1.1904945761062,4,"Sky News online",1
235469740,0.748564002239245,4,"Sky News online",0
235517380,0.901411846932764,NA,"Sky News online",0
235565420,0.776014895656018,4,"Sky News online",0
235620462,1.43560410948649,3,"Sky News online",0
235628006,0.773399412103734,4,"Sky News online",0
235742916,0.913637010769501,1,"Sky News online",1
235783414,0.72111127939402,2,"Sky News online",0
235893704,1.46484040074194,5,"Sky News online",0
235955062,0.886822303562665,4,"Sky News online",0
236100192,1.25806440010956,5,"Sky News online",1
236114346,0.872905228243007,4,"Sky News online",0
236139646,1.156249547604,NA,"Sky News online",0
236168312,1.08546716548142,5,"Sky News online",0
236176102,1.08546716548142,7,"Sky News online",0
236332178,0.809073472065475,NA,"Sky News online",0
236358398,0.803926781539201,4,"Sky News online",0
236397790,0.802387953519758,4,"Sky News online",0
236408360,1.42346835608274,5,"Sky News online",0
236417094,0.931747268644087,5,"Sky News online",0
236424730,0.849112665727184,7,"Sky News online",0
236782462,0.722093620081988,NA,"Sky News online",0
236899074,0.902075513615672,5,"Sky News online",0
236903984,0.874509220133132,4,"Sky News online",0
236975626,1.38343570454086,5,"Sky News online",0
236984614,1.50841158285983,NA,"Sky News online",0
237155958,1.24425302684611,6,"Sky News online",0
237191118,0.886933958615908,1,"Sky News online",0
237284658,0.883636508279602,1,"Sky News online",1
237293988,1.26537557701981,NA,"Sky News online",0
237415254,0.854940286954503,5,"Sky News online",0
237533682,0.726716343700419,4,"Sky News online",0
237804168,0.829952927673403,NA,"Sky News online",0
237806992,1.0114882148568,3,"Sky News online",1
237861170,0.809224797923887,4,"Sky News online",0
237972620,0.986126522965511,NA,"Sky News online",0
237981932,0.992069247869398,1,"Sky News online",0
238043820,0.841918816446721,4,"Sky News online",0
238150478,1.03853157643102,4,"Sky News online",1
238207106,0.957109686868463,3,"Sky News online",0
238378106,1.14434386745079,2,"Sky News online",0
238537170,0.955189414368835,4,"Sky News online",0
238695936,0.949177425027681,7,"Sky News online",0
238837960,1.06872920288467,1,"Sky News online",0
238969016,0.918543414767566,2,"Sky News online",0
239021156,0.900631603709599,3,"Sky News online",0
239283474,0.860951706028191,4,"Sky News online",0
239295582,0.874612171631431,NA,"Sky News online",0
239328428,1.07274758838559,2,"Sky News online",0
239716750,0.788316125564276,5,"Sky News online",1
239717746,1.04639855996209,2,"Sky News online",0
239824926,0.992069247869398,6,"Sky News online",0
240252406,1.04825989369176,4,"Sky News online",0
240384426,0.882380503354242,6,"Sky News online",0
240428194,1.58697342450866,4,"Sky News online",1
240480492,0.722093620081988,2,"Sky News online",0
240592222,0.828602095447296,3,"Sky News online",0
241004572,1.31348228308953,2,"Sky News online",0
241259180,1.17416735801091,NA,"Sky News online",0
241260470,0.790256026834739,2,"Sky News online",0
241677794,0.682042595020447,2,"Sky News online",1
241770534,1.00067745746996,NA,"Sky News online",0
241910882,1.31348228308953,3,"Sky News online",0
241961008,0.706764486668654,NA,"Sky News online",0
241997550,1.18197456823178,6,"Sky News online",1
242019596,1.40736293547749,2,"Sky News online",0
242079690,1.34140664769378,4,"Sky News online",1
242113384,1.12734874109699,3,"Sky News online",0
242126000,1.07026806359058,3,"Sky News online",0
242131272,0.849860689645018,NA,"Sky News online",0
242184698,0.839466032239436,4,"Sky News online",0
242191316,1.11759417950103,NA,"Sky News online",0
242201262,1.07080007470534,2,"Sky News online",0
242614170,1.23719503916481,2,"Sky News online",1
242728716,1.17805730289448,3,"Sky News online",0
242734358,0.858195384763216,NA,"Sky News online",0
242982242,1.12231538296698,NA,"Sky News online",0
243033632,1.13006190461584,2,"Sky News online",0
243174734,1.42081610668656,NA,"Sky News online",1
243267978,0.952161368446369,4,"Sky News online",1
243270752,1.08189143205945,NA,"Sky News online",0
243275230,1.02210344133425,2,"Sky News online",0
243277344,1.12852173237047,3,"Sky News online",0
243282568,1.04821129985381,3,"Sky News online",0
243302040,1.18344743924511,6,"Sky News online",0
243360098,1.09149051834509,1,"Sky News online",0
243389836,1.08542077453939,NA,"Sky News online",0
243416922,1.27039863364042,6,"Sky News online",0
243513246,0.865819742700279,NA,"Sky News online",0
243570914,1.47853590299812,NA,"Sky News online",0
243621412,0.951296560837276,4,"Sky News online",1
243768256,1.10933996797269,4,"Sky News online",0
243770838,1.37004414647068,NA,"Sky News online",0
243811922,0.85145803757202,NA,"Sky News online",0
243856312,1.12852173237047,2,"Sky News online",0
243956104,1.00522952111069,3,"Sky News online",0
243962186,1.01471712560845,4,"Sky News online",0
244017652,1.50424951966136,NA,"Sky News online",0
244066224,1.30394983776155,2,"Sky News online",0
244225582,1.00717734988056,2,"Sky News online",0
244231600,1.09399861784537,4,"Sky News online",0
244239608,1.02450597084423,5,"Sky News online",1
244272520,0.666104197458307,3,"Sky News online",0
244363094,0.728004669895852,NA,"Sky News online",0
244459822,1.65135207820116,4,"Sky News online",0
244460394,0.731676761639663,5,"Sky News online",0
244471710,1.16537677294192,NA,"Sky News online",0
244472510,1.07552028946906,4,"Sky News online",0
244511076,1.14263281467796,3,"Sky News online",1
244520624,1.03853157643102,6,"Sky News online",0
244609110,0.907525909674223,1,"Sky News online",0
244670794,1.03436469303264,NA,"Sky News online",0
244675238,1.34791680346685,6,"Sky News online",0
244819998,0.982635894449724,5,"Sky News online",0
244835122,1.12711893978127,NA,"Sky News online",0
244934952,1.03399176987092,5,"Sky News online",1
244936998,0.835834619933641,NA,"Sky News online",0
244967280,0.617940442239118,5,"Sky News online",0
244975708,0.869645131123742,NA,"Sky News online",0
244991036,0.748709925131492,1,"Sky News online",0
245033894,0.965601687695346,NA,"Sky News online",0
245035084,0.82403318580157,2,"Sky News online",0
245041128,1.02785139550654,5,"Sky News online",0
245098012,0.811949940596628,NA,"Sky News online",1
245109482,1.17687254795235,5,"Sky News online",0
245112736,0.937792852445881,1,"Sky News online",0
245150468,0.962606283970557,2,"Sky News online",0
245172088,0.949997178024947,6,"Sky News online",0
245189310,0.760500356697638,1,"Sky News online",0
245226426,1.11161838640186,NA,"Sky News online",1
245495782,1.03935668286125,2,"Sky News online",1
245506204,1.46674226043578,4,"Sky News online",0
245527012,0.88152661190806,4,"Sky News online",1
245541078,0.906926594120061,2,"Sky News online",0
245581332,0.940979139985692,NA,"Sky News online",0
245664702,1.18512538089011,NA,"Sky News online",0
245696286,1.09141372224,6,"Sky News online",0
245725342,0.874228151225759,NA,"Sky News online",0
245732252,0.739042129788318,3,"Sky News online",1
245800866,0.970574089858866,3,"Sky News online",1
245898614,1.07026806359058,NA,"Sky News online",0
245915150,1.31076378105843,4,"Sky News online",0
245921714,0.985720727774559,NA,"Sky News online",0
245927260,1.2495897009648,6,"Sky News online",0
246036172,0.746752392074174,NA,"Sky News online",0
246117174,1.45275916279413,NA,"Sky News online",0
246119092,0.743709610051722,4,"Sky News online",0
246119930,1.20661248221301,5,"Sky News online",0
246180398,0.804905306198983,5,"Sky News online",0
246191638,0.905840002742017,6,"Sky News online",0
246192908,1.06641072555465,4,"Sky News online",0
246193934,1.09328485701699,5,"Sky News online",0
246309946,1.07399996424319,2,"Sky News online",1
246321994,0.915112869682585,2,"Sky News online",1
246353120,1.31775701534186,4,"Sky News online",0
246358096,1.04435282686173,4,"Sky News online",0
246374866,0.841427799185097,3,"Sky News online",0
246506818,1.03853157643102,6,"Sky News online",0
246516648,1.21001277884327,NA,"Sky News online",0
246520718,1.07925652353775,2,"Sky News online",0
246542616,0.844139524106999,3,"Sky News online",0
246592442,1.05676039073738,2,"Sky News online",0
246688526,1.05966422491494,1,"Sky News online",0
246714200,1.10801522637059,1,"Sky News online",0
246727592,0.924041284515153,5,"Sky News online",0
246735126,1.12410318225958,5,"Sky News online",0
246806450,1.08606873653083,5,"Sky News online",0
246938584,0.815344215130893,6,"Sky News online",0
246952162,0.957444009006743,3,"Sky News online",0
247027498,0.966585142604069,5,"Sky News online",0
247316044,0.836210782345226,1,"Sky News online",0
247330152,0.84389780870887,5,"Sky News online",0
247346276,1.07406539090756,4,"Sky News online",0
247392880,1.00153209041442,6,"Sky News online",0
247498812,1.389252481525,4,"Sky News online",0
247534644,1.25025791137697,2,"Sky News online",0
247760106,1.43923470614957,NA,"Sky News online",0
247791542,1.53191879472082,5,"Sky News online",1
247914468,1.03050753737529,2,"Sky News online",0
247918880,1.04081740064865,NA,"Sky News online",0
247935700,1.04225630605842,3,"Sky News online",0
247999208,0.809567149658432,4,"Sky News online",0
247999610,0.93157629109852,NA,"Sky News online",0
248011082,1.00675007248202,4,"Sky News online",0
248144518,1.46126432071995,NA,"Sky News online",0
248294862,1.1826186803262,2,"Sky News online",0
248308458,1.15970012963805,5,"Sky News online",1
248312342,1.15970012963805,5,"Sky News online",0
248371612,0.994700190974875,5,"Sky News online",1
248421386,0.800172571702637,2,"Sky News online",0
248471346,1.00593672063042,3,"Sky News online",0
248471944,1.15970012963805,5,"Sky News online",0
248772720,0.777455531331569,NA,"Sky News online",0
248793778,0.869672230435079,4,"Sky News online",0
248799736,1.35940734902808,NA,"Sky News online",0
248954192,0.72360665178835,4,"Sky News online",0
248970416,1.14649981273723,3,"Sky News online",1
248980952,1.18560985092296,4,"Sky News online",0
249046688,1.04639855996209,2,"Sky News online",0
249112664,1.15970012963805,5,"Sky News online",0
249120520,0.777751512521152,4,"Sky News online",0
249136112,0.98852660138264,NA,"Sky News online",0
249182422,1.01560192037423,5,"Sky News online",1
249193606,0.938422246637422,5,"Sky News online",0
249204898,1.67485030842223,4,"Sky News online",0
249310854,1.03628267738863,6,"Sky News online",0
249310956,0.837240561017362,NA,"Sky News online",0
249357128,0.779730772953144,NA,"Sky News online",0
249400044,0.937282210218467,NA,"Sky News online",0
249428076,1.02243301700971,4,"Sky News online",1
249636656,1.27061121852916,NA,"Sky News online",0
249641718,0.951296560837276,6,"Sky News online",0
249831400,0.900631603709599,NA,"Sky News online",0
249874586,1.03853157643102,5,"Sky News online",0
249882198,1.45736810296744,2,"Sky News online",0
249886344,0.844599804018056,2,"Sky News online",0
249933564,1.19920202677496,6,"Sky News online",0
249967960,1.24002630665162,4,"Sky News online",0
249988812,1.00446403073359,4,"Sky News online",1
250004016,1.39097574873337,NA,"Sky News online",0
250022452,1.00522952111069,2,"Sky News online",1
250144212,0.908992665360407,NA,"Sky News online",0
250315768,0.957146637712426,5,"Sky News online",0
250481724,1.21905665339257,2,"Sky News online",0
250524840,0.837240561017362,NA,"Sky News online",0
250528716,0.944539814233425,4,"Sky News online",0
250594856,0.911608550605073,2,"Sky News online",0
250603264,0.850421468757355,NA,"Sky News online",1
250778074,0.902302814296871,4,"Sky News online",0
250915674,0.959615992781274,4,"Sky News online",0
250955916,1.27061121852916,4,"Sky News online",1
251114406,1.64127489930417,NA,"Sky News online",1
251140312,1.06282532556844,1,"Sky News online",1
251195960,0.631352578789425,3,"Sky News online",0
251250296,1.29319229243722,5,"Sky News online",0
251292618,0.992069247869398,5,"Sky News online",0
251304660,1.03853157643102,4,"Sky News online",0
251336130,1.05966422491494,4,"Sky News online",0
251435988,1.01679535433635,2,"Sky News online",0
251441206,0.840379180947973,NA,"Sky News online",0
251520114,1.00055203366279,7,"Sky News online",0
251660972,1.2166313101662,NA,"Sky News online",0
251688052,1.2166313101662,NA,"Sky News online",0
251757978,1.01225185360331,4,"Sky News online",1
251947168,0.891999745501182,NA,"Sky News online",0
251955692,1.11306076189116,4,"Sky News online",0
252094444,0.877623404426673,2,"Sky News online",0
252282394,1.02393473104551,6,"Sky News online",0
252284636,1.35087488602065,1,"Sky News online",0
252344084,1.19686416781481,5,"Sky News online",1
252495830,0.634041537320341,4,"Sky News online",0
252572488,1.09295094620214,6,"Sky News online",1
252572592,0.860016278737157,NA,"Sky News online",0
252582704,0.781094152978036,3,"Sky News online",0
252620370,1.35087488602065,NA,"Sky News online",0
252701886,0.871249782440781,4,"Sky News online",0
252761092,0.847853503740656,3,"Sky News online",1
252892348,1.24722763970459,7,"Sky News online",0
252972498,1.17829308234422,5,"Sky News online",0
252991186,1.21628093886108,NA,"Sky News online",0
252993850,1.04545076860647,6,"Sky News online",0
253017160,0.996488849604868,5,"Sky News online",1
253047984,1.00013130418113,NA,"Sky News online",0
253058828,1.61207512336239,NA,"Sky News online",0
253094232,0.945516606100346,1,"Sky News online",0
253104970,0.986126522965511,NA,"Sky News online",0
253350012,1.09149051834509,4,"Sky News online",0
253366666,1.109981118125,4,"Sky News online",1
253372226,0.91533745396678,5,"Sky News online",1
253409710,1.15088794154556,NA,"Sky News online",0
253413920,1.44412465285759,2,"Sky News online",0
253414426,1.57263594352526,4,"Sky News online",0
253473946,1.35820553694131,3,"Sky News online",0
253583024,0.847853503740656,3,"Sky News online",0
253700274,1.2166313101662,NA,"Sky News online",0
253773196,0.830583986577563,2,"Sky News online",0
253971900,1.2296964925649,4,"Sky News online",0
254011828,1.19486633620577,NA,"Sky News online",1
254027902,0.947989673412706,NA,"Sky News online",0
254042094,0.702771877355593,3,"Sky News online",0
254043028,1.4050837777731,4,"Sky News online",0
254074910,0.839345541875355,NA,"Sky News online",0
254084544,1.00565586171353,NA,"Sky News online",0
254128848,1.25806440010956,2,"Sky News online",0
254143726,1.43726515314281,5,"Sky News online",0
254242758,0.853436779759635,6,"Sky News online",0
254279428,0.959461704892058,4,"Sky News online",0
254422914,0.667132118089837,5,"Sky News online",0
254516300,1.22413509579127,6,"Sky News online",0
254616818,1.12345227352438,NA,"Sky News online",0
254651770,1.11834396160192,3,"Sky News online",0
254662346,0.711854759046975,1,"Sky News online",0
254679304,1.26776673367235,3,"Sky News online",1
254763566,1.52805623909157,5,"Sky News online",0
254771514,1.74486379261252,5,"Sky News online",1
254814504,1.50409503337125,3,"Sky News online",0
254840058,0.908333257646119,2,"Sky News online",0
254858296,1.52805623909157,5,"Sky News online",1
254889174,1.28214454708282,2,"Sky News online",0
254900654,0.959719806232124,NA,"Sky News online",0
255120288,1.10221638715275,NA,"Sky News online",0
255179604,1.09149051834509,1,"Sky News online",1
255467932,1.32940283047737,4,"Sky News online",0
255508122,1.30210823927937,NA,"Sky News online",1
255533664,1.28495421012571,NA,"Sky News online",0
255575134,1.43726515314281,5,"Sky News online",1
255575162,1.43726515314281,5,"Sky News online",0
255830148,0.912183457423489,NA,"Sky News online",0
255842650,1.04080094107007,3,"Sky News online",0
255845516,0.822284956213542,5,"Sky News online",0
255876590,1.41931298375505,7,"Sky News online",0
255886052,1.53266790113363,5,"Sky News online",0
255930730,1.09587735077075,NA,"Sky News online",0
256296114,1.26354964734177,NA,"Sky News online",0
256372290,1.14698194567146,1,"Sky News online",0
256377332,1.03841065441449,3,"Sky News online",0
256382828,0.888668334820385,4,"Sky News online",0
256629652,1.46126432071995,NA,"Sky News online",0
256654994,1.5729540438391,5,"Sky News online",0
256716582,0.70660062760802,4,"Sky News online",0
256734410,1.62495476738903,3,"Sky News online",0
256744152,1.52805623909157,5,"Sky News online",1
256765230,0.992069247869398,1,"Sky News online",0
256829698,1.0280548645453,5,"Sky News online",0
256902536,0.895919419067703,3,"Sky News online",0
256948856,0.967182023077504,2,"Sky News online",1
256975524,1.25560707761896,4,"Sky News online",0
257056952,1.17672062322091,2,"Sky News online",0
257117462,0.864322424376335,4,"Sky News online",1
257140874,1.25560707761896,1,"Sky News online",0
257329310,1.00055203366279,4,"Sky News online",0
257439154,1.17076230068469,5,"Sky News online",1
257444136,1.13094910625205,4,"Sky News online",0
257447848,1.21050592719842,5,"Sky News online",0
257529088,1.5587940285612,4,"Sky News online",0
257568892,0.911337970760185,NA,"Sky News online",0
257571518,1.05966422491494,5,"Sky News online",0
257627044,1.58931555708301,NA,"Sky News online",1
257634768,1.11058474135198,4,"Sky News online",0
257649116,1.35313295653385,2,"Sky News online",0
257664948,0.861018752332383,7,"Sky News online",0
257675396,1.32098433130753,NA,"Sky News online",0
257690444,1.02764368463236,5,"Sky News online",0
257716944,0.907934336325401,NA,"Sky News online",0
257776224,0.802361947713291,2,"Sky News online",0
257781626,0.785667680325056,2,"Sky News online",0
257800766,1.05631709786659,NA,"Sky News online",0
257916366,0.947861602426335,5,"Sky News online",1
257929404,1.13781406477558,4,"Sky News online",0
258020620,0.789474934182,NA,"Sky News online",0
258224158,1.0118088844434,4,"Sky News online",0
258240248,1.0103637972367,5,"Sky News online",0
258247388,0.860016278737157,NA,"Sky News online",0
258329500,1.0103637972367,6,"Sky News online",0
258330704,0.933781680109807,NA,"Sky News online",0
258459848,0.879904344324191,2,"Sky News online",0
258526256,0.886933958615908,4,"Sky News online",0
258645752,1.34582968388196,1,"Sky News online",0
258665790,1.05463771209613,2,"Sky News online",0
258681212,1.17782370179777,2,"Sky News online",0
258709540,1.0114882148568,4,"Sky News online",0
258778800,0.805845311522441,2,"Sky News online",0
258819738,0.871182216099515,NA,"Sky News online",0
258826400,1.0114882148568,4,"Sky News online",0
258836194,1.44412647653647,6,"Sky News online",0
258837580,1.45876151575058,5,"Sky News online",0
258919130,0.865819742700279,3,"Sky News online",0
258964502,1.38207320158619,NA,"Sky News online",0
259003810,0.825730068556372,3,"Sky News online",0
259109580,1.17927293524207,3,"Sky News online",0
259142246,0.631957775386743,NA,"Sky News online",0
259159332,1.13811858320268,1,"Sky News online",0
259167646,0.874667222990687,1,"Sky News online",0
259184034,0.944478158961642,NA,"Sky News online",0
259225656,1.16974549913189,4,"Sky News online",0
259242222,1.15163773693288,NA,"Sky News online",0
259250984,1.41136041470365,NA,"Sky News online",0
259260544,0.668747674183253,1,"Sky News online",0
259290400,0.966585142604069,5,"Sky News online",0
259304028,0.753374999439595,4,"Sky News online",0
259475668,1.11651904920855,3,"Sky News online",0
259486672,1.35087488602065,3,"Sky News online",0
259523456,1.42304647564076,4,"Sky News online",0
259539898,1.14314704979682,5,"Sky News online",1
259540724,1.23947720042178,3,"Sky News online",0
259652418,1.52432786858755,6,"Sky News online",0
259691782,0.973446004714624,7,"Sky News online",0
259703584,0.767207246569012,3,"Sky News online",0
259787932,1.07791744583546,2,"Sky News online",0
259807156,1.13489395532347,6,"Sky News online",0
259814654,1.09329050988517,4,"Sky News online",0
259874450,0.9205756783726,NA,"Sky News online",0
259911830,0.844414264278832,NA,"Sky News online",1
259915756,1.14051234166405,4,"Sky News online",1
259921504,0.962434844103709,6,"Sky News online",0
259923704,0.972481734845992,1,"Sky News online",0
260065192,0.62334240367033,4,"Sky News online",0
260083968,1.21415512943999,3,"Sky News online",0
260138946,1.2166313101662,4,"Sky News online",0
260181550,1.3795942097128,3,"Sky News online",0
260182324,1.04186346589293,6,"Sky News online",0
260192104,1.12660251080514,4,"Sky News online",0
260214658,0.93624204253036,1,"Sky News online",0
260252636,0.738421552997824,NA,"Sky News online",0
260267474,0.878672242175325,2,"Sky News online",0
260287420,0.719925047398161,5,"Sky News online",0
260293456,0.922755024824995,NA,"Sky News online",0
260311614,0.818563175004828,NA,"Sky News online",0
260324730,0.741597558132564,4,"Sky News online",0
260327522,1.4748264475141,NA,"Sky News online",0
260350348,1.15970012963805,4,"Sky News online",0
260365118,1.07026806359058,4,"Sky News online",0
260383590,0.758716631938431,NA,"Sky News online",0
260392790,1.42614241546544,NA,"Sky News online",0
260394396,0.98804833730148,4,"Sky News online",0
260394922,0.847795777918023,4,"Sky News online",1
260409030,0.915477417633601,NA,"Sky News online",0
260450826,1.1535138247527,2,"Sky News online",1
260467546,1.24681825344492,NA,"Sky News online",0
260485980,1.10502380836018,1,"Sky News online",0
260488996,0.59860493491936,NA,"Sky News online",0
260515502,0.924164122376536,6,"Sky News online",0
260558310,0.883840804839242,6,"Sky News online",0
260584102,0.83672340058174,NA,"Sky News online",0
260638540,0.955375586826625,NA,"Sky News online",0
260714790,0.701845158958922,4,"Sky News online",0
260811908,0.984850686085726,4,"Sky News online",0
260931750,0.84389780870887,6,"Sky News online",0
260964070,0.978601517128702,NA,"Sky News online",0
261051208,1.20992764363874,1,"Sky News online",0
261062580,0.965616372392045,4,"Sky News online",0
261068880,0.59519163967669,1,"Sky News online",0
20022530,0.894742969930345,4,"Guardian",0
20023753,0.817899511525492,6,"Guardian",0
20025447,0.924464590075186,5,"Guardian",1
20026947,0.821534967006642,2,"Guardian",0
20047619,0.820360991763164,6,"Guardian",0
20048332,1.1759725084016,4,"Guardian",0
20048618,0.925208410912284,4,"Guardian",0
20050448,0.987033283522209,5,"Guardian",0
20051529,0.761143846254295,4,"Guardian",0
20051923,0.803926781539201,6,"Guardian",0
20052122,1.03465290359113,4,"Guardian",0
20052241,0.915122066222173,4,"Guardian",0
20054024,0.897206273270836,5,"Guardian",0
20054270,0.917818307739336,NA,"Guardian",0
20054395,1.03853157643102,5,"Guardian",0
20060542,0.971117221620311,NA,"Guardian",0
20064022,1.02756830800205,6,"Guardian",0
20065179,1.01019313817515,4,"Guardian",0
20067149,1.36837782143029,5,"Guardian",0
20067844,0.887468293345291,5,"Guardian",0
20073628,0.923817194805369,3,"Guardian",0
20074410,0.773996228257417,NA,"Guardian",0
20077389,1.18669564292533,NA,"Guardian",0
20078507,1.00964339403178,3,"Guardian",1
20085274,1.09594320375307,4,"Guardian",0
20086548,0.973494560447607,6,"Guardian",0
20087794,0.788292694930814,6,"Guardian",0
20087888,0.8108497346763,NA,"Guardian",0
20088212,0.817899511525492,6,"Guardian",0
20089287,0.760970327217994,4,"Guardian",0
20089575,0.765847326092285,3,"Guardian",0
20091650,1.36467995317101,6,"Guardian",0
20091668,0.976826118736406,4,"Guardian",0
20093294,0.890771270097029,6,"Guardian",0
20096796,0.909315105885082,3,"Guardian",0
20098142,0.851773826284773,2,"Guardian",0
20099291,0.976826118736406,6,"Guardian",0
20102045,1.18262480891063,4,"Guardian",0
20103834,1.18127904724926,NA,"Guardian",0
20105311,0.978841972355124,NA,"Guardian",0
20106754,0.995000205805947,7,"Guardian",0
20107774,0.957175087236545,4,"Guardian",0
20108848,0.686890779810034,4,"Guardian",0
20113956,1.05395044442534,6,"Guardian",0
20114172,0.884671877547993,5,"Guardian",0
20114869,1.42500367564671,2,"Guardian",0
20115167,0.748282483561949,3,"Guardian",0
20122155,1.27260493984081,4,"Guardian",0
20122792,1.09295094620214,4,"Guardian",0
20124135,0.915653346199629,6,"Guardian",0
20125503,0.798900062604096,5,"Guardian",0
20126726,0.739654295956792,NA,"Guardian",0
20128496,0.928967578985955,5,"Guardian",0
20133288,1.2934980155536,3,"Guardian",1
20133843,1.07922092931644,4,"Guardian",0
20133959,0.976826118736406,5,"Guardian",0
20134062,0.953571918607351,4,"Guardian",0
20135037,0.948052073531323,7,"Guardian",0
20135236,1.17776303245002,NA,"Guardian",0
20135368,0.976826118736406,5,"Guardian",0
20135890,0.825688491871181,3,"Guardian",0
20135896,1.02691170127348,5,"Guardian",0
20136090,1.07868111800161,4,"Guardian",0
20136198,0.930329183919794,4,"Guardian",0
20137204,1.16766529817587,NA,"Guardian",0
20137867,0.91954497216919,4,"Guardian",0
20139579,0.823005185848736,4,"Guardian",1
20139936,1.1771220972616,3,"Guardian",0
20140177,1.09074035706863,NA,"Guardian",0
20140746,1.34812249136809,6,"Guardian",0
20142240,0.929902768554445,1,"Guardian",1
20143499,0.749672136467166,1,"Guardian",1
20143790,1.03541599566902,5,"Guardian",0
20145040,1.27118104060527,NA,"Guardian",0
20145226,0.790272204577528,NA,"Guardian",0
20145321,0.905840002742017,3,"Guardian",0
20145418,1.02827233406731,4,"Guardian",0
20148829,0.953571918607351,NA,"Guardian",0
20149402,0.876750016606568,NA,"Guardian",0
20149838,0.969858785669946,NA,"Guardian",0
20150337,1.02827197727516,3,"Guardian",1
20151311,0.723829626325887,5,"Guardian",1
20151909,0.91840516021723,5,"Guardian",0
20152155,0.798661733986574,4,"Guardian",0
20152444,0.952251715896481,4,"Guardian",0
20153171,0.976826118736406,2,"Guardian",0
20155692,0.914772568516223,NA,"Guardian",0
20156694,1.33176607273167,4,"Guardian",1
20157553,0.809471843979465,6,"Guardian",0
20157664,1.1761964194612,6,"Guardian",0
20160898,1.34323433307381,2,"Guardian",1
20161127,0.720343693026911,3,"Guardian",0
20161313,0.927449832702319,5,"Guardian",1
20165504,0.900276752673519,6,"Guardian",0
20167553,0.953571918607351,6,"Guardian",0
20168594,0.993555576786381,6,"Guardian",0
20172071,1.09295094620214,5,"Guardian",0
20172350,0.900276752673519,6,"Guardian",0
20174731,1.00936762401267,NA,"Guardian",0
20185685,0.850838952009086,2,"Guardian",0
20186139,1.09335305494336,4,"Guardian",0
20187447,1.08546716548142,NA,"Guardian",0
20187643,1.12267941428684,NA,"Guardian",0
20187973,0.761166469935306,4,"Guardian",1
20190533,0.867336641943539,3,"Guardian",0
20191176,0.87382095739501,5,"Guardian",1
20192405,0.887013255982913,6,"Guardian",1
20192862,0.765847326092285,NA,"Guardian",0
20193929,0.94419959074595,6,"Guardian",0
20194591,1.03392834431338,4,"Guardian",0
20195130,0.916482088139855,NA,"Guardian",0
20195245,0.747423130140161,3,"Guardian",1
20196593,1.2758580902463,5,"Guardian",0
20197611,0.686694582824386,NA,"Guardian",0
20198070,0.904739521776239,5,"Guardian",0
20199178,1.2128449680906,NA,"Guardian",0
20199884,0.702322593003148,3,"Guardian",1
20203396,1.05368885133127,2,"Guardian",1
20203630,0.762653101584496,NA,"Guardian",0
20204323,0.948867606283327,4,"Guardian",0
20204943,0.887444447484897,4,"Guardian",0
20208196,0.823793349980589,NA,"Guardian",0
20210902,0.900276752673519,5,"Guardian",0
20211741,0.908850223904938,3,"Guardian",0
20212803,0.876294237923966,5,"Guardian",0
20213840,0.940076826200111,3,"Guardian",0
20218535,0.861397339890943,NA,"Guardian",0
20219332,1.50409503337125,4,"Guardian",0
20220715,0.936171066347943,3,"Guardian",1
20223358,0.918134488710401,5,"Guardian",0
20224282,1.22173933972407,NA,"Guardian",0
20225171,1.10636867735698,3,"Guardian",0
20229641,0.976826118736406,6,"Guardian",0
20229961,0.847811794083742,4,"Guardian",0
20230094,1.0109279537919,4,"Guardian",0
20236098,1.14009882347847,NA,"Guardian",0
20236184,0.915777316193063,3,"Guardian",0
20239005,0.967957797037201,2,"Guardian",0
20239127,0.858571516903643,NA,"Guardian",0
20240996,0.812474998807354,3,"Guardian",0
20242781,0.844645415079307,4,"Guardian",0
20243373,1.03786796427443,4,"Guardian",0
20246931,0.607263186969397,3,"Guardian",0
20246999,1.5478282430944,3,"Guardian",0
20247178,1.03853157643102,5,"Guardian",0
20248337,0.884671877547993,5,"Guardian",0
20248469,0.843427271661646,NA,"Guardian",0
20249561,0.733583391835327,2,"Guardian",0
20252333,0.84389780870887,NA,"Guardian",0
20252892,0.668426975814446,NA,"Guardian",0
20253190,0.919147800210688,2,"Guardian",0
20261597,1.1259193156667,NA,"Guardian",0
20261834,0.899637429815814,4,"Guardian",0
20264620,0.896668094594843,4,"Guardian",0
20267695,1.12267941428684,5,"Guardian",0
20269882,1.22915997565542,4,"Guardian",0
20271482,0.916841448123286,4,"Guardian",0
20279656,0.771928521910068,NA,"Guardian",0
20282652,0.858195384763216,4,"Guardian",1
20283337,0.969239054797089,4,"Guardian",0
20287056,0.884671877547993,4,"Guardian",0
20287911,1.41933102769153,NA,"Guardian",0
20292241,0.810238724016875,5,"Guardian",0
20298810,0.763778615188506,3,"Guardian",1
20305136,1.20786969531933,2,"Guardian",1
20306733,0.756140976367034,3,"Guardian",0
20309668,1.4953094644389,5,"Guardian",0
20314827,0.77509187632978,4,"Guardian",0
20314957,1.15061164828363,2,"Guardian",1
20316902,1.11135869068197,6,"Guardian",0
20334426,1.19378406791155,4,"Guardian",0
20336029,0.868370017484301,NA,"Guardian",0
20336875,1.06197604095222,5,"Guardian",0
20339893,0.89385541742505,4,"Guardian",0
20340967,1.20572086747911,4,"Guardian",0
20343175,0.989809342081748,3,"Guardian",1
20343899,0.958596070532606,NA,"Guardian",0
20348755,0.887444447484897,NA,"Guardian",0
20351548,1.05395044442534,3,"Guardian",0
20379011,1.09501395932862,NA,"Guardian",0
20383672,0.936849727935804,3,"Guardian",1
20388046,1.33176607273167,4,"Guardian",0
20389810,1.002611317936,4,"Guardian",0
20396797,0.887622663785031,NA,"Guardian",0
20397668,1.23205481737507,NA,"Guardian",0
20399950,0.970799170414574,NA,"Guardian",0
20405023,0.925654803029123,5,"Guardian",0
20405320,0.84594142827104,5,"Guardian",0
20418950,0.953571918607351,5,"Guardian",0
20421365,0.917885286825368,NA,"Guardian",0
20427040,1.10920518008911,2,"Guardian",1
20427978,1.01019313817515,4,"Guardian",0
20430365,0.719396769090035,NA,"Guardian",0
20433545,1.03468070498057,5,"Guardian",0
20434159,0.942515802898834,6,"Guardian",0
20437849,0.78159358411302,3,"Guardian",0
20440100,0.993519906850358,3,"Guardian",1
20440170,1.03436469303264,4,"Guardian",0
20440408,0.765847326092285,6,"Guardian",0
20446141,1.18148589878386,5,"Guardian",0
20501374,1.22214426581869,2,"Guardian",0
20505330,0.917885286825368,6,"Guardian",0
20525307,1.24842339100706,3,"Guardian",1
20533993,1.07868111800161,5,"Guardian",1
20545388,0.863592956821994,4,"Guardian",1
20546711,0.897206273270836,6,"Guardian",0
20548468,0.858707242933069,2,"Guardian",1
20556580,0.85750172263526,2,"Guardian",1
20571450,0.982862404751604,5,"Guardian",0
20579704,0.659781242506987,5,"Guardian",0
20588958,0.904559466223653,1,"Guardian",0
20599963,0.9205756783726,5,"Guardian",0
20609958,0.897206273270836,7,"Guardian",0
20611450,1.12850448712512,4,"Guardian",0
20621054,1.11416747220947,6,"Guardian",0
20626839,0.771638719679397,5,"Guardian",0
20629537,1.09149051834509,3,"Guardian",1
20636152,0.874993877289061,2,"Guardian",1
20636990,1.09295094620214,4,"Guardian",0
20638692,1.18512538089011,4,"Guardian",0
20639451,0.900276752673519,4,"Guardian",0
20639487,0.976320446993874,5,"Guardian",0
20639532,0.908943959690363,3,"Guardian",0
20643016,1.02562633672478,4,"Guardian",0
20644464,0.665983569115204,3,"Guardian",1
20663607,1.48173141717201,NA,"Guardian",0
20664557,0.865819742700279,NA,"Guardian",0
20669921,0.89385541742505,6,"Guardian",0
20671465,1.02571170243139,1,"Guardian",1
20682590,1.25614430656367,4,"Guardian",0
20690532,0.91787073208587,4,"Guardian",0
20692384,1.02756830800205,4,"Guardian",0
20696602,1.09295094620214,4,"Guardian",0
20704743,1.22382710987253,NA,"Guardian",0
20707325,1.13170811625119,4,"Guardian",0
20707394,0.991152548827504,NA,"Guardian",0
20710990,0.833697652560433,NA,"Guardian",0
20713943,0.874027050296371,3,"Guardian",0
20716485,0.738131805223005,2,"Guardian",0
20716957,0.939044996852221,2,"Guardian",0
20717044,1.20558630781978,5,"Guardian",1
20718933,1.12566586807069,4,"Guardian",0
20725665,1.10920518008911,5,"Guardian",0
20728580,1.37004414647068,3,"Guardian",0
20729382,0.963008145891068,4,"Guardian",0
20733757,0.915653346199629,5,"Guardian",0
20739660,0.898296032826641,NA,"Guardian",0
20749975,1.16585337868382,3,"Guardian",0
20757666,1.23205481737507,6,"Guardian",0
20757869,0.834086882124798,6,"Guardian",0
20759800,1.13130319812072,5,"Guardian",0
20765090,1.03541599566902,5,"Guardian",0
20772060,1.20144716521654,3,"Guardian",1
20779386,0.715080729081225,2,"Guardian",1
22086387,0.748564002239245,3,"Guardian",0
22087570,0.960853674843062,5,"Guardian",0
22091348,0.810908350835403,6,"Guardian",0
22141182,1.09335305494336,3,"Guardian",0
22141975,1.03853157643102,6,"Guardian",0
22144146,0.748090154997302,6,"Guardian",0
22152420,1.04160818585092,NA,"Guardian",0
22152443,1.03465290359113,6,"Guardian",0
22187403,0.878277890252884,3,"Guardian",0
22264314,0.872316496291049,2,"Guardian",0
22275023,0.839574388854932,4,"Guardian",0
22309739,0.959687996382129,2,"Guardian",0
22316630,0.77399224178618,4,"Guardian",0
22330358,1.2495897009648,5,"Guardian",0
22403734,0.811233985050568,3,"Guardian",1
28009011,1.01859652762759,4,"Guardian",0
28110124,0.936647281551935,4,"Guardian",0
28242812,0.900276752673519,5,"Guardian",0
28263520,0.970137481428116,7,"Guardian",1
28359418,0.722908883836946,NA,"Guardian",0
28367120,1.22418790138184,NA,"Guardian",0
28371373,1.02910304873513,2,"Guardian",1
28572771,0.909566209969306,5,"Guardian",0
28807291,0.727172999856394,1,"Guardian",1
28897999,0.888161284121996,3,"Guardian",0
29093399,0.953571918607351,4,"Guardian",0
29099947,0.818861168462333,2,"Guardian",1
29171252,0.933001346993407,5,"Guardian",0
29171826,0.950592752033376,6,"Guardian",0
29213009,0.84389780870887,4,"Guardian",0
29244000,0.760810689396771,NA,"Guardian",0
29469942,1.03541599566902,5,"Guardian",0
29477530,0.966261689432141,3,"Guardian",0
29483187,0.973152758432742,3,"Guardian",0
29487305,1.07427453506468,NA,"Guardian",0
29498254,0.907051016528382,5,"Guardian",0
29499762,0.833697652560433,NA,"Guardian",0
29764485,1.17438519003218,4,"Guardian",0
29821641,0.84797998909773,2,"Guardian",0
29835911,0.908704538936667,NA,"Guardian",0
29937004,1.18588314935095,NA,"Guardian",0
30623806,1.46091454487931,6,"Guardian",0
30629518,1.25047771566061,4,"Guardian",0
30937696,1.03212708763763,NA,"Guardian",0
31273935,0.83080796390262,NA,"Guardian",0
31435701,1.39572624380206,4,"Guardian",0
31671783,0.729783196899742,2,"Guardian",1
31845573,0.820360991763164,4,"Guardian",0
32693955,0.91667243543518,2,"Guardian",1
32962021,0.748008777113973,2,"Guardian",0
33159411,0.84389780870887,6,"Guardian",0
33386432,0.750370362123011,3,"Guardian",1
33702033,1.21173841367426,NA,"Guardian",0
33764738,1.09671122198231,5,"Guardian",1
33931048,0.893357025221136,5,"Guardian",0
33951681,1.02243301700971,2,"Guardian",0
33964836,0.924464590075186,3,"Guardian",0
34242710,0.950592752033376,6,"Guardian",0
34356611,0.999122114579395,NA,"Guardian",0
34649256,0.667132118089837,NA,"Guardian",0
35353980,1.28042165015217,NA,"Guardian",0
36447947,0.998037974526841,2,"Guardian",1
36477499,0.916125581039401,NA,"Guardian",0
36630170,0.739654295956792,3,"Guardian",0
36639352,0.924464590075186,5,"Guardian",1
37273045,1.00593672063042,2,"Guardian",1
37409380,0.87751795154183,6,"Guardian",0
37905035,1.2489648275373,1,"Guardian",0
37998195,0.934227297451027,3,"Guardian",0
38145824,0.823793349980589,NA,"Guardian",0
38171943,0.976826118736406,NA,"Guardian",0
38174841,1.03956599130216,NA,"Guardian",0
38243482,1.42555536706801,4,"Guardian",0
38373885,1.06535376248509,4,"Guardian",0
38418680,0.951505177759098,7,"Guardian",1
38464266,0.993241815873803,2,"Guardian",1
38541683,1.02010812125039,4,"Guardian",0
38610986,0.970574089858866,5,"Guardian",0
38800892,1.094444637344,6,"Guardian",0
39340838,0.90245690193347,NA,"Guardian",0
39601149,0.899073780798858,1,"Guardian",1
39699738,1.00985806953401,NA,"Guardian",0
39761399,0.841918816446721,2,"Guardian",1
39918383,0.764849955428823,6,"Guardian",0
40197802,0.89385541742505,4,"Guardian",0
40202000,0.89385541742505,4,"Guardian",0
40210877,0.869116517852556,4,"Guardian",0
40259163,0.749495366073594,3,"Guardian",1
40418895,0.915122066222173,2,"Guardian",0
40512087,0.950592752033376,2,"Guardian",0
40682383,0.911608550605073,5,"Guardian",1
40686754,0.957146637712426,4,"Guardian",0
40699600,0.900276752673519,4,"Guardian",0
40759921,1.22799358143051,NA,"Guardian",0
40834767,0.953571918607351,5,"Guardian",0
40894203,0.811823837208255,3,"Guardian",0
40903213,0.757671940311865,NA,"Guardian",0
40908716,1.29156740857858,NA,"Guardian",0
40915400,1.25364480788112,4,"Guardian",0
40973680,0.917047842597496,NA,"Guardian",0
41245265,0.769109561176168,4,"Guardian",0
41325769,0.939523240854489,5,"Guardian",0
41446381,1.01250373064625,NA,"Guardian",0
41518838,0.711901513430157,3,"Guardian",0
41723226,0.996441464564433,5,"Guardian",0
41730131,0.844414264278832,4,"Guardian",0
41758666,0.832713433836335,2,"Guardian",0
41979535,0.957146637712426,NA,"Guardian",0
41997586,1.34462274791379,3,"Guardian",0
42131094,1.18106677543508,4,"Guardian",0
42171186,0.970802159453395,4,"Guardian",0
42191810,0.821615406288972,3,"Guardian",1
42200816,1.05093695313805,2,"Guardian",0
42348990,1.24632386535211,2,"Guardian",1
42436462,0.970137481428116,5,"Guardian",0
42585715,1.15663276814745,3,"Guardian",0
42609607,0.887444447484897,6,"Guardian",1
42748625,1.03465290359113,4,"Guardian",0
42763963,1.3968866021068,6,"Guardian",0
42837333,1.03521756164282,NA,"Guardian",0
42856198,1.05699323222968,4,"Guardian",0
42879263,0.796046040655566,4,"Guardian",0
42886102,0.805533573987045,3,"Guardian",0
42887802,1.18669564292533,4,"Guardian",0
42887921,1.04222532771776,2,"Guardian",0
42894286,1.2758580902463,6,"Guardian",0
42897404,0.84863250636115,4,"Guardian",0
42944000,0.94419959074595,5,"Guardian",0
43023604,1.09836329118528,4,"Guardian",0
43049539,0.832713433836335,1,"Guardian",1
43057956,0.957146637712426,6,"Guardian",0
43066111,0.97052327275018,NA,"Guardian",0
43068545,0.830966332152616,5,"Guardian",0
43094495,0.880547467181152,1,"Guardian",0
43102874,0.766899671782288,4,"Guardian",0
43132678,1.33269126360453,2,"Guardian",0
43151306,0.702322593003148,1,"Guardian",1
43226291,0.973152758432742,3,"Guardian",1
43270919,0.9464923976839,2,"Guardian",0
43280312,0.807425181094517,6,"Guardian",1
43396423,0.921753865059368,NA,"Guardian",0
43423680,1.08776673904153,3,"Guardian",0
43435157,1.00252346728541,NA,"Guardian",0
43452326,0.686890779810034,2,"Guardian",0
43454196,1.05790013523282,NA,"Guardian",0
43455435,0.787615768160952,5,"Guardian",0
43496809,0.89385541742505,4,"Guardian",0
43681882,1.6589226451259,NA,"Guardian",0
43713638,0.977495379401078,5,"Guardian",0
43860063,1.01195543590741,NA,"Guardian",1
43983614,0.910844741517915,5,"Guardian",0
44199329,0.717981833366672,NA,"Guardian",0
44631876,0.817407164620393,4,"Guardian",0
44643491,0.765847326092285,3,"Guardian",1
44649116,0.784162620215093,2,"Guardian",0
44661143,1.45946841545958,6,"Guardian",0
44667881,0.756132193432155,3,"Guardian",1
44672709,1.03853157643102,NA,"Guardian",0
44698931,0.819384215656975,3,"Guardian",0
44790445,0.846020986145008,1,"Guardian",0
44812787,0.95586767490274,3,"Guardian",1
44859114,1.41137521153932,NA,"Guardian",0
44903992,0.900631603709599,2,"Guardian",0
44944964,0.84863250636115,4,"Guardian",0
44946802,0.910111462503697,3,"Guardian",1
45051112,0.912814921390253,7,"Guardian",0
45151531,1.13301478708081,4,"Guardian",0
45320283,0.8390006323218,4,"Guardian",0
45370989,0.953600261879144,NA,"Guardian",0
45393528,0.869687597110306,4,"Guardian",0
45448884,1.28338089692779,NA,"Guardian",0
45619796,0.973494560447607,6,"Guardian",0
45741935,0.828577467418826,3,"Guardian",0
45780502,0.672593447348115,2,"Guardian",1
45958294,0.999122114579395,4,"Guardian",0
46226260,0.830583986577563,2,"Guardian",1
46345528,1.04969749800208,NA,"Guardian",0
46372790,1.003491112401,2,"Guardian",1
46578362,0.727516890904271,NA,"Guardian",0
46752005,0.755758887871929,4,"Guardian",1
46765185,1.05473760391594,1,"Guardian",1
46779526,1.18483688914871,3,"Guardian",0
46799958,0.993065273061458,4,"Guardian",1
47258112,0.835560094170178,4,"Guardian",1
47358632,0.771101561565534,NA,"Guardian",0
47516953,0.85831194107099,1,"Guardian",0
47583586,0.808791864816064,3,"Guardian",0
47586545,0.946069117560492,NA,"Guardian",0
47636627,0.730794969038149,6,"Guardian",0
47661167,1.18262480891063,5,"Guardian",0
47669255,1.06546248652522,2,"Guardian",0
47675054,1.02691170127348,4,"Guardian",0
47690793,0.993462051294154,4,"Guardian",0
47735381,1.03441445765973,5,"Guardian",0
47745998,0.683279387180257,3,"Guardian",0
47778351,1.02803076306129,5,"Guardian",0
47793657,0.917047842597496,NA,"Guardian",0
47853777,1.11161963724855,NA,"Guardian",0
47904875,0.727151386542306,1,"Guardian",0
47949665,0.890955976786543,4,"Guardian",0
47962048,0.752760863645947,3,"Guardian",1
47979961,1.12267941428684,NA,"Guardian",0
47991091,1.18879859338437,2,"Guardian",1
47991754,1.3702258933442,3,"Guardian",0
48001579,0.989368864154687,3,"Guardian",0
48315198,1.07274758838559,3,"Guardian",0
48382228,1.38154475936927,2,"Guardian",0
48711291,0.729701827506074,6,"Guardian",0
48788760,1.16706528990819,1,"Guardian",1
49350207,0.812299094949511,6,"Guardian",0
50111974,1.266238879116,3,"Guardian",0
51039510,0.947042510160343,NA,"Guardian",0
51141573,0.802525094258597,NA,"Guardian",0
51151934,1.08766107075745,3,"Guardian",0
51205825,1.2916688895354,5,"Guardian",0
52023806,0.756518380323481,2,"Guardian",1
52052117,1.08964872142487,5,"Guardian",0
52114037,1.24842339100706,4,"Guardian",0
52161324,1.01044537148388,NA,"Guardian",0
52295884,0.812323239131587,3,"Guardian",1
52361998,0.815650431714229,NA,"Guardian",0
52363982,0.887622663785031,2,"Guardian",1
52471028,0.834987597606341,5,"Guardian",0
52572254,0.912407017716603,2,"Guardian",1
52580725,0.94367729036805,NA,"Guardian",0
52618271,0.765847326092285,4,"Guardian",0
52647854,0.994926306689342,6,"Guardian",0
52675334,0.678170754168068,NA,"Guardian",0
52731886,1.05653537236359,6,"Guardian",0
52733844,0.947042510160343,6,"Guardian",0
52821490,0.770024421186343,NA,"Guardian",0
52929812,0.978489066996293,3,"Guardian",0
52978709,0.882017873813367,5,"Guardian",0
53088984,1.15663276814745,1,"Guardian",1
53909359,0.852018555964852,5,"Guardian",1
54237659,0.755605247248534,2,"Guardian",1
54770795,0.976826118736406,5,"Guardian",0
55242390,1.18498118682961,NA,"Guardian",1
55251657,0.746245134352986,NA,"Guardian",0
55547212,0.777846242675866,4,"Guardian",0
55645879,0.895154007402913,4,"Guardian",0
56392255,1.2495897009648,5,"Guardian",0
56558105,1.44715692139383,4,"Guardian",0
56566532,0.84389780870887,NA,"Guardian",0
56576592,0.96822509508891,2,"Guardian",1
56640358,0.689465773416466,6,"Guardian",0
56649908,1.30953681195162,3,"Guardian",0
56679233,0.86142096653516,1,"Guardian",0
56713928,0.898932924060889,4,"Guardian",0
56744467,0.730794969038149,5,"Guardian",0
56832299,0.976826118736406,5,"Guardian",0
56927578,1.31578321246702,2,"Guardian",0
56931626,1.33889147039214,5,"Guardian",1
56958546,1.02099059921259,5,"Guardian",0
57017924,0.942380796761074,3,"Guardian",0
57032583,0.769109561176168,4,"Guardian",0
57032741,1.11026399086635,2,"Guardian",0
57049325,1.15631417583776,5,"Guardian",1
57053971,0.959687996382129,3,"Guardian",0
57114436,1.02756830800205,6,"Guardian",0
57115562,0.888098968266787,6,"Guardian",1
57133460,1.2451859059914,4,"Guardian",0
57165736,1.1759725084016,2,"Guardian",1
57176854,0.916280695075066,NA,"Guardian",0
57216373,0.788955183923185,4,"Guardian",0
57230271,1.15581072837555,4,"Guardian",1
57281520,1.06872920288467,1,"Guardian",1
57300447,0.892494544422774,4,"Guardian",0
57435135,0.976826118736406,NA,"Guardian",0
57479676,0.771430872348229,2,"Guardian",0
57479777,1.41650258041997,3,"Guardian",1
57483282,1.0636669578344,3,"Guardian",0
57483839,0.788292694930814,4,"Guardian",0
57518822,0.68817335612607,2,"Guardian",0
57558768,0.915834384521452,2,"Guardian",1
57638604,1.12688807802034,5,"Guardian",0
57810666,1.10614553262215,2,"Guardian",0
57893068,0.953571918607351,5,"Guardian",0
57905349,0.84389780870887,6,"Guardian",0
58281729,0.950521824371447,2,"Guardian",1
58408223,1.29502688101483,4,"Guardian",0
58481386,1.0357475309506,4,"Guardian",0
58572155,0.896277494168242,NA,"Guardian",0
58607964,1.11237999836726,4,"Guardian",0
58789068,0.969858785669946,7,"Guardian",0
58905093,0.848005193832514,2,"Guardian",1
58910393,1.0109279537919,3,"Guardian",0
58923056,1.01924430045209,3,"Guardian",1
58936761,0.938773806911833,4,"Guardian",0
59392697,0.913016200733579,3,"Guardian",1
59557487,0.880918156188144,3,"Guardian",0
59743095,1.25047771566061,6,"Guardian",0
60237306,1.23073792518688,NA,"Guardian",0
60267522,1.59463230159624,4,"Guardian",0
60338282,1.06375624165869,2,"Guardian",1
60658651,1.4031215674834,4,"Guardian",0
61109547,0.944478158961642,2,"Guardian",0
61130952,1.01924430045209,5,"Guardian",0
61140399,1.03399176987092,NA,"Guardian",0
61316711,0.959687996382129,3,"Guardian",0
61320357,0.856216654418697,5,"Guardian",0
61391781,0.881558695477241,4,"Guardian",1
61601777,0.576867303297478,3,"Guardian",1
61607451,0.717102762592716,3,"Guardian",0
61634939,0.953132129100769,4,"Guardian",0
61670273,1.00540751377478,NA,"Guardian",0
61916230,1.26981052452799,3,"Guardian",0
61920179,0.870271267567881,3,"Guardian",0
62093388,1.08919604901607,2,"Guardian",1
62549955,0.952514054234276,1,"Guardian",1
62608906,0.89385541742505,NA,"Guardian",0
62625223,0.750207832395514,1,"Guardian",1
62698268,1.42614241546544,NA,"Guardian",0
62760901,0.693175934117593,3,"Guardian",0
62862667,0.880855870984505,2,"Guardian",0
63035544,0.694110456481874,2,"Guardian",1
63120786,0.913396607044211,4,"Guardian",0
63148155,0.976826118736406,7,"Guardian",0
63173206,1.02764368463236,6,"Guardian",0
63176355,1.20540884652547,6,"Guardian",0
63273988,1.17507341651471,NA,"Guardian",0
63279469,1.08225092188429,4,"Guardian",0
63294349,0.986632991413281,3,"Guardian",0
63294594,0.969858785669946,6,"Guardian",0
63307496,0.931420858843705,6,"Guardian",0
63314393,0.979913830755939,4,"Guardian",0
63331034,1.10666702346151,4,"Guardian",0
63584335,1.43440259726332,2,"Guardian",0
63771273,0.821040636106232,NA,"Guardian",0
63830101,1.06061054526573,5,"Guardian",0
63879869,1.31386565041733,2,"Guardian",0
64190359,0.829363544602136,6,"Guardian",0
64192061,1.25748017213181,3,"Guardian",0
64222158,1.06298426305768,NA,"Guardian",0
64232134,0.847245343227626,NA,"Guardian",0
64266435,1.17101904588635,5,"Guardian",0
64309792,0.969858785669946,7,"Guardian",0
64462978,1.65885249065492,3,"Guardian",0
64570884,1.27796510970041,NA,"Guardian",0
64684101,1.12381580180177,4,"Guardian",0
64819256,0.79912675295184,5,"Guardian",0
64845724,0.863240279530685,2,"Guardian",0
64948976,0.986630536417006,2,"Guardian",0
64954450,0.905840002742017,6,"Guardian",0
64960009,1.09772286498091,3,"Guardian",0
64988128,0.947042510160343,4,"Guardian",0
65174573,0.691567291206768,4,"Guardian",1
65186942,1.08766107075745,NA,"Guardian",0
65272957,0.953571918607351,6,"Guardian",0
65277399,0.984773749383512,4,"Guardian",0
65369137,1.03465290359113,5,"Guardian",0
65411597,0.882363103478573,4,"Guardian",0
65442034,1.02858183298023,5,"Guardian",0
65446010,1.19448718854612,NA,"Guardian",0
65454591,1.3662936789239,5,"Guardian",0
65472057,0.924191736114724,2,"Guardian",0
65531829,1.03465290359113,4,"Guardian",0
65618153,0.815344215130893,5,"Guardian",0
65624683,1.25701223409206,NA,"Guardian",0
65636324,0.876372933316275,6,"Guardian",1
65790476,0.821534967006642,NA,"Guardian",0
65862314,1.54700710142287,5,"Guardian",0
65980118,1.19883626001481,5,"Guardian",0
65980386,1.05258945955152,4,"Guardian",0
66193850,0.979913830755939,6,"Guardian",0
66204985,0.858850942114618,NA,"Guardian",0
66208044,1.0283261749472,6,"Guardian",0
66326256,0.781548198690251,2,"Guardian",0
66351399,0.953571918607351,5,"Guardian",0
66414897,0.719396769090035,4,"Guardian",0
66474716,0.947042510160343,5,"Guardian",0
66522313,0.95586767490274,2,"Guardian",0
66593620,0.822095803909667,3,"Guardian",1
66667069,1.00522952111069,2,"Guardian",0
66690807,1.0730005986402,3,"Guardian",1
66730043,0.935487317846887,4,"Guardian",1
66925078,1.22540248175387,NA,"Guardian",0
67035809,0.84389780870887,4,"Guardian",0
67095560,0.903663392866233,NA,"Guardian",1
67121702,0.825629512531082,2,"Guardian",0
67133806,1.10323867865011,NA,"Guardian",0
67140490,0.823793349980589,4,"Guardian",0
67246017,0.705129569489494,3,"Guardian",0
67259173,0.915068252105665,NA,"Guardian",0
67285958,0.861397339890943,4,"Guardian",0
67298406,0.947042510160343,5,"Guardian",0
67468958,1.20794679322493,1,"Guardian",1
67618095,0.82099002814438,4,"Guardian",0
67747875,1.05613565137138,NA,"Guardian",0
67761840,1.11902451772789,4,"Guardian",0
67778757,0.932841445825631,7,"Guardian",0
67782116,1.08776673904153,4,"Guardian",0
67913262,1.43151781602231,5,"Guardian",0
68152478,0.983653212257379,3,"Guardian",1
68186300,0.904137012894086,4,"Guardian",0
68278988,0.854232581021158,6,"Guardian",0
68291901,0.953571918607351,5,"Guardian",0
68317610,1.09295094620214,6,"Guardian",0
68362138,1.07441032615425,5,"Guardian",0
68409052,0.968056116396493,NA,"Guardian",0
68439757,0.983334199752842,3,"Guardian",1
68457514,1.03924311384776,NA,"Guardian",0
68546716,0.937282210218467,NA,"Guardian",0
68567243,1.19980970131249,2,"Guardian",0
68576601,0.776920851848309,1,"Guardian",1
68606802,1.04160818585092,NA,"Guardian",0
68638543,1.24840507385683,4,"Guardian",0
68640900,0.809471843979465,6,"Guardian",0
68641626,0.976826118736406,6,"Guardian",0
68668897,1.08650905030969,3,"Guardian",0
68682697,0.976320446993874,5,"Guardian",0
68702421,0.826881559447904,NA,"Guardian",0
68723248,1.002611317936,3,"Guardian",0
68778631,1.04251313447999,4,"Guardian",0
68785768,1.14031515091747,6,"Guardian",1
68826991,0.706307567506121,5,"Guardian",0
68854031,0.999845774267345,3,"Guardian",0
68907173,1.25783634788036,3,"Guardian",0
68943927,1.06916611459915,4,"Guardian",0
68963533,1.09174628721157,5,"Guardian",0
68989670,0.918119921948326,4,"Guardian",0
69054821,0.743151012012276,5,"Guardian",0
69110281,1.44412465285759,3,"Guardian",1
69118911,0.843022602759885,3,"Guardian",0
69146916,1.03399176987092,7,"Guardian",0
69149695,0.969858785669946,NA,"Guardian",0
69201106,0.820965626364686,5,"Guardian",0
69221372,1.33156975956833,NA,"Guardian",0
69269634,0.793350041607133,3,"Guardian",0
69290836,1.15468781286833,4,"Guardian",1
69323754,1.0114882148568,1,"Guardian",0
69335003,1.13610283326467,NA,"Guardian",0
69335181,0.78159358411302,3,"Guardian",1
69337045,1.0252595892437,2,"Guardian",1
69372291,1.02058976557308,NA,"Guardian",0
69390181,1.18588314935095,6,"Guardian",0
69408277,1.13653055807785,3,"Guardian",1
69409971,0.882380503354242,6,"Guardian",0
69459413,0.80649173530122,NA,"Guardian",0
69460267,1.00071259221879,5,"Guardian",1
69464159,0.854014739486256,4,"Guardian",0
69478157,0.777965939311253,NA,"Guardian",0
69507647,0.945621918733538,3,"Guardian",1
69549649,1.09671122198231,6,"Guardian",0
69632723,0.84389780870887,4,"Guardian",0
69717053,1.04154625420011,4,"Guardian",0
69720931,0.7495558311652,NA,"Guardian",0
69760921,0.960847128815688,NA,"Guardian",0
69817411,0.894334931397232,2,"Guardian",0
69915165,0.702322593003148,2,"Guardian",0
69957888,0.986724347367529,NA,"Guardian",0
69963585,1.15488984159407,5,"Guardian",0
70043217,0.802387953519758,1,"Guardian",1
70081644,0.647284804562786,2,"Guardian",1
70194744,0.90245690193347,3,"Guardian",0
70295419,0.913849562352434,2,"Guardian",0
70296455,0.744447791645743,3,"Guardian",1
70440692,1.21981313311326,4,"Guardian",0
70469848,1.22877709679949,3,"Guardian",0
70529600,1.04154625420011,4,"Guardian",0
70614778,0.78166414003964,4,"Guardian",0
70826907,0.749042633615272,5,"Guardian",0
71084843,1.54058165548262,3,"Guardian",0
71173213,0.933399171377853,3,"Guardian",1
71234182,1.00885208599761,5,"Guardian",0
71316085,0.86281394866448,3,"Guardian",0
71326387,1.010647773574,5,"Guardian",0
71358790,0.915653346199629,2,"Guardian",0
71492825,0.878277890252884,4,"Guardian",0
71610917,1.10519684233104,5,"Guardian",1
71628397,0.971865398305731,NA,"Guardian",0
71661572,1.00696692342008,4,"Guardian",0
71674506,1.1771220972616,2,"Guardian",0
71759842,0.858707242933069,2,"Guardian",1
71843280,0.872182651217801,5,"Guardian",0
71878669,1.01715794021808,5,"Guardian",0
71977064,1.11759417950103,NA,"Guardian",0
72055024,1.13006190461584,NA,"Guardian",1
72062135,1.00865736649815,2,"Guardian",1
72093172,0.863798505320152,2,"Guardian",0
72129693,0.894742969930345,4,"Guardian",1
72219586,0.875666224237147,4,"Guardian",0
72247318,0.999695242299456,6,"Guardian",0
72447469,1.04354172852379,3,"Guardian",1
72567669,1.19177517132349,4,"Guardian",0
72641968,0.923956452869501,2,"Guardian",0
72668706,1.06872920288467,NA,"Guardian",0
72728264,0.976826118736406,5,"Guardian",0
72897162,0.94637541316946,3,"Guardian",0
73198175,1.00573513615791,1,"Guardian",0
73253319,0.865794008474659,NA,"Guardian",0
73284614,1.03142042234257,5,"Guardian",0
73549511,1.00942583139474,4,"Guardian",0
73631730,0.830966332152616,4,"Guardian",0
73823384,1.25458923877792,4,"Guardian",0
73996300,1.38154475936927,4,"Guardian",0
74175124,0.854014739486256,NA,"Guardian",0
74324354,0.804278818812007,4,"Guardian",0
74537144,0.894970486060852,3,"Guardian",0
74617567,0.725125211126923,4,"Guardian",0
74619110,0.690923782281259,3,"Guardian",0
74621198,0.90245690193347,NA,"Guardian",0
74658809,1.35940734902808,NA,"Guardian",0
74663296,1.04154625420011,5,"Guardian",0
74829026,1.04364131810788,3,"Guardian",1
75079216,0.86142096653516,3,"Guardian",0
75241661,1.05203148870996,5,"Guardian",0
75284195,0.934227297451027,2,"Guardian",1
75313666,0.853157616079651,3,"Guardian",0
75343298,1.09671122198231,4,"Guardian",1
75354176,0.84389780870887,5,"Guardian",0
75468159,0.753896857134639,4,"Guardian",0
75583993,0.77862929873562,2,"Guardian",0
75588984,1.06521794199762,2,"Guardian",1
75605610,0.953571918607351,4,"Guardian",0
75621569,0.812474998807354,2,"Guardian",1
75720294,0.746450719394069,2,"Guardian",0
75927677,0.952297732424997,2,"Guardian",1
76397787,0.909315105885082,2,"Guardian",0
76498445,0.705792324543186,2,"Guardian",0
76604912,0.905840002742017,3,"Guardian",0
76646966,1.0545713088263,5,"Guardian",1
76704029,0.879377119804243,NA,"Guardian",0
76716987,0.976132435084288,3,"Guardian",0
76741860,0.668727797409046,5,"Guardian",0
76912213,0.983643282395186,NA,"Guardian",0
77243074,0.992299234527503,4,"Guardian",0
77263652,1.18512538089011,4,"Guardian",0
77264518,0.867075465567927,4,"Guardian",0
77267153,0.829952927673403,NA,"Guardian",0
77269193,0.870253926923796,4,"Guardian",0
77348783,0.753350728099332,3,"Guardian",0
77352018,0.798661733986574,6,"Guardian",0
77353320,1.13170811625119,NA,"Guardian",0
77364516,0.968859680037876,6,"Guardian",0
77579615,1.22638052758565,5,"Guardian",0
77951466,1.23695891274463,4,"Guardian",0
77956753,1.02803076306129,3,"Guardian",0
77998652,0.976826118736406,6,"Guardian",0
78000825,1.07427471462766,1,"Guardian",0
78336917,0.887444447484897,5,"Guardian",0
78690764,1.01715794021808,5,"Guardian",0
78889501,0.843676370029427,4,"Guardian",0
79075374,1.11652786939462,NA,"Guardian",0
79082996,0.750207832395514,2,"Guardian",0
79093777,0.729466245436243,7,"Guardian",0
79105144,0.976826118736406,4,"Guardian",0
79131559,0.948261288581662,3,"Guardian",0
79341173,1.38168347086733,NA,"Guardian",0
79443434,1.09964411176069,4,"Guardian",0
79537021,1.07427471462766,1,"Guardian",0
79563727,1.50615616655113,4,"Guardian",0
79755180,1.10519684233104,5,"Guardian",0
79897857,0.969858785669946,5,"Guardian",0
80009660,0.977495379401078,3,"Guardian",0
80018988,1.00985806953401,NA,"Guardian",0
80449892,0.718762741431152,2,"Guardian",0
80511442,0.839345541875355,3,"Guardian",0
80576545,0.976826118736406,5,"Guardian",0
80602706,0.963909870492139,NA,"Guardian",0
80906932,0.779758150051187,5,"Guardian",0
80927908,1.00921214034145,1,"Guardian",0
81366928,1.63664311908704,4,"Guardian",0
81367933,0.953571918607351,6,"Guardian",0
81369191,1.02756830800205,4,"Guardian",0
81539087,0.658897989109727,2,"Guardian",0
81592026,0.784671816581126,3,"Guardian",0
81669406,0.786800932964332,4,"Guardian",0
81675276,1.02450597084423,5,"Guardian",0
81751986,0.969239054797089,5,"Guardian",1
81824165,0.879085018295835,3,"Guardian",0
81909975,0.887622663785031,4,"Guardian",0
82074105,0.91667243543518,2,"Guardian",1
82124212,0.97368391396667,NA,"Guardian",0
82129649,0.943867621128857,3,"Guardian",0
82223758,0.818563175004828,5,"Guardian",1
82247089,0.957146637712426,7,"Guardian",0
82257336,1.16841190267025,5,"Guardian",0
82363324,1.60272757691108,NA,"Guardian",0
82587186,1.18625485799922,NA,"Guardian",0
82624495,1.10275299785939,3,"Guardian",0
82743131,0.874993877289061,3,"Guardian",1
82825834,0.844629458730225,2,"Guardian",0
82982484,1.06479815613331,4,"Guardian",0
83158000,0.874651606964991,1,"Guardian",0
83195573,0.859417803278321,4,"Guardian",0
83223192,0.727015513626698,NA,"Guardian",0
83223213,1.17923114121296,3,"Guardian",0
83271895,1.01940968496757,5,"Guardian",0
83315855,0.821534967006642,NA,"Guardian",0
83356305,0.897232941171559,NA,"Guardian",0
83406132,1.2875988361998,NA,"Guardian",0
83418132,1.11976007523138,NA,"Guardian",0
83460416,0.870762763433792,2,"Guardian",0
83509004,1.01250373064625,5,"Guardian",0
83524750,0.89385541742505,7,"Guardian",0
83537250,0.900276752673519,3,"Guardian",0
83540768,0.922763043255797,2,"Guardian",0
83542588,1.13551249473988,3,"Guardian",1
83703007,0.893357025221136,7,"Guardian",0
83813215,1.31348228308953,5,"Guardian",0
83943607,1.19920202677496,5,"Guardian",0
84180696,1.2621225972791,2,"Guardian",0
84187606,1.11759417950103,NA,"Guardian",0
84289132,1.09699162569542,4,"Guardian",0
84393200,1.11072517686409,4,"Guardian",0
84412611,0.607845292161927,NA,"Guardian",0
84426633,0.842642392176408,2,"Guardian",0
84452078,0.882837659926501,NA,"Guardian",0
84501588,1.25701223409206,2,"Guardian",0
84529355,0.903663392866233,4,"Guardian",0
84560513,1.70245627152988,2,"Guardian",0
84629736,1.46126432071995,NA,"Guardian",0
84655925,1.02450597084423,5,"Guardian",0
84679050,0.750207832395514,2,"Guardian",0
84814374,1.12381580180177,5,"Guardian",0
84820529,0.900631603709599,4,"Guardian",0
84842721,0.857444359423982,3,"Guardian",1
84862882,1.1418438292735,NA,"Guardian",0
84901376,1.12381580180177,5,"Guardian",0
85037264,0.809909483436974,7,"Guardian",0
85114174,0.89385541742505,NA,"Guardian",0
85127227,0.930903456245974,5,"Guardian",1
85398377,0.950592752033376,6,"Guardian",0
85398640,0.979980445035386,4,"Guardian",0
85654344,0.80126439511465,2,"Guardian",0
85689807,0.834883619569165,3,"Guardian",0
85748928,0.861397339890943,NA,"Guardian",0
85844055,0.831113280657055,4,"Guardian",0
85884021,1.00761203039877,5,"Guardian",1
85890300,1.26476142198374,NA,"Guardian",0
86127601,1.12231538296698,4,"Guardian",0
86222253,1.10519684233104,NA,"Guardian",0
86434423,0.701108020920807,2,"Guardian",1
86554831,1.07816691345837,5,"Guardian",0
86605593,0.84305458829439,4,"Guardian",0
86647005,1.06293394575415,NA,"Guardian",0
86650489,0.712738015769537,3,"Guardian",0
86655663,0.976132435084288,NA,"Guardian",0
86659573,1.11463053466267,4,"Guardian",0
86665455,1.01430373970905,2,"Guardian",0
86728087,1.05197140174847,NA,"Guardian",0
86936999,0.984176389471479,6,"Guardian",0
86954454,1.02225482876186,3,"Guardian",1
86954676,1.19936761063178,2,"Guardian",0
87046197,0.920712585261617,3,"Guardian",0
87081149,0.858203760450683,NA,"Guardian",0
87137378,1.13412554305287,3,"Guardian",1
87156580,0.922497299078617,6,"Guardian",0
87159650,1.32230211302974,4,"Guardian",0
87172391,1.18669564292533,6,"Guardian",0
87191915,1.17923114121296,6,"Guardian",0
87212231,0.839689258344694,2,"Guardian",0
87225961,1.00590682179438,4,"Guardian",0
87375089,0.856782702535132,3,"Guardian",0
87395310,1.02910304873513,3,"Guardian",1
87395380,0.893410145353928,NA,"Guardian",1
87430914,0.836502625775246,NA,"Guardian",0
87448144,0.805873605527072,NA,"Guardian",0
87454361,0.899637429815814,4,"Guardian",0
87552426,1.30433017727133,4,"Guardian",0
87556050,1.24680613310018,3,"Guardian",1
87644739,0.953571918607351,6,"Guardian",0
87797292,1.51968337463708,2,"Guardian",0
87843497,1.13250705251046,4,"Guardian",0
87886773,1.06872920288467,2,"Guardian",1
87945177,1.08400778422544,5,"Guardian",0
88101086,1.11161838640186,5,"Guardian",0
88175545,0.805849653043474,5,"Guardian",0
88187247,1.17776303245002,4,"Guardian",0
88214727,0.693861078357692,4,"Guardian",0
88376728,0.953571918607351,5,"Guardian",0
88453052,0.926429798936584,3,"Guardian",0
88581767,1.09145016707945,2,"Guardian",0
88697604,0.925700502996009,6,"Guardian",0
88815933,1.03853157643102,6,"Guardian",0
88846895,0.887127539647235,4,"Guardian",1
88852070,0.699590527406438,NA,"Guardian",0
88863782,0.820965626364686,5,"Guardian",0
88890276,0.969239054797089,4,"Guardian",0
88996196,0.839860081798287,4,"Guardian",0
89138724,1.0825660039839,5,"Guardian",0
89157149,1.01138933330093,6,"Guardian",0
89192000,0.77862929873562,2,"Guardian",0
89197522,1.4495671132254,1,"Guardian",0
89348169,0.915653346199629,2,"Guardian",0
89514773,0.897206273270836,4,"Guardian",0
89533086,0.888418977014057,NA,"Guardian",0
89544009,0.9796952205825,7,"Guardian",0
89611901,1.27334909394847,4,"Guardian",1
89813503,1.45012730704295,5,"Guardian",0
89979890,0.943463425742537,6,"Guardian",0
90166728,1.03853157643102,6,"Guardian",0
90219060,0.895919419067703,2,"Guardian",1
90254014,1.15061164828363,4,"Guardian",0
90381150,0.82265905296044,NA,"Guardian",0
90424740,1.10082253700897,6,"Guardian",0
90513789,0.708891150586484,5,"Guardian",0
90631040,1.2639372538138,NA,"Guardian",0
90666408,0.867936096035328,4,"Guardian",1
90794456,1.15427201863317,4,"Guardian",0
90973755,0.764849955428823,5,"Guardian",0
91078485,1.15631417583776,6,"Guardian",0
91107720,1.67951394701412,2,"Guardian",0
91434316,0.926038398096802,5,"Guardian",0
91692880,1.18230225531943,2,"Guardian",1
91794625,0.833697652560433,3,"Guardian",0
91973774,1.26369764959292,6,"Guardian",0
92025454,0.869253928550596,3,"Guardian",0
92078310,1.19552785698874,2,"Guardian",0
92114235,0.837845148089798,5,"Guardian",0
92123966,0.971117221620311,NA,"Guardian",0
92147501,0.874509220133132,4,"Guardian",0
92184363,1.02947117106712,3,"Guardian",0
92447573,0.927989838243072,5,"Guardian",0
92539548,1.05262917191583,3,"Guardian",0
92588578,0.95586767490274,1,"Guardian",0
92730874,0.876051973221552,5,"Guardian",0
92927203,0.976320446993874,6,"Guardian",0
92944629,0.916234397601368,4,"Guardian",0
93183043,1.05178571365069,3,"Guardian",1
93255477,0.704537469218781,3,"Guardian",0
93269050,0.970137481428116,3,"Guardian",0
93857292,0.745067997157877,3,"Guardian",0
93862078,0.915653346199629,6,"Guardian",0
94004694,1.06357507708395,4,"Guardian",0
94105683,1.24798638660076,NA,"Guardian",0
94182248,0.995931883737122,3,"Guardian",0
94196047,0.772187080891405,NA,"Guardian",0
94211620,1.05566772144886,NA,"Guardian",0
94215666,0.978976128278049,3,"Guardian",1
94259311,1.05197140174847,NA,"Guardian",0
94367614,1.22093997358102,5,"Guardian",0
94440945,0.86142096653516,2,"Guardian",0
94565383,0.991768420920888,3,"Guardian",0
94650844,1.18512538089011,5,"Guardian",0
120326662,0.84389780870887,5,"Guardian",0
120343066,0.831869113980052,5,"Guardian",0
120369976,0.946310596250932,4,"Guardian",0
120589886,0.978242405143564,4,"Guardian",0
120922454,0.859126176588875,2,"Guardian",1
121174670,1.01679535433635,4,"Guardian",0
121402714,0.965426515585005,5,"Guardian",0
121589486,0.868151573392356,6,"Guardian",0
121777836,1.11600453612596,4,"Guardian",0
121841078,0.920336105090097,3,"Guardian",0
121899556,0.828783805784203,2,"Guardian",1
122041638,1.33231582835925,3,"Guardian",1
122190108,0.943949271093535,NA,"Guardian",0
122439972,1.05178571365069,4,"Guardian",1
122475974,0.757229189241172,3,"Guardian",1
122532034,1.59424977956316,3,"Guardian",0
122569846,0.863240279530685,NA,"Guardian",0
122942128,1.0322725997338,1,"Guardian",0
122974076,0.84389780870887,4,"Guardian",0
123049164,0.892603978721498,2,"Guardian",1
123069434,0.963008145891068,NA,"Guardian",0
123129456,0.811949940596628,2,"Guardian",0
123226836,0.869672230435079,3,"Guardian",1
123340160,1.04821129985381,3,"Guardian",0
123470048,1.06872920288467,2,"Guardian",0
123505236,0.984176389471479,4,"Guardian",0
123796126,0.902302814296871,4,"Guardian",0
123841212,1.27495482301077,3,"Guardian",0
124014530,0.942268376070261,3,"Guardian",1
124128946,0.755605247248534,2,"Guardian",0
124234864,1.02555497665766,NA,"Guardian",0
124519236,1.1539860845772,2,"Guardian",0
124554334,1.11601542794078,4,"Guardian",1
124962302,1.04081740064865,2,"Guardian",1
125145836,1.34812249136809,5,"Guardian",0
125237882,0.736704114845716,NA,"Guardian",0
125450522,1.27688534389301,6,"Guardian",0
125595742,0.836210782345226,NA,"Guardian",0
125930144,0.9089903978755,3,"Guardian",0
126094720,0.953571918607351,4,"Guardian",0
126305170,1.10636867735698,2,"Guardian",0
126407392,0.802326909710037,2,"Guardian",0
126569968,0.834883619569165,5,"Guardian",1
126782660,0.976826118736406,5,"Guardian",0
126837286,0.762987065229127,3,"Guardian",0
127069188,1.14051234166405,3,"Guardian",0
127199052,0.986904801539385,4,"Guardian",0
127266336,1.20575973734044,5,"Guardian",1
127532646,1.10946156701591,2,"Guardian",1
128224236,0.78174125064334,NA,"Guardian",0
128808020,1.15061164828363,3,"Guardian",0
128932032,1.09149051834509,3,"Guardian",1
128936438,0.872316496291049,3,"Guardian",0
129009156,0.63259679316401,3,"Guardian",1
129049190,1.03399176987092,3,"Guardian",0
129221992,0.774551916533486,2,"Guardian",1
129269348,1.13927855962421,6,"Guardian",0
129351460,1.00522952111069,NA,"Guardian",0
129398396,1.02450597084423,6,"Guardian",0
129440134,0.669294118593821,3,"Guardian",0
129920176,1.19378406791155,3,"Guardian",0
130385402,1.14200536812351,NA,"Guardian",0
130632162,1.11026399086635,4,"Guardian",0
130752342,0.937734357591348,6,"Guardian",0
130834756,0.666345568281436,4,"Guardian",1
130952574,1.00936762401267,2,"Guardian",0
131135914,0.911694273112051,5,"Guardian",0
131628436,0.857985107542588,NA,"Guardian",0
131861468,1.21197760964146,5,"Guardian",0
131878190,1.03441445765973,5,"Guardian",0
132022250,0.821260532291584,2,"Guardian",0
132647858,0.797460058059336,2,"Guardian",0
132727078,0.90818188399219,NA,"Guardian",0
132853530,1.048423752777,3,"Guardian",0
132918966,1.10038211214613,3,"Guardian",1
133208252,1.14858804149964,4,"Guardian",0
133223394,0.963921417359587,5,"Guardian",0
133261328,0.824278599134494,3,"Guardian",0
133777786,1.05135925023318,6,"Guardian",0
134457430,0.90877666529352,NA,"Guardian",0
134485322,1.25820502864148,4,"Guardian",0
134499110,1.14698194567146,NA,"Guardian",0
134628952,0.857985107542588,7,"Guardian",0
134820540,1.27495482301077,NA,"Guardian",0
134962620,0.993065273061458,3,"Guardian",0
135359144,1.06375624165869,2,"Guardian",1
135780698,0.872905228243007,NA,"Guardian",0
135918352,0.817999730300118,3,"Guardian",1
135967930,0.838923841810851,4,"Guardian",0
135991860,0.682784414016442,1,"Guardian",0
135997432,0.649326111125681,NA,"Guardian",0
136059468,1.03381359308093,6,"Guardian",0
136069262,0.862207368153404,2,"Guardian",0
136211656,1.02691170127348,7,"Guardian",0
136508396,1.11416747220947,4,"Guardian",0
136623102,0.893509861951593,NA,"Guardian",0
136645518,1.18588314935095,3,"Guardian",0
136707034,0.782975765947996,4,"Guardian",0
136753822,0.979191643263769,5,"Guardian",0
136774392,0.906622172766907,NA,"Guardian",0
136813356,1.06682943672262,2,"Guardian",1
136955008,0.868151573392356,6,"Guardian",0
137191062,0.764849955428823,5,"Guardian",0
137759328,0.585632060317169,3,"Guardian",0
138155466,0.972491709401142,4,"Guardian",0
138601448,0.730925980995869,4,"Guardian",0
138753556,0.750370362123011,3,"Guardian",1
138805406,1.02007026408722,1,"Guardian",0
138845202,1.14839652704821,6,"Guardian",1
138849454,1.24694956932451,3,"Guardian",1
138903188,0.700072511888228,4,"Guardian",0
138917090,1.05382226674857,6,"Guardian",0
139296200,1.11822631921253,3,"Guardian",0
139380094,0.976826118736406,7,"Guardian",0
139605998,0.865678203615754,4,"Guardian",1
139629770,0.880807562031832,NA,"Guardian",0
139630208,0.84277378624664,4,"Guardian",0
139639092,0.706342798846843,5,"Guardian",0
139831316,1.2296964925649,1,"Guardian",0
139836402,0.740898889503389,2,"Guardian",0
139837418,1.38978449370087,1,"Guardian",1
140256904,1.20144716521654,3,"Guardian",0
140421204,0.858195384763216,2,"Guardian",1
140441586,1.17927293524207,3,"Guardian",0
140794116,0.89411227307964,6,"Guardian",0
141174764,1.10082253700897,5,"Guardian",0
141340314,0.975508695406969,NA,"Guardian",0
141833292,0.839345541875355,1,"Guardian",0
142654884,0.890188799685929,NA,"Guardian",0
142860412,1.11046185650768,NA,"Guardian",0
142965710,0.787504052056882,7,"Guardian",0
143053904,0.832108157433433,5,"Guardian",0
143105480,0.928266803560279,2,"Guardian",0
143268564,0.987495750750544,6,"Guardian",0
143575254,0.953571918607351,6,"Guardian",0
143693906,0.958163860997174,1,"Guardian",0
144071164,0.990525052752926,4,"Guardian",0
144169886,1.00955626182045,5,"Guardian",0
144389668,0.788292694930814,5,"Guardian",0
144426328,1.34809027730167,NA,"Guardian",0
144653178,1.18551482304835,3,"Guardian",0
144933844,0.876944037660098,5,"Guardian",1
145091482,1.04453369554476,2,"Guardian",0
145441734,0.837250160434279,6,"Guardian",0
145602326,0.93157629109852,NA,"Guardian",0
146057210,0.982443570758637,NA,"Guardian",0
146213238,1.19980970131249,2,"Guardian",1
146572054,1.17672062322091,3,"Guardian",0
146685438,1.03924311384776,6,"Guardian",0
146832782,1.02393473104551,6,"Guardian",0
147155948,1.00583146913373,2,"Guardian",0
147215636,1.02285253268996,NA,"Guardian",0
147336178,1.16345960628326,5,"Guardian",1
147524408,0.707912712655374,NA,"Guardian",0
147859358,1.24842339100706,2,"Guardian",1
147917420,1.41235305766719,4,"Guardian",0
148125494,1.17345043405465,4,"Guardian",0
148196884,1.03436469303264,NA,"Guardian",0
148679746,1.1771220972616,4,"Guardian",1
148728408,0.776958802273641,6,"Guardian",0
148847940,0.793864477886055,4,"Guardian",0
148882674,1.7217590388959,3,"Guardian",0
149330148,0.86422055491541,NA,"Guardian",0
149538874,1.17941117931108,4,"Guardian",0
150273734,0.876079498305806,6,"Guardian",0
150821408,0.987574614794489,NA,"Guardian",0
151003736,0.767234183953987,4,"Guardian",0
151429708,0.761624812464705,NA,"Guardian",0
151503954,0.887013255982913,4,"Guardian",0
151969556,1.25569569690048,3,"Guardian",0
152845444,1.36428276147706,4,"Guardian",1
153329282,0.712738015769537,3,"Guardian",0
153981590,1.16480246223439,3,"Guardian",1
154234736,0.968247335987236,4,"Guardian",0
154648688,1.07274758838559,2,"Guardian",1
154931132,1.08546716548142,NA,"Guardian",0
155917640,0.952514054234276,2,"Guardian",0
156245104,1.00484788705532,NA,"Guardian",0
156343450,0.862207368153404,2,"Guardian",0
156427766,0.933781680109807,NA,"Guardian",0
156476418,0.801115360487898,3,"Guardian",0
157265084,0.895154007402913,3,"Guardian",1
157267588,1.67485030842223,NA,"Guardian",0
157567934,0.662776397379452,6,"Guardian",0
157626548,0.710076105774247,3,"Guardian",0
157963488,1.22517298807507,3,"Guardian",0
157978710,1.31534782878096,2,"Guardian",1
158741306,1.01179623175891,NA,"Guardian",0
158766086,1.11416747220947,4,"Guardian",1
159096322,0.765437599816157,2,"Guardian",0
159273260,0.892494544422774,5,"Guardian",0
159311290,0.787712136084211,4,"Guardian",0
159750334,1.18262480891063,NA,"Guardian",0
160464668,0.895919419067703,4,"Guardian",1
160718066,0.951296560837276,6,"Guardian",0
160959772,1.10082253700897,6,"Guardian",0
160986624,1.19920202677496,6,"Guardian",0
161020706,0.810238724016875,1,"Guardian",0
161099098,0.965567776144418,3,"Guardian",1
161126840,1.15071974497183,3,"Guardian",0
161207174,0.741043396526439,NA,"Guardian",0
161477226,1.41758669966524,2,"Guardian",1
161602500,1.01019313817515,6,"Guardian",0
161825610,0.968859663882066,NA,"Guardian",0
162152606,0.899073780798858,3,"Guardian",0
162598204,1.00811828144339,5,"Guardian",0
163453516,1.18539204557697,2,"Guardian",1
163649532,0.898337165262982,3,"Guardian",0
163848140,0.957146637712426,5,"Guardian",0
164232918,0.726716343700419,NA,"Guardian",0
164595042,1.13927611472968,4,"Guardian",0
164603718,0.765512110495706,4,"Guardian",0
165084220,0.897262769748551,4,"Guardian",0
165168926,0.917885286825368,5,"Guardian",0
165676662,0.938773806911833,5,"Guardian",0
165745348,0.823005185848736,1,"Guardian",0
166386150,0.995757096544904,4,"Guardian",0
166713732,1.12345227352438,NA,"Guardian",0
167462008,0.919563294984622,2,"Guardian",1
167585868,0.9205756783726,NA,"Guardian",0
167900308,0.932841445825631,4,"Guardian",0
168268728,0.745913668457673,NA,"Guardian",0
168654550,0.855169262354182,2,"Guardian",1
170452704,0.998905754056296,2,"Guardian",0
170486440,0.616491086355416,4,"Guardian",0
170782372,1.32946956313657,6,"Guardian",0
170784236,0.964503378728743,4,"Guardian",0
171322684,1.17795013876667,NA,"Guardian",0
171425086,0.708891150586484,3,"Guardian",0
171455024,0.815368449823886,4,"Guardian",0
171617676,0.89411227307964,4,"Guardian",0
171640530,1.31433356138562,NA,"Guardian",0
172053340,0.858707242933069,1,"Guardian",1
172176296,0.758716631938431,2,"Guardian",0
172243320,1.10519684233104,4,"Guardian",0
172274214,1.33889147039214,5,"Guardian",0
172274596,0.814600789831152,NA,"Guardian",0
172761052,1.36575839065968,4,"Guardian",0
172811610,1.04181433716981,3,"Guardian",0
172851788,1.04869177396415,3,"Guardian",0
173005182,1.25806440010956,4,"Guardian",0
173126522,1.01940968496757,5,"Guardian",0
173453780,0.863240279530685,4,"Guardian",0
173980606,0.679643792079465,NA,"Guardian",0
174186374,0.925208410912284,2,"Guardian",1
174479090,0.924164122376536,NA,"Guardian",0
174710530,0.925025294836487,NA,"Guardian",0
174948898,0.876810347267765,4,"Guardian",1
175121616,1.12410318225958,NA,"Guardian",0
175217640,1.09295094620214,6,"Guardian",0
175218554,0.841918816446721,NA,"Guardian",0
175419284,0.741043566549617,4,"Guardian",0
175611890,0.899030336135636,2,"Guardian",0
175817480,1.17701045266944,4,"Guardian",0
175915046,0.999602344564421,3,"Guardian",0
176593474,1.11183460625749,4,"Guardian",0
176819692,1.03212708763763,4,"Guardian",0
176828934,1.27039863364042,NA,"Guardian",0
176829758,0.967957797037201,2,"Guardian",1
176835942,0.971925151485582,2,"Guardian",0
176900100,0.989532289710028,2,"Guardian",0
176900524,0.592968737937602,4,"Guardian",0
176932712,0.877317937591494,5,"Guardian",1
177098568,1.1162071194112,3,"Guardian",0
177100894,1.17913068734863,7,"Guardian",1
177123170,0.989532289710028,1,"Guardian",1
177970974,1.03441445765973,5,"Guardian",0
178467672,0.908226066873662,3,"Guardian",0
178767174,0.818823208785384,2,"Guardian",0
178770724,1.09996425764235,6,"Guardian",1
178941796,1.01376970943464,4,"Guardian",0
179119228,1.47082641994289,5,"Guardian",0
179210476,1.20080418681121,4,"Guardian",0
179402922,1.034793216811,2,"Guardian",1
179531604,1.11161838640186,5,"Guardian",1
180208204,1.08364178645029,4,"Guardian",0
180728182,1.09605157545835,1,"Guardian",1
181295198,0.697151148083204,4,"Guardian",0
181430192,0.8446799787625,NA,"Guardian",0
181560592,1.36428276147706,NA,"Guardian",0
181576714,0.815368449823886,4,"Guardian",0
181892164,0.789474934182,NA,"Guardian",0
181949968,0.976826118736406,3,"Guardian",0
182149862,1.10797213571897,6,"Guardian",0
182190736,1.03468070498057,5,"Guardian",0
182707632,1.21192966588612,NA,"Guardian",0
183511162,0.976132435084288,4,"Guardian",0
183942580,1.42081610668656,NA,"Guardian",0
183945454,1.39508526149678,NA,"Guardian",0
184165860,0.730423074421176,4,"Guardian",0
184420202,0.850838952009086,2,"Guardian",1
184475478,1.00522952111069,2,"Guardian",0
184596766,1.49926428556886,4,"Guardian",0
184737056,0.861340258855701,3,"Guardian",0
184747726,1.02341348413936,2,"Guardian",0
184775772,0.873115251898802,2,"Guardian",1
184795088,1.20172439269095,6,"Guardian",0
184927716,1.1906844891791,NA,"Guardian",0
184988752,1.32755005925458,3,"Guardian",0
185004518,0.914772568516223,6,"Guardian",0
185010090,0.907934336325401,NA,"Guardian",0
185093382,1.06216556273502,2,"Guardian",0
185811376,0.682784414016442,4,"Guardian",0
185849988,0.800831580832579,4,"Guardian",1
186282784,0.912855054731037,NA,"Guardian",0
186315340,0.766899671782288,6,"Guardian",1
186318452,0.818299988261537,NA,"Guardian",0
186849104,0.970690828252488,2,"Guardian",1
186928756,1.19920202677496,5,"Guardian",0
186948290,1.05613565137138,1,"Guardian",0
186959676,1.01279537827209,NA,"Guardian",0
188348876,0.965120972717638,4,"Guardian",1
188424098,0.970799170414574,NA,"Guardian",0
188840398,1.30233340834391,2,"Guardian",0
189046702,0.975072513249008,NA,"Guardian",0
189082642,1.18604835696065,1,"Guardian",0
189086496,0.727222512558282,2,"Guardian",0
189759828,0.917957054662802,2,"Guardian",1
190575084,0.806861972777432,6,"Guardian",0
190640408,0.847795777918023,3,"Guardian",0
190714830,0.793071016324905,3,"Guardian",1
190810426,1.12231538296698,5,"Guardian",0
191216772,1.18588314935095,6,"Guardian",0
191354140,1.32993731812631,3,"Guardian",0
192093356,1.04364131810788,3,"Guardian",0
192301082,1.03601628205551,2,"Guardian",1
192302842,1.03628267738863,6,"Guardian",0
192738790,1.31348228308953,NA,"Guardian",0
192788082,1.0293082503822,NA,"Guardian",0
192986326,0.850421468757355,NA,"Guardian",0
193438418,0.559827695646724,3,"Guardian",0
193471716,0.950521824371447,NA,"Guardian",0
193473126,1.20518652843978,NA,"Guardian",0
193544302,1.00884941991614,5,"Guardian",0
193713002,1.17927293524207,1,"Guardian",0
193943266,0.946971847396664,7,"Guardian",0
193980716,1.12267941428684,NA,"Guardian",0
194031350,0.808870595768758,5,"Guardian",0
194041122,0.80098539826002,NA,"Guardian",0
194178378,1.24840507385683,5,"Guardian",0
194269272,0.81528337892241,2,"Guardian",1
194345136,1.04557924262214,2,"Guardian",1
195119722,1.44588252554272,4,"Guardian",0
195211766,0.832482646043333,5,"Guardian",0
195224124,0.768723332928738,NA,"Guardian",0
195635554,1.04160818585092,1,"Guardian",0
195714394,0.959811828111899,7,"Guardian",0
195884584,1.04100206478313,3,"Guardian",0
195924278,0.828473444331886,4,"Guardian",0
195990542,1.04821129985381,3,"Guardian",1
196132646,1.4788157828502,NA,"Guardian",0
196368520,0.958454730686934,5,"Guardian",1
196405804,0.886933958615908,4,"Guardian",0
196526530,1.12734874109699,4,"Guardian",0
196593526,1.13094910625205,NA,"Guardian",0
196652590,0.742346153465333,NA,"Guardian",0
196690722,0.985319154725954,5,"Guardian",0
196694780,0.832226201120028,NA,"Guardian",0
196792532,0.947042510160343,5,"Guardian",1
196866924,1.21481217132518,5,"Guardian",0
197041378,0.84594142827104,5,"Guardian",0
197067946,1.02013704443961,2,"Guardian",1
197490022,1.18981056905692,3,"Guardian",0
197955374,0.89411227307964,5,"Guardian",0
198335448,0.969858785669946,5,"Guardian",0
198698140,0.789474934182,1,"Guardian",0
198723850,1.20281220600616,4,"Guardian",0
198824926,1.18976658300159,3,"Guardian",1
199085488,1.15867496499055,3,"Guardian",1
199183542,0.779758150051187,4,"Guardian",0
199376640,1.10038211214613,NA,"Guardian",0
199441442,0.80009662148118,NA,"Guardian",0
199639714,1.22524279285158,2,"Guardian",0
199724696,0.82225453973519,2,"Guardian",0
199845104,1.15468781286833,5,"Guardian",0
199905472,0.717236295518609,3,"Guardian",0
200129336,0.963288512137392,5,"Guardian",0
200175842,0.985720727774559,3,"Guardian",0
200396460,0.89385541742505,5,"Guardian",0
200426910,0.90877666529352,NA,"Guardian",0
200696386,0.6988393995626,NA,"Guardian",0
200893384,0.890013610463492,4,"Guardian",0
200943018,1.21452379482099,3,"Guardian",0
201031662,1.21426695834112,NA,"Guardian",0
201133542,0.762200612482054,1,"Guardian",1
201265918,0.953571918607351,4,"Guardian",0
201367576,0.90245690193347,4,"Guardian",0
201625112,1.18883583673466,5,"Guardian",0
201709818,0.943964361016793,2,"Guardian",0
201851786,1.15799984063728,2,"Guardian",1
202076204,1.29934630807033,2,"Guardian",1
202316304,0.698489546239543,2,"Guardian",0
202403114,0.944236419376229,NA,"Guardian",0
202537426,0.931813698325488,NA,"Guardian",0
202680518,0.778813893510985,2,"Guardian",0
202754734,0.968304046989479,3,"Guardian",1
202764490,0.712410069598968,2,"Guardian",0
202844662,0.742346153465333,NA,"Guardian",0
202981238,0.848005193832514,2,"Guardian",1
203212024,0.97469913494187,6,"Guardian",0
203251140,0.823793349980589,4,"Guardian",0
204090186,1.4425888890715,NA,"Guardian",0
204102930,0.984700808826954,5,"Guardian",1
204552288,0.863240279530685,NA,"Guardian",0
204895206,1.00109334272386,2,"Guardian",0
204996536,0.775060418258596,NA,"Guardian",0
205484624,1.18588314935095,7,"Guardian",1
205722142,0.784162620215093,3,"Guardian",0
205793190,1.57811157523217,2,"Guardian",0
206173236,0.857985107542588,NA,"Guardian",0
206314330,0.95843569630638,1,"Guardian",0
206318408,0.895102269380755,2,"Guardian",0
206601182,0.879085018295835,NA,"Guardian",0
207164462,0.912855054731037,NA,"Guardian",0
207436264,0.7404200870223,1,"Guardian",0
207599710,0.925208410912284,2,"Guardian",1
207695406,1.09743024031428,4,"Guardian",0
207786978,0.912183457423489,5,"Guardian",0
208047094,1.10418313814952,3,"Guardian",1
209165658,0.890565983102308,5,"Guardian",1
209413126,1.52432453602188,7,"Guardian",1
209866626,1.24761458191374,2,"Guardian",0
209992246,0.729783196899742,2,"Guardian",0
210427990,0.847795777918023,1,"Guardian",1
210634698,1.05613565137138,1,"Guardian",0
210705620,0.984872909070726,NA,"Guardian",0
210973274,1.30206010169634,NA,"Guardian",0
211557848,1.11026399086635,1,"Guardian",0
211614162,0.868826907256223,4,"Guardian",1
212594212,0.951089511121735,6,"Guardian",0
212766598,0.839345541875355,1,"Guardian",0
212814838,0.860016278737157,NA,"Guardian",0
212911900,1.45585119904404,5,"Guardian",0
213303222,0.918760708695607,NA,"Guardian",0
213334672,0.912751045639224,4,"Guardian",0
213683888,0.912407017716603,5,"Guardian",0
213748474,0.903663392866233,7,"Guardian",0
213828766,0.989809342081748,2,"Guardian",0
214504362,0.895102269380755,1,"Guardian",0
214542556,1.01514524843832,2,"Guardian",1
214647688,1.09581237183483,2,"Guardian",0
214705116,0.750261731491196,5,"Guardian",1
214705540,0.943045294737587,6,"Guardian",0
214782434,1.15663276814745,3,"Guardian",1
214919442,1.47301391678228,6,"Guardian",0
215182932,0.987360667155474,3,"Guardian",0
215337708,0.908226066873662,NA,"Guardian",0
215350336,1.2934980155536,3,"Guardian",0
215847292,0.7974230904666,2,"Guardian",1
216188834,0.776095978591184,2,"Guardian",0
216272100,0.809073472065475,1,"Guardian",0
216313362,0.830966332152616,3,"Guardian",1
216418204,0.6867008585599,1,"Guardian",1
216461404,1.11051619593532,4,"Guardian",0
216637570,0.835560094170178,NA,"Guardian",0
216723118,0.844139524106999,NA,"Guardian",0
216725792,0.790229143481072,4,"Guardian",0
216828318,0.919494704733774,4,"Guardian",0
216895288,0.860016278737157,NA,"Guardian",0
216908350,1.00163722436716,3,"Guardian",0
216961206,1.18849329668165,5,"Guardian",1
217018758,1.07256211393686,4,"Guardian",0
217404998,1.4232523760552,4,"Guardian",0
217434406,0.756132193432155,3,"Guardian",1
217449106,0.737218226769749,2,"Guardian",1
217460402,0.829410668184509,3,"Guardian",1
217463830,1.32307302708996,5,"Guardian",0
217528310,0.866212163931396,NA,"Guardian",0
217553724,0.741189723475154,2,"Guardian",0
217579366,0.899073780798858,4,"Guardian",1
217681482,0.694959492473598,2,"Guardian",0
217702220,1.00004306574514,3,"Guardian",0
217929982,1.00522952111069,1,"Guardian",1
218114698,0.70660062760802,NA,"Guardian",0
218454384,0.983643282395186,3,"Guardian",0
218620750,0.619355507032209,1,"Guardian",0
218643398,0.771430872348229,5,"Guardian",0
218656194,0.688828404463518,5,"Guardian",0
218746690,1.16638330687677,5,"Guardian",1
218934422,0.735912610954502,4,"Guardian",1
218952050,0.882380503354242,1,"Guardian",0
218963904,0.912183457423489,5,"Guardian",0
219022438,0.882017873813367,5,"Guardian",0
219038858,0.95586767490274,3,"Guardian",0
219040804,0.985382473325205,4,"Guardian",0
219112332,1.10082253700897,5,"Guardian",0
219245036,0.891759271498008,2,"Guardian",0
219346770,1.08983106013814,2,"Guardian",1
219367528,1.30857673358798,NA,"Guardian",0
219419076,1.02620147799138,6,"Guardian",0
219867038,1.09964411176069,NA,"Guardian",0
219883088,1.07026806359058,NA,"Guardian",0
219891768,0.959524517418811,4,"Guardian",0
219899294,0.839345541875355,NA,"Guardian",0
219914870,1.27763193734344,4,"Guardian",0
219936024,0.74673845948225,1,"Guardian",1
220022946,0.888668334820385,NA,"Guardian",1
220398446,0.959524517418811,2,"Guardian",0
220611686,1.01785613990395,NA,"Guardian",0
221034898,1.08919604901607,3,"Guardian",0
221072708,1.44942208630729,4,"Guardian",0
221163810,0.834442913150283,NA,"Guardian",0
221239026,0.983653212257379,3,"Guardian",1
221265120,0.917042901995385,NA,"Guardian",0
221438034,1.0524006915959,2,"Guardian",1
222078018,0.823793349980589,NA,"Guardian",0
222674832,1.12381580180177,4,"Guardian",0
222774356,1.14130896824919,2,"Guardian",1
222783664,1.15799984063728,2,"Guardian",0
222992888,0.979913830755939,6,"Guardian",0
222997602,1.52432786858755,3,"Guardian",0
223176024,0.900303511838918,NA,"Guardian",0
223312110,1.01989585535132,2,"Guardian",0
223582478,1.31605076340834,4,"Guardian",0
223686784,0.864659880109122,5,"Guardian",0
223778558,1.0825660039839,3,"Guardian",0
223999722,0.874370005145519,5,"Guardian",0
224004480,0.932744025468468,NA,"Guardian",0
224143550,0.908203905617775,2,"Guardian",1
224704992,0.81316501955558,5,"Guardian",0
224758586,1.04154625420011,4,"Guardian",0
224887896,1.20518652843978,3,"Guardian",0
225386206,0.818563175004828,NA,"Guardian",0
225867244,1.10956744760794,4,"Guardian",0
226237464,0.748008777113973,NA,"Guardian",0
226414622,1.20661248221301,3,"Guardian",0
226528450,1.09996425764235,NA,"Guardian",0
226709756,0.864648370610447,3,"Guardian",0
226826130,1.08225092188429,4,"Guardian",0
226855626,1.15071974497183,NA,"Guardian",0
226882688,1.11090807244372,6,"Guardian",0
227055894,0.858518971901073,5,"Guardian",0
227287102,0.954906372808957,2,"Guardian",1
227602660,0.950592752033376,6,"Guardian",0
227944558,0.90877666529352,4,"Guardian",0
227964436,1.14587098527074,2,"Guardian",0
228016344,0.809224797923887,4,"Guardian",1
228028350,0.755649031892398,3,"Guardian",0
228033558,0.902234756709367,5,"Guardian",0
228067372,1.18539204557697,2,"Guardian",1
228282186,1.00522952111069,3,"Guardian",1
228389346,1.19084117181984,5,"Guardian",0
229108716,0.773514149606264,NA,"Guardian",0
229201752,0.970690828252488,5,"Guardian",1
229285242,1.13489395532347,5,"Guardian",0
229327278,0.838923395031558,4,"Guardian",0
229338436,1.31023536383949,NA,"Guardian",0
229490082,0.825629512531082,NA,"Guardian",0
229997250,0.937281405220983,6,"Guardian",1
230016728,1.10038211214613,1,"Guardian",1
230479568,0.710710158186194,3,"Guardian",0
230516334,1.30744938561453,NA,"Guardian",0
230656214,0.952514054234276,2,"Guardian",1
230940244,0.777455531331569,5,"Guardian",0
230963370,0.730423074421176,5,"Guardian",0
231092038,1.25917004392884,NA,"Guardian",0
231133080,0.863240279530685,NA,"Guardian",0
231137692,1.11051619593532,2,"Guardian",1
231255642,1.0157502681202,NA,"Guardian",0
231417390,1.04821129985381,3,"Guardian",1
231449930,0.893882382987373,3,"Guardian",0
231502246,1.09687379397963,6,"Guardian",0
231657460,1.00711738265362,5,"Guardian",0
231680166,0.864648370610447,NA,"Guardian",0
231824598,0.882380503354242,5,"Guardian",0
231930060,1.15733318602746,6,"Guardian",0
232199162,0.810238724016875,2,"Guardian",1
232325042,0.88094433995283,3,"Guardian",0
232456138,0.996756983269718,5,"Guardian",1
232507610,0.966780512115836,6,"Guardian",0
232565984,0.849860689645018,4,"Guardian",0
232909178,1.85652836451132,3,"Guardian",0
232912942,0.912183457423489,2,"Guardian",1
233227326,0.973494560447607,6,"Guardian",0
233229830,1.04545076860647,5,"Guardian",0
233551168,0.907934336325401,NA,"Guardian",0
234100332,1.37936339097195,4,"Guardian",0
234264702,0.967262509779359,4,"Guardian",0
234268414,1.139891498601,3,"Guardian",0
234465532,0.941475061743225,7,"Guardian",1
234502100,1.15663276814745,3,"Guardian",1
234694572,0.981435454214154,NA,"Guardian",0
234747608,0.716311934393466,NA,"Guardian",0
234862160,0.916234397601368,2,"Guardian",0
234910798,0.659365413068409,3,"Guardian",1
234950940,1.1215982337261,NA,"Guardian",0
234954360,0.815368449823886,6,"Guardian",1
235025102,0.693175934117593,4,"Guardian",0
235027802,1.21362380586101,3,"Guardian",0
235102532,0.861340258855701,3,"Guardian",0
235177924,1.00421857653253,4,"Guardian",1
235178750,1.09149051834509,2,"Guardian",0
235209238,1.54317816939359,NA,"Guardian",0
235234060,1.31348228308953,NA,"Guardian",0
235237936,0.791474064625286,3,"Guardian",0
235244244,1.1904945761062,4,"Guardian",0
235469740,0.748564002239245,4,"Guardian",0
235517380,0.901411846932764,NA,"Guardian",0
235565420,0.776014895656018,4,"Guardian",1
235620462,1.43560410948649,3,"Guardian",0
235628006,0.773399412103734,4,"Guardian",0
235742916,0.913637010769501,1,"Guardian",0
235783414,0.72111127939402,2,"Guardian",1
235893704,1.46484040074194,5,"Guardian",1
235955062,0.886822303562665,4,"Guardian",0
236100192,1.25806440010956,5,"Guardian",0
236114346,0.872905228243007,4,"Guardian",1
236139646,1.156249547604,NA,"Guardian",0
236168312,1.08546716548142,5,"Guardian",0
236176102,1.08546716548142,7,"Guardian",0
236332178,0.809073472065475,NA,"Guardian",0
236358398,0.803926781539201,4,"Guardian",0
236397790,0.802387953519758,4,"Guardian",0
236408360,1.42346835608274,5,"Guardian",1
236417094,0.931747268644087,5,"Guardian",0
236424730,0.849112665727184,7,"Guardian",0
236782462,0.722093620081988,NA,"Guardian",0
236899074,0.902075513615672,5,"Guardian",0
236903984,0.874509220133132,4,"Guardian",0
236975626,1.38343570454086,5,"Guardian",0
236984614,1.50841158285983,NA,"Guardian",1
237155958,1.24425302684611,6,"Guardian",0
237191118,0.886933958615908,1,"Guardian",0
237284658,0.883636508279602,1,"Guardian",0
237293988,1.26537557701981,NA,"Guardian",0
237415254,0.854940286954503,5,"Guardian",0
237533682,0.726716343700419,4,"Guardian",0
237804168,0.829952927673403,NA,"Guardian",0
237806992,1.0114882148568,3,"Guardian",0
237861170,0.809224797923887,4,"Guardian",0
237972620,0.986126522965511,NA,"Guardian",0
237981932,0.992069247869398,1,"Guardian",1
238043820,0.841918816446721,4,"Guardian",0
238150478,1.03853157643102,4,"Guardian",0
238207106,0.957109686868463,3,"Guardian",1
238378106,1.14434386745079,2,"Guardian",0
238537170,0.955189414368835,4,"Guardian",0
238695936,0.949177425027681,7,"Guardian",0
238837960,1.06872920288467,1,"Guardian",0
238969016,0.918543414767566,2,"Guardian",1
239021156,0.900631603709599,3,"Guardian",0
239283474,0.860951706028191,4,"Guardian",0
239295582,0.874612171631431,NA,"Guardian",0
239328428,1.07274758838559,2,"Guardian",0
239716750,0.788316125564276,5,"Guardian",0
239717746,1.04639855996209,2,"Guardian",0
239824926,0.992069247869398,6,"Guardian",1
240252406,1.04825989369176,4,"Guardian",0
240384426,0.882380503354242,6,"Guardian",0
240428194,1.58697342450866,4,"Guardian",0
240480492,0.722093620081988,2,"Guardian",0
240592222,0.828602095447296,3,"Guardian",1
241004572,1.31348228308953,2,"Guardian",0
241259180,1.17416735801091,NA,"Guardian",0
241260470,0.790256026834739,2,"Guardian",0
241677794,0.682042595020447,2,"Guardian",0
241770534,1.00067745746996,NA,"Guardian",0
241910882,1.31348228308953,3,"Guardian",0
241961008,0.706764486668654,NA,"Guardian",0
241997550,1.18197456823178,6,"Guardian",0
242019596,1.40736293547749,2,"Guardian",0
242079690,1.34140664769378,4,"Guardian",0
242113384,1.12734874109699,3,"Guardian",0
242126000,1.07026806359058,3,"Guardian",1
242131272,0.849860689645018,NA,"Guardian",0
242184698,0.839466032239436,4,"Guardian",0
242191316,1.11759417950103,NA,"Guardian",0
242201262,1.07080007470534,2,"Guardian",1
242614170,1.23719503916481,2,"Guardian",0
242728716,1.17805730289448,3,"Guardian",0
242734358,0.858195384763216,NA,"Guardian",0
242982242,1.12231538296698,NA,"Guardian",0
243033632,1.13006190461584,2,"Guardian",1
243174734,1.42081610668656,NA,"Guardian",0
243267978,0.952161368446369,4,"Guardian",0
243270752,1.08189143205945,NA,"Guardian",0
243275230,1.02210344133425,2,"Guardian",0
243277344,1.12852173237047,3,"Guardian",0
243282568,1.04821129985381,3,"Guardian",0
243302040,1.18344743924511,6,"Guardian",0
243360098,1.09149051834509,1,"Guardian",1
243389836,1.08542077453939,NA,"Guardian",0
243416922,1.27039863364042,6,"Guardian",0
243513246,0.865819742700279,NA,"Guardian",0
243570914,1.47853590299812,NA,"Guardian",0
243621412,0.951296560837276,4,"Guardian",1
243768256,1.10933996797269,4,"Guardian",0
243770838,1.37004414647068,NA,"Guardian",0
243811922,0.85145803757202,NA,"Guardian",0
243856312,1.12852173237047,2,"Guardian",0
243956104,1.00522952111069,3,"Guardian",1
243962186,1.01471712560845,4,"Guardian",0
244017652,1.50424951966136,NA,"Guardian",0
244066224,1.30394983776155,2,"Guardian",1
244225582,1.00717734988056,2,"Guardian",1
244231600,1.09399861784537,4,"Guardian",0
244239608,1.02450597084423,5,"Guardian",0
244272520,0.666104197458307,3,"Guardian",0
244363094,0.728004669895852,NA,"Guardian",1
244459822,1.65135207820116,4,"Guardian",0
244460394,0.731676761639663,5,"Guardian",0
244471710,1.16537677294192,NA,"Guardian",0
244472510,1.07552028946906,4,"Guardian",0
244511076,1.14263281467796,3,"Guardian",1
244520624,1.03853157643102,6,"Guardian",0
244609110,0.907525909674223,1,"Guardian",0
244670794,1.03436469303264,NA,"Guardian",0
244675238,1.34791680346685,6,"Guardian",0
244819998,0.982635894449724,5,"Guardian",0
244835122,1.12711893978127,NA,"Guardian",0
244934952,1.03399176987092,5,"Guardian",0
244936998,0.835834619933641,NA,"Guardian",1
244967280,0.617940442239118,5,"Guardian",0
244975708,0.869645131123742,NA,"Guardian",0
244991036,0.748709925131492,1,"Guardian",0
245033894,0.965601687695346,NA,"Guardian",0
245035084,0.82403318580157,2,"Guardian",0
245041128,1.02785139550654,5,"Guardian",0
245098012,0.811949940596628,NA,"Guardian",0
245109482,1.17687254795235,5,"Guardian",0
245112736,0.937792852445881,1,"Guardian",0
245150468,0.962606283970557,2,"Guardian",0
245172088,0.949997178024947,6,"Guardian",1
245189310,0.760500356697638,1,"Guardian",1
245226426,1.11161838640186,NA,"Guardian",0
245495782,1.03935668286125,2,"Guardian",0
245506204,1.46674226043578,4,"Guardian",0
245527012,0.88152661190806,4,"Guardian",0
245541078,0.906926594120061,2,"Guardian",0
245581332,0.940979139985692,NA,"Guardian",0
245664702,1.18512538089011,NA,"Guardian",0
245696286,1.09141372224,6,"Guardian",1
245725342,0.874228151225759,NA,"Guardian",1
245732252,0.739042129788318,3,"Guardian",1
245800866,0.970574089858866,3,"Guardian",0
245898614,1.07026806359058,NA,"Guardian",0
245915150,1.31076378105843,4,"Guardian",0
245921714,0.985720727774559,NA,"Guardian",0
245927260,1.2495897009648,6,"Guardian",0
246036172,0.746752392074174,NA,"Guardian",0
246117174,1.45275916279413,NA,"Guardian",0
246119092,0.743709610051722,4,"Guardian",0
246119930,1.20661248221301,5,"Guardian",0
246180398,0.804905306198983,5,"Guardian",1
246191638,0.905840002742017,6,"Guardian",0
246192908,1.06641072555465,4,"Guardian",1
246193934,1.09328485701699,5,"Guardian",0
246309946,1.07399996424319,2,"Guardian",1
246321994,0.915112869682585,2,"Guardian",0
246353120,1.31775701534186,4,"Guardian",0
246358096,1.04435282686173,4,"Guardian",0
246374866,0.841427799185097,3,"Guardian",0
246506818,1.03853157643102,6,"Guardian",0
246516648,1.21001277884327,NA,"Guardian",0
246520718,1.07925652353775,2,"Guardian",1
246542616,0.844139524106999,3,"Guardian",0
246592442,1.05676039073738,2,"Guardian",1
246688526,1.05966422491494,1,"Guardian",1
246714200,1.10801522637059,1,"Guardian",1
246727592,0.924041284515153,5,"Guardian",0
246735126,1.12410318225958,5,"Guardian",0
246806450,1.08606873653083,5,"Guardian",1
246938584,0.815344215130893,6,"Guardian",0
246952162,0.957444009006743,3,"Guardian",0
247027498,0.966585142604069,5,"Guardian",0
247316044,0.836210782345226,1,"Guardian",0
247330152,0.84389780870887,5,"Guardian",0
247346276,1.07406539090756,4,"Guardian",0
247392880,1.00153209041442,6,"Guardian",0
247498812,1.389252481525,4,"Guardian",0
247534644,1.25025791137697,2,"Guardian",0
247760106,1.43923470614957,NA,"Guardian",0
247791542,1.53191879472082,5,"Guardian",1
247914468,1.03050753737529,2,"Guardian",0
247918880,1.04081740064865,NA,"Guardian",0
247935700,1.04225630605842,3,"Guardian",0
247999208,0.809567149658432,4,"Guardian",0
247999610,0.93157629109852,NA,"Guardian",0
248011082,1.00675007248202,4,"Guardian",0
248144518,1.46126432071995,NA,"Guardian",0
248294862,1.1826186803262,2,"Guardian",0
248308458,1.15970012963805,5,"Guardian",0
248312342,1.15970012963805,5,"Guardian",0
248371612,0.994700190974875,5,"Guardian",0
248421386,0.800172571702637,2,"Guardian",0
248471346,1.00593672063042,3,"Guardian",0
248471944,1.15970012963805,5,"Guardian",0
248772720,0.777455531331569,NA,"Guardian",0
248793778,0.869672230435079,4,"Guardian",0
248799736,1.35940734902808,NA,"Guardian",0
248954192,0.72360665178835,4,"Guardian",0
248970416,1.14649981273723,3,"Guardian",0
248980952,1.18560985092296,4,"Guardian",0
249046688,1.04639855996209,2,"Guardian",0
249112664,1.15970012963805,5,"Guardian",0
249120520,0.777751512521152,4,"Guardian",1
249136112,0.98852660138264,NA,"Guardian",0
249182422,1.01560192037423,5,"Guardian",0
249193606,0.938422246637422,5,"Guardian",0
249204898,1.67485030842223,4,"Guardian",1
249310854,1.03628267738863,6,"Guardian",0
249310956,0.837240561017362,NA,"Guardian",0
249357128,0.779730772953144,NA,"Guardian",0
249400044,0.937282210218467,NA,"Guardian",0
249428076,1.02243301700971,4,"Guardian",0
249636656,1.27061121852916,NA,"Guardian",0
249641718,0.951296560837276,6,"Guardian",0
249831400,0.900631603709599,NA,"Guardian",0
249874586,1.03853157643102,5,"Guardian",0
249882198,1.45736810296744,2,"Guardian",0
249886344,0.844599804018056,2,"Guardian",1
249933564,1.19920202677496,6,"Guardian",0
249967960,1.24002630665162,4,"Guardian",0
249988812,1.00446403073359,4,"Guardian",0
250004016,1.39097574873337,NA,"Guardian",0
250022452,1.00522952111069,2,"Guardian",0
250144212,0.908992665360407,NA,"Guardian",0
250315768,0.957146637712426,5,"Guardian",0
250481724,1.21905665339257,2,"Guardian",0
250524840,0.837240561017362,NA,"Guardian",0
250528716,0.944539814233425,4,"Guardian",0
250594856,0.911608550605073,2,"Guardian",1
250603264,0.850421468757355,NA,"Guardian",0
250778074,0.902302814296871,4,"Guardian",0
250915674,0.959615992781274,4,"Guardian",0
250955916,1.27061121852916,4,"Guardian",1
251114406,1.64127489930417,NA,"Guardian",0
251140312,1.06282532556844,1,"Guardian",0
251195960,0.631352578789425,3,"Guardian",0
251250296,1.29319229243722,5,"Guardian",0
251292618,0.992069247869398,5,"Guardian",0
251304660,1.03853157643102,4,"Guardian",0
251336130,1.05966422491494,4,"Guardian",1
251435988,1.01679535433635,2,"Guardian",0
251441206,0.840379180947973,NA,"Guardian",0
251520114,1.00055203366279,7,"Guardian",1
251660972,1.2166313101662,NA,"Guardian",0
251688052,1.2166313101662,NA,"Guardian",1
251757978,1.01225185360331,4,"Guardian",1
251947168,0.891999745501182,NA,"Guardian",1
251955692,1.11306076189116,4,"Guardian",0
252094444,0.877623404426673,2,"Guardian",0
252282394,1.02393473104551,6,"Guardian",0
252284636,1.35087488602065,1,"Guardian",0
252344084,1.19686416781481,5,"Guardian",0
252495830,0.634041537320341,4,"Guardian",0
252572488,1.09295094620214,6,"Guardian",0
252572592,0.860016278737157,NA,"Guardian",0
252582704,0.781094152978036,3,"Guardian",1
252620370,1.35087488602065,NA,"Guardian",0
252701886,0.871249782440781,4,"Guardian",0
252761092,0.847853503740656,3,"Guardian",0
252892348,1.24722763970459,7,"Guardian",1
252972498,1.17829308234422,5,"Guardian",0
252991186,1.21628093886108,NA,"Guardian",0
252993850,1.04545076860647,6,"Guardian",0
253017160,0.996488849604868,5,"Guardian",0
253047984,1.00013130418113,NA,"Guardian",0
253058828,1.61207512336239,NA,"Guardian",1
253094232,0.945516606100346,1,"Guardian",0
253104970,0.986126522965511,NA,"Guardian",0
253350012,1.09149051834509,4,"Guardian",1
253366666,1.109981118125,4,"Guardian",1
253372226,0.91533745396678,5,"Guardian",0
253409710,1.15088794154556,NA,"Guardian",0
253413920,1.44412465285759,2,"Guardian",0
253414426,1.57263594352526,4,"Guardian",0
253473946,1.35820553694131,3,"Guardian",0
253583024,0.847853503740656,3,"Guardian",0
253700274,1.2166313101662,NA,"Guardian",0
253773196,0.830583986577563,2,"Guardian",1
253971900,1.2296964925649,4,"Guardian",0
254011828,1.19486633620577,NA,"Guardian",1
254027902,0.947989673412706,NA,"Guardian",1
254042094,0.702771877355593,3,"Guardian",0
254043028,1.4050837777731,4,"Guardian",0
254074910,0.839345541875355,NA,"Guardian",0
254084544,1.00565586171353,NA,"Guardian",0
254128848,1.25806440010956,2,"Guardian",0
254143726,1.43726515314281,5,"Guardian",0
254242758,0.853436779759635,6,"Guardian",0
254279428,0.959461704892058,4,"Guardian",1
254422914,0.667132118089837,5,"Guardian",0
254516300,1.22413509579127,6,"Guardian",0
254616818,1.12345227352438,NA,"Guardian",0
254651770,1.11834396160192,3,"Guardian",1
254662346,0.711854759046975,1,"Guardian",0
254679304,1.26776673367235,3,"Guardian",1
254763566,1.52805623909157,5,"Guardian",0
254771514,1.74486379261252,5,"Guardian",0
254814504,1.50409503337125,3,"Guardian",1
254840058,0.908333257646119,2,"Guardian",0
254858296,1.52805623909157,5,"Guardian",0
254889174,1.28214454708282,2,"Guardian",1
254900654,0.959719806232124,NA,"Guardian",0
255120288,1.10221638715275,NA,"Guardian",0
255179604,1.09149051834509,1,"Guardian",1
255467932,1.32940283047737,4,"Guardian",1
255508122,1.30210823927937,NA,"Guardian",0
255533664,1.28495421012571,NA,"Guardian",0
255575134,1.43726515314281,5,"Guardian",0
255575162,1.43726515314281,5,"Guardian",0
255830148,0.912183457423489,NA,"Guardian",0
255842650,1.04080094107007,3,"Guardian",0
255845516,0.822284956213542,5,"Guardian",0
255876590,1.41931298375505,7,"Guardian",0
255886052,1.53266790113363,5,"Guardian",0
255930730,1.09587735077075,NA,"Guardian",0
256296114,1.26354964734177,NA,"Guardian",0
256372290,1.14698194567146,1,"Guardian",1
256377332,1.03841065441449,3,"Guardian",0
256382828,0.888668334820385,4,"Guardian",0
256629652,1.46126432071995,NA,"Guardian",0
256654994,1.5729540438391,5,"Guardian",0
256716582,0.70660062760802,4,"Guardian",0
256734410,1.62495476738903,3,"Guardian",0
256744152,1.52805623909157,5,"Guardian",0
256765230,0.992069247869398,1,"Guardian",1
256829698,1.0280548645453,5,"Guardian",0
256902536,0.895919419067703,3,"Guardian",0
256948856,0.967182023077504,2,"Guardian",1
256975524,1.25560707761896,4,"Guardian",0
257056952,1.17672062322091,2,"Guardian",1
257117462,0.864322424376335,4,"Guardian",0
257140874,1.25560707761896,1,"Guardian",1
257329310,1.00055203366279,4,"Guardian",1
257439154,1.17076230068469,5,"Guardian",0
257444136,1.13094910625205,4,"Guardian",0
257447848,1.21050592719842,5,"Guardian",0
257529088,1.5587940285612,4,"Guardian",0
257568892,0.911337970760185,NA,"Guardian",0
257571518,1.05966422491494,5,"Guardian",0
257627044,1.58931555708301,NA,"Guardian",0
257634768,1.11058474135198,4,"Guardian",0
257649116,1.35313295653385,2,"Guardian",1
257664948,0.861018752332383,7,"Guardian",0
257675396,1.32098433130753,NA,"Guardian",0
257690444,1.02764368463236,5,"Guardian",0
257716944,0.907934336325401,NA,"Guardian",0
257776224,0.802361947713291,2,"Guardian",1
257781626,0.785667680325056,2,"Guardian",0
257800766,1.05631709786659,NA,"Guardian",0
257916366,0.947861602426335,5,"Guardian",0
257929404,1.13781406477558,4,"Guardian",1
258020620,0.789474934182,NA,"Guardian",0
258224158,1.0118088844434,4,"Guardian",0
258240248,1.0103637972367,5,"Guardian",0
258247388,0.860016278737157,NA,"Guardian",0
258329500,1.0103637972367,6,"Guardian",1
258330704,0.933781680109807,NA,"Guardian",0
258459848,0.879904344324191,2,"Guardian",1
258526256,0.886933958615908,4,"Guardian",0
258645752,1.34582968388196,1,"Guardian",0
258665790,1.05463771209613,2,"Guardian",0
258681212,1.17782370179777,2,"Guardian",1
258709540,1.0114882148568,4,"Guardian",0
258778800,0.805845311522441,2,"Guardian",1
258819738,0.871182216099515,NA,"Guardian",0
258826400,1.0114882148568,4,"Guardian",0
258836194,1.44412647653647,6,"Guardian",0
258837580,1.45876151575058,5,"Guardian",0
258919130,0.865819742700279,3,"Guardian",0
258964502,1.38207320158619,NA,"Guardian",0
259003810,0.825730068556372,3,"Guardian",0
259109580,1.17927293524207,3,"Guardian",1
259142246,0.631957775386743,NA,"Guardian",0
259159332,1.13811858320268,1,"Guardian",0
259167646,0.874667222990687,1,"Guardian",1
259184034,0.944478158961642,NA,"Guardian",0
259225656,1.16974549913189,4,"Guardian",1
259242222,1.15163773693288,NA,"Guardian",0
259250984,1.41136041470365,NA,"Guardian",0
259260544,0.668747674183253,1,"Guardian",0
259290400,0.966585142604069,5,"Guardian",0
259304028,0.753374999439595,4,"Guardian",0
259475668,1.11651904920855,3,"Guardian",0
259486672,1.35087488602065,3,"Guardian",0
259523456,1.42304647564076,4,"Guardian",0
259539898,1.14314704979682,5,"Guardian",0
259540724,1.23947720042178,3,"Guardian",0
259652418,1.52432786858755,6,"Guardian",0
259691782,0.973446004714624,7,"Guardian",0
259703584,0.767207246569012,3,"Guardian",0
259787932,1.07791744583546,2,"Guardian",1
259807156,1.13489395532347,6,"Guardian",1
259814654,1.09329050988517,4,"Guardian",0
259874450,0.9205756783726,NA,"Guardian",0
259911830,0.844414264278832,NA,"Guardian",0
259915756,1.14051234166405,4,"Guardian",1
259921504,0.962434844103709,6,"Guardian",0
259923704,0.972481734845992,1,"Guardian",0
260065192,0.62334240367033,4,"Guardian",0
260083968,1.21415512943999,3,"Guardian",0
260138946,1.2166313101662,4,"Guardian",1
260181550,1.3795942097128,3,"Guardian",0
260182324,1.04186346589293,6,"Guardian",1
260192104,1.12660251080514,4,"Guardian",0
260214658,0.93624204253036,1,"Guardian",0
260252636,0.738421552997824,NA,"Guardian",0
260267474,0.878672242175325,2,"Guardian",0
260287420,0.719925047398161,5,"Guardian",1
260293456,0.922755024824995,NA,"Guardian",0
260311614,0.818563175004828,NA,"Guardian",0
260324730,0.741597558132564,4,"Guardian",1
260327522,1.4748264475141,NA,"Guardian",0
260350348,1.15970012963805,4,"Guardian",1
260365118,1.07026806359058,4,"Guardian",0
260383590,0.758716631938431,NA,"Guardian",0
260392790,1.42614241546544,NA,"Guardian",0
260394396,0.98804833730148,4,"Guardian",1
260394922,0.847795777918023,4,"Guardian",0
260409030,0.915477417633601,NA,"Guardian",0
260450826,1.1535138247527,2,"Guardian",0
260467546,1.24681825344492,NA,"Guardian",0
260485980,1.10502380836018,1,"Guardian",0
260488996,0.59860493491936,NA,"Guardian",0
260515502,0.924164122376536,6,"Guardian",0
260558310,0.883840804839242,6,"Guardian",0
260584102,0.83672340058174,NA,"Guardian",0
260638540,0.955375586826625,NA,"Guardian",0
260714790,0.701845158958922,4,"Guardian",1
260811908,0.984850686085726,4,"Guardian",0
260931750,0.84389780870887,6,"Guardian",0
260964070,0.978601517128702,NA,"Guardian",0
261051208,1.20992764363874,1,"Guardian",0
261062580,0.965616372392045,4,"Guardian",0
261068880,0.59519163967669,1,"Guardian",1
20022530,0.894742969930345,4,"DailyMail",0
20023753,0.817899511525492,6,"DailyMail",1
20025447,0.924464590075186,5,"DailyMail",0
20026947,0.821534967006642,2,"DailyMail",0
20047619,0.820360991763164,6,"DailyMail",0
20048332,1.1759725084016,4,"DailyMail",1
20048618,0.925208410912284,4,"DailyMail",0
20050448,0.987033283522209,5,"DailyMail",1
20051529,0.761143846254295,4,"DailyMail",0
20051923,0.803926781539201,6,"DailyMail",0
20052122,1.03465290359113,4,"DailyMail",0
20052241,0.915122066222173,4,"DailyMail",0
20054024,0.897206273270836,5,"DailyMail",1
20054270,0.917818307739336,NA,"DailyMail",0
20054395,1.03853157643102,5,"DailyMail",0
20060542,0.971117221620311,NA,"DailyMail",0
20064022,1.02756830800205,6,"DailyMail",0
20065179,1.01019313817515,4,"DailyMail",0
20067149,1.36837782143029,5,"DailyMail",0
20067844,0.887468293345291,5,"DailyMail",0
20073628,0.923817194805369,3,"DailyMail",0
20074410,0.773996228257417,NA,"DailyMail",0
20077389,1.18669564292533,NA,"DailyMail",0
20078507,1.00964339403178,3,"DailyMail",0
20085274,1.09594320375307,4,"DailyMail",0
20086548,0.973494560447607,6,"DailyMail",1
20087794,0.788292694930814,6,"DailyMail",0
20087888,0.8108497346763,NA,"DailyMail",0
20088212,0.817899511525492,6,"DailyMail",0
20089287,0.760970327217994,4,"DailyMail",0
20089575,0.765847326092285,3,"DailyMail",0
20091650,1.36467995317101,6,"DailyMail",0
20091668,0.976826118736406,4,"DailyMail",0
20093294,0.890771270097029,6,"DailyMail",1
20096796,0.909315105885082,3,"DailyMail",0
20098142,0.851773826284773,2,"DailyMail",0
20099291,0.976826118736406,6,"DailyMail",0
20102045,1.18262480891063,4,"DailyMail",0
20103834,1.18127904724926,NA,"DailyMail",0
20105311,0.978841972355124,NA,"DailyMail",0
20106754,0.995000205805947,7,"DailyMail",1
20107774,0.957175087236545,4,"DailyMail",1
20108848,0.686890779810034,4,"DailyMail",1
20113956,1.05395044442534,6,"DailyMail",1
20114172,0.884671877547993,5,"DailyMail",0
20114869,1.42500367564671,2,"DailyMail",0
20115167,0.748282483561949,3,"DailyMail",0
20122155,1.27260493984081,4,"DailyMail",0
20122792,1.09295094620214,4,"DailyMail",0
20124135,0.915653346199629,6,"DailyMail",0
20125503,0.798900062604096,5,"DailyMail",0
20126726,0.739654295956792,NA,"DailyMail",0
20128496,0.928967578985955,5,"DailyMail",0
20133288,1.2934980155536,3,"DailyMail",0
20133843,1.07922092931644,4,"DailyMail",0
20133959,0.976826118736406,5,"DailyMail",0
20134062,0.953571918607351,4,"DailyMail",0
20135037,0.948052073531323,7,"DailyMail",0
20135236,1.17776303245002,NA,"DailyMail",0
20135368,0.976826118736406,5,"DailyMail",0
20135890,0.825688491871181,3,"DailyMail",0
20135896,1.02691170127348,5,"DailyMail",0
20136090,1.07868111800161,4,"DailyMail",0
20136198,0.930329183919794,4,"DailyMail",0
20137204,1.16766529817587,NA,"DailyMail",0
20137867,0.91954497216919,4,"DailyMail",0
20139579,0.823005185848736,4,"DailyMail",0
20139936,1.1771220972616,3,"DailyMail",0
20140177,1.09074035706863,NA,"DailyMail",0
20140746,1.34812249136809,6,"DailyMail",0
20142240,0.929902768554445,1,"DailyMail",0
20143499,0.749672136467166,1,"DailyMail",0
20143790,1.03541599566902,5,"DailyMail",0
20145040,1.27118104060527,NA,"DailyMail",0
20145226,0.790272204577528,NA,"DailyMail",0
20145321,0.905840002742017,3,"DailyMail",1
20145418,1.02827233406731,4,"DailyMail",0
20148829,0.953571918607351,NA,"DailyMail",0
20149402,0.876750016606568,NA,"DailyMail",1
20149838,0.969858785669946,NA,"DailyMail",0
20150337,1.02827197727516,3,"DailyMail",0
20151311,0.723829626325887,5,"DailyMail",1
20151909,0.91840516021723,5,"DailyMail",0
20152155,0.798661733986574,4,"DailyMail",0
20152444,0.952251715896481,4,"DailyMail",0
20153171,0.976826118736406,2,"DailyMail",0
20155692,0.914772568516223,NA,"DailyMail",0
20156694,1.33176607273167,4,"DailyMail",1
20157553,0.809471843979465,6,"DailyMail",0
20157664,1.1761964194612,6,"DailyMail",1
20160898,1.34323433307381,2,"DailyMail",0
20161127,0.720343693026911,3,"DailyMail",0
20161313,0.927449832702319,5,"DailyMail",0
20165504,0.900276752673519,6,"DailyMail",1
20167553,0.953571918607351,6,"DailyMail",0
20168594,0.993555576786381,6,"DailyMail",0
20172071,1.09295094620214,5,"DailyMail",1
20172350,0.900276752673519,6,"DailyMail",1
20174731,1.00936762401267,NA,"DailyMail",0
20185685,0.850838952009086,2,"DailyMail",0
20186139,1.09335305494336,4,"DailyMail",0
20187447,1.08546716548142,NA,"DailyMail",1
20187643,1.12267941428684,NA,"DailyMail",0
20187973,0.761166469935306,4,"DailyMail",1
20190533,0.867336641943539,3,"DailyMail",1
20191176,0.87382095739501,5,"DailyMail",0
20192405,0.887013255982913,6,"DailyMail",0
20192862,0.765847326092285,NA,"DailyMail",0
20193929,0.94419959074595,6,"DailyMail",0
20194591,1.03392834431338,4,"DailyMail",0
20195130,0.916482088139855,NA,"DailyMail",0
20195245,0.747423130140161,3,"DailyMail",0
20196593,1.2758580902463,5,"DailyMail",1
20197611,0.686694582824386,NA,"DailyMail",0
20198070,0.904739521776239,5,"DailyMail",0
20199178,1.2128449680906,NA,"DailyMail",0
20199884,0.702322593003148,3,"DailyMail",0
20203396,1.05368885133127,2,"DailyMail",0
20203630,0.762653101584496,NA,"DailyMail",1
20204323,0.948867606283327,4,"DailyMail",0
20204943,0.887444447484897,4,"DailyMail",1
20208196,0.823793349980589,NA,"DailyMail",0
20210902,0.900276752673519,5,"DailyMail",1
20211741,0.908850223904938,3,"DailyMail",0
20212803,0.876294237923966,5,"DailyMail",1
20213840,0.940076826200111,3,"DailyMail",0
20218535,0.861397339890943,NA,"DailyMail",0
20219332,1.50409503337125,4,"DailyMail",0
20220715,0.936171066347943,3,"DailyMail",0
20223358,0.918134488710401,5,"DailyMail",0
20224282,1.22173933972407,NA,"DailyMail",0
20225171,1.10636867735698,3,"DailyMail",0
20229641,0.976826118736406,6,"DailyMail",1
20229961,0.847811794083742,4,"DailyMail",0
20230094,1.0109279537919,4,"DailyMail",0
20236098,1.14009882347847,NA,"DailyMail",0
20236184,0.915777316193063,3,"DailyMail",0
20239005,0.967957797037201,2,"DailyMail",0
20239127,0.858571516903643,NA,"DailyMail",0
20240996,0.812474998807354,3,"DailyMail",0
20242781,0.844645415079307,4,"DailyMail",0
20243373,1.03786796427443,4,"DailyMail",0
20246931,0.607263186969397,3,"DailyMail",0
20246999,1.5478282430944,3,"DailyMail",1
20247178,1.03853157643102,5,"DailyMail",0
20248337,0.884671877547993,5,"DailyMail",0
20248469,0.843427271661646,NA,"DailyMail",0
20249561,0.733583391835327,2,"DailyMail",1
20252333,0.84389780870887,NA,"DailyMail",1
20252892,0.668426975814446,NA,"DailyMail",0
20253190,0.919147800210688,2,"DailyMail",0
20261597,1.1259193156667,NA,"DailyMail",0
20261834,0.899637429815814,4,"DailyMail",0
20264620,0.896668094594843,4,"DailyMail",0
20267695,1.12267941428684,5,"DailyMail",0
20269882,1.22915997565542,4,"DailyMail",0
20271482,0.916841448123286,4,"DailyMail",0
20279656,0.771928521910068,NA,"DailyMail",0
20282652,0.858195384763216,4,"DailyMail",0
20283337,0.969239054797089,4,"DailyMail",0
20287056,0.884671877547993,4,"DailyMail",0
20287911,1.41933102769153,NA,"DailyMail",0
20292241,0.810238724016875,5,"DailyMail",0
20298810,0.763778615188506,3,"DailyMail",0
20305136,1.20786969531933,2,"DailyMail",0
20306733,0.756140976367034,3,"DailyMail",0
20309668,1.4953094644389,5,"DailyMail",1
20314827,0.77509187632978,4,"DailyMail",1
20314957,1.15061164828363,2,"DailyMail",0
20316902,1.11135869068197,6,"DailyMail",0
20334426,1.19378406791155,4,"DailyMail",0
20336029,0.868370017484301,NA,"DailyMail",0
20336875,1.06197604095222,5,"DailyMail",0
20339893,0.89385541742505,4,"DailyMail",0
20340967,1.20572086747911,4,"DailyMail",0
20343175,0.989809342081748,3,"DailyMail",0
20343899,0.958596070532606,NA,"DailyMail",0
20348755,0.887444447484897,NA,"DailyMail",0
20351548,1.05395044442534,3,"DailyMail",0
20379011,1.09501395932862,NA,"DailyMail",0
20383672,0.936849727935804,3,"DailyMail",1
20388046,1.33176607273167,4,"DailyMail",0
20389810,1.002611317936,4,"DailyMail",1
20396797,0.887622663785031,NA,"DailyMail",0
20397668,1.23205481737507,NA,"DailyMail",0
20399950,0.970799170414574,NA,"DailyMail",0
20405023,0.925654803029123,5,"DailyMail",0
20405320,0.84594142827104,5,"DailyMail",0
20418950,0.953571918607351,5,"DailyMail",1
20421365,0.917885286825368,NA,"DailyMail",0
20427040,1.10920518008911,2,"DailyMail",1
20427978,1.01019313817515,4,"DailyMail",0
20430365,0.719396769090035,NA,"DailyMail",0
20433545,1.03468070498057,5,"DailyMail",0
20434159,0.942515802898834,6,"DailyMail",0
20437849,0.78159358411302,3,"DailyMail",0
20440100,0.993519906850358,3,"DailyMail",0
20440170,1.03436469303264,4,"DailyMail",1
20440408,0.765847326092285,6,"DailyMail",1
20446141,1.18148589878386,5,"DailyMail",0
20501374,1.22214426581869,2,"DailyMail",0
20505330,0.917885286825368,6,"DailyMail",0
20525307,1.24842339100706,3,"DailyMail",0
20533993,1.07868111800161,5,"DailyMail",0
20545388,0.863592956821994,4,"DailyMail",1
20546711,0.897206273270836,6,"DailyMail",1
20548468,0.858707242933069,2,"DailyMail",0
20556580,0.85750172263526,2,"DailyMail",0
20571450,0.982862404751604,5,"DailyMail",0
20579704,0.659781242506987,5,"DailyMail",0
20588958,0.904559466223653,1,"DailyMail",0
20599963,0.9205756783726,5,"DailyMail",0
20609958,0.897206273270836,7,"DailyMail",1
20611450,1.12850448712512,4,"DailyMail",0
20621054,1.11416747220947,6,"DailyMail",0
20626839,0.771638719679397,5,"DailyMail",0
20629537,1.09149051834509,3,"DailyMail",1
20636152,0.874993877289061,2,"DailyMail",0
20636990,1.09295094620214,4,"DailyMail",0
20638692,1.18512538089011,4,"DailyMail",0
20639451,0.900276752673519,4,"DailyMail",1
20639487,0.976320446993874,5,"DailyMail",1
20639532,0.908943959690363,3,"DailyMail",0
20643016,1.02562633672478,4,"DailyMail",0
20644464,0.665983569115204,3,"DailyMail",0
20663607,1.48173141717201,NA,"DailyMail",0
20664557,0.865819742700279,NA,"DailyMail",0
20669921,0.89385541742505,6,"DailyMail",0
20671465,1.02571170243139,1,"DailyMail",1
20682590,1.25614430656367,4,"DailyMail",0
20690532,0.91787073208587,4,"DailyMail",0
20692384,1.02756830800205,4,"DailyMail",0
20696602,1.09295094620214,4,"DailyMail",0
20704743,1.22382710987253,NA,"DailyMail",1
20707325,1.13170811625119,4,"DailyMail",1
20707394,0.991152548827504,NA,"DailyMail",0
20710990,0.833697652560433,NA,"DailyMail",0
20713943,0.874027050296371,3,"DailyMail",0
20716485,0.738131805223005,2,"DailyMail",0
20716957,0.939044996852221,2,"DailyMail",1
20717044,1.20558630781978,5,"DailyMail",1
20718933,1.12566586807069,4,"DailyMail",0
20725665,1.10920518008911,5,"DailyMail",1
20728580,1.37004414647068,3,"DailyMail",0
20729382,0.963008145891068,4,"DailyMail",0
20733757,0.915653346199629,5,"DailyMail",1
20739660,0.898296032826641,NA,"DailyMail",0
20749975,1.16585337868382,3,"DailyMail",0
20757666,1.23205481737507,6,"DailyMail",0
20757869,0.834086882124798,6,"DailyMail",0
20759800,1.13130319812072,5,"DailyMail",0
20765090,1.03541599566902,5,"DailyMail",0
20772060,1.20144716521654,3,"DailyMail",0
20779386,0.715080729081225,2,"DailyMail",0
22086387,0.748564002239245,3,"DailyMail",0
22087570,0.960853674843062,5,"DailyMail",0
22091348,0.810908350835403,6,"DailyMail",1
22141182,1.09335305494336,3,"DailyMail",0
22141975,1.03853157643102,6,"DailyMail",1
22144146,0.748090154997302,6,"DailyMail",1
22152420,1.04160818585092,NA,"DailyMail",0
22152443,1.03465290359113,6,"DailyMail",0
22187403,0.878277890252884,3,"DailyMail",0
22264314,0.872316496291049,2,"DailyMail",0
22275023,0.839574388854932,4,"DailyMail",1
22309739,0.959687996382129,2,"DailyMail",0
22316630,0.77399224178618,4,"DailyMail",0
22330358,1.2495897009648,5,"DailyMail",1
22403734,0.811233985050568,3,"DailyMail",0
28009011,1.01859652762759,4,"DailyMail",0
28110124,0.936647281551935,4,"DailyMail",0
28242812,0.900276752673519,5,"DailyMail",0
28263520,0.970137481428116,7,"DailyMail",0
28359418,0.722908883836946,NA,"DailyMail",1
28367120,1.22418790138184,NA,"DailyMail",0
28371373,1.02910304873513,2,"DailyMail",0
28572771,0.909566209969306,5,"DailyMail",0
28807291,0.727172999856394,1,"DailyMail",0
28897999,0.888161284121996,3,"DailyMail",0
29093399,0.953571918607351,4,"DailyMail",1
29099947,0.818861168462333,2,"DailyMail",1
29171252,0.933001346993407,5,"DailyMail",1
29171826,0.950592752033376,6,"DailyMail",1
29213009,0.84389780870887,4,"DailyMail",1
29244000,0.760810689396771,NA,"DailyMail",0
29469942,1.03541599566902,5,"DailyMail",1
29477530,0.966261689432141,3,"DailyMail",0
29483187,0.973152758432742,3,"DailyMail",0
29487305,1.07427453506468,NA,"DailyMail",0
29498254,0.907051016528382,5,"DailyMail",0
29499762,0.833697652560433,NA,"DailyMail",0
29764485,1.17438519003218,4,"DailyMail",0
29821641,0.84797998909773,2,"DailyMail",0
29835911,0.908704538936667,NA,"DailyMail",0
29937004,1.18588314935095,NA,"DailyMail",1
30623806,1.46091454487931,6,"DailyMail",0
30629518,1.25047771566061,4,"DailyMail",0
30937696,1.03212708763763,NA,"DailyMail",1
31273935,0.83080796390262,NA,"DailyMail",0
31435701,1.39572624380206,4,"DailyMail",0
31671783,0.729783196899742,2,"DailyMail",0
31845573,0.820360991763164,4,"DailyMail",1
32693955,0.91667243543518,2,"DailyMail",0
32962021,0.748008777113973,2,"DailyMail",0
33159411,0.84389780870887,6,"DailyMail",0
33386432,0.750370362123011,3,"DailyMail",0
33702033,1.21173841367426,NA,"DailyMail",0
33764738,1.09671122198231,5,"DailyMail",1
33931048,0.893357025221136,5,"DailyMail",1
33951681,1.02243301700971,2,"DailyMail",0
33964836,0.924464590075186,3,"DailyMail",0
34242710,0.950592752033376,6,"DailyMail",1
34356611,0.999122114579395,NA,"DailyMail",0
34649256,0.667132118089837,NA,"DailyMail",0
35353980,1.28042165015217,NA,"DailyMail",0
36447947,0.998037974526841,2,"DailyMail",0
36477499,0.916125581039401,NA,"DailyMail",0
36630170,0.739654295956792,3,"DailyMail",0
36639352,0.924464590075186,5,"DailyMail",1
37273045,1.00593672063042,2,"DailyMail",0
37409380,0.87751795154183,6,"DailyMail",0
37905035,1.2489648275373,1,"DailyMail",0
37998195,0.934227297451027,3,"DailyMail",0
38145824,0.823793349980589,NA,"DailyMail",0
38171943,0.976826118736406,NA,"DailyMail",1
38174841,1.03956599130216,NA,"DailyMail",0
38243482,1.42555536706801,4,"DailyMail",1
38373885,1.06535376248509,4,"DailyMail",0
38418680,0.951505177759098,7,"DailyMail",1
38464266,0.993241815873803,2,"DailyMail",0
38541683,1.02010812125039,4,"DailyMail",1
38610986,0.970574089858866,5,"DailyMail",1
38800892,1.094444637344,6,"DailyMail",1
39340838,0.90245690193347,NA,"DailyMail",0
39601149,0.899073780798858,1,"DailyMail",0
39699738,1.00985806953401,NA,"DailyMail",0
39761399,0.841918816446721,2,"DailyMail",0
39918383,0.764849955428823,6,"DailyMail",1
40197802,0.89385541742505,4,"DailyMail",0
40202000,0.89385541742505,4,"DailyMail",0
40210877,0.869116517852556,4,"DailyMail",0
40259163,0.749495366073594,3,"DailyMail",0
40418895,0.915122066222173,2,"DailyMail",0
40512087,0.950592752033376,2,"DailyMail",0
40682383,0.911608550605073,5,"DailyMail",0
40686754,0.957146637712426,4,"DailyMail",1
40699600,0.900276752673519,4,"DailyMail",0
40759921,1.22799358143051,NA,"DailyMail",0
40834767,0.953571918607351,5,"DailyMail",1
40894203,0.811823837208255,3,"DailyMail",0
40903213,0.757671940311865,NA,"DailyMail",1
40908716,1.29156740857858,NA,"DailyMail",0
40915400,1.25364480788112,4,"DailyMail",1
40973680,0.917047842597496,NA,"DailyMail",0
41245265,0.769109561176168,4,"DailyMail",0
41325769,0.939523240854489,5,"DailyMail",1
41446381,1.01250373064625,NA,"DailyMail",0
41518838,0.711901513430157,3,"DailyMail",0
41723226,0.996441464564433,5,"DailyMail",1
41730131,0.844414264278832,4,"DailyMail",0
41758666,0.832713433836335,2,"DailyMail",0
41979535,0.957146637712426,NA,"DailyMail",0
41997586,1.34462274791379,3,"DailyMail",0
42131094,1.18106677543508,4,"DailyMail",0
42171186,0.970802159453395,4,"DailyMail",1
42191810,0.821615406288972,3,"DailyMail",0
42200816,1.05093695313805,2,"DailyMail",0
42348990,1.24632386535211,2,"DailyMail",0
42436462,0.970137481428116,5,"DailyMail",1
42585715,1.15663276814745,3,"DailyMail",0
42609607,0.887444447484897,6,"DailyMail",0
42748625,1.03465290359113,4,"DailyMail",0
42763963,1.3968866021068,6,"DailyMail",0
42837333,1.03521756164282,NA,"DailyMail",0
42856198,1.05699323222968,4,"DailyMail",0
42879263,0.796046040655566,4,"DailyMail",0
42886102,0.805533573987045,3,"DailyMail",1
42887802,1.18669564292533,4,"DailyMail",1
42887921,1.04222532771776,2,"DailyMail",0
42894286,1.2758580902463,6,"DailyMail",0
42897404,0.84863250636115,4,"DailyMail",0
42944000,0.94419959074595,5,"DailyMail",0
43023604,1.09836329118528,4,"DailyMail",0
43049539,0.832713433836335,1,"DailyMail",0
43057956,0.957146637712426,6,"DailyMail",0
43066111,0.97052327275018,NA,"DailyMail",1
43068545,0.830966332152616,5,"DailyMail",0
43094495,0.880547467181152,1,"DailyMail",0
43102874,0.766899671782288,4,"DailyMail",0
43132678,1.33269126360453,2,"DailyMail",0
43151306,0.702322593003148,1,"DailyMail",0
43226291,0.973152758432742,3,"DailyMail",0
43270919,0.9464923976839,2,"DailyMail",0
43280312,0.807425181094517,6,"DailyMail",0
43396423,0.921753865059368,NA,"DailyMail",0
43423680,1.08776673904153,3,"DailyMail",1
43435157,1.00252346728541,NA,"DailyMail",0
43452326,0.686890779810034,2,"DailyMail",0
43454196,1.05790013523282,NA,"DailyMail",0
43455435,0.787615768160952,5,"DailyMail",0
43496809,0.89385541742505,4,"DailyMail",1
43681882,1.6589226451259,NA,"DailyMail",0
43713638,0.977495379401078,5,"DailyMail",1
43860063,1.01195543590741,NA,"DailyMail",0
43983614,0.910844741517915,5,"DailyMail",0
44199329,0.717981833366672,NA,"DailyMail",0
44631876,0.817407164620393,4,"DailyMail",0
44643491,0.765847326092285,3,"DailyMail",0
44649116,0.784162620215093,2,"DailyMail",0
44661143,1.45946841545958,6,"DailyMail",0
44667881,0.756132193432155,3,"DailyMail",0
44672709,1.03853157643102,NA,"DailyMail",0
44698931,0.819384215656975,3,"DailyMail",0
44790445,0.846020986145008,1,"DailyMail",1
44812787,0.95586767490274,3,"DailyMail",1
44859114,1.41137521153932,NA,"DailyMail",0
44903992,0.900631603709599,2,"DailyMail",0
44944964,0.84863250636115,4,"DailyMail",0
44946802,0.910111462503697,3,"DailyMail",1
45051112,0.912814921390253,7,"DailyMail",1
45151531,1.13301478708081,4,"DailyMail",0
45320283,0.8390006323218,4,"DailyMail",0
45370989,0.953600261879144,NA,"DailyMail",0
45393528,0.869687597110306,4,"DailyMail",0
45448884,1.28338089692779,NA,"DailyMail",0
45619796,0.973494560447607,6,"DailyMail",0
45741935,0.828577467418826,3,"DailyMail",0
45780502,0.672593447348115,2,"DailyMail",0
45958294,0.999122114579395,4,"DailyMail",0
46226260,0.830583986577563,2,"DailyMail",0
46345528,1.04969749800208,NA,"DailyMail",0
46372790,1.003491112401,2,"DailyMail",0
46578362,0.727516890904271,NA,"DailyMail",0
46752005,0.755758887871929,4,"DailyMail",0
46765185,1.05473760391594,1,"DailyMail",0
46779526,1.18483688914871,3,"DailyMail",0
46799958,0.993065273061458,4,"DailyMail",1
47258112,0.835560094170178,4,"DailyMail",0
47358632,0.771101561565534,NA,"DailyMail",0
47516953,0.85831194107099,1,"DailyMail",0
47583586,0.808791864816064,3,"DailyMail",0
47586545,0.946069117560492,NA,"DailyMail",0
47636627,0.730794969038149,6,"DailyMail",0
47661167,1.18262480891063,5,"DailyMail",0
47669255,1.06546248652522,2,"DailyMail",0
47675054,1.02691170127348,4,"DailyMail",0
47690793,0.993462051294154,4,"DailyMail",0
47735381,1.03441445765973,5,"DailyMail",1
47745998,0.683279387180257,3,"DailyMail",0
47778351,1.02803076306129,5,"DailyMail",0
47793657,0.917047842597496,NA,"DailyMail",0
47853777,1.11161963724855,NA,"DailyMail",0
47904875,0.727151386542306,1,"DailyMail",0
47949665,0.890955976786543,4,"DailyMail",0
47962048,0.752760863645947,3,"DailyMail",0
47979961,1.12267941428684,NA,"DailyMail",0
47991091,1.18879859338437,2,"DailyMail",0
47991754,1.3702258933442,3,"DailyMail",0
48001579,0.989368864154687,3,"DailyMail",0
48315198,1.07274758838559,3,"DailyMail",0
48382228,1.38154475936927,2,"DailyMail",0
48711291,0.729701827506074,6,"DailyMail",0
48788760,1.16706528990819,1,"DailyMail",0
49350207,0.812299094949511,6,"DailyMail",1
50111974,1.266238879116,3,"DailyMail",0
51039510,0.947042510160343,NA,"DailyMail",0
51141573,0.802525094258597,NA,"DailyMail",0
51151934,1.08766107075745,3,"DailyMail",0
51205825,1.2916688895354,5,"DailyMail",0
52023806,0.756518380323481,2,"DailyMail",0
52052117,1.08964872142487,5,"DailyMail",0
52114037,1.24842339100706,4,"DailyMail",0
52161324,1.01044537148388,NA,"DailyMail",0
52295884,0.812323239131587,3,"DailyMail",0
52361998,0.815650431714229,NA,"DailyMail",1
52363982,0.887622663785031,2,"DailyMail",0
52471028,0.834987597606341,5,"DailyMail",1
52572254,0.912407017716603,2,"DailyMail",0
52580725,0.94367729036805,NA,"DailyMail",0
52618271,0.765847326092285,4,"DailyMail",0
52647854,0.994926306689342,6,"DailyMail",0
52675334,0.678170754168068,NA,"DailyMail",0
52731886,1.05653537236359,6,"DailyMail",0
52733844,0.947042510160343,6,"DailyMail",1
52821490,0.770024421186343,NA,"DailyMail",0
52929812,0.978489066996293,3,"DailyMail",0
52978709,0.882017873813367,5,"DailyMail",0
53088984,1.15663276814745,1,"DailyMail",0
53909359,0.852018555964852,5,"DailyMail",0
54237659,0.755605247248534,2,"DailyMail",1
54770795,0.976826118736406,5,"DailyMail",0
55242390,1.18498118682961,NA,"DailyMail",1
55251657,0.746245134352986,NA,"DailyMail",0
55547212,0.777846242675866,4,"DailyMail",1
55645879,0.895154007402913,4,"DailyMail",1
56392255,1.2495897009648,5,"DailyMail",1
56558105,1.44715692139383,4,"DailyMail",0
56566532,0.84389780870887,NA,"DailyMail",1
56576592,0.96822509508891,2,"DailyMail",0
56640358,0.689465773416466,6,"DailyMail",0
56649908,1.30953681195162,3,"DailyMail",0
56679233,0.86142096653516,1,"DailyMail",0
56713928,0.898932924060889,4,"DailyMail",0
56744467,0.730794969038149,5,"DailyMail",1
56832299,0.976826118736406,5,"DailyMail",0
56927578,1.31578321246702,2,"DailyMail",0
56931626,1.33889147039214,5,"DailyMail",1
56958546,1.02099059921259,5,"DailyMail",0
57017924,0.942380796761074,3,"DailyMail",0
57032583,0.769109561176168,4,"DailyMail",0
57032741,1.11026399086635,2,"DailyMail",0
57049325,1.15631417583776,5,"DailyMail",0
57053971,0.959687996382129,3,"DailyMail",0
57114436,1.02756830800205,6,"DailyMail",1
57115562,0.888098968266787,6,"DailyMail",1
57133460,1.2451859059914,4,"DailyMail",0
57165736,1.1759725084016,2,"DailyMail",0
57176854,0.916280695075066,NA,"DailyMail",0
57216373,0.788955183923185,4,"DailyMail",0
57230271,1.15581072837555,4,"DailyMail",0
57281520,1.06872920288467,1,"DailyMail",0
57300447,0.892494544422774,4,"DailyMail",0
57435135,0.976826118736406,NA,"DailyMail",0
57479676,0.771430872348229,2,"DailyMail",0
57479777,1.41650258041997,3,"DailyMail",0
57483282,1.0636669578344,3,"DailyMail",0
57483839,0.788292694930814,4,"DailyMail",0
57518822,0.68817335612607,2,"DailyMail",0
57558768,0.915834384521452,2,"DailyMail",0
57638604,1.12688807802034,5,"DailyMail",0
57810666,1.10614553262215,2,"DailyMail",0
57893068,0.953571918607351,5,"DailyMail",0
57905349,0.84389780870887,6,"DailyMail",1
58281729,0.950521824371447,2,"DailyMail",0
58408223,1.29502688101483,4,"DailyMail",0
58481386,1.0357475309506,4,"DailyMail",1
58572155,0.896277494168242,NA,"DailyMail",0
58607964,1.11237999836726,4,"DailyMail",0
58789068,0.969858785669946,7,"DailyMail",0
58905093,0.848005193832514,2,"DailyMail",0
58910393,1.0109279537919,3,"DailyMail",1
58923056,1.01924430045209,3,"DailyMail",0
58936761,0.938773806911833,4,"DailyMail",0
59392697,0.913016200733579,3,"DailyMail",0
59557487,0.880918156188144,3,"DailyMail",0
59743095,1.25047771566061,6,"DailyMail",0
60237306,1.23073792518688,NA,"DailyMail",0
60267522,1.59463230159624,4,"DailyMail",0
60338282,1.06375624165869,2,"DailyMail",0
60658651,1.4031215674834,4,"DailyMail",0
61109547,0.944478158961642,2,"DailyMail",0
61130952,1.01924430045209,5,"DailyMail",0
61140399,1.03399176987092,NA,"DailyMail",0
61316711,0.959687996382129,3,"DailyMail",0
61320357,0.856216654418697,5,"DailyMail",0
61391781,0.881558695477241,4,"DailyMail",0
61601777,0.576867303297478,3,"DailyMail",0
61607451,0.717102762592716,3,"DailyMail",1
61634939,0.953132129100769,4,"DailyMail",1
61670273,1.00540751377478,NA,"DailyMail",0
61916230,1.26981052452799,3,"DailyMail",0
61920179,0.870271267567881,3,"DailyMail",0
62093388,1.08919604901607,2,"DailyMail",0
62549955,0.952514054234276,1,"DailyMail",0
62608906,0.89385541742505,NA,"DailyMail",0
62625223,0.750207832395514,1,"DailyMail",0
62698268,1.42614241546544,NA,"DailyMail",0
62760901,0.693175934117593,3,"DailyMail",0
62862667,0.880855870984505,2,"DailyMail",0
63035544,0.694110456481874,2,"DailyMail",1
63120786,0.913396607044211,4,"DailyMail",0
63148155,0.976826118736406,7,"DailyMail",1
63173206,1.02764368463236,6,"DailyMail",0
63176355,1.20540884652547,6,"DailyMail",0
63273988,1.17507341651471,NA,"DailyMail",0
63279469,1.08225092188429,4,"DailyMail",1
63294349,0.986632991413281,3,"DailyMail",0
63294594,0.969858785669946,6,"DailyMail",1
63307496,0.931420858843705,6,"DailyMail",0
63314393,0.979913830755939,4,"DailyMail",0
63331034,1.10666702346151,4,"DailyMail",0
63584335,1.43440259726332,2,"DailyMail",0
63771273,0.821040636106232,NA,"DailyMail",0
63830101,1.06061054526573,5,"DailyMail",0
63879869,1.31386565041733,2,"DailyMail",0
64190359,0.829363544602136,6,"DailyMail",0
64192061,1.25748017213181,3,"DailyMail",0
64222158,1.06298426305768,NA,"DailyMail",0
64232134,0.847245343227626,NA,"DailyMail",0
64266435,1.17101904588635,5,"DailyMail",0
64309792,0.969858785669946,7,"DailyMail",0
64462978,1.65885249065492,3,"DailyMail",0
64570884,1.27796510970041,NA,"DailyMail",0
64684101,1.12381580180177,4,"DailyMail",0
64819256,0.79912675295184,5,"DailyMail",0
64845724,0.863240279530685,2,"DailyMail",1
64948976,0.986630536417006,2,"DailyMail",0
64954450,0.905840002742017,6,"DailyMail",0
64960009,1.09772286498091,3,"DailyMail",0
64988128,0.947042510160343,4,"DailyMail",0
65174573,0.691567291206768,4,"DailyMail",0
65186942,1.08766107075745,NA,"DailyMail",1
65272957,0.953571918607351,6,"DailyMail",1
65277399,0.984773749383512,4,"DailyMail",0
65369137,1.03465290359113,5,"DailyMail",0
65411597,0.882363103478573,4,"DailyMail",1
65442034,1.02858183298023,5,"DailyMail",1
65446010,1.19448718854612,NA,"DailyMail",0
65454591,1.3662936789239,5,"DailyMail",1
65472057,0.924191736114724,2,"DailyMail",0
65531829,1.03465290359113,4,"DailyMail",0
65618153,0.815344215130893,5,"DailyMail",1
65624683,1.25701223409206,NA,"DailyMail",0
65636324,0.876372933316275,6,"DailyMail",0
65790476,0.821534967006642,NA,"DailyMail",0
65862314,1.54700710142287,5,"DailyMail",0
65980118,1.19883626001481,5,"DailyMail",0
65980386,1.05258945955152,4,"DailyMail",0
66193850,0.979913830755939,6,"DailyMail",0
66204985,0.858850942114618,NA,"DailyMail",0
66208044,1.0283261749472,6,"DailyMail",0
66326256,0.781548198690251,2,"DailyMail",1
66351399,0.953571918607351,5,"DailyMail",0
66414897,0.719396769090035,4,"DailyMail",0
66474716,0.947042510160343,5,"DailyMail",0
66522313,0.95586767490274,2,"DailyMail",0
66593620,0.822095803909667,3,"DailyMail",0
66667069,1.00522952111069,2,"DailyMail",0
66690807,1.0730005986402,3,"DailyMail",1
66730043,0.935487317846887,4,"DailyMail",0
66925078,1.22540248175387,NA,"DailyMail",0
67035809,0.84389780870887,4,"DailyMail",1
67095560,0.903663392866233,NA,"DailyMail",0
67121702,0.825629512531082,2,"DailyMail",0
67133806,1.10323867865011,NA,"DailyMail",0
67140490,0.823793349980589,4,"DailyMail",0
67246017,0.705129569489494,3,"DailyMail",1
67259173,0.915068252105665,NA,"DailyMail",0
67285958,0.861397339890943,4,"DailyMail",0
67298406,0.947042510160343,5,"DailyMail",0
67468958,1.20794679322493,1,"DailyMail",0
67618095,0.82099002814438,4,"DailyMail",0
67747875,1.05613565137138,NA,"DailyMail",0
67761840,1.11902451772789,4,"DailyMail",0
67778757,0.932841445825631,7,"DailyMail",0
67782116,1.08776673904153,4,"DailyMail",0
67913262,1.43151781602231,5,"DailyMail",1
68152478,0.983653212257379,3,"DailyMail",0
68186300,0.904137012894086,4,"DailyMail",0
68278988,0.854232581021158,6,"DailyMail",1
68291901,0.953571918607351,5,"DailyMail",0
68317610,1.09295094620214,6,"DailyMail",0
68362138,1.07441032615425,5,"DailyMail",0
68409052,0.968056116396493,NA,"DailyMail",0
68439757,0.983334199752842,3,"DailyMail",1
68457514,1.03924311384776,NA,"DailyMail",0
68546716,0.937282210218467,NA,"DailyMail",0
68567243,1.19980970131249,2,"DailyMail",0
68576601,0.776920851848309,1,"DailyMail",0
68606802,1.04160818585092,NA,"DailyMail",0
68638543,1.24840507385683,4,"DailyMail",0
68640900,0.809471843979465,6,"DailyMail",0
68641626,0.976826118736406,6,"DailyMail",0
68668897,1.08650905030969,3,"DailyMail",0
68682697,0.976320446993874,5,"DailyMail",0
68702421,0.826881559447904,NA,"DailyMail",0
68723248,1.002611317936,3,"DailyMail",0
68778631,1.04251313447999,4,"DailyMail",0
68785768,1.14031515091747,6,"DailyMail",0
68826991,0.706307567506121,5,"DailyMail",0
68854031,0.999845774267345,3,"DailyMail",0
68907173,1.25783634788036,3,"DailyMail",0
68943927,1.06916611459915,4,"DailyMail",0
68963533,1.09174628721157,5,"DailyMail",0
68989670,0.918119921948326,4,"DailyMail",0
69054821,0.743151012012276,5,"DailyMail",0
69110281,1.44412465285759,3,"DailyMail",0
69118911,0.843022602759885,3,"DailyMail",1
69146916,1.03399176987092,7,"DailyMail",0
69149695,0.969858785669946,NA,"DailyMail",1
69201106,0.820965626364686,5,"DailyMail",0
69221372,1.33156975956833,NA,"DailyMail",0
69269634,0.793350041607133,3,"DailyMail",0
69290836,1.15468781286833,4,"DailyMail",0
69323754,1.0114882148568,1,"DailyMail",0
69335003,1.13610283326467,NA,"DailyMail",0
69335181,0.78159358411302,3,"DailyMail",0
69337045,1.0252595892437,2,"DailyMail",0
69372291,1.02058976557308,NA,"DailyMail",0
69390181,1.18588314935095,6,"DailyMail",1
69408277,1.13653055807785,3,"DailyMail",0
69409971,0.882380503354242,6,"DailyMail",0
69459413,0.80649173530122,NA,"DailyMail",0
69460267,1.00071259221879,5,"DailyMail",0
69464159,0.854014739486256,4,"DailyMail",0
69478157,0.777965939311253,NA,"DailyMail",0
69507647,0.945621918733538,3,"DailyMail",0
69549649,1.09671122198231,6,"DailyMail",1
69632723,0.84389780870887,4,"DailyMail",0
69717053,1.04154625420011,4,"DailyMail",1
69720931,0.7495558311652,NA,"DailyMail",1
69760921,0.960847128815688,NA,"DailyMail",0
69817411,0.894334931397232,2,"DailyMail",0
69915165,0.702322593003148,2,"DailyMail",0
69957888,0.986724347367529,NA,"DailyMail",0
69963585,1.15488984159407,5,"DailyMail",0
70043217,0.802387953519758,1,"DailyMail",1
70081644,0.647284804562786,2,"DailyMail",0
70194744,0.90245690193347,3,"DailyMail",0
70295419,0.913849562352434,2,"DailyMail",0
70296455,0.744447791645743,3,"DailyMail",0
70440692,1.21981313311326,4,"DailyMail",0
70469848,1.22877709679949,3,"DailyMail",0
70529600,1.04154625420011,4,"DailyMail",0
70614778,0.78166414003964,4,"DailyMail",1
70826907,0.749042633615272,5,"DailyMail",0
71084843,1.54058165548262,3,"DailyMail",0
71173213,0.933399171377853,3,"DailyMail",0
71234182,1.00885208599761,5,"DailyMail",1
71316085,0.86281394866448,3,"DailyMail",0
71326387,1.010647773574,5,"DailyMail",1
71358790,0.915653346199629,2,"DailyMail",0
71492825,0.878277890252884,4,"DailyMail",1
71610917,1.10519684233104,5,"DailyMail",1
71628397,0.971865398305731,NA,"DailyMail",0
71661572,1.00696692342008,4,"DailyMail",0
71674506,1.1771220972616,2,"DailyMail",0
71759842,0.858707242933069,2,"DailyMail",1
71843280,0.872182651217801,5,"DailyMail",0
71878669,1.01715794021808,5,"DailyMail",1
71977064,1.11759417950103,NA,"DailyMail",0
72055024,1.13006190461584,NA,"DailyMail",0
72062135,1.00865736649815,2,"DailyMail",1
72093172,0.863798505320152,2,"DailyMail",0
72129693,0.894742969930345,4,"DailyMail",1
72219586,0.875666224237147,4,"DailyMail",0
72247318,0.999695242299456,6,"DailyMail",0
72447469,1.04354172852379,3,"DailyMail",0
72567669,1.19177517132349,4,"DailyMail",0
72641968,0.923956452869501,2,"DailyMail",0
72668706,1.06872920288467,NA,"DailyMail",0
72728264,0.976826118736406,5,"DailyMail",1
72897162,0.94637541316946,3,"DailyMail",0
73198175,1.00573513615791,1,"DailyMail",0
73253319,0.865794008474659,NA,"DailyMail",1
73284614,1.03142042234257,5,"DailyMail",0
73549511,1.00942583139474,4,"DailyMail",0
73631730,0.830966332152616,4,"DailyMail",0
73823384,1.25458923877792,4,"DailyMail",0
73996300,1.38154475936927,4,"DailyMail",0
74175124,0.854014739486256,NA,"DailyMail",0
74324354,0.804278818812007,4,"DailyMail",0
74537144,0.894970486060852,3,"DailyMail",0
74617567,0.725125211126923,4,"DailyMail",0
74619110,0.690923782281259,3,"DailyMail",0
74621198,0.90245690193347,NA,"DailyMail",1
74658809,1.35940734902808,NA,"DailyMail",0
74663296,1.04154625420011,5,"DailyMail",0
74829026,1.04364131810788,3,"DailyMail",0
75079216,0.86142096653516,3,"DailyMail",0
75241661,1.05203148870996,5,"DailyMail",1
75284195,0.934227297451027,2,"DailyMail",0
75313666,0.853157616079651,3,"DailyMail",0
75343298,1.09671122198231,4,"DailyMail",1
75354176,0.84389780870887,5,"DailyMail",1
75468159,0.753896857134639,4,"DailyMail",0
75583993,0.77862929873562,2,"DailyMail",0
75588984,1.06521794199762,2,"DailyMail",0
75605610,0.953571918607351,4,"DailyMail",0
75621569,0.812474998807354,2,"DailyMail",0
75720294,0.746450719394069,2,"DailyMail",1
75927677,0.952297732424997,2,"DailyMail",0
76397787,0.909315105885082,2,"DailyMail",0
76498445,0.705792324543186,2,"DailyMail",0
76604912,0.905840002742017,3,"DailyMail",0
76646966,1.0545713088263,5,"DailyMail",1
76704029,0.879377119804243,NA,"DailyMail",0
76716987,0.976132435084288,3,"DailyMail",0
76741860,0.668727797409046,5,"DailyMail",0
76912213,0.983643282395186,NA,"DailyMail",0
77243074,0.992299234527503,4,"DailyMail",0
77263652,1.18512538089011,4,"DailyMail",1
77264518,0.867075465567927,4,"DailyMail",1
77267153,0.829952927673403,NA,"DailyMail",0
77269193,0.870253926923796,4,"DailyMail",0
77348783,0.753350728099332,3,"DailyMail",0
77352018,0.798661733986574,6,"DailyMail",1
77353320,1.13170811625119,NA,"DailyMail",0
77364516,0.968859680037876,6,"DailyMail",0
77579615,1.22638052758565,5,"DailyMail",0
77951466,1.23695891274463,4,"DailyMail",0
77956753,1.02803076306129,3,"DailyMail",0
77998652,0.976826118736406,6,"DailyMail",1
78000825,1.07427471462766,1,"DailyMail",0
78336917,0.887444447484897,5,"DailyMail",0
78690764,1.01715794021808,5,"DailyMail",1
78889501,0.843676370029427,4,"DailyMail",0
79075374,1.11652786939462,NA,"DailyMail",0
79082996,0.750207832395514,2,"DailyMail",0
79093777,0.729466245436243,7,"DailyMail",0
79105144,0.976826118736406,4,"DailyMail",0
79131559,0.948261288581662,3,"DailyMail",0
79341173,1.38168347086733,NA,"DailyMail",0
79443434,1.09964411176069,4,"DailyMail",0
79537021,1.07427471462766,1,"DailyMail",0
79563727,1.50615616655113,4,"DailyMail",0
79755180,1.10519684233104,5,"DailyMail",0
79897857,0.969858785669946,5,"DailyMail",0
80009660,0.977495379401078,3,"DailyMail",1
80018988,1.00985806953401,NA,"DailyMail",0
80449892,0.718762741431152,2,"DailyMail",0
80511442,0.839345541875355,3,"DailyMail",0
80576545,0.976826118736406,5,"DailyMail",1
80602706,0.963909870492139,NA,"DailyMail",0
80906932,0.779758150051187,5,"DailyMail",1
80927908,1.00921214034145,1,"DailyMail",0
81366928,1.63664311908704,4,"DailyMail",0
81367933,0.953571918607351,6,"DailyMail",0
81369191,1.02756830800205,4,"DailyMail",0
81539087,0.658897989109727,2,"DailyMail",0
81592026,0.784671816581126,3,"DailyMail",0
81669406,0.786800932964332,4,"DailyMail",0
81675276,1.02450597084423,5,"DailyMail",0
81751986,0.969239054797089,5,"DailyMail",1
81824165,0.879085018295835,3,"DailyMail",0
81909975,0.887622663785031,4,"DailyMail",0
82074105,0.91667243543518,2,"DailyMail",0
82124212,0.97368391396667,NA,"DailyMail",0
82129649,0.943867621128857,3,"DailyMail",0
82223758,0.818563175004828,5,"DailyMail",0
82247089,0.957146637712426,7,"DailyMail",1
82257336,1.16841190267025,5,"DailyMail",1
82363324,1.60272757691108,NA,"DailyMail",0
82587186,1.18625485799922,NA,"DailyMail",1
82624495,1.10275299785939,3,"DailyMail",0
82743131,0.874993877289061,3,"DailyMail",0
82825834,0.844629458730225,2,"DailyMail",0
82982484,1.06479815613331,4,"DailyMail",0
83158000,0.874651606964991,1,"DailyMail",0
83195573,0.859417803278321,4,"DailyMail",0
83223192,0.727015513626698,NA,"DailyMail",0
83223213,1.17923114121296,3,"DailyMail",0
83271895,1.01940968496757,5,"DailyMail",1
83315855,0.821534967006642,NA,"DailyMail",0
83356305,0.897232941171559,NA,"DailyMail",0
83406132,1.2875988361998,NA,"DailyMail",0
83418132,1.11976007523138,NA,"DailyMail",0
83460416,0.870762763433792,2,"DailyMail",0
83509004,1.01250373064625,5,"DailyMail",0
83524750,0.89385541742505,7,"DailyMail",1
83537250,0.900276752673519,3,"DailyMail",0
83540768,0.922763043255797,2,"DailyMail",0
83542588,1.13551249473988,3,"DailyMail",0
83703007,0.893357025221136,7,"DailyMail",0
83813215,1.31348228308953,5,"DailyMail",0
83943607,1.19920202677496,5,"DailyMail",1
84180696,1.2621225972791,2,"DailyMail",0
84187606,1.11759417950103,NA,"DailyMail",0
84289132,1.09699162569542,4,"DailyMail",0
84393200,1.11072517686409,4,"DailyMail",0
84412611,0.607845292161927,NA,"DailyMail",0
84426633,0.842642392176408,2,"DailyMail",0
84452078,0.882837659926501,NA,"DailyMail",1
84501588,1.25701223409206,2,"DailyMail",0
84529355,0.903663392866233,4,"DailyMail",0
84560513,1.70245627152988,2,"DailyMail",0
84629736,1.46126432071995,NA,"DailyMail",0
84655925,1.02450597084423,5,"DailyMail",0
84679050,0.750207832395514,2,"DailyMail",0
84814374,1.12381580180177,5,"DailyMail",0
84820529,0.900631603709599,4,"DailyMail",0
84842721,0.857444359423982,3,"DailyMail",0
84862882,1.1418438292735,NA,"DailyMail",0
84901376,1.12381580180177,5,"DailyMail",0
85037264,0.809909483436974,7,"DailyMail",0
85114174,0.89385541742505,NA,"DailyMail",0
85127227,0.930903456245974,5,"DailyMail",1
85398377,0.950592752033376,6,"DailyMail",0
85398640,0.979980445035386,4,"DailyMail",0
85654344,0.80126439511465,2,"DailyMail",0
85689807,0.834883619569165,3,"DailyMail",0
85748928,0.861397339890943,NA,"DailyMail",0
85844055,0.831113280657055,4,"DailyMail",0
85884021,1.00761203039877,5,"DailyMail",1
85890300,1.26476142198374,NA,"DailyMail",0
86127601,1.12231538296698,4,"DailyMail",0
86222253,1.10519684233104,NA,"DailyMail",0
86434423,0.701108020920807,2,"DailyMail",0
86554831,1.07816691345837,5,"DailyMail",0
86605593,0.84305458829439,4,"DailyMail",0
86647005,1.06293394575415,NA,"DailyMail",0
86650489,0.712738015769537,3,"DailyMail",1
86655663,0.976132435084288,NA,"DailyMail",0
86659573,1.11463053466267,4,"DailyMail",0
86665455,1.01430373970905,2,"DailyMail",0
86728087,1.05197140174847,NA,"DailyMail",0
86936999,0.984176389471479,6,"DailyMail",1
86954454,1.02225482876186,3,"DailyMail",0
86954676,1.19936761063178,2,"DailyMail",0
87046197,0.920712585261617,3,"DailyMail",0
87081149,0.858203760450683,NA,"DailyMail",0
87137378,1.13412554305287,3,"DailyMail",0
87156580,0.922497299078617,6,"DailyMail",1
87159650,1.32230211302974,4,"DailyMail",0
87172391,1.18669564292533,6,"DailyMail",0
87191915,1.17923114121296,6,"DailyMail",0
87212231,0.839689258344694,2,"DailyMail",0
87225961,1.00590682179438,4,"DailyMail",0
87375089,0.856782702535132,3,"DailyMail",1
87395310,1.02910304873513,3,"DailyMail",0
87395380,0.893410145353928,NA,"DailyMail",0
87430914,0.836502625775246,NA,"DailyMail",0
87448144,0.805873605527072,NA,"DailyMail",0
87454361,0.899637429815814,4,"DailyMail",0
87552426,1.30433017727133,4,"DailyMail",0
87556050,1.24680613310018,3,"DailyMail",0
87644739,0.953571918607351,6,"DailyMail",0
87797292,1.51968337463708,2,"DailyMail",1
87843497,1.13250705251046,4,"DailyMail",0
87886773,1.06872920288467,2,"DailyMail",1
87945177,1.08400778422544,5,"DailyMail",0
88101086,1.11161838640186,5,"DailyMail",0
88175545,0.805849653043474,5,"DailyMail",1
88187247,1.17776303245002,4,"DailyMail",1
88214727,0.693861078357692,4,"DailyMail",1
88376728,0.953571918607351,5,"DailyMail",1
88453052,0.926429798936584,3,"DailyMail",0
88581767,1.09145016707945,2,"DailyMail",0
88697604,0.925700502996009,6,"DailyMail",0
88815933,1.03853157643102,6,"DailyMail",1
88846895,0.887127539647235,4,"DailyMail",1
88852070,0.699590527406438,NA,"DailyMail",1
88863782,0.820965626364686,5,"DailyMail",1
88890276,0.969239054797089,4,"DailyMail",0
88996196,0.839860081798287,4,"DailyMail",0
89138724,1.0825660039839,5,"DailyMail",0
89157149,1.01138933330093,6,"DailyMail",0
89192000,0.77862929873562,2,"DailyMail",0
89197522,1.4495671132254,1,"DailyMail",0
89348169,0.915653346199629,2,"DailyMail",1
89514773,0.897206273270836,4,"DailyMail",1
89533086,0.888418977014057,NA,"DailyMail",0
89544009,0.9796952205825,7,"DailyMail",0
89611901,1.27334909394847,4,"DailyMail",1
89813503,1.45012730704295,5,"DailyMail",1
89979890,0.943463425742537,6,"DailyMail",0
90166728,1.03853157643102,6,"DailyMail",0
90219060,0.895919419067703,2,"DailyMail",0
90254014,1.15061164828363,4,"DailyMail",0
90381150,0.82265905296044,NA,"DailyMail",0
90424740,1.10082253700897,6,"DailyMail",0
90513789,0.708891150586484,5,"DailyMail",0
90631040,1.2639372538138,NA,"DailyMail",0
90666408,0.867936096035328,4,"DailyMail",0
90794456,1.15427201863317,4,"DailyMail",0
90973755,0.764849955428823,5,"DailyMail",0
91078485,1.15631417583776,6,"DailyMail",0
91107720,1.67951394701412,2,"DailyMail",0
91434316,0.926038398096802,5,"DailyMail",0
91692880,1.18230225531943,2,"DailyMail",0
91794625,0.833697652560433,3,"DailyMail",0
91973774,1.26369764959292,6,"DailyMail",0
92025454,0.869253928550596,3,"DailyMail",0
92078310,1.19552785698874,2,"DailyMail",0
92114235,0.837845148089798,5,"DailyMail",0
92123966,0.971117221620311,NA,"DailyMail",0
92147501,0.874509220133132,4,"DailyMail",0
92184363,1.02947117106712,3,"DailyMail",0
92447573,0.927989838243072,5,"DailyMail",0
92539548,1.05262917191583,3,"DailyMail",0
92588578,0.95586767490274,1,"DailyMail",0
92730874,0.876051973221552,5,"DailyMail",0
92927203,0.976320446993874,6,"DailyMail",0
92944629,0.916234397601368,4,"DailyMail",0
93183043,1.05178571365069,3,"DailyMail",0
93255477,0.704537469218781,3,"DailyMail",0
93269050,0.970137481428116,3,"DailyMail",0
93857292,0.745067997157877,3,"DailyMail",0
93862078,0.915653346199629,6,"DailyMail",0
94004694,1.06357507708395,4,"DailyMail",0
94105683,1.24798638660076,NA,"DailyMail",0
94182248,0.995931883737122,3,"DailyMail",0
94196047,0.772187080891405,NA,"DailyMail",1
94211620,1.05566772144886,NA,"DailyMail",0
94215666,0.978976128278049,3,"DailyMail",0
94259311,1.05197140174847,NA,"DailyMail",0
94367614,1.22093997358102,5,"DailyMail",0
94440945,0.86142096653516,2,"DailyMail",0
94565383,0.991768420920888,3,"DailyMail",0
94650844,1.18512538089011,5,"DailyMail",1
120326662,0.84389780870887,5,"DailyMail",0
120343066,0.831869113980052,5,"DailyMail",0
120369976,0.946310596250932,4,"DailyMail",0
120589886,0.978242405143564,4,"DailyMail",0
120922454,0.859126176588875,2,"DailyMail",1
121174670,1.01679535433635,4,"DailyMail",0
121402714,0.965426515585005,5,"DailyMail",0
121589486,0.868151573392356,6,"DailyMail",0
121777836,1.11600453612596,4,"DailyMail",0
121841078,0.920336105090097,3,"DailyMail",0
121899556,0.828783805784203,2,"DailyMail",0
122041638,1.33231582835925,3,"DailyMail",0
122190108,0.943949271093535,NA,"DailyMail",0
122439972,1.05178571365069,4,"DailyMail",0
122475974,0.757229189241172,3,"DailyMail",0
122532034,1.59424977956316,3,"DailyMail",0
122569846,0.863240279530685,NA,"DailyMail",0
122942128,1.0322725997338,1,"DailyMail",0
122974076,0.84389780870887,4,"DailyMail",0
123049164,0.892603978721498,2,"DailyMail",0
123069434,0.963008145891068,NA,"DailyMail",0
123129456,0.811949940596628,2,"DailyMail",0
123226836,0.869672230435079,3,"DailyMail",0
123340160,1.04821129985381,3,"DailyMail",0
123470048,1.06872920288467,2,"DailyMail",0
123505236,0.984176389471479,4,"DailyMail",0
123796126,0.902302814296871,4,"DailyMail",1
123841212,1.27495482301077,3,"DailyMail",0
124014530,0.942268376070261,3,"DailyMail",1
124128946,0.755605247248534,2,"DailyMail",0
124234864,1.02555497665766,NA,"DailyMail",0
124519236,1.1539860845772,2,"DailyMail",0
124554334,1.11601542794078,4,"DailyMail",0
124962302,1.04081740064865,2,"DailyMail",0
125145836,1.34812249136809,5,"DailyMail",0
125237882,0.736704114845716,NA,"DailyMail",0
125450522,1.27688534389301,6,"DailyMail",1
125595742,0.836210782345226,NA,"DailyMail",0
125930144,0.9089903978755,3,"DailyMail",0
126094720,0.953571918607351,4,"DailyMail",0
126305170,1.10636867735698,2,"DailyMail",0
126407392,0.802326909710037,2,"DailyMail",0
126569968,0.834883619569165,5,"DailyMail",0
126782660,0.976826118736406,5,"DailyMail",0
126837286,0.762987065229127,3,"DailyMail",0
127069188,1.14051234166405,3,"DailyMail",0
127199052,0.986904801539385,4,"DailyMail",0
127266336,1.20575973734044,5,"DailyMail",1
127532646,1.10946156701591,2,"DailyMail",0
128224236,0.78174125064334,NA,"DailyMail",0
128808020,1.15061164828363,3,"DailyMail",0
128932032,1.09149051834509,3,"DailyMail",0
128936438,0.872316496291049,3,"DailyMail",0
129009156,0.63259679316401,3,"DailyMail",1
129049190,1.03399176987092,3,"DailyMail",0
129221992,0.774551916533486,2,"DailyMail",0
129269348,1.13927855962421,6,"DailyMail",1
129351460,1.00522952111069,NA,"DailyMail",0
129398396,1.02450597084423,6,"DailyMail",0
129440134,0.669294118593821,3,"DailyMail",0
129920176,1.19378406791155,3,"DailyMail",0
130385402,1.14200536812351,NA,"DailyMail",0
130632162,1.11026399086635,4,"DailyMail",0
130752342,0.937734357591348,6,"DailyMail",0
130834756,0.666345568281436,4,"DailyMail",1
130952574,1.00936762401267,2,"DailyMail",0
131135914,0.911694273112051,5,"DailyMail",1
131628436,0.857985107542588,NA,"DailyMail",0
131861468,1.21197760964146,5,"DailyMail",0
131878190,1.03441445765973,5,"DailyMail",0
132022250,0.821260532291584,2,"DailyMail",0
132647858,0.797460058059336,2,"DailyMail",0
132727078,0.90818188399219,NA,"DailyMail",0
132853530,1.048423752777,3,"DailyMail",0
132918966,1.10038211214613,3,"DailyMail",1
133208252,1.14858804149964,4,"DailyMail",0
133223394,0.963921417359587,5,"DailyMail",1
133261328,0.824278599134494,3,"DailyMail",0
133777786,1.05135925023318,6,"DailyMail",1
134457430,0.90877666529352,NA,"DailyMail",0
134485322,1.25820502864148,4,"DailyMail",1
134499110,1.14698194567146,NA,"DailyMail",0
134628952,0.857985107542588,7,"DailyMail",1
134820540,1.27495482301077,NA,"DailyMail",0
134962620,0.993065273061458,3,"DailyMail",0
135359144,1.06375624165869,2,"DailyMail",0
135780698,0.872905228243007,NA,"DailyMail",0
135918352,0.817999730300118,3,"DailyMail",0
135967930,0.838923841810851,4,"DailyMail",0
135991860,0.682784414016442,1,"DailyMail",0
135997432,0.649326111125681,NA,"DailyMail",0
136059468,1.03381359308093,6,"DailyMail",0
136069262,0.862207368153404,2,"DailyMail",1
136211656,1.02691170127348,7,"DailyMail",0
136508396,1.11416747220947,4,"DailyMail",0
136623102,0.893509861951593,NA,"DailyMail",0
136645518,1.18588314935095,3,"DailyMail",1
136707034,0.782975765947996,4,"DailyMail",0
136753822,0.979191643263769,5,"DailyMail",0
136774392,0.906622172766907,NA,"DailyMail",0
136813356,1.06682943672262,2,"DailyMail",0
136955008,0.868151573392356,6,"DailyMail",0
137191062,0.764849955428823,5,"DailyMail",0
137759328,0.585632060317169,3,"DailyMail",0
138155466,0.972491709401142,4,"DailyMail",0
138601448,0.730925980995869,4,"DailyMail",0
138753556,0.750370362123011,3,"DailyMail",0
138805406,1.02007026408722,1,"DailyMail",0
138845202,1.14839652704821,6,"DailyMail",1
138849454,1.24694956932451,3,"DailyMail",0
138903188,0.700072511888228,4,"DailyMail",0
138917090,1.05382226674857,6,"DailyMail",0
139296200,1.11822631921253,3,"DailyMail",0
139380094,0.976826118736406,7,"DailyMail",1
139605998,0.865678203615754,4,"DailyMail",1
139629770,0.880807562031832,NA,"DailyMail",0
139630208,0.84277378624664,4,"DailyMail",0
139639092,0.706342798846843,5,"DailyMail",0
139831316,1.2296964925649,1,"DailyMail",0
139836402,0.740898889503389,2,"DailyMail",0
139837418,1.38978449370087,1,"DailyMail",0
140256904,1.20144716521654,3,"DailyMail",0
140421204,0.858195384763216,2,"DailyMail",0
140441586,1.17927293524207,3,"DailyMail",0
140794116,0.89411227307964,6,"DailyMail",0
141174764,1.10082253700897,5,"DailyMail",1
141340314,0.975508695406969,NA,"DailyMail",1
141833292,0.839345541875355,1,"DailyMail",0
142654884,0.890188799685929,NA,"DailyMail",0
142860412,1.11046185650768,NA,"DailyMail",0
142965710,0.787504052056882,7,"DailyMail",0
143053904,0.832108157433433,5,"DailyMail",1
143105480,0.928266803560279,2,"DailyMail",0
143268564,0.987495750750544,6,"DailyMail",1
143575254,0.953571918607351,6,"DailyMail",0
143693906,0.958163860997174,1,"DailyMail",0
144071164,0.990525052752926,4,"DailyMail",1
144169886,1.00955626182045,5,"DailyMail",0
144389668,0.788292694930814,5,"DailyMail",1
144426328,1.34809027730167,NA,"DailyMail",0
144653178,1.18551482304835,3,"DailyMail",0
144933844,0.876944037660098,5,"DailyMail",0
145091482,1.04453369554476,2,"DailyMail",1
145441734,0.837250160434279,6,"DailyMail",1
145602326,0.93157629109852,NA,"DailyMail",0
146057210,0.982443570758637,NA,"DailyMail",0
146213238,1.19980970131249,2,"DailyMail",0
146572054,1.17672062322091,3,"DailyMail",0
146685438,1.03924311384776,6,"DailyMail",0
146832782,1.02393473104551,6,"DailyMail",0
147155948,1.00583146913373,2,"DailyMail",0
147215636,1.02285253268996,NA,"DailyMail",0
147336178,1.16345960628326,5,"DailyMail",0
147524408,0.707912712655374,NA,"DailyMail",0
147859358,1.24842339100706,2,"DailyMail",0
147917420,1.41235305766719,4,"DailyMail",0
148125494,1.17345043405465,4,"DailyMail",0
148196884,1.03436469303264,NA,"DailyMail",1
148679746,1.1771220972616,4,"DailyMail",0
148728408,0.776958802273641,6,"DailyMail",1
148847940,0.793864477886055,4,"DailyMail",0
148882674,1.7217590388959,3,"DailyMail",0
149330148,0.86422055491541,NA,"DailyMail",0
149538874,1.17941117931108,4,"DailyMail",0
150273734,0.876079498305806,6,"DailyMail",0
150821408,0.987574614794489,NA,"DailyMail",0
151003736,0.767234183953987,4,"DailyMail",0
151429708,0.761624812464705,NA,"DailyMail",0
151503954,0.887013255982913,4,"DailyMail",0
151969556,1.25569569690048,3,"DailyMail",0
152845444,1.36428276147706,4,"DailyMail",1
153329282,0.712738015769537,3,"DailyMail",0
153981590,1.16480246223439,3,"DailyMail",0
154234736,0.968247335987236,4,"DailyMail",0
154648688,1.07274758838559,2,"DailyMail",0
154931132,1.08546716548142,NA,"DailyMail",0
155917640,0.952514054234276,2,"DailyMail",0
156245104,1.00484788705532,NA,"DailyMail",1
156343450,0.862207368153404,2,"DailyMail",0
156427766,0.933781680109807,NA,"DailyMail",0
156476418,0.801115360487898,3,"DailyMail",0
157265084,0.895154007402913,3,"DailyMail",0
157267588,1.67485030842223,NA,"DailyMail",0
157567934,0.662776397379452,6,"DailyMail",0
157626548,0.710076105774247,3,"DailyMail",0
157963488,1.22517298807507,3,"DailyMail",0
157978710,1.31534782878096,2,"DailyMail",0
158741306,1.01179623175891,NA,"DailyMail",0
158766086,1.11416747220947,4,"DailyMail",0
159096322,0.765437599816157,2,"DailyMail",0
159273260,0.892494544422774,5,"DailyMail",0
159311290,0.787712136084211,4,"DailyMail",0
159750334,1.18262480891063,NA,"DailyMail",0
160464668,0.895919419067703,4,"DailyMail",0
160718066,0.951296560837276,6,"DailyMail",0
160959772,1.10082253700897,6,"DailyMail",0
160986624,1.19920202677496,6,"DailyMail",1
161020706,0.810238724016875,1,"DailyMail",0
161099098,0.965567776144418,3,"DailyMail",0
161126840,1.15071974497183,3,"DailyMail",0
161207174,0.741043396526439,NA,"DailyMail",0
161477226,1.41758669966524,2,"DailyMail",0
161602500,1.01019313817515,6,"DailyMail",0
161825610,0.968859663882066,NA,"DailyMail",0
162152606,0.899073780798858,3,"DailyMail",0
162598204,1.00811828144339,5,"DailyMail",0
163453516,1.18539204557697,2,"DailyMail",0
163649532,0.898337165262982,3,"DailyMail",1
163848140,0.957146637712426,5,"DailyMail",1
164232918,0.726716343700419,NA,"DailyMail",0
164595042,1.13927611472968,4,"DailyMail",0
164603718,0.765512110495706,4,"DailyMail",0
165084220,0.897262769748551,4,"DailyMail",1
165168926,0.917885286825368,5,"DailyMail",1
165676662,0.938773806911833,5,"DailyMail",0
165745348,0.823005185848736,1,"DailyMail",0
166386150,0.995757096544904,4,"DailyMail",0
166713732,1.12345227352438,NA,"DailyMail",0
167462008,0.919563294984622,2,"DailyMail",0
167585868,0.9205756783726,NA,"DailyMail",0
167900308,0.932841445825631,4,"DailyMail",0
168268728,0.745913668457673,NA,"DailyMail",0
168654550,0.855169262354182,2,"DailyMail",0
170452704,0.998905754056296,2,"DailyMail",0
170486440,0.616491086355416,4,"DailyMail",0
170782372,1.32946956313657,6,"DailyMail",1
170784236,0.964503378728743,4,"DailyMail",1
171322684,1.17795013876667,NA,"DailyMail",0
171425086,0.708891150586484,3,"DailyMail",1
171455024,0.815368449823886,4,"DailyMail",0
171617676,0.89411227307964,4,"DailyMail",0
171640530,1.31433356138562,NA,"DailyMail",0
172053340,0.858707242933069,1,"DailyMail",0
172176296,0.758716631938431,2,"DailyMail",0
172243320,1.10519684233104,4,"DailyMail",1
172274214,1.33889147039214,5,"DailyMail",0
172274596,0.814600789831152,NA,"DailyMail",0
172761052,1.36575839065968,4,"DailyMail",0
172811610,1.04181433716981,3,"DailyMail",0
172851788,1.04869177396415,3,"DailyMail",0
173005182,1.25806440010956,4,"DailyMail",0
173126522,1.01940968496757,5,"DailyMail",1
173453780,0.863240279530685,4,"DailyMail",0
173980606,0.679643792079465,NA,"DailyMail",0
174186374,0.925208410912284,2,"DailyMail",0
174479090,0.924164122376536,NA,"DailyMail",0
174710530,0.925025294836487,NA,"DailyMail",0
174948898,0.876810347267765,4,"DailyMail",0
175121616,1.12410318225958,NA,"DailyMail",0
175217640,1.09295094620214,6,"DailyMail",0
175218554,0.841918816446721,NA,"DailyMail",0
175419284,0.741043566549617,4,"DailyMail",0
175611890,0.899030336135636,2,"DailyMail",0
175817480,1.17701045266944,4,"DailyMail",0
175915046,0.999602344564421,3,"DailyMail",0
176593474,1.11183460625749,4,"DailyMail",0
176819692,1.03212708763763,4,"DailyMail",1
176828934,1.27039863364042,NA,"DailyMail",0
176829758,0.967957797037201,2,"DailyMail",0
176835942,0.971925151485582,2,"DailyMail",0
176900100,0.989532289710028,2,"DailyMail",0
176900524,0.592968737937602,4,"DailyMail",0
176932712,0.877317937591494,5,"DailyMail",1
177098568,1.1162071194112,3,"DailyMail",0
177100894,1.17913068734863,7,"DailyMail",1
177123170,0.989532289710028,1,"DailyMail",0
177970974,1.03441445765973,5,"DailyMail",0
178467672,0.908226066873662,3,"DailyMail",0
178767174,0.818823208785384,2,"DailyMail",0
178770724,1.09996425764235,6,"DailyMail",1
178941796,1.01376970943464,4,"DailyMail",0
179119228,1.47082641994289,5,"DailyMail",0
179210476,1.20080418681121,4,"DailyMail",1
179402922,1.034793216811,2,"DailyMail",0
179531604,1.11161838640186,5,"DailyMail",1
180208204,1.08364178645029,4,"DailyMail",0
180728182,1.09605157545835,1,"DailyMail",0
181295198,0.697151148083204,4,"DailyMail",0
181430192,0.8446799787625,NA,"DailyMail",1
181560592,1.36428276147706,NA,"DailyMail",0
181576714,0.815368449823886,4,"DailyMail",0
181892164,0.789474934182,NA,"DailyMail",0
181949968,0.976826118736406,3,"DailyMail",1
182149862,1.10797213571897,6,"DailyMail",1
182190736,1.03468070498057,5,"DailyMail",0
182707632,1.21192966588612,NA,"DailyMail",0
183511162,0.976132435084288,4,"DailyMail",0
183942580,1.42081610668656,NA,"DailyMail",0
183945454,1.39508526149678,NA,"DailyMail",0
184165860,0.730423074421176,4,"DailyMail",1
184420202,0.850838952009086,2,"DailyMail",0
184475478,1.00522952111069,2,"DailyMail",0
184596766,1.49926428556886,4,"DailyMail",0
184737056,0.861340258855701,3,"DailyMail",0
184747726,1.02341348413936,2,"DailyMail",0
184775772,0.873115251898802,2,"DailyMail",0
184795088,1.20172439269095,6,"DailyMail",0
184927716,1.1906844891791,NA,"DailyMail",0
184988752,1.32755005925458,3,"DailyMail",0
185004518,0.914772568516223,6,"DailyMail",1
185010090,0.907934336325401,NA,"DailyMail",0
185093382,1.06216556273502,2,"DailyMail",1
185811376,0.682784414016442,4,"DailyMail",1
185849988,0.800831580832579,4,"DailyMail",0
186282784,0.912855054731037,NA,"DailyMail",0
186315340,0.766899671782288,6,"DailyMail",1
186318452,0.818299988261537,NA,"DailyMail",0
186849104,0.970690828252488,2,"DailyMail",0
186928756,1.19920202677496,5,"DailyMail",1
186948290,1.05613565137138,1,"DailyMail",0
186959676,1.01279537827209,NA,"DailyMail",0
188348876,0.965120972717638,4,"DailyMail",0
188424098,0.970799170414574,NA,"DailyMail",0
188840398,1.30233340834391,2,"DailyMail",0
189046702,0.975072513249008,NA,"DailyMail",0
189082642,1.18604835696065,1,"DailyMail",0
189086496,0.727222512558282,2,"DailyMail",0
189759828,0.917957054662802,2,"DailyMail",0
190575084,0.806861972777432,6,"DailyMail",0
190640408,0.847795777918023,3,"DailyMail",0
190714830,0.793071016324905,3,"DailyMail",1
190810426,1.12231538296698,5,"DailyMail",1
191216772,1.18588314935095,6,"DailyMail",1
191354140,1.32993731812631,3,"DailyMail",0
192093356,1.04364131810788,3,"DailyMail",0
192301082,1.03601628205551,2,"DailyMail",0
192302842,1.03628267738863,6,"DailyMail",0
192738790,1.31348228308953,NA,"DailyMail",0
192788082,1.0293082503822,NA,"DailyMail",0
192986326,0.850421468757355,NA,"DailyMail",0
193438418,0.559827695646724,3,"DailyMail",0
193471716,0.950521824371447,NA,"DailyMail",0
193473126,1.20518652843978,NA,"DailyMail",0
193544302,1.00884941991614,5,"DailyMail",0
193713002,1.17927293524207,1,"DailyMail",0
193943266,0.946971847396664,7,"DailyMail",0
193980716,1.12267941428684,NA,"DailyMail",1
194031350,0.808870595768758,5,"DailyMail",1
194041122,0.80098539826002,NA,"DailyMail",0
194178378,1.24840507385683,5,"DailyMail",0
194269272,0.81528337892241,2,"DailyMail",0
194345136,1.04557924262214,2,"DailyMail",0
195119722,1.44588252554272,4,"DailyMail",1
195211766,0.832482646043333,5,"DailyMail",1
195224124,0.768723332928738,NA,"DailyMail",0
195635554,1.04160818585092,1,"DailyMail",0
195714394,0.959811828111899,7,"DailyMail",0
195884584,1.04100206478313,3,"DailyMail",0
195924278,0.828473444331886,4,"DailyMail",0
195990542,1.04821129985381,3,"DailyMail",0
196132646,1.4788157828502,NA,"DailyMail",0
196368520,0.958454730686934,5,"DailyMail",0
196405804,0.886933958615908,4,"DailyMail",1
196526530,1.12734874109699,4,"DailyMail",0
196593526,1.13094910625205,NA,"DailyMail",0
196652590,0.742346153465333,NA,"DailyMail",0
196690722,0.985319154725954,5,"DailyMail",0
196694780,0.832226201120028,NA,"DailyMail",1
196792532,0.947042510160343,5,"DailyMail",1
196866924,1.21481217132518,5,"DailyMail",0
197041378,0.84594142827104,5,"DailyMail",0
197067946,1.02013704443961,2,"DailyMail",0
197490022,1.18981056905692,3,"DailyMail",0
197955374,0.89411227307964,5,"DailyMail",0
198335448,0.969858785669946,5,"DailyMail",0
198698140,0.789474934182,1,"DailyMail",0
198723850,1.20281220600616,4,"DailyMail",0
198824926,1.18976658300159,3,"DailyMail",0
199085488,1.15867496499055,3,"DailyMail",0
199183542,0.779758150051187,4,"DailyMail",0
199376640,1.10038211214613,NA,"DailyMail",0
199441442,0.80009662148118,NA,"DailyMail",0
199639714,1.22524279285158,2,"DailyMail",0
199724696,0.82225453973519,2,"DailyMail",0
199845104,1.15468781286833,5,"DailyMail",0
199905472,0.717236295518609,3,"DailyMail",0
200129336,0.963288512137392,5,"DailyMail",0
200175842,0.985720727774559,3,"DailyMail",0
200396460,0.89385541742505,5,"DailyMail",0
200426910,0.90877666529352,NA,"DailyMail",0
200696386,0.6988393995626,NA,"DailyMail",1
200893384,0.890013610463492,4,"DailyMail",0
200943018,1.21452379482099,3,"DailyMail",0
201031662,1.21426695834112,NA,"DailyMail",0
201133542,0.762200612482054,1,"DailyMail",0
201265918,0.953571918607351,4,"DailyMail",1
201367576,0.90245690193347,4,"DailyMail",0
201625112,1.18883583673466,5,"DailyMail",0
201709818,0.943964361016793,2,"DailyMail",0
201851786,1.15799984063728,2,"DailyMail",0
202076204,1.29934630807033,2,"DailyMail",1
202316304,0.698489546239543,2,"DailyMail",0
202403114,0.944236419376229,NA,"DailyMail",0
202537426,0.931813698325488,NA,"DailyMail",0
202680518,0.778813893510985,2,"DailyMail",0
202754734,0.968304046989479,3,"DailyMail",0
202764490,0.712410069598968,2,"DailyMail",0
202844662,0.742346153465333,NA,"DailyMail",0
202981238,0.848005193832514,2,"DailyMail",0
203212024,0.97469913494187,6,"DailyMail",1
203251140,0.823793349980589,4,"DailyMail",0
204090186,1.4425888890715,NA,"DailyMail",0
204102930,0.984700808826954,5,"DailyMail",1
204552288,0.863240279530685,NA,"DailyMail",0
204895206,1.00109334272386,2,"DailyMail",0
204996536,0.775060418258596,NA,"DailyMail",1
205484624,1.18588314935095,7,"DailyMail",0
205722142,0.784162620215093,3,"DailyMail",0
205793190,1.57811157523217,2,"DailyMail",0
206173236,0.857985107542588,NA,"DailyMail",0
206314330,0.95843569630638,1,"DailyMail",0
206318408,0.895102269380755,2,"DailyMail",0
206601182,0.879085018295835,NA,"DailyMail",0
207164462,0.912855054731037,NA,"DailyMail",0
207436264,0.7404200870223,1,"DailyMail",0
207599710,0.925208410912284,2,"DailyMail",0
207695406,1.09743024031428,4,"DailyMail",0
207786978,0.912183457423489,5,"DailyMail",0
208047094,1.10418313814952,3,"DailyMail",0
209165658,0.890565983102308,5,"DailyMail",0
209413126,1.52432453602188,7,"DailyMail",1
209866626,1.24761458191374,2,"DailyMail",0
209992246,0.729783196899742,2,"DailyMail",1
210427990,0.847795777918023,1,"DailyMail",0
210634698,1.05613565137138,1,"DailyMail",0
210705620,0.984872909070726,NA,"DailyMail",0
210973274,1.30206010169634,NA,"DailyMail",1
211557848,1.11026399086635,1,"DailyMail",0
211614162,0.868826907256223,4,"DailyMail",1
212594212,0.951089511121735,6,"DailyMail",0
212766598,0.839345541875355,1,"DailyMail",0
212814838,0.860016278737157,NA,"DailyMail",0
212911900,1.45585119904404,5,"DailyMail",1
213303222,0.918760708695607,NA,"DailyMail",0
213334672,0.912751045639224,4,"DailyMail",0
213683888,0.912407017716603,5,"DailyMail",0
213748474,0.903663392866233,7,"DailyMail",1
213828766,0.989809342081748,2,"DailyMail",0
214504362,0.895102269380755,1,"DailyMail",0
214542556,1.01514524843832,2,"DailyMail",0
214647688,1.09581237183483,2,"DailyMail",0
214705116,0.750261731491196,5,"DailyMail",1
214705540,0.943045294737587,6,"DailyMail",1
214782434,1.15663276814745,3,"DailyMail",1
214919442,1.47301391678228,6,"DailyMail",0
215182932,0.987360667155474,3,"DailyMail",0
215337708,0.908226066873662,NA,"DailyMail",0
215350336,1.2934980155536,3,"DailyMail",0
215847292,0.7974230904666,2,"DailyMail",0
216188834,0.776095978591184,2,"DailyMail",0
216272100,0.809073472065475,1,"DailyMail",0
216313362,0.830966332152616,3,"DailyMail",0
216418204,0.6867008585599,1,"DailyMail",0
216461404,1.11051619593532,4,"DailyMail",0
216637570,0.835560094170178,NA,"DailyMail",0
216723118,0.844139524106999,NA,"DailyMail",0
216725792,0.790229143481072,4,"DailyMail",0
216828318,0.919494704733774,4,"DailyMail",0
216895288,0.860016278737157,NA,"DailyMail",0
216908350,1.00163722436716,3,"DailyMail",0
216961206,1.18849329668165,5,"DailyMail",0
217018758,1.07256211393686,4,"DailyMail",0
217404998,1.4232523760552,4,"DailyMail",0
217434406,0.756132193432155,3,"DailyMail",1
217449106,0.737218226769749,2,"DailyMail",0
217460402,0.829410668184509,3,"DailyMail",1
217463830,1.32307302708996,5,"DailyMail",0
217528310,0.866212163931396,NA,"DailyMail",0
217553724,0.741189723475154,2,"DailyMail",0
217579366,0.899073780798858,4,"DailyMail",0
217681482,0.694959492473598,2,"DailyMail",0
217702220,1.00004306574514,3,"DailyMail",0
217929982,1.00522952111069,1,"DailyMail",0
218114698,0.70660062760802,NA,"DailyMail",0
218454384,0.983643282395186,3,"DailyMail",0
218620750,0.619355507032209,1,"DailyMail",0
218643398,0.771430872348229,5,"DailyMail",0
218656194,0.688828404463518,5,"DailyMail",0
218746690,1.16638330687677,5,"DailyMail",1
218934422,0.735912610954502,4,"DailyMail",0
218952050,0.882380503354242,1,"DailyMail",0
218963904,0.912183457423489,5,"DailyMail",0
219022438,0.882017873813367,5,"DailyMail",0
219038858,0.95586767490274,3,"DailyMail",0
219040804,0.985382473325205,4,"DailyMail",0
219112332,1.10082253700897,5,"DailyMail",1
219245036,0.891759271498008,2,"DailyMail",1
219346770,1.08983106013814,2,"DailyMail",1
219367528,1.30857673358798,NA,"DailyMail",0
219419076,1.02620147799138,6,"DailyMail",0
219867038,1.09964411176069,NA,"DailyMail",0
219883088,1.07026806359058,NA,"DailyMail",0
219891768,0.959524517418811,4,"DailyMail",0
219899294,0.839345541875355,NA,"DailyMail",0
219914870,1.27763193734344,4,"DailyMail",0
219936024,0.74673845948225,1,"DailyMail",1
220022946,0.888668334820385,NA,"DailyMail",1
220398446,0.959524517418811,2,"DailyMail",0
220611686,1.01785613990395,NA,"DailyMail",0
221034898,1.08919604901607,3,"DailyMail",0
221072708,1.44942208630729,4,"DailyMail",0
221163810,0.834442913150283,NA,"DailyMail",0
221239026,0.983653212257379,3,"DailyMail",0
221265120,0.917042901995385,NA,"DailyMail",0
221438034,1.0524006915959,2,"DailyMail",0
222078018,0.823793349980589,NA,"DailyMail",0
222674832,1.12381580180177,4,"DailyMail",0
222774356,1.14130896824919,2,"DailyMail",0
222783664,1.15799984063728,2,"DailyMail",0
222992888,0.979913830755939,6,"DailyMail",1
222997602,1.52432786858755,3,"DailyMail",0
223176024,0.900303511838918,NA,"DailyMail",0
223312110,1.01989585535132,2,"DailyMail",0
223582478,1.31605076340834,4,"DailyMail",0
223686784,0.864659880109122,5,"DailyMail",0
223778558,1.0825660039839,3,"DailyMail",0
223999722,0.874370005145519,5,"DailyMail",0
224004480,0.932744025468468,NA,"DailyMail",0
224143550,0.908203905617775,2,"DailyMail",1
224704992,0.81316501955558,5,"DailyMail",0
224758586,1.04154625420011,4,"DailyMail",0
224887896,1.20518652843978,3,"DailyMail",0
225386206,0.818563175004828,NA,"DailyMail",0
225867244,1.10956744760794,4,"DailyMail",0
226237464,0.748008777113973,NA,"DailyMail",0
226414622,1.20661248221301,3,"DailyMail",1
226528450,1.09996425764235,NA,"DailyMail",0
226709756,0.864648370610447,3,"DailyMail",0
226826130,1.08225092188429,4,"DailyMail",0
226855626,1.15071974497183,NA,"DailyMail",0
226882688,1.11090807244372,6,"DailyMail",1
227055894,0.858518971901073,5,"DailyMail",0
227287102,0.954906372808957,2,"DailyMail",0
227602660,0.950592752033376,6,"DailyMail",0
227944558,0.90877666529352,4,"DailyMail",0
227964436,1.14587098527074,2,"DailyMail",0
228016344,0.809224797923887,4,"DailyMail",1
228028350,0.755649031892398,3,"DailyMail",0
228033558,0.902234756709367,5,"DailyMail",1
228067372,1.18539204557697,2,"DailyMail",0
228282186,1.00522952111069,3,"DailyMail",1
228389346,1.19084117181984,5,"DailyMail",0
229108716,0.773514149606264,NA,"DailyMail",0
229201752,0.970690828252488,5,"DailyMail",0
229285242,1.13489395532347,5,"DailyMail",0
229327278,0.838923395031558,4,"DailyMail",0
229338436,1.31023536383949,NA,"DailyMail",0
229490082,0.825629512531082,NA,"DailyMail",0
229997250,0.937281405220983,6,"DailyMail",1
230016728,1.10038211214613,1,"DailyMail",0
230479568,0.710710158186194,3,"DailyMail",0
230516334,1.30744938561453,NA,"DailyMail",0
230656214,0.952514054234276,2,"DailyMail",0
230940244,0.777455531331569,5,"DailyMail",0
230963370,0.730423074421176,5,"DailyMail",0
231092038,1.25917004392884,NA,"DailyMail",0
231133080,0.863240279530685,NA,"DailyMail",0
231137692,1.11051619593532,2,"DailyMail",0
231255642,1.0157502681202,NA,"DailyMail",0
231417390,1.04821129985381,3,"DailyMail",0
231449930,0.893882382987373,3,"DailyMail",0
231502246,1.09687379397963,6,"DailyMail",0
231657460,1.00711738265362,5,"DailyMail",1
231680166,0.864648370610447,NA,"DailyMail",0
231824598,0.882380503354242,5,"DailyMail",1
231930060,1.15733318602746,6,"DailyMail",0
232199162,0.810238724016875,2,"DailyMail",0
232325042,0.88094433995283,3,"DailyMail",0
232456138,0.996756983269718,5,"DailyMail",1
232507610,0.966780512115836,6,"DailyMail",0
232565984,0.849860689645018,4,"DailyMail",0
232909178,1.85652836451132,3,"DailyMail",1
232912942,0.912183457423489,2,"DailyMail",0
233227326,0.973494560447607,6,"DailyMail",0
233229830,1.04545076860647,5,"DailyMail",0
233551168,0.907934336325401,NA,"DailyMail",0
234100332,1.37936339097195,4,"DailyMail",0
234264702,0.967262509779359,4,"DailyMail",0
234268414,1.139891498601,3,"DailyMail",0
234465532,0.941475061743225,7,"DailyMail",1
234502100,1.15663276814745,3,"DailyMail",0
234694572,0.981435454214154,NA,"DailyMail",0
234747608,0.716311934393466,NA,"DailyMail",0
234862160,0.916234397601368,2,"DailyMail",0
234910798,0.659365413068409,3,"DailyMail",0
234950940,1.1215982337261,NA,"DailyMail",1
234954360,0.815368449823886,6,"DailyMail",1
235025102,0.693175934117593,4,"DailyMail",0
235027802,1.21362380586101,3,"DailyMail",0
235102532,0.861340258855701,3,"DailyMail",0
235177924,1.00421857653253,4,"DailyMail",0
235178750,1.09149051834509,2,"DailyMail",0
235209238,1.54317816939359,NA,"DailyMail",0
235234060,1.31348228308953,NA,"DailyMail",0
235237936,0.791474064625286,3,"DailyMail",1
235244244,1.1904945761062,4,"DailyMail",0
235469740,0.748564002239245,4,"DailyMail",0
235517380,0.901411846932764,NA,"DailyMail",0
235565420,0.776014895656018,4,"DailyMail",1
235620462,1.43560410948649,3,"DailyMail",0
235628006,0.773399412103734,4,"DailyMail",0
235742916,0.913637010769501,1,"DailyMail",0
235783414,0.72111127939402,2,"DailyMail",0
235893704,1.46484040074194,5,"DailyMail",0
235955062,0.886822303562665,4,"DailyMail",0
236100192,1.25806440010956,5,"DailyMail",0
236114346,0.872905228243007,4,"DailyMail",0
236139646,1.156249547604,NA,"DailyMail",1
236168312,1.08546716548142,5,"DailyMail",1
236176102,1.08546716548142,7,"DailyMail",0
236332178,0.809073472065475,NA,"DailyMail",0
236358398,0.803926781539201,4,"DailyMail",0
236397790,0.802387953519758,4,"DailyMail",0
236408360,1.42346835608274,5,"DailyMail",0
236417094,0.931747268644087,5,"DailyMail",0
236424730,0.849112665727184,7,"DailyMail",0
236782462,0.722093620081988,NA,"DailyMail",1
236899074,0.902075513615672,5,"DailyMail",0
236903984,0.874509220133132,4,"DailyMail",0
236975626,1.38343570454086,5,"DailyMail",0
236984614,1.50841158285983,NA,"DailyMail",1
237155958,1.24425302684611,6,"DailyMail",0
237191118,0.886933958615908,1,"DailyMail",1
237284658,0.883636508279602,1,"DailyMail",0
237293988,1.26537557701981,NA,"DailyMail",0
237415254,0.854940286954503,5,"DailyMail",0
237533682,0.726716343700419,4,"DailyMail",0
237804168,0.829952927673403,NA,"DailyMail",0
237806992,1.0114882148568,3,"DailyMail",0
237861170,0.809224797923887,4,"DailyMail",0
237972620,0.986126522965511,NA,"DailyMail",0
237981932,0.992069247869398,1,"DailyMail",0
238043820,0.841918816446721,4,"DailyMail",0
238150478,1.03853157643102,4,"DailyMail",0
238207106,0.957109686868463,3,"DailyMail",0
238378106,1.14434386745079,2,"DailyMail",0
238537170,0.955189414368835,4,"DailyMail",0
238695936,0.949177425027681,7,"DailyMail",0
238837960,1.06872920288467,1,"DailyMail",0
238969016,0.918543414767566,2,"DailyMail",0
239021156,0.900631603709599,3,"DailyMail",0
239283474,0.860951706028191,4,"DailyMail",0
239295582,0.874612171631431,NA,"DailyMail",0
239328428,1.07274758838559,2,"DailyMail",0
239716750,0.788316125564276,5,"DailyMail",0
239717746,1.04639855996209,2,"DailyMail",0
239824926,0.992069247869398,6,"DailyMail",0
240252406,1.04825989369176,4,"DailyMail",0
240384426,0.882380503354242,6,"DailyMail",0
240428194,1.58697342450866,4,"DailyMail",0
240480492,0.722093620081988,2,"DailyMail",0
240592222,0.828602095447296,3,"DailyMail",0
241004572,1.31348228308953,2,"DailyMail",0
241259180,1.17416735801091,NA,"DailyMail",0
241260470,0.790256026834739,2,"DailyMail",0
241677794,0.682042595020447,2,"DailyMail",0
241770534,1.00067745746996,NA,"DailyMail",1
241910882,1.31348228308953,3,"DailyMail",0
241961008,0.706764486668654,NA,"DailyMail",0
241997550,1.18197456823178,6,"DailyMail",0
242019596,1.40736293547749,2,"DailyMail",0
242079690,1.34140664769378,4,"DailyMail",0
242113384,1.12734874109699,3,"DailyMail",1
242126000,1.07026806359058,3,"DailyMail",0
242131272,0.849860689645018,NA,"DailyMail",1
242184698,0.839466032239436,4,"DailyMail",0
242191316,1.11759417950103,NA,"DailyMail",0
242201262,1.07080007470534,2,"DailyMail",0
242614170,1.23719503916481,2,"DailyMail",0
242728716,1.17805730289448,3,"DailyMail",0
242734358,0.858195384763216,NA,"DailyMail",0
242982242,1.12231538296698,NA,"DailyMail",1
243033632,1.13006190461584,2,"DailyMail",0
243174734,1.42081610668656,NA,"DailyMail",0
243267978,0.952161368446369,4,"DailyMail",0
243270752,1.08189143205945,NA,"DailyMail",0
243275230,1.02210344133425,2,"DailyMail",0
243277344,1.12852173237047,3,"DailyMail",0
243282568,1.04821129985381,3,"DailyMail",0
243302040,1.18344743924511,6,"DailyMail",0
243360098,1.09149051834509,1,"DailyMail",0
243389836,1.08542077453939,NA,"DailyMail",0
243416922,1.27039863364042,6,"DailyMail",0
243513246,0.865819742700279,NA,"DailyMail",0
243570914,1.47853590299812,NA,"DailyMail",0
243621412,0.951296560837276,4,"DailyMail",0
243768256,1.10933996797269,4,"DailyMail",0
243770838,1.37004414647068,NA,"DailyMail",0
243811922,0.85145803757202,NA,"DailyMail",0
243856312,1.12852173237047,2,"DailyMail",0
243956104,1.00522952111069,3,"DailyMail",0
243962186,1.01471712560845,4,"DailyMail",0
244017652,1.50424951966136,NA,"DailyMail",0
244066224,1.30394983776155,2,"DailyMail",0
244225582,1.00717734988056,2,"DailyMail",0
244231600,1.09399861784537,4,"DailyMail",1
244239608,1.02450597084423,5,"DailyMail",1
244272520,0.666104197458307,3,"DailyMail",0
244363094,0.728004669895852,NA,"DailyMail",0
244459822,1.65135207820116,4,"DailyMail",1
244460394,0.731676761639663,5,"DailyMail",0
244471710,1.16537677294192,NA,"DailyMail",0
244472510,1.07552028946906,4,"DailyMail",0
244511076,1.14263281467796,3,"DailyMail",1
244520624,1.03853157643102,6,"DailyMail",0
244609110,0.907525909674223,1,"DailyMail",0
244670794,1.03436469303264,NA,"DailyMail",0
244675238,1.34791680346685,6,"DailyMail",0
244819998,0.982635894449724,5,"DailyMail",0
244835122,1.12711893978127,NA,"DailyMail",0
244934952,1.03399176987092,5,"DailyMail",1
244936998,0.835834619933641,NA,"DailyMail",0
244967280,0.617940442239118,5,"DailyMail",0
244975708,0.869645131123742,NA,"DailyMail",0
244991036,0.748709925131492,1,"DailyMail",0
245033894,0.965601687695346,NA,"DailyMail",1
245035084,0.82403318580157,2,"DailyMail",0
245041128,1.02785139550654,5,"DailyMail",0
245098012,0.811949940596628,NA,"DailyMail",0
245109482,1.17687254795235,5,"DailyMail",0
245112736,0.937792852445881,1,"DailyMail",0
245150468,0.962606283970557,2,"DailyMail",0
245172088,0.949997178024947,6,"DailyMail",1
245189310,0.760500356697638,1,"DailyMail",0
245226426,1.11161838640186,NA,"DailyMail",0
245495782,1.03935668286125,2,"DailyMail",1
245506204,1.46674226043578,4,"DailyMail",0
245527012,0.88152661190806,4,"DailyMail",1
245541078,0.906926594120061,2,"DailyMail",0
245581332,0.940979139985692,NA,"DailyMail",0
245664702,1.18512538089011,NA,"DailyMail",0
245696286,1.09141372224,6,"DailyMail",1
245725342,0.874228151225759,NA,"DailyMail",0
245732252,0.739042129788318,3,"DailyMail",0
245800866,0.970574089858866,3,"DailyMail",0
245898614,1.07026806359058,NA,"DailyMail",0
245915150,1.31076378105843,4,"DailyMail",0
245921714,0.985720727774559,NA,"DailyMail",0
245927260,1.2495897009648,6,"DailyMail",0
246036172,0.746752392074174,NA,"DailyMail",0
246117174,1.45275916279413,NA,"DailyMail",0
246119092,0.743709610051722,4,"DailyMail",1
246119930,1.20661248221301,5,"DailyMail",0
246180398,0.804905306198983,5,"DailyMail",0
246191638,0.905840002742017,6,"DailyMail",1
246192908,1.06641072555465,4,"DailyMail",1
246193934,1.09328485701699,5,"DailyMail",0
246309946,1.07399996424319,2,"DailyMail",0
246321994,0.915112869682585,2,"DailyMail",0
246353120,1.31775701534186,4,"DailyMail",0
246358096,1.04435282686173,4,"DailyMail",0
246374866,0.841427799185097,3,"DailyMail",0
246506818,1.03853157643102,6,"DailyMail",0
246516648,1.21001277884327,NA,"DailyMail",0
246520718,1.07925652353775,2,"DailyMail",0
246542616,0.844139524106999,3,"DailyMail",0
246592442,1.05676039073738,2,"DailyMail",1
246688526,1.05966422491494,1,"DailyMail",0
246714200,1.10801522637059,1,"DailyMail",0
246727592,0.924041284515153,5,"DailyMail",1
246735126,1.12410318225958,5,"DailyMail",0
246806450,1.08606873653083,5,"DailyMail",1
246938584,0.815344215130893,6,"DailyMail",0
246952162,0.957444009006743,3,"DailyMail",0
247027498,0.966585142604069,5,"DailyMail",0
247316044,0.836210782345226,1,"DailyMail",0
247330152,0.84389780870887,5,"DailyMail",1
247346276,1.07406539090756,4,"DailyMail",0
247392880,1.00153209041442,6,"DailyMail",1
247498812,1.389252481525,4,"DailyMail",0
247534644,1.25025791137697,2,"DailyMail",0
247760106,1.43923470614957,NA,"DailyMail",0
247791542,1.53191879472082,5,"DailyMail",0
247914468,1.03050753737529,2,"DailyMail",0
247918880,1.04081740064865,NA,"DailyMail",0
247935700,1.04225630605842,3,"DailyMail",0
247999208,0.809567149658432,4,"DailyMail",0
247999610,0.93157629109852,NA,"DailyMail",1
248011082,1.00675007248202,4,"DailyMail",0
248144518,1.46126432071995,NA,"DailyMail",0
248294862,1.1826186803262,2,"DailyMail",0
248308458,1.15970012963805,5,"DailyMail",0
248312342,1.15970012963805,5,"DailyMail",1
248371612,0.994700190974875,5,"DailyMail",0
248421386,0.800172571702637,2,"DailyMail",0
248471346,1.00593672063042,3,"DailyMail",0
248471944,1.15970012963805,5,"DailyMail",0
248772720,0.777455531331569,NA,"DailyMail",1
248793778,0.869672230435079,4,"DailyMail",0
248799736,1.35940734902808,NA,"DailyMail",0
248954192,0.72360665178835,4,"DailyMail",0
248970416,1.14649981273723,3,"DailyMail",0
248980952,1.18560985092296,4,"DailyMail",0
249046688,1.04639855996209,2,"DailyMail",0
249112664,1.15970012963805,5,"DailyMail",1
249120520,0.777751512521152,4,"DailyMail",1
249136112,0.98852660138264,NA,"DailyMail",0
249182422,1.01560192037423,5,"DailyMail",1
249193606,0.938422246637422,5,"DailyMail",0
249204898,1.67485030842223,4,"DailyMail",0
249310854,1.03628267738863,6,"DailyMail",0
249310956,0.837240561017362,NA,"DailyMail",0
249357128,0.779730772953144,NA,"DailyMail",0
249400044,0.937282210218467,NA,"DailyMail",0
249428076,1.02243301700971,4,"DailyMail",0
249636656,1.27061121852916,NA,"DailyMail",0
249641718,0.951296560837276,6,"DailyMail",1
249831400,0.900631603709599,NA,"DailyMail",0
249874586,1.03853157643102,5,"DailyMail",1
249882198,1.45736810296744,2,"DailyMail",0
249886344,0.844599804018056,2,"DailyMail",0
249933564,1.19920202677496,6,"DailyMail",1
249967960,1.24002630665162,4,"DailyMail",0
249988812,1.00446403073359,4,"DailyMail",0
250004016,1.39097574873337,NA,"DailyMail",0
250022452,1.00522952111069,2,"DailyMail",0
250144212,0.908992665360407,NA,"DailyMail",0
250315768,0.957146637712426,5,"DailyMail",0
250481724,1.21905665339257,2,"DailyMail",0
250524840,0.837240561017362,NA,"DailyMail",0
250528716,0.944539814233425,4,"DailyMail",0
250594856,0.911608550605073,2,"DailyMail",0
250603264,0.850421468757355,NA,"DailyMail",0
250778074,0.902302814296871,4,"DailyMail",0
250915674,0.959615992781274,4,"DailyMail",0
250955916,1.27061121852916,4,"DailyMail",0
251114406,1.64127489930417,NA,"DailyMail",0
251140312,1.06282532556844,1,"DailyMail",1
251195960,0.631352578789425,3,"DailyMail",0
251250296,1.29319229243722,5,"DailyMail",0
251292618,0.992069247869398,5,"DailyMail",0
251304660,1.03853157643102,4,"DailyMail",1
251336130,1.05966422491494,4,"DailyMail",0
251435988,1.01679535433635,2,"DailyMail",0
251441206,0.840379180947973,NA,"DailyMail",0
251520114,1.00055203366279,7,"DailyMail",0
251660972,1.2166313101662,NA,"DailyMail",0
251688052,1.2166313101662,NA,"DailyMail",0
251757978,1.01225185360331,4,"DailyMail",1
251947168,0.891999745501182,NA,"DailyMail",0
251955692,1.11306076189116,4,"DailyMail",0
252094444,0.877623404426673,2,"DailyMail",0
252282394,1.02393473104551,6,"DailyMail",0
252284636,1.35087488602065,1,"DailyMail",0
252344084,1.19686416781481,5,"DailyMail",1
252495830,0.634041537320341,4,"DailyMail",1
252572488,1.09295094620214,6,"DailyMail",0
252572592,0.860016278737157,NA,"DailyMail",0
252582704,0.781094152978036,3,"DailyMail",0
252620370,1.35087488602065,NA,"DailyMail",0
252701886,0.871249782440781,4,"DailyMail",0
252761092,0.847853503740656,3,"DailyMail",1
252892348,1.24722763970459,7,"DailyMail",1
252972498,1.17829308234422,5,"DailyMail",0
252991186,1.21628093886108,NA,"DailyMail",0
252993850,1.04545076860647,6,"DailyMail",0
253017160,0.996488849604868,5,"DailyMail",1
253047984,1.00013130418113,NA,"DailyMail",0
253058828,1.61207512336239,NA,"DailyMail",0
253094232,0.945516606100346,1,"DailyMail",0
253104970,0.986126522965511,NA,"DailyMail",0
253350012,1.09149051834509,4,"DailyMail",0
253366666,1.109981118125,4,"DailyMail",0
253372226,0.91533745396678,5,"DailyMail",0
253409710,1.15088794154556,NA,"DailyMail",0
253413920,1.44412465285759,2,"DailyMail",0
253414426,1.57263594352526,4,"DailyMail",0
253473946,1.35820553694131,3,"DailyMail",0
253583024,0.847853503740656,3,"DailyMail",0
253700274,1.2166313101662,NA,"DailyMail",1
253773196,0.830583986577563,2,"DailyMail",0
253971900,1.2296964925649,4,"DailyMail",0
254011828,1.19486633620577,NA,"DailyMail",1
254027902,0.947989673412706,NA,"DailyMail",0
254042094,0.702771877355593,3,"DailyMail",0
254043028,1.4050837777731,4,"DailyMail",0
254074910,0.839345541875355,NA,"DailyMail",0
254084544,1.00565586171353,NA,"DailyMail",0
254128848,1.25806440010956,2,"DailyMail",0
254143726,1.43726515314281,5,"DailyMail",0
254242758,0.853436779759635,6,"DailyMail",1
254279428,0.959461704892058,4,"DailyMail",0
254422914,0.667132118089837,5,"DailyMail",0
254516300,1.22413509579127,6,"DailyMail",0
254616818,1.12345227352438,NA,"DailyMail",0
254651770,1.11834396160192,3,"DailyMail",0
254662346,0.711854759046975,1,"DailyMail",0
254679304,1.26776673367235,3,"DailyMail",0
254763566,1.52805623909157,5,"DailyMail",0
254771514,1.74486379261252,5,"DailyMail",1
254814504,1.50409503337125,3,"DailyMail",1
254840058,0.908333257646119,2,"DailyMail",0
254858296,1.52805623909157,5,"DailyMail",1
254889174,1.28214454708282,2,"DailyMail",0
254900654,0.959719806232124,NA,"DailyMail",1
255120288,1.10221638715275,NA,"DailyMail",0
255179604,1.09149051834509,1,"DailyMail",0
255467932,1.32940283047737,4,"DailyMail",0
255508122,1.30210823927937,NA,"DailyMail",1
255533664,1.28495421012571,NA,"DailyMail",0
255575134,1.43726515314281,5,"DailyMail",0
255575162,1.43726515314281,5,"DailyMail",1
255830148,0.912183457423489,NA,"DailyMail",0
255842650,1.04080094107007,3,"DailyMail",0
255845516,0.822284956213542,5,"DailyMail",0
255876590,1.41931298375505,7,"DailyMail",0
255886052,1.53266790113363,5,"DailyMail",0
255930730,1.09587735077075,NA,"DailyMail",0
256296114,1.26354964734177,NA,"DailyMail",0
256372290,1.14698194567146,1,"DailyMail",0
256377332,1.03841065441449,3,"DailyMail",0
256382828,0.888668334820385,4,"DailyMail",0
256629652,1.46126432071995,NA,"DailyMail",0
256654994,1.5729540438391,5,"DailyMail",1
256716582,0.70660062760802,4,"DailyMail",0
256734410,1.62495476738903,3,"DailyMail",0
256744152,1.52805623909157,5,"DailyMail",0
256765230,0.992069247869398,1,"DailyMail",0
256829698,1.0280548645453,5,"DailyMail",1
256902536,0.895919419067703,3,"DailyMail",0
256948856,0.967182023077504,2,"DailyMail",1
256975524,1.25560707761896,4,"DailyMail",0
257056952,1.17672062322091,2,"DailyMail",0
257117462,0.864322424376335,4,"DailyMail",0
257140874,1.25560707761896,1,"DailyMail",0
257329310,1.00055203366279,4,"DailyMail",0
257439154,1.17076230068469,5,"DailyMail",0
257444136,1.13094910625205,4,"DailyMail",0
257447848,1.21050592719842,5,"DailyMail",0
257529088,1.5587940285612,4,"DailyMail",0
257568892,0.911337970760185,NA,"DailyMail",0
257571518,1.05966422491494,5,"DailyMail",0
257627044,1.58931555708301,NA,"DailyMail",0
257634768,1.11058474135198,4,"DailyMail",0
257649116,1.35313295653385,2,"DailyMail",0
257664948,0.861018752332383,7,"DailyMail",0
257675396,1.32098433130753,NA,"DailyMail",0
257690444,1.02764368463236,5,"DailyMail",0
257716944,0.907934336325401,NA,"DailyMail",0
257776224,0.802361947713291,2,"DailyMail",0
257781626,0.785667680325056,2,"DailyMail",1
257800766,1.05631709786659,NA,"DailyMail",0
257916366,0.947861602426335,5,"DailyMail",1
257929404,1.13781406477558,4,"DailyMail",0
258020620,0.789474934182,NA,"DailyMail",0
258224158,1.0118088844434,4,"DailyMail",0
258240248,1.0103637972367,5,"DailyMail",0
258247388,0.860016278737157,NA,"DailyMail",0
258329500,1.0103637972367,6,"DailyMail",0
258330704,0.933781680109807,NA,"DailyMail",0
258459848,0.879904344324191,2,"DailyMail",0
258526256,0.886933958615908,4,"DailyMail",0
258645752,1.34582968388196,1,"DailyMail",0
258665790,1.05463771209613,2,"DailyMail",0
258681212,1.17782370179777,2,"DailyMail",0
258709540,1.0114882148568,4,"DailyMail",0
258778800,0.805845311522441,2,"DailyMail",0
258819738,0.871182216099515,NA,"DailyMail",0
258826400,1.0114882148568,4,"DailyMail",0
258836194,1.44412647653647,6,"DailyMail",0
258837580,1.45876151575058,5,"DailyMail",0
258919130,0.865819742700279,3,"DailyMail",0
258964502,1.38207320158619,NA,"DailyMail",0
259003810,0.825730068556372,3,"DailyMail",0
259109580,1.17927293524207,3,"DailyMail",0
259142246,0.631957775386743,NA,"DailyMail",0
259159332,1.13811858320268,1,"DailyMail",0
259167646,0.874667222990687,1,"DailyMail",0
259184034,0.944478158961642,NA,"DailyMail",0
259225656,1.16974549913189,4,"DailyMail",0
259242222,1.15163773693288,NA,"DailyMail",0
259250984,1.41136041470365,NA,"DailyMail",0
259260544,0.668747674183253,1,"DailyMail",0
259290400,0.966585142604069,5,"DailyMail",0
259304028,0.753374999439595,4,"DailyMail",1
259475668,1.11651904920855,3,"DailyMail",0
259486672,1.35087488602065,3,"DailyMail",0
259523456,1.42304647564076,4,"DailyMail",0
259539898,1.14314704979682,5,"DailyMail",0
259540724,1.23947720042178,3,"DailyMail",0
259652418,1.52432786858755,6,"DailyMail",0
259691782,0.973446004714624,7,"DailyMail",0
259703584,0.767207246569012,3,"DailyMail",0
259787932,1.07791744583546,2,"DailyMail",0
259807156,1.13489395532347,6,"DailyMail",1
259814654,1.09329050988517,4,"DailyMail",0
259874450,0.9205756783726,NA,"DailyMail",0
259911830,0.844414264278832,NA,"DailyMail",1
259915756,1.14051234166405,4,"DailyMail",1
259921504,0.962434844103709,6,"DailyMail",1
259923704,0.972481734845992,1,"DailyMail",1
260065192,0.62334240367033,4,"DailyMail",0
260083968,1.21415512943999,3,"DailyMail",0
260138946,1.2166313101662,4,"DailyMail",0
260181550,1.3795942097128,3,"DailyMail",0
260182324,1.04186346589293,6,"DailyMail",0
260192104,1.12660251080514,4,"DailyMail",0
260214658,0.93624204253036,1,"DailyMail",0
260252636,0.738421552997824,NA,"DailyMail",0
260267474,0.878672242175325,2,"DailyMail",0
260287420,0.719925047398161,5,"DailyMail",1
260293456,0.922755024824995,NA,"DailyMail",0
260311614,0.818563175004828,NA,"DailyMail",0
260324730,0.741597558132564,4,"DailyMail",0
260327522,1.4748264475141,NA,"DailyMail",0
260350348,1.15970012963805,4,"DailyMail",0
260365118,1.07026806359058,4,"DailyMail",1
260383590,0.758716631938431,NA,"DailyMail",0
260392790,1.42614241546544,NA,"DailyMail",0
260394396,0.98804833730148,4,"DailyMail",0
260394922,0.847795777918023,4,"DailyMail",0
260409030,0.915477417633601,NA,"DailyMail",0
260450826,1.1535138247527,2,"DailyMail",1
260467546,1.24681825344492,NA,"DailyMail",0
260485980,1.10502380836018,1,"DailyMail",1
260488996,0.59860493491936,NA,"DailyMail",1
260515502,0.924164122376536,6,"DailyMail",1
260558310,0.883840804839242,6,"DailyMail",0
260584102,0.83672340058174,NA,"DailyMail",0
260638540,0.955375586826625,NA,"DailyMail",0
260714790,0.701845158958922,4,"DailyMail",0
260811908,0.984850686085726,4,"DailyMail",1
260931750,0.84389780870887,6,"DailyMail",0
260964070,0.978601517128702,NA,"DailyMail",0
261051208,1.20992764363874,1,"DailyMail",0
261062580,0.965616372392045,4,"DailyMail",0
261068880,0.59519163967669,1,"DailyMail",1
20022530,0.894742969930345,4,"Sun",0
20023753,0.817899511525492,6,"Sun",0
20025447,0.924464590075186,5,"Sun",0
20026947,0.821534967006642,2,"Sun",0
20047619,0.820360991763164,6,"Sun",0
20048332,1.1759725084016,4,"Sun",0
20048618,0.925208410912284,4,"Sun",0
20050448,0.987033283522209,5,"Sun",0
20051529,0.761143846254295,4,"Sun",1
20051923,0.803926781539201,6,"Sun",0
20052122,1.03465290359113,4,"Sun",0
20052241,0.915122066222173,4,"Sun",0
20054024,0.897206273270836,5,"Sun",0
20054270,0.917818307739336,NA,"Sun",0
20054395,1.03853157643102,5,"Sun",0
20060542,0.971117221620311,NA,"Sun",0
20064022,1.02756830800205,6,"Sun",0
20065179,1.01019313817515,4,"Sun",0
20067149,1.36837782143029,5,"Sun",0
20067844,0.887468293345291,5,"Sun",0
20073628,0.923817194805369,3,"Sun",0
20074410,0.773996228257417,NA,"Sun",0
20077389,1.18669564292533,NA,"Sun",0
20078507,1.00964339403178,3,"Sun",0
20085274,1.09594320375307,4,"Sun",0
20086548,0.973494560447607,6,"Sun",0
20087794,0.788292694930814,6,"Sun",0
20087888,0.8108497346763,NA,"Sun",0
20088212,0.817899511525492,6,"Sun",0
20089287,0.760970327217994,4,"Sun",0
20089575,0.765847326092285,3,"Sun",0
20091650,1.36467995317101,6,"Sun",0
20091668,0.976826118736406,4,"Sun",0
20093294,0.890771270097029,6,"Sun",0
20096796,0.909315105885082,3,"Sun",0
20098142,0.851773826284773,2,"Sun",0
20099291,0.976826118736406,6,"Sun",0
20102045,1.18262480891063,4,"Sun",0
20103834,1.18127904724926,NA,"Sun",0
20105311,0.978841972355124,NA,"Sun",0
20106754,0.995000205805947,7,"Sun",0
20107774,0.957175087236545,4,"Sun",0
20108848,0.686890779810034,4,"Sun",0
20113956,1.05395044442534,6,"Sun",0
20114172,0.884671877547993,5,"Sun",0
20114869,1.42500367564671,2,"Sun",1
20115167,0.748282483561949,3,"Sun",0
20122155,1.27260493984081,4,"Sun",0
20122792,1.09295094620214,4,"Sun",0
20124135,0.915653346199629,6,"Sun",0
20125503,0.798900062604096,5,"Sun",0
20126726,0.739654295956792,NA,"Sun",0
20128496,0.928967578985955,5,"Sun",0
20133288,1.2934980155536,3,"Sun",0
20133843,1.07922092931644,4,"Sun",0
20133959,0.976826118736406,5,"Sun",0
20134062,0.953571918607351,4,"Sun",0
20135037,0.948052073531323,7,"Sun",1
20135236,1.17776303245002,NA,"Sun",0
20135368,0.976826118736406,5,"Sun",0
20135890,0.825688491871181,3,"Sun",0
20135896,1.02691170127348,5,"Sun",0
20136090,1.07868111800161,4,"Sun",0
20136198,0.930329183919794,4,"Sun",1
20137204,1.16766529817587,NA,"Sun",0
20137867,0.91954497216919,4,"Sun",0
20139579,0.823005185848736,4,"Sun",0
20139936,1.1771220972616,3,"Sun",0
20140177,1.09074035706863,NA,"Sun",0
20140746,1.34812249136809,6,"Sun",0
20142240,0.929902768554445,1,"Sun",0
20143499,0.749672136467166,1,"Sun",0
20143790,1.03541599566902,5,"Sun",0
20145040,1.27118104060527,NA,"Sun",0
20145226,0.790272204577528,NA,"Sun",0
20145321,0.905840002742017,3,"Sun",0
20145418,1.02827233406731,4,"Sun",0
20148829,0.953571918607351,NA,"Sun",0
20149402,0.876750016606568,NA,"Sun",0
20149838,0.969858785669946,NA,"Sun",1
20150337,1.02827197727516,3,"Sun",0
20151311,0.723829626325887,5,"Sun",1
20151909,0.91840516021723,5,"Sun",0
20152155,0.798661733986574,4,"Sun",0
20152444,0.952251715896481,4,"Sun",1
20153171,0.976826118736406,2,"Sun",0
20155692,0.914772568516223,NA,"Sun",0
20156694,1.33176607273167,4,"Sun",0
20157553,0.809471843979465,6,"Sun",0
20157664,1.1761964194612,6,"Sun",0
20160898,1.34323433307381,2,"Sun",0
20161127,0.720343693026911,3,"Sun",0
20161313,0.927449832702319,5,"Sun",0
20165504,0.900276752673519,6,"Sun",0
20167553,0.953571918607351,6,"Sun",0
20168594,0.993555576786381,6,"Sun",0
20172071,1.09295094620214,5,"Sun",0
20172350,0.900276752673519,6,"Sun",0
20174731,1.00936762401267,NA,"Sun",0
20185685,0.850838952009086,2,"Sun",0
20186139,1.09335305494336,4,"Sun",0
20187447,1.08546716548142,NA,"Sun",0
20187643,1.12267941428684,NA,"Sun",0
20187973,0.761166469935306,4,"Sun",1
20190533,0.867336641943539,3,"Sun",0
20191176,0.87382095739501,5,"Sun",0
20192405,0.887013255982913,6,"Sun",0
20192862,0.765847326092285,NA,"Sun",0
20193929,0.94419959074595,6,"Sun",0
20194591,1.03392834431338,4,"Sun",0
20195130,0.916482088139855,NA,"Sun",0
20195245,0.747423130140161,3,"Sun",0
20196593,1.2758580902463,5,"Sun",0
20197611,0.686694582824386,NA,"Sun",0
20198070,0.904739521776239,5,"Sun",0
20199178,1.2128449680906,NA,"Sun",0
20199884,0.702322593003148,3,"Sun",0
20203396,1.05368885133127,2,"Sun",0
20203630,0.762653101584496,NA,"Sun",0
20204323,0.948867606283327,4,"Sun",0
20204943,0.887444447484897,4,"Sun",0
20208196,0.823793349980589,NA,"Sun",0
20210902,0.900276752673519,5,"Sun",0
20211741,0.908850223904938,3,"Sun",0
20212803,0.876294237923966,5,"Sun",0
20213840,0.940076826200111,3,"Sun",0
20218535,0.861397339890943,NA,"Sun",0
20219332,1.50409503337125,4,"Sun",0
20220715,0.936171066347943,3,"Sun",0
20223358,0.918134488710401,5,"Sun",0
20224282,1.22173933972407,NA,"Sun",0
20225171,1.10636867735698,3,"Sun",0
20229641,0.976826118736406,6,"Sun",0
20229961,0.847811794083742,4,"Sun",0
20230094,1.0109279537919,4,"Sun",0
20236098,1.14009882347847,NA,"Sun",0
20236184,0.915777316193063,3,"Sun",0
20239005,0.967957797037201,2,"Sun",0
20239127,0.858571516903643,NA,"Sun",0
20240996,0.812474998807354,3,"Sun",0
20242781,0.844645415079307,4,"Sun",0
20243373,1.03786796427443,4,"Sun",0
20246931,0.607263186969397,3,"Sun",0
20246999,1.5478282430944,3,"Sun",0
20247178,1.03853157643102,5,"Sun",0
20248337,0.884671877547993,5,"Sun",0
20248469,0.843427271661646,NA,"Sun",0
20249561,0.733583391835327,2,"Sun",0
20252333,0.84389780870887,NA,"Sun",0
20252892,0.668426975814446,NA,"Sun",0
20253190,0.919147800210688,2,"Sun",0
20261597,1.1259193156667,NA,"Sun",0
20261834,0.899637429815814,4,"Sun",0
20264620,0.896668094594843,4,"Sun",1
20267695,1.12267941428684,5,"Sun",1
20269882,1.22915997565542,4,"Sun",0
20271482,0.916841448123286,4,"Sun",0
20279656,0.771928521910068,NA,"Sun",0
20282652,0.858195384763216,4,"Sun",0
20283337,0.969239054797089,4,"Sun",1
20287056,0.884671877547993,4,"Sun",1
20287911,1.41933102769153,NA,"Sun",0
20292241,0.810238724016875,5,"Sun",0
20298810,0.763778615188506,3,"Sun",0
20305136,1.20786969531933,2,"Sun",0
20306733,0.756140976367034,3,"Sun",1
20309668,1.4953094644389,5,"Sun",0
20314827,0.77509187632978,4,"Sun",0
20314957,1.15061164828363,2,"Sun",0
20316902,1.11135869068197,6,"Sun",0
20334426,1.19378406791155,4,"Sun",0
20336029,0.868370017484301,NA,"Sun",0
20336875,1.06197604095222,5,"Sun",0
20339893,0.89385541742505,4,"Sun",1
20340967,1.20572086747911,4,"Sun",0
20343175,0.989809342081748,3,"Sun",0
20343899,0.958596070532606,NA,"Sun",0
20348755,0.887444447484897,NA,"Sun",0
20351548,1.05395044442534,3,"Sun",0
20379011,1.09501395932862,NA,"Sun",0
20383672,0.936849727935804,3,"Sun",0
20388046,1.33176607273167,4,"Sun",0
20389810,1.002611317936,4,"Sun",0
20396797,0.887622663785031,NA,"Sun",0
20397668,1.23205481737507,NA,"Sun",1
20399950,0.970799170414574,NA,"Sun",0
20405023,0.925654803029123,5,"Sun",0
20405320,0.84594142827104,5,"Sun",0
20418950,0.953571918607351,5,"Sun",1
20421365,0.917885286825368,NA,"Sun",0
20427040,1.10920518008911,2,"Sun",0
20427978,1.01019313817515,4,"Sun",0
20430365,0.719396769090035,NA,"Sun",0
20433545,1.03468070498057,5,"Sun",0
20434159,0.942515802898834,6,"Sun",0
20437849,0.78159358411302,3,"Sun",0
20440100,0.993519906850358,3,"Sun",0
20440170,1.03436469303264,4,"Sun",0
20440408,0.765847326092285,6,"Sun",0
20446141,1.18148589878386,5,"Sun",0
20501374,1.22214426581869,2,"Sun",0
20505330,0.917885286825368,6,"Sun",0
20525307,1.24842339100706,3,"Sun",0
20533993,1.07868111800161,5,"Sun",0
20545388,0.863592956821994,4,"Sun",1
20546711,0.897206273270836,6,"Sun",0
20548468,0.858707242933069,2,"Sun",0
20556580,0.85750172263526,2,"Sun",0
20571450,0.982862404751604,5,"Sun",0
20579704,0.659781242506987,5,"Sun",0
20588958,0.904559466223653,1,"Sun",0
20599963,0.9205756783726,5,"Sun",0
20609958,0.897206273270836,7,"Sun",0
20611450,1.12850448712512,4,"Sun",0
20621054,1.11416747220947,6,"Sun",0
20626839,0.771638719679397,5,"Sun",0
20629537,1.09149051834509,3,"Sun",0
20636152,0.874993877289061,2,"Sun",0
20636990,1.09295094620214,4,"Sun",0
20638692,1.18512538089011,4,"Sun",0
20639451,0.900276752673519,4,"Sun",0
20639487,0.976320446993874,5,"Sun",0
20639532,0.908943959690363,3,"Sun",0
20643016,1.02562633672478,4,"Sun",0
20644464,0.665983569115204,3,"Sun",0
20663607,1.48173141717201,NA,"Sun",0
20664557,0.865819742700279,NA,"Sun",0
20669921,0.89385541742505,6,"Sun",0
20671465,1.02571170243139,1,"Sun",0
20682590,1.25614430656367,4,"Sun",0
20690532,0.91787073208587,4,"Sun",0
20692384,1.02756830800205,4,"Sun",0
20696602,1.09295094620214,4,"Sun",1
20704743,1.22382710987253,NA,"Sun",0
20707325,1.13170811625119,4,"Sun",0
20707394,0.991152548827504,NA,"Sun",0
20710990,0.833697652560433,NA,"Sun",0
20713943,0.874027050296371,3,"Sun",0
20716485,0.738131805223005,2,"Sun",0
20716957,0.939044996852221,2,"Sun",0
20717044,1.20558630781978,5,"Sun",1
20718933,1.12566586807069,4,"Sun",0
20725665,1.10920518008911,5,"Sun",0
20728580,1.37004414647068,3,"Sun",0
20729382,0.963008145891068,4,"Sun",0
20733757,0.915653346199629,5,"Sun",0
20739660,0.898296032826641,NA,"Sun",0
20749975,1.16585337868382,3,"Sun",0
20757666,1.23205481737507,6,"Sun",0
20757869,0.834086882124798,6,"Sun",0
20759800,1.13130319812072,5,"Sun",0
20765090,1.03541599566902,5,"Sun",0
20772060,1.20144716521654,3,"Sun",0
20779386,0.715080729081225,2,"Sun",0
22086387,0.748564002239245,3,"Sun",0
22087570,0.960853674843062,5,"Sun",0
22091348,0.810908350835403,6,"Sun",0
22141182,1.09335305494336,3,"Sun",0
22141975,1.03853157643102,6,"Sun",0
22144146,0.748090154997302,6,"Sun",0
22152420,1.04160818585092,NA,"Sun",0
22152443,1.03465290359113,6,"Sun",0
22187403,0.878277890252884,3,"Sun",0
22264314,0.872316496291049,2,"Sun",0
22275023,0.839574388854932,4,"Sun",0
22309739,0.959687996382129,2,"Sun",0
22316630,0.77399224178618,4,"Sun",0
22330358,1.2495897009648,5,"Sun",0
22403734,0.811233985050568,3,"Sun",0
28009011,1.01859652762759,4,"Sun",0
28110124,0.936647281551935,4,"Sun",0
28242812,0.900276752673519,5,"Sun",0
28263520,0.970137481428116,7,"Sun",0
28359418,0.722908883836946,NA,"Sun",0
28367120,1.22418790138184,NA,"Sun",0
28371373,1.02910304873513,2,"Sun",0
28572771,0.909566209969306,5,"Sun",0
28807291,0.727172999856394,1,"Sun",0
28897999,0.888161284121996,3,"Sun",0
29093399,0.953571918607351,4,"Sun",0
29099947,0.818861168462333,2,"Sun",0
29171252,0.933001346993407,5,"Sun",0
29171826,0.950592752033376,6,"Sun",0
29213009,0.84389780870887,4,"Sun",0
29244000,0.760810689396771,NA,"Sun",0
29469942,1.03541599566902,5,"Sun",1
29477530,0.966261689432141,3,"Sun",0
29483187,0.973152758432742,3,"Sun",0
29487305,1.07427453506468,NA,"Sun",0
29498254,0.907051016528382,5,"Sun",0
29499762,0.833697652560433,NA,"Sun",0
29764485,1.17438519003218,4,"Sun",0
29821641,0.84797998909773,2,"Sun",0
29835911,0.908704538936667,NA,"Sun",0
29937004,1.18588314935095,NA,"Sun",1
30623806,1.46091454487931,6,"Sun",0
30629518,1.25047771566061,4,"Sun",0
30937696,1.03212708763763,NA,"Sun",0
31273935,0.83080796390262,NA,"Sun",0
31435701,1.39572624380206,4,"Sun",0
31671783,0.729783196899742,2,"Sun",0
31845573,0.820360991763164,4,"Sun",0
32693955,0.91667243543518,2,"Sun",0
32962021,0.748008777113973,2,"Sun",0
33159411,0.84389780870887,6,"Sun",0
33386432,0.750370362123011,3,"Sun",0
33702033,1.21173841367426,NA,"Sun",0
33764738,1.09671122198231,5,"Sun",0
33931048,0.893357025221136,5,"Sun",1
33951681,1.02243301700971,2,"Sun",0
33964836,0.924464590075186,3,"Sun",0
34242710,0.950592752033376,6,"Sun",0
34356611,0.999122114579395,NA,"Sun",0
34649256,0.667132118089837,NA,"Sun",0
35353980,1.28042165015217,NA,"Sun",0
36447947,0.998037974526841,2,"Sun",0
36477499,0.916125581039401,NA,"Sun",0
36630170,0.739654295956792,3,"Sun",0
36639352,0.924464590075186,5,"Sun",0
37273045,1.00593672063042,2,"Sun",0
37409380,0.87751795154183,6,"Sun",0
37905035,1.2489648275373,1,"Sun",0
37998195,0.934227297451027,3,"Sun",0
38145824,0.823793349980589,NA,"Sun",0
38171943,0.976826118736406,NA,"Sun",0
38174841,1.03956599130216,NA,"Sun",0
38243482,1.42555536706801,4,"Sun",0
38373885,1.06535376248509,4,"Sun",0
38418680,0.951505177759098,7,"Sun",0
38464266,0.993241815873803,2,"Sun",0
38541683,1.02010812125039,4,"Sun",0
38610986,0.970574089858866,5,"Sun",0
38800892,1.094444637344,6,"Sun",1
39340838,0.90245690193347,NA,"Sun",0
39601149,0.899073780798858,1,"Sun",0
39699738,1.00985806953401,NA,"Sun",0
39761399,0.841918816446721,2,"Sun",0
39918383,0.764849955428823,6,"Sun",0
40197802,0.89385541742505,4,"Sun",0
40202000,0.89385541742505,4,"Sun",0
40210877,0.869116517852556,4,"Sun",0
40259163,0.749495366073594,3,"Sun",0
40418895,0.915122066222173,2,"Sun",0
40512087,0.950592752033376,2,"Sun",0
40682383,0.911608550605073,5,"Sun",0
40686754,0.957146637712426,4,"Sun",0
40699600,0.900276752673519,4,"Sun",0
40759921,1.22799358143051,NA,"Sun",1
40834767,0.953571918607351,5,"Sun",1
40894203,0.811823837208255,3,"Sun",0
40903213,0.757671940311865,NA,"Sun",0
40908716,1.29156740857858,NA,"Sun",0
40915400,1.25364480788112,4,"Sun",0
40973680,0.917047842597496,NA,"Sun",0
41245265,0.769109561176168,4,"Sun",0
41325769,0.939523240854489,5,"Sun",0
41446381,1.01250373064625,NA,"Sun",0
41518838,0.711901513430157,3,"Sun",0
41723226,0.996441464564433,5,"Sun",0
41730131,0.844414264278832,4,"Sun",0
41758666,0.832713433836335,2,"Sun",0
41979535,0.957146637712426,NA,"Sun",0
41997586,1.34462274791379,3,"Sun",0
42131094,1.18106677543508,4,"Sun",1
42171186,0.970802159453395,4,"Sun",0
42191810,0.821615406288972,3,"Sun",0
42200816,1.05093695313805,2,"Sun",0
42348990,1.24632386535211,2,"Sun",0
42436462,0.970137481428116,5,"Sun",0
42585715,1.15663276814745,3,"Sun",0
42609607,0.887444447484897,6,"Sun",1
42748625,1.03465290359113,4,"Sun",0
42763963,1.3968866021068,6,"Sun",1
42837333,1.03521756164282,NA,"Sun",0
42856198,1.05699323222968,4,"Sun",0
42879263,0.796046040655566,4,"Sun",0
42886102,0.805533573987045,3,"Sun",0
42887802,1.18669564292533,4,"Sun",0
42887921,1.04222532771776,2,"Sun",0
42894286,1.2758580902463,6,"Sun",0
42897404,0.84863250636115,4,"Sun",0
42944000,0.94419959074595,5,"Sun",0
43023604,1.09836329118528,4,"Sun",0
43049539,0.832713433836335,1,"Sun",0
43057956,0.957146637712426,6,"Sun",0
43066111,0.97052327275018,NA,"Sun",0
43068545,0.830966332152616,5,"Sun",0
43094495,0.880547467181152,1,"Sun",0
43102874,0.766899671782288,4,"Sun",0
43132678,1.33269126360453,2,"Sun",0
43151306,0.702322593003148,1,"Sun",0
43226291,0.973152758432742,3,"Sun",0
43270919,0.9464923976839,2,"Sun",0
43280312,0.807425181094517,6,"Sun",0
43396423,0.921753865059368,NA,"Sun",0
43423680,1.08776673904153,3,"Sun",0
43435157,1.00252346728541,NA,"Sun",1
43452326,0.686890779810034,2,"Sun",0
43454196,1.05790013523282,NA,"Sun",0
43455435,0.787615768160952,5,"Sun",0
43496809,0.89385541742505,4,"Sun",0
43681882,1.6589226451259,NA,"Sun",0
43713638,0.977495379401078,5,"Sun",0
43860063,1.01195543590741,NA,"Sun",0
43983614,0.910844741517915,5,"Sun",0
44199329,0.717981833366672,NA,"Sun",0
44631876,0.817407164620393,4,"Sun",0
44643491,0.765847326092285,3,"Sun",0
44649116,0.784162620215093,2,"Sun",0
44661143,1.45946841545958,6,"Sun",0
44667881,0.756132193432155,3,"Sun",0
44672709,1.03853157643102,NA,"Sun",0
44698931,0.819384215656975,3,"Sun",0
44790445,0.846020986145008,1,"Sun",0
44812787,0.95586767490274,3,"Sun",0
44859114,1.41137521153932,NA,"Sun",0
44903992,0.900631603709599,2,"Sun",0
44944964,0.84863250636115,4,"Sun",0
44946802,0.910111462503697,3,"Sun",1
45051112,0.912814921390253,7,"Sun",0
45151531,1.13301478708081,4,"Sun",0
45320283,0.8390006323218,4,"Sun",0
45370989,0.953600261879144,NA,"Sun",0
45393528,0.869687597110306,4,"Sun",0
45448884,1.28338089692779,NA,"Sun",0
45619796,0.973494560447607,6,"Sun",0
45741935,0.828577467418826,3,"Sun",0
45780502,0.672593447348115,2,"Sun",0
45958294,0.999122114579395,4,"Sun",0
46226260,0.830583986577563,2,"Sun",0
46345528,1.04969749800208,NA,"Sun",0
46372790,1.003491112401,2,"Sun",0
46578362,0.727516890904271,NA,"Sun",0
46752005,0.755758887871929,4,"Sun",0
46765185,1.05473760391594,1,"Sun",0
46779526,1.18483688914871,3,"Sun",0
46799958,0.993065273061458,4,"Sun",1
47258112,0.835560094170178,4,"Sun",0
47358632,0.771101561565534,NA,"Sun",0
47516953,0.85831194107099,1,"Sun",0
47583586,0.808791864816064,3,"Sun",0
47586545,0.946069117560492,NA,"Sun",0
47636627,0.730794969038149,6,"Sun",0
47661167,1.18262480891063,5,"Sun",0
47669255,1.06546248652522,2,"Sun",0
47675054,1.02691170127348,4,"Sun",0
47690793,0.993462051294154,4,"Sun",0
47735381,1.03441445765973,5,"Sun",0
47745998,0.683279387180257,3,"Sun",0
47778351,1.02803076306129,5,"Sun",0
47793657,0.917047842597496,NA,"Sun",0
47853777,1.11161963724855,NA,"Sun",0
47904875,0.727151386542306,1,"Sun",0
47949665,0.890955976786543,4,"Sun",1
47962048,0.752760863645947,3,"Sun",0
47979961,1.12267941428684,NA,"Sun",1
47991091,1.18879859338437,2,"Sun",0
47991754,1.3702258933442,3,"Sun",0
48001579,0.989368864154687,3,"Sun",0
48315198,1.07274758838559,3,"Sun",0
48382228,1.38154475936927,2,"Sun",0
48711291,0.729701827506074,6,"Sun",0
48788760,1.16706528990819,1,"Sun",0
49350207,0.812299094949511,6,"Sun",0
50111974,1.266238879116,3,"Sun",0
51039510,0.947042510160343,NA,"Sun",0
51141573,0.802525094258597,NA,"Sun",0
51151934,1.08766107075745,3,"Sun",0
51205825,1.2916688895354,5,"Sun",0
52023806,0.756518380323481,2,"Sun",0
52052117,1.08964872142487,5,"Sun",1
52114037,1.24842339100706,4,"Sun",0
52161324,1.01044537148388,NA,"Sun",0
52295884,0.812323239131587,3,"Sun",0
52361998,0.815650431714229,NA,"Sun",1
52363982,0.887622663785031,2,"Sun",0
52471028,0.834987597606341,5,"Sun",0
52572254,0.912407017716603,2,"Sun",0
52580725,0.94367729036805,NA,"Sun",0
52618271,0.765847326092285,4,"Sun",0
52647854,0.994926306689342,6,"Sun",0
52675334,0.678170754168068,NA,"Sun",1
52731886,1.05653537236359,6,"Sun",1
52733844,0.947042510160343,6,"Sun",0
52821490,0.770024421186343,NA,"Sun",0
52929812,0.978489066996293,3,"Sun",0
52978709,0.882017873813367,5,"Sun",0
53088984,1.15663276814745,1,"Sun",0
53909359,0.852018555964852,5,"Sun",0
54237659,0.755605247248534,2,"Sun",0
54770795,0.976826118736406,5,"Sun",0
55242390,1.18498118682961,NA,"Sun",0
55251657,0.746245134352986,NA,"Sun",0
55547212,0.777846242675866,4,"Sun",0
55645879,0.895154007402913,4,"Sun",0
56392255,1.2495897009648,5,"Sun",0
56558105,1.44715692139383,4,"Sun",0
56566532,0.84389780870887,NA,"Sun",0
56576592,0.96822509508891,2,"Sun",0
56640358,0.689465773416466,6,"Sun",0
56649908,1.30953681195162,3,"Sun",0
56679233,0.86142096653516,1,"Sun",0
56713928,0.898932924060889,4,"Sun",0
56744467,0.730794969038149,5,"Sun",0
56832299,0.976826118736406,5,"Sun",0
56927578,1.31578321246702,2,"Sun",0
56931626,1.33889147039214,5,"Sun",0
56958546,1.02099059921259,5,"Sun",0
57017924,0.942380796761074,3,"Sun",0
57032583,0.769109561176168,4,"Sun",0
57032741,1.11026399086635,2,"Sun",0
57049325,1.15631417583776,5,"Sun",0
57053971,0.959687996382129,3,"Sun",0
57114436,1.02756830800205,6,"Sun",0
57115562,0.888098968266787,6,"Sun",0
57133460,1.2451859059914,4,"Sun",0
57165736,1.1759725084016,2,"Sun",0
57176854,0.916280695075066,NA,"Sun",0
57216373,0.788955183923185,4,"Sun",0
57230271,1.15581072837555,4,"Sun",0
57281520,1.06872920288467,1,"Sun",0
57300447,0.892494544422774,4,"Sun",0
57435135,0.976826118736406,NA,"Sun",0
57479676,0.771430872348229,2,"Sun",0
57479777,1.41650258041997,3,"Sun",0
57483282,1.0636669578344,3,"Sun",0
57483839,0.788292694930814,4,"Sun",1
57518822,0.68817335612607,2,"Sun",0
57558768,0.915834384521452,2,"Sun",0
57638604,1.12688807802034,5,"Sun",0
57810666,1.10614553262215,2,"Sun",0
57893068,0.953571918607351,5,"Sun",0
57905349,0.84389780870887,6,"Sun",0
58281729,0.950521824371447,2,"Sun",0
58408223,1.29502688101483,4,"Sun",0
58481386,1.0357475309506,4,"Sun",0
58572155,0.896277494168242,NA,"Sun",1
58607964,1.11237999836726,4,"Sun",1
58789068,0.969858785669946,7,"Sun",0
58905093,0.848005193832514,2,"Sun",0
58910393,1.0109279537919,3,"Sun",0
58923056,1.01924430045209,3,"Sun",0
58936761,0.938773806911833,4,"Sun",0
59392697,0.913016200733579,3,"Sun",0
59557487,0.880918156188144,3,"Sun",0
59743095,1.25047771566061,6,"Sun",0
60237306,1.23073792518688,NA,"Sun",0
60267522,1.59463230159624,4,"Sun",0
60338282,1.06375624165869,2,"Sun",0
60658651,1.4031215674834,4,"Sun",0
61109547,0.944478158961642,2,"Sun",0
61130952,1.01924430045209,5,"Sun",0
61140399,1.03399176987092,NA,"Sun",0
61316711,0.959687996382129,3,"Sun",0
61320357,0.856216654418697,5,"Sun",0
61391781,0.881558695477241,4,"Sun",0
61601777,0.576867303297478,3,"Sun",0
61607451,0.717102762592716,3,"Sun",0
61634939,0.953132129100769,4,"Sun",0
61670273,1.00540751377478,NA,"Sun",0
61916230,1.26981052452799,3,"Sun",0
61920179,0.870271267567881,3,"Sun",0
62093388,1.08919604901607,2,"Sun",0
62549955,0.952514054234276,1,"Sun",0
62608906,0.89385541742505,NA,"Sun",0
62625223,0.750207832395514,1,"Sun",0
62698268,1.42614241546544,NA,"Sun",0
62760901,0.693175934117593,3,"Sun",0
62862667,0.880855870984505,2,"Sun",0
63035544,0.694110456481874,2,"Sun",0
63120786,0.913396607044211,4,"Sun",0
63148155,0.976826118736406,7,"Sun",0
63173206,1.02764368463236,6,"Sun",0
63176355,1.20540884652547,6,"Sun",0
63273988,1.17507341651471,NA,"Sun",0
63279469,1.08225092188429,4,"Sun",0
63294349,0.986632991413281,3,"Sun",0
63294594,0.969858785669946,6,"Sun",0
63307496,0.931420858843705,6,"Sun",0
63314393,0.979913830755939,4,"Sun",0
63331034,1.10666702346151,4,"Sun",0
63584335,1.43440259726332,2,"Sun",0
63771273,0.821040636106232,NA,"Sun",0
63830101,1.06061054526573,5,"Sun",0
63879869,1.31386565041733,2,"Sun",0
64190359,0.829363544602136,6,"Sun",0
64192061,1.25748017213181,3,"Sun",0
64222158,1.06298426305768,NA,"Sun",0
64232134,0.847245343227626,NA,"Sun",0
64266435,1.17101904588635,5,"Sun",0
64309792,0.969858785669946,7,"Sun",0
64462978,1.65885249065492,3,"Sun",0
64570884,1.27796510970041,NA,"Sun",0
64684101,1.12381580180177,4,"Sun",0
64819256,0.79912675295184,5,"Sun",0
64845724,0.863240279530685,2,"Sun",1
64948976,0.986630536417006,2,"Sun",0
64954450,0.905840002742017,6,"Sun",0
64960009,1.09772286498091,3,"Sun",0
64988128,0.947042510160343,4,"Sun",0
65174573,0.691567291206768,4,"Sun",0
65186942,1.08766107075745,NA,"Sun",0
65272957,0.953571918607351,6,"Sun",0
65277399,0.984773749383512,4,"Sun",0
65369137,1.03465290359113,5,"Sun",0
65411597,0.882363103478573,4,"Sun",0
65442034,1.02858183298023,5,"Sun",0
65446010,1.19448718854612,NA,"Sun",0
65454591,1.3662936789239,5,"Sun",0
65472057,0.924191736114724,2,"Sun",0
65531829,1.03465290359113,4,"Sun",1
65618153,0.815344215130893,5,"Sun",0
65624683,1.25701223409206,NA,"Sun",0
65636324,0.876372933316275,6,"Sun",0
65790476,0.821534967006642,NA,"Sun",0
65862314,1.54700710142287,5,"Sun",0
65980118,1.19883626001481,5,"Sun",0
65980386,1.05258945955152,4,"Sun",0
66193850,0.979913830755939,6,"Sun",0
66204985,0.858850942114618,NA,"Sun",0
66208044,1.0283261749472,6,"Sun",1
66326256,0.781548198690251,2,"Sun",0
66351399,0.953571918607351,5,"Sun",0
66414897,0.719396769090035,4,"Sun",0
66474716,0.947042510160343,5,"Sun",0
66522313,0.95586767490274,2,"Sun",0
66593620,0.822095803909667,3,"Sun",0
66667069,1.00522952111069,2,"Sun",0
66690807,1.0730005986402,3,"Sun",0
66730043,0.935487317846887,4,"Sun",0
66925078,1.22540248175387,NA,"Sun",0
67035809,0.84389780870887,4,"Sun",0
67095560,0.903663392866233,NA,"Sun",0
67121702,0.825629512531082,2,"Sun",0
67133806,1.10323867865011,NA,"Sun",0
67140490,0.823793349980589,4,"Sun",0
67246017,0.705129569489494,3,"Sun",0
67259173,0.915068252105665,NA,"Sun",0
67285958,0.861397339890943,4,"Sun",0
67298406,0.947042510160343,5,"Sun",0
67468958,1.20794679322493,1,"Sun",0
67618095,0.82099002814438,4,"Sun",0
67747875,1.05613565137138,NA,"Sun",0
67761840,1.11902451772789,4,"Sun",0
67778757,0.932841445825631,7,"Sun",0
67782116,1.08776673904153,4,"Sun",0
67913262,1.43151781602231,5,"Sun",0
68152478,0.983653212257379,3,"Sun",0
68186300,0.904137012894086,4,"Sun",0
68278988,0.854232581021158,6,"Sun",0
68291901,0.953571918607351,5,"Sun",0
68317610,1.09295094620214,6,"Sun",0
68362138,1.07441032615425,5,"Sun",1
68409052,0.968056116396493,NA,"Sun",1
68439757,0.983334199752842,3,"Sun",1
68457514,1.03924311384776,NA,"Sun",0
68546716,0.937282210218467,NA,"Sun",0
68567243,1.19980970131249,2,"Sun",0
68576601,0.776920851848309,1,"Sun",0
68606802,1.04160818585092,NA,"Sun",0
68638543,1.24840507385683,4,"Sun",1
68640900,0.809471843979465,6,"Sun",0
68641626,0.976826118736406,6,"Sun",0
68668897,1.08650905030969,3,"Sun",0
68682697,0.976320446993874,5,"Sun",0
68702421,0.826881559447904,NA,"Sun",1
68723248,1.002611317936,3,"Sun",0
68778631,1.04251313447999,4,"Sun",0
68785768,1.14031515091747,6,"Sun",0
68826991,0.706307567506121,5,"Sun",0
68854031,0.999845774267345,3,"Sun",1
68907173,1.25783634788036,3,"Sun",0
68943927,1.06916611459915,4,"Sun",0
68963533,1.09174628721157,5,"Sun",0
68989670,0.918119921948326,4,"Sun",0
69054821,0.743151012012276,5,"Sun",1
69110281,1.44412465285759,3,"Sun",0
69118911,0.843022602759885,3,"Sun",1
69146916,1.03399176987092,7,"Sun",0
69149695,0.969858785669946,NA,"Sun",1
69201106,0.820965626364686,5,"Sun",0
69221372,1.33156975956833,NA,"Sun",0
69269634,0.793350041607133,3,"Sun",0
69290836,1.15468781286833,4,"Sun",0
69323754,1.0114882148568,1,"Sun",0
69335003,1.13610283326467,NA,"Sun",0
69335181,0.78159358411302,3,"Sun",0
69337045,1.0252595892437,2,"Sun",0
69372291,1.02058976557308,NA,"Sun",0
69390181,1.18588314935095,6,"Sun",0
69408277,1.13653055807785,3,"Sun",0
69409971,0.882380503354242,6,"Sun",0
69459413,0.80649173530122,NA,"Sun",0
69460267,1.00071259221879,5,"Sun",0
69464159,0.854014739486256,4,"Sun",0
69478157,0.777965939311253,NA,"Sun",0
69507647,0.945621918733538,3,"Sun",0
69549649,1.09671122198231,6,"Sun",0
69632723,0.84389780870887,4,"Sun",0
69717053,1.04154625420011,4,"Sun",0
69720931,0.7495558311652,NA,"Sun",0
69760921,0.960847128815688,NA,"Sun",0
69817411,0.894334931397232,2,"Sun",0
69915165,0.702322593003148,2,"Sun",0
69957888,0.986724347367529,NA,"Sun",0
69963585,1.15488984159407,5,"Sun",1
70043217,0.802387953519758,1,"Sun",0
70081644,0.647284804562786,2,"Sun",0
70194744,0.90245690193347,3,"Sun",0
70295419,0.913849562352434,2,"Sun",0
70296455,0.744447791645743,3,"Sun",0
70440692,1.21981313311326,4,"Sun",0
70469848,1.22877709679949,3,"Sun",0
70529600,1.04154625420011,4,"Sun",0
70614778,0.78166414003964,4,"Sun",0
70826907,0.749042633615272,5,"Sun",0
71084843,1.54058165548262,3,"Sun",0
71173213,0.933399171377853,3,"Sun",0
71234182,1.00885208599761,5,"Sun",0
71316085,0.86281394866448,3,"Sun",0
71326387,1.010647773574,5,"Sun",0
71358790,0.915653346199629,2,"Sun",0
71492825,0.878277890252884,4,"Sun",0
71610917,1.10519684233104,5,"Sun",0
71628397,0.971865398305731,NA,"Sun",0
71661572,1.00696692342008,4,"Sun",0
71674506,1.1771220972616,2,"Sun",0
71759842,0.858707242933069,2,"Sun",0
71843280,0.872182651217801,5,"Sun",0
71878669,1.01715794021808,5,"Sun",0
71977064,1.11759417950103,NA,"Sun",0
72055024,1.13006190461584,NA,"Sun",0
72062135,1.00865736649815,2,"Sun",0
72093172,0.863798505320152,2,"Sun",0
72129693,0.894742969930345,4,"Sun",0
72219586,0.875666224237147,4,"Sun",0
72247318,0.999695242299456,6,"Sun",0
72447469,1.04354172852379,3,"Sun",0
72567669,1.19177517132349,4,"Sun",0
72641968,0.923956452869501,2,"Sun",0
72668706,1.06872920288467,NA,"Sun",0
72728264,0.976826118736406,5,"Sun",0
72897162,0.94637541316946,3,"Sun",0
73198175,1.00573513615791,1,"Sun",0
73253319,0.865794008474659,NA,"Sun",0
73284614,1.03142042234257,5,"Sun",0
73549511,1.00942583139474,4,"Sun",1
73631730,0.830966332152616,4,"Sun",0
73823384,1.25458923877792,4,"Sun",0
73996300,1.38154475936927,4,"Sun",0
74175124,0.854014739486256,NA,"Sun",0
74324354,0.804278818812007,4,"Sun",0
74537144,0.894970486060852,3,"Sun",0
74617567,0.725125211126923,4,"Sun",0
74619110,0.690923782281259,3,"Sun",0
74621198,0.90245690193347,NA,"Sun",0
74658809,1.35940734902808,NA,"Sun",0
74663296,1.04154625420011,5,"Sun",0
74829026,1.04364131810788,3,"Sun",0
75079216,0.86142096653516,3,"Sun",0
75241661,1.05203148870996,5,"Sun",0
75284195,0.934227297451027,2,"Sun",0
75313666,0.853157616079651,3,"Sun",0
75343298,1.09671122198231,4,"Sun",0
75354176,0.84389780870887,5,"Sun",0
75468159,0.753896857134639,4,"Sun",0
75583993,0.77862929873562,2,"Sun",0
75588984,1.06521794199762,2,"Sun",1
75605610,0.953571918607351,4,"Sun",0
75621569,0.812474998807354,2,"Sun",0
75720294,0.746450719394069,2,"Sun",1
75927677,0.952297732424997,2,"Sun",0
76397787,0.909315105885082,2,"Sun",0
76498445,0.705792324543186,2,"Sun",0
76604912,0.905840002742017,3,"Sun",0
76646966,1.0545713088263,5,"Sun",0
76704029,0.879377119804243,NA,"Sun",0
76716987,0.976132435084288,3,"Sun",0
76741860,0.668727797409046,5,"Sun",0
76912213,0.983643282395186,NA,"Sun",0
77243074,0.992299234527503,4,"Sun",0
77263652,1.18512538089011,4,"Sun",0
77264518,0.867075465567927,4,"Sun",0
77267153,0.829952927673403,NA,"Sun",0
77269193,0.870253926923796,4,"Sun",0
77348783,0.753350728099332,3,"Sun",0
77352018,0.798661733986574,6,"Sun",0
77353320,1.13170811625119,NA,"Sun",0
77364516,0.968859680037876,6,"Sun",0
77579615,1.22638052758565,5,"Sun",1
77951466,1.23695891274463,4,"Sun",0
77956753,1.02803076306129,3,"Sun",0
77998652,0.976826118736406,6,"Sun",0
78000825,1.07427471462766,1,"Sun",0
78336917,0.887444447484897,5,"Sun",0
78690764,1.01715794021808,5,"Sun",0
78889501,0.843676370029427,4,"Sun",0
79075374,1.11652786939462,NA,"Sun",0
79082996,0.750207832395514,2,"Sun",0
79093777,0.729466245436243,7,"Sun",0
79105144,0.976826118736406,4,"Sun",0
79131559,0.948261288581662,3,"Sun",0
79341173,1.38168347086733,NA,"Sun",0
79443434,1.09964411176069,4,"Sun",0
79537021,1.07427471462766,1,"Sun",0
79563727,1.50615616655113,4,"Sun",0
79755180,1.10519684233104,5,"Sun",1
79897857,0.969858785669946,5,"Sun",1
80009660,0.977495379401078,3,"Sun",1
80018988,1.00985806953401,NA,"Sun",0
80449892,0.718762741431152,2,"Sun",0
80511442,0.839345541875355,3,"Sun",1
80576545,0.976826118736406,5,"Sun",0
80602706,0.963909870492139,NA,"Sun",0
80906932,0.779758150051187,5,"Sun",0
80927908,1.00921214034145,1,"Sun",0
81366928,1.63664311908704,4,"Sun",0
81367933,0.953571918607351,6,"Sun",0
81369191,1.02756830800205,4,"Sun",0
81539087,0.658897989109727,2,"Sun",0
81592026,0.784671816581126,3,"Sun",0
81669406,0.786800932964332,4,"Sun",0
81675276,1.02450597084423,5,"Sun",0
81751986,0.969239054797089,5,"Sun",0
81824165,0.879085018295835,3,"Sun",0
81909975,0.887622663785031,4,"Sun",0
82074105,0.91667243543518,2,"Sun",0
82124212,0.97368391396667,NA,"Sun",0
82129649,0.943867621128857,3,"Sun",0
82223758,0.818563175004828,5,"Sun",0
82247089,0.957146637712426,7,"Sun",0
82257336,1.16841190267025,5,"Sun",0
82363324,1.60272757691108,NA,"Sun",0
82587186,1.18625485799922,NA,"Sun",0
82624495,1.10275299785939,3,"Sun",0
82743131,0.874993877289061,3,"Sun",0
82825834,0.844629458730225,2,"Sun",0
82982484,1.06479815613331,4,"Sun",0
83158000,0.874651606964991,1,"Sun",0
83195573,0.859417803278321,4,"Sun",0
83223192,0.727015513626698,NA,"Sun",0
83223213,1.17923114121296,3,"Sun",0
83271895,1.01940968496757,5,"Sun",0
83315855,0.821534967006642,NA,"Sun",0
83356305,0.897232941171559,NA,"Sun",0
83406132,1.2875988361998,NA,"Sun",0
83418132,1.11976007523138,NA,"Sun",0
83460416,0.870762763433792,2,"Sun",0
83509004,1.01250373064625,5,"Sun",0
83524750,0.89385541742505,7,"Sun",0
83537250,0.900276752673519,3,"Sun",0
83540768,0.922763043255797,2,"Sun",0
83542588,1.13551249473988,3,"Sun",0
83703007,0.893357025221136,7,"Sun",0
83813215,1.31348228308953,5,"Sun",0
83943607,1.19920202677496,5,"Sun",0
84180696,1.2621225972791,2,"Sun",0
84187606,1.11759417950103,NA,"Sun",0
84289132,1.09699162569542,4,"Sun",1
84393200,1.11072517686409,4,"Sun",1
84412611,0.607845292161927,NA,"Sun",0
84426633,0.842642392176408,2,"Sun",0
84452078,0.882837659926501,NA,"Sun",0
84501588,1.25701223409206,2,"Sun",0
84529355,0.903663392866233,4,"Sun",0
84560513,1.70245627152988,2,"Sun",0
84629736,1.46126432071995,NA,"Sun",0
84655925,1.02450597084423,5,"Sun",0
84679050,0.750207832395514,2,"Sun",0
84814374,1.12381580180177,5,"Sun",0
84820529,0.900631603709599,4,"Sun",0
84842721,0.857444359423982,3,"Sun",0
84862882,1.1418438292735,NA,"Sun",0
84901376,1.12381580180177,5,"Sun",0
85037264,0.809909483436974,7,"Sun",0
85114174,0.89385541742505,NA,"Sun",0
85127227,0.930903456245974,5,"Sun",0
85398377,0.950592752033376,6,"Sun",0
85398640,0.979980445035386,4,"Sun",0
85654344,0.80126439511465,2,"Sun",0
85689807,0.834883619569165,3,"Sun",0
85748928,0.861397339890943,NA,"Sun",0
85844055,0.831113280657055,4,"Sun",0
85884021,1.00761203039877,5,"Sun",1
85890300,1.26476142198374,NA,"Sun",0
86127601,1.12231538296698,4,"Sun",0
86222253,1.10519684233104,NA,"Sun",0
86434423,0.701108020920807,2,"Sun",0
86554831,1.07816691345837,5,"Sun",1
86605593,0.84305458829439,4,"Sun",0
86647005,1.06293394575415,NA,"Sun",0
86650489,0.712738015769537,3,"Sun",0
86655663,0.976132435084288,NA,"Sun",0
86659573,1.11463053466267,4,"Sun",0
86665455,1.01430373970905,2,"Sun",0
86728087,1.05197140174847,NA,"Sun",1
86936999,0.984176389471479,6,"Sun",0
86954454,1.02225482876186,3,"Sun",0
86954676,1.19936761063178,2,"Sun",0
87046197,0.920712585261617,3,"Sun",0
87081149,0.858203760450683,NA,"Sun",0
87137378,1.13412554305287,3,"Sun",0
87156580,0.922497299078617,6,"Sun",0
87159650,1.32230211302974,4,"Sun",0
87172391,1.18669564292533,6,"Sun",0
87191915,1.17923114121296,6,"Sun",0
87212231,0.839689258344694,2,"Sun",0
87225961,1.00590682179438,4,"Sun",0
87375089,0.856782702535132,3,"Sun",0
87395310,1.02910304873513,3,"Sun",0
87395380,0.893410145353928,NA,"Sun",0
87430914,0.836502625775246,NA,"Sun",1
87448144,0.805873605527072,NA,"Sun",1
87454361,0.899637429815814,4,"Sun",0
87552426,1.30433017727133,4,"Sun",0
87556050,1.24680613310018,3,"Sun",0
87644739,0.953571918607351,6,"Sun",0
87797292,1.51968337463708,2,"Sun",0
87843497,1.13250705251046,4,"Sun",0
87886773,1.06872920288467,2,"Sun",0
87945177,1.08400778422544,5,"Sun",0
88101086,1.11161838640186,5,"Sun",0
88175545,0.805849653043474,5,"Sun",0
88187247,1.17776303245002,4,"Sun",0
88214727,0.693861078357692,4,"Sun",0
88376728,0.953571918607351,5,"Sun",0
88453052,0.926429798936584,3,"Sun",0
88581767,1.09145016707945,2,"Sun",0
88697604,0.925700502996009,6,"Sun",0
88815933,1.03853157643102,6,"Sun",0
88846895,0.887127539647235,4,"Sun",0
88852070,0.699590527406438,NA,"Sun",1
88863782,0.820965626364686,5,"Sun",0
88890276,0.969239054797089,4,"Sun",0
88996196,0.839860081798287,4,"Sun",0
89138724,1.0825660039839,5,"Sun",0
89157149,1.01138933330093,6,"Sun",0
89192000,0.77862929873562,2,"Sun",0
89197522,1.4495671132254,1,"Sun",0
89348169,0.915653346199629,2,"Sun",0
89514773,0.897206273270836,4,"Sun",1
89533086,0.888418977014057,NA,"Sun",0
89544009,0.9796952205825,7,"Sun",0
89611901,1.27334909394847,4,"Sun",0
89813503,1.45012730704295,5,"Sun",0
89979890,0.943463425742537,6,"Sun",0
90166728,1.03853157643102,6,"Sun",0
90219060,0.895919419067703,2,"Sun",0
90254014,1.15061164828363,4,"Sun",0
90381150,0.82265905296044,NA,"Sun",0
90424740,1.10082253700897,6,"Sun",0
90513789,0.708891150586484,5,"Sun",0
90631040,1.2639372538138,NA,"Sun",0
90666408,0.867936096035328,4,"Sun",0
90794456,1.15427201863317,4,"Sun",0
90973755,0.764849955428823,5,"Sun",0
91078485,1.15631417583776,6,"Sun",0
91107720,1.67951394701412,2,"Sun",0
91434316,0.926038398096802,5,"Sun",0
91692880,1.18230225531943,2,"Sun",0
91794625,0.833697652560433,3,"Sun",0
91973774,1.26369764959292,6,"Sun",0
92025454,0.869253928550596,3,"Sun",0
92078310,1.19552785698874,2,"Sun",0
92114235,0.837845148089798,5,"Sun",0
92123966,0.971117221620311,NA,"Sun",0
92147501,0.874509220133132,4,"Sun",0
92184363,1.02947117106712,3,"Sun",0
92447573,0.927989838243072,5,"Sun",0
92539548,1.05262917191583,3,"Sun",0
92588578,0.95586767490274,1,"Sun",0
92730874,0.876051973221552,5,"Sun",0
92927203,0.976320446993874,6,"Sun",0
92944629,0.916234397601368,4,"Sun",0
93183043,1.05178571365069,3,"Sun",0
93255477,0.704537469218781,3,"Sun",0
93269050,0.970137481428116,3,"Sun",0
93857292,0.745067997157877,3,"Sun",0
93862078,0.915653346199629,6,"Sun",0
94004694,1.06357507708395,4,"Sun",0
94105683,1.24798638660076,NA,"Sun",0
94182248,0.995931883737122,3,"Sun",0
94196047,0.772187080891405,NA,"Sun",0
94211620,1.05566772144886,NA,"Sun",0
94215666,0.978976128278049,3,"Sun",0
94259311,1.05197140174847,NA,"Sun",0
94367614,1.22093997358102,5,"Sun",0
94440945,0.86142096653516,2,"Sun",0
94565383,0.991768420920888,3,"Sun",0
94650844,1.18512538089011,5,"Sun",0
120326662,0.84389780870887,5,"Sun",0
120343066,0.831869113980052,5,"Sun",0
120369976,0.946310596250932,4,"Sun",0
120589886,0.978242405143564,4,"Sun",0
120922454,0.859126176588875,2,"Sun",1
121174670,1.01679535433635,4,"Sun",0
121402714,0.965426515585005,5,"Sun",0
121589486,0.868151573392356,6,"Sun",0
121777836,1.11600453612596,4,"Sun",0
121841078,0.920336105090097,3,"Sun",0
121899556,0.828783805784203,2,"Sun",0
122041638,1.33231582835925,3,"Sun",0
122190108,0.943949271093535,NA,"Sun",0
122439972,1.05178571365069,4,"Sun",0
122475974,0.757229189241172,3,"Sun",0
122532034,1.59424977956316,3,"Sun",0
122569846,0.863240279530685,NA,"Sun",0
122942128,1.0322725997338,1,"Sun",0
122974076,0.84389780870887,4,"Sun",0
123049164,0.892603978721498,2,"Sun",0
123069434,0.963008145891068,NA,"Sun",0
123129456,0.811949940596628,2,"Sun",0
123226836,0.869672230435079,3,"Sun",0
123340160,1.04821129985381,3,"Sun",0
123470048,1.06872920288467,2,"Sun",0
123505236,0.984176389471479,4,"Sun",0
123796126,0.902302814296871,4,"Sun",0
123841212,1.27495482301077,3,"Sun",0
124014530,0.942268376070261,3,"Sun",1
124128946,0.755605247248534,2,"Sun",0
124234864,1.02555497665766,NA,"Sun",1
124519236,1.1539860845772,2,"Sun",0
124554334,1.11601542794078,4,"Sun",1
124962302,1.04081740064865,2,"Sun",0
125145836,1.34812249136809,5,"Sun",0
125237882,0.736704114845716,NA,"Sun",0
125450522,1.27688534389301,6,"Sun",0
125595742,0.836210782345226,NA,"Sun",0
125930144,0.9089903978755,3,"Sun",0
126094720,0.953571918607351,4,"Sun",0
126305170,1.10636867735698,2,"Sun",0
126407392,0.802326909710037,2,"Sun",0
126569968,0.834883619569165,5,"Sun",1
126782660,0.976826118736406,5,"Sun",0
126837286,0.762987065229127,3,"Sun",0
127069188,1.14051234166405,3,"Sun",0
127199052,0.986904801539385,4,"Sun",0
127266336,1.20575973734044,5,"Sun",0
127532646,1.10946156701591,2,"Sun",0
128224236,0.78174125064334,NA,"Sun",0
128808020,1.15061164828363,3,"Sun",0
128932032,1.09149051834509,3,"Sun",0
128936438,0.872316496291049,3,"Sun",0
129009156,0.63259679316401,3,"Sun",0
129049190,1.03399176987092,3,"Sun",1
129221992,0.774551916533486,2,"Sun",0
129269348,1.13927855962421,6,"Sun",1
129351460,1.00522952111069,NA,"Sun",0
129398396,1.02450597084423,6,"Sun",0
129440134,0.669294118593821,3,"Sun",0
129920176,1.19378406791155,3,"Sun",1
130385402,1.14200536812351,NA,"Sun",0
130632162,1.11026399086635,4,"Sun",0
130752342,0.937734357591348,6,"Sun",0
130834756,0.666345568281436,4,"Sun",0
130952574,1.00936762401267,2,"Sun",0
131135914,0.911694273112051,5,"Sun",0
131628436,0.857985107542588,NA,"Sun",0
131861468,1.21197760964146,5,"Sun",0
131878190,1.03441445765973,5,"Sun",0
132022250,0.821260532291584,2,"Sun",0
132647858,0.797460058059336,2,"Sun",0
132727078,0.90818188399219,NA,"Sun",0
132853530,1.048423752777,3,"Sun",0
132918966,1.10038211214613,3,"Sun",0
133208252,1.14858804149964,4,"Sun",0
133223394,0.963921417359587,5,"Sun",0
133261328,0.824278599134494,3,"Sun",0
133777786,1.05135925023318,6,"Sun",1
134457430,0.90877666529352,NA,"Sun",0
134485322,1.25820502864148,4,"Sun",0
134499110,1.14698194567146,NA,"Sun",0
134628952,0.857985107542588,7,"Sun",0
134820540,1.27495482301077,NA,"Sun",0
134962620,0.993065273061458,3,"Sun",0
135359144,1.06375624165869,2,"Sun",0
135780698,0.872905228243007,NA,"Sun",0
135918352,0.817999730300118,3,"Sun",0
135967930,0.838923841810851,4,"Sun",0
135991860,0.682784414016442,1,"Sun",0
135997432,0.649326111125681,NA,"Sun",0
136059468,1.03381359308093,6,"Sun",0
136069262,0.862207368153404,2,"Sun",0
136211656,1.02691170127348,7,"Sun",0
136508396,1.11416747220947,4,"Sun",0
136623102,0.893509861951593,NA,"Sun",0
136645518,1.18588314935095,3,"Sun",0
136707034,0.782975765947996,4,"Sun",0
136753822,0.979191643263769,5,"Sun",0
136774392,0.906622172766907,NA,"Sun",0
136813356,1.06682943672262,2,"Sun",0
136955008,0.868151573392356,6,"Sun",0
137191062,0.764849955428823,5,"Sun",0
137759328,0.585632060317169,3,"Sun",0
138155466,0.972491709401142,4,"Sun",0
138601448,0.730925980995869,4,"Sun",0
138753556,0.750370362123011,3,"Sun",0
138805406,1.02007026408722,1,"Sun",0
138845202,1.14839652704821,6,"Sun",0
138849454,1.24694956932451,3,"Sun",0
138903188,0.700072511888228,4,"Sun",0
138917090,1.05382226674857,6,"Sun",0
139296200,1.11822631921253,3,"Sun",0
139380094,0.976826118736406,7,"Sun",0
139605998,0.865678203615754,4,"Sun",0
139629770,0.880807562031832,NA,"Sun",0
139630208,0.84277378624664,4,"Sun",0
139639092,0.706342798846843,5,"Sun",0
139831316,1.2296964925649,1,"Sun",0
139836402,0.740898889503389,2,"Sun",0
139837418,1.38978449370087,1,"Sun",0
140256904,1.20144716521654,3,"Sun",0
140421204,0.858195384763216,2,"Sun",0
140441586,1.17927293524207,3,"Sun",0
140794116,0.89411227307964,6,"Sun",0
141174764,1.10082253700897,5,"Sun",0
141340314,0.975508695406969,NA,"Sun",1
141833292,0.839345541875355,1,"Sun",0
142654884,0.890188799685929,NA,"Sun",0
142860412,1.11046185650768,NA,"Sun",0
142965710,0.787504052056882,7,"Sun",0
143053904,0.832108157433433,5,"Sun",1
143105480,0.928266803560279,2,"Sun",0
143268564,0.987495750750544,6,"Sun",0
143575254,0.953571918607351,6,"Sun",0
143693906,0.958163860997174,1,"Sun",0
144071164,0.990525052752926,4,"Sun",0
144169886,1.00955626182045,5,"Sun",0
144389668,0.788292694930814,5,"Sun",0
144426328,1.34809027730167,NA,"Sun",0
144653178,1.18551482304835,3,"Sun",0
144933844,0.876944037660098,5,"Sun",0
145091482,1.04453369554476,2,"Sun",1
145441734,0.837250160434279,6,"Sun",0
145602326,0.93157629109852,NA,"Sun",0
146057210,0.982443570758637,NA,"Sun",0
146213238,1.19980970131249,2,"Sun",0
146572054,1.17672062322091,3,"Sun",0
146685438,1.03924311384776,6,"Sun",0
146832782,1.02393473104551,6,"Sun",0
147155948,1.00583146913373,2,"Sun",0
147215636,1.02285253268996,NA,"Sun",0
147336178,1.16345960628326,5,"Sun",0
147524408,0.707912712655374,NA,"Sun",0
147859358,1.24842339100706,2,"Sun",0
147917420,1.41235305766719,4,"Sun",0
148125494,1.17345043405465,4,"Sun",0
148196884,1.03436469303264,NA,"Sun",0
148679746,1.1771220972616,4,"Sun",0
148728408,0.776958802273641,6,"Sun",0
148847940,0.793864477886055,4,"Sun",0
148882674,1.7217590388959,3,"Sun",0
149330148,0.86422055491541,NA,"Sun",0
149538874,1.17941117931108,4,"Sun",0
150273734,0.876079498305806,6,"Sun",0
150821408,0.987574614794489,NA,"Sun",0
151003736,0.767234183953987,4,"Sun",0
151429708,0.761624812464705,NA,"Sun",0
151503954,0.887013255982913,4,"Sun",0
151969556,1.25569569690048,3,"Sun",0
152845444,1.36428276147706,4,"Sun",0
153329282,0.712738015769537,3,"Sun",0
153981590,1.16480246223439,3,"Sun",0
154234736,0.968247335987236,4,"Sun",0
154648688,1.07274758838559,2,"Sun",0
154931132,1.08546716548142,NA,"Sun",0
155917640,0.952514054234276,2,"Sun",0
156245104,1.00484788705532,NA,"Sun",0
156343450,0.862207368153404,2,"Sun",0
156427766,0.933781680109807,NA,"Sun",0
156476418,0.801115360487898,3,"Sun",0
157265084,0.895154007402913,3,"Sun",0
157267588,1.67485030842223,NA,"Sun",0
157567934,0.662776397379452,6,"Sun",0
157626548,0.710076105774247,3,"Sun",0
157963488,1.22517298807507,3,"Sun",0
157978710,1.31534782878096,2,"Sun",0
158741306,1.01179623175891,NA,"Sun",0
158766086,1.11416747220947,4,"Sun",0
159096322,0.765437599816157,2,"Sun",0
159273260,0.892494544422774,5,"Sun",0
159311290,0.787712136084211,4,"Sun",0
159750334,1.18262480891063,NA,"Sun",0
160464668,0.895919419067703,4,"Sun",0
160718066,0.951296560837276,6,"Sun",0
160959772,1.10082253700897,6,"Sun",0
160986624,1.19920202677496,6,"Sun",1
161020706,0.810238724016875,1,"Sun",0
161099098,0.965567776144418,3,"Sun",0
161126840,1.15071974497183,3,"Sun",1
161207174,0.741043396526439,NA,"Sun",1
161477226,1.41758669966524,2,"Sun",0
161602500,1.01019313817515,6,"Sun",1
161825610,0.968859663882066,NA,"Sun",0
162152606,0.899073780798858,3,"Sun",0
162598204,1.00811828144339,5,"Sun",0
163453516,1.18539204557697,2,"Sun",0
163649532,0.898337165262982,3,"Sun",0
163848140,0.957146637712426,5,"Sun",0
164232918,0.726716343700419,NA,"Sun",0
164595042,1.13927611472968,4,"Sun",0
164603718,0.765512110495706,4,"Sun",0
165084220,0.897262769748551,4,"Sun",0
165168926,0.917885286825368,5,"Sun",0
165676662,0.938773806911833,5,"Sun",0
165745348,0.823005185848736,1,"Sun",0
166386150,0.995757096544904,4,"Sun",0
166713732,1.12345227352438,NA,"Sun",0
167462008,0.919563294984622,2,"Sun",0
167585868,0.9205756783726,NA,"Sun",0
167900308,0.932841445825631,4,"Sun",0
168268728,0.745913668457673,NA,"Sun",0
168654550,0.855169262354182,2,"Sun",0
170452704,0.998905754056296,2,"Sun",0
170486440,0.616491086355416,4,"Sun",0
170782372,1.32946956313657,6,"Sun",0
170784236,0.964503378728743,4,"Sun",0
171322684,1.17795013876667,NA,"Sun",0
171425086,0.708891150586484,3,"Sun",0
171455024,0.815368449823886,4,"Sun",0
171617676,0.89411227307964,4,"Sun",0
171640530,1.31433356138562,NA,"Sun",0
172053340,0.858707242933069,1,"Sun",0
172176296,0.758716631938431,2,"Sun",0
172243320,1.10519684233104,4,"Sun",1
172274214,1.33889147039214,5,"Sun",0
172274596,0.814600789831152,NA,"Sun",0
172761052,1.36575839065968,4,"Sun",0
172811610,1.04181433716981,3,"Sun",0
172851788,1.04869177396415,3,"Sun",0
173005182,1.25806440010956,4,"Sun",0
173126522,1.01940968496757,5,"Sun",0
173453780,0.863240279530685,4,"Sun",0
173980606,0.679643792079465,NA,"Sun",0
174186374,0.925208410912284,2,"Sun",0
174479090,0.924164122376536,NA,"Sun",0
174710530,0.925025294836487,NA,"Sun",0
174948898,0.876810347267765,4,"Sun",0
175121616,1.12410318225958,NA,"Sun",0
175217640,1.09295094620214,6,"Sun",0
175218554,0.841918816446721,NA,"Sun",0
175419284,0.741043566549617,4,"Sun",0
175611890,0.899030336135636,2,"Sun",0
175817480,1.17701045266944,4,"Sun",0
175915046,0.999602344564421,3,"Sun",0
176593474,1.11183460625749,4,"Sun",1
176819692,1.03212708763763,4,"Sun",0
176828934,1.27039863364042,NA,"Sun",0
176829758,0.967957797037201,2,"Sun",0
176835942,0.971925151485582,2,"Sun",1
176900100,0.989532289710028,2,"Sun",0
176900524,0.592968737937602,4,"Sun",0
176932712,0.877317937591494,5,"Sun",0
177098568,1.1162071194112,3,"Sun",0
177100894,1.17913068734863,7,"Sun",1
177123170,0.989532289710028,1,"Sun",0
177970974,1.03441445765973,5,"Sun",0
178467672,0.908226066873662,3,"Sun",0
178767174,0.818823208785384,2,"Sun",0
178770724,1.09996425764235,6,"Sun",0
178941796,1.01376970943464,4,"Sun",0
179119228,1.47082641994289,5,"Sun",0
179210476,1.20080418681121,4,"Sun",0
179402922,1.034793216811,2,"Sun",0
179531604,1.11161838640186,5,"Sun",1
180208204,1.08364178645029,4,"Sun",1
180728182,1.09605157545835,1,"Sun",0
181295198,0.697151148083204,4,"Sun",0
181430192,0.8446799787625,NA,"Sun",0
181560592,1.36428276147706,NA,"Sun",0
181576714,0.815368449823886,4,"Sun",0
181892164,0.789474934182,NA,"Sun",0
181949968,0.976826118736406,3,"Sun",0
182149862,1.10797213571897,6,"Sun",0
182190736,1.03468070498057,5,"Sun",0
182707632,1.21192966588612,NA,"Sun",0
183511162,0.976132435084288,4,"Sun",0
183942580,1.42081610668656,NA,"Sun",0
183945454,1.39508526149678,NA,"Sun",0
184165860,0.730423074421176,4,"Sun",0
184420202,0.850838952009086,2,"Sun",0
184475478,1.00522952111069,2,"Sun",0
184596766,1.49926428556886,4,"Sun",0
184737056,0.861340258855701,3,"Sun",0
184747726,1.02341348413936,2,"Sun",0
184775772,0.873115251898802,2,"Sun",0
184795088,1.20172439269095,6,"Sun",0
184927716,1.1906844891791,NA,"Sun",0
184988752,1.32755005925458,3,"Sun",0
185004518,0.914772568516223,6,"Sun",0
185010090,0.907934336325401,NA,"Sun",0
185093382,1.06216556273502,2,"Sun",0
185811376,0.682784414016442,4,"Sun",0
185849988,0.800831580832579,4,"Sun",0
186282784,0.912855054731037,NA,"Sun",0
186315340,0.766899671782288,6,"Sun",0
186318452,0.818299988261537,NA,"Sun",0
186849104,0.970690828252488,2,"Sun",0
186928756,1.19920202677496,5,"Sun",0
186948290,1.05613565137138,1,"Sun",0
186959676,1.01279537827209,NA,"Sun",0
188348876,0.965120972717638,4,"Sun",0
188424098,0.970799170414574,NA,"Sun",0
188840398,1.30233340834391,2,"Sun",0
189046702,0.975072513249008,NA,"Sun",0
189082642,1.18604835696065,1,"Sun",0
189086496,0.727222512558282,2,"Sun",0
189759828,0.917957054662802,2,"Sun",0
190575084,0.806861972777432,6,"Sun",0
190640408,0.847795777918023,3,"Sun",0
190714830,0.793071016324905,3,"Sun",0
190810426,1.12231538296698,5,"Sun",1
191216772,1.18588314935095,6,"Sun",1
191354140,1.32993731812631,3,"Sun",0
192093356,1.04364131810788,3,"Sun",0
192301082,1.03601628205551,2,"Sun",0
192302842,1.03628267738863,6,"Sun",0
192738790,1.31348228308953,NA,"Sun",0
192788082,1.0293082503822,NA,"Sun",0
192986326,0.850421468757355,NA,"Sun",0
193438418,0.559827695646724,3,"Sun",0
193471716,0.950521824371447,NA,"Sun",0
193473126,1.20518652843978,NA,"Sun",0
193544302,1.00884941991614,5,"Sun",0
193713002,1.17927293524207,1,"Sun",0
193943266,0.946971847396664,7,"Sun",0
193980716,1.12267941428684,NA,"Sun",1
194031350,0.808870595768758,5,"Sun",0
194041122,0.80098539826002,NA,"Sun",0
194178378,1.24840507385683,5,"Sun",0
194269272,0.81528337892241,2,"Sun",0
194345136,1.04557924262214,2,"Sun",0
195119722,1.44588252554272,4,"Sun",0
195211766,0.832482646043333,5,"Sun",1
195224124,0.768723332928738,NA,"Sun",0
195635554,1.04160818585092,1,"Sun",0
195714394,0.959811828111899,7,"Sun",0
195884584,1.04100206478313,3,"Sun",0
195924278,0.828473444331886,4,"Sun",0
195990542,1.04821129985381,3,"Sun",0
196132646,1.4788157828502,NA,"Sun",0
196368520,0.958454730686934,5,"Sun",0
196405804,0.886933958615908,4,"Sun",0
196526530,1.12734874109699,4,"Sun",0
196593526,1.13094910625205,NA,"Sun",1
196652590,0.742346153465333,NA,"Sun",0
196690722,0.985319154725954,5,"Sun",0
196694780,0.832226201120028,NA,"Sun",0
196792532,0.947042510160343,5,"Sun",0
196866924,1.21481217132518,5,"Sun",0
197041378,0.84594142827104,5,"Sun",0
197067946,1.02013704443961,2,"Sun",0
197490022,1.18981056905692,3,"Sun",0
197955374,0.89411227307964,5,"Sun",0
198335448,0.969858785669946,5,"Sun",0
198698140,0.789474934182,1,"Sun",0
198723850,1.20281220600616,4,"Sun",1
198824926,1.18976658300159,3,"Sun",0
199085488,1.15867496499055,3,"Sun",0
199183542,0.779758150051187,4,"Sun",0
199376640,1.10038211214613,NA,"Sun",0
199441442,0.80009662148118,NA,"Sun",1
199639714,1.22524279285158,2,"Sun",0
199724696,0.82225453973519,2,"Sun",0
199845104,1.15468781286833,5,"Sun",0
199905472,0.717236295518609,3,"Sun",0
200129336,0.963288512137392,5,"Sun",0
200175842,0.985720727774559,3,"Sun",0
200396460,0.89385541742505,5,"Sun",0
200426910,0.90877666529352,NA,"Sun",0
200696386,0.6988393995626,NA,"Sun",0
200893384,0.890013610463492,4,"Sun",0
200943018,1.21452379482099,3,"Sun",0
201031662,1.21426695834112,NA,"Sun",0
201133542,0.762200612482054,1,"Sun",0
201265918,0.953571918607351,4,"Sun",0
201367576,0.90245690193347,4,"Sun",0
201625112,1.18883583673466,5,"Sun",0
201709818,0.943964361016793,2,"Sun",0
201851786,1.15799984063728,2,"Sun",0
202076204,1.29934630807033,2,"Sun",0
202316304,0.698489546239543,2,"Sun",0
202403114,0.944236419376229,NA,"Sun",0
202537426,0.931813698325488,NA,"Sun",0
202680518,0.778813893510985,2,"Sun",1
202754734,0.968304046989479,3,"Sun",0
202764490,0.712410069598968,2,"Sun",0
202844662,0.742346153465333,NA,"Sun",0
202981238,0.848005193832514,2,"Sun",0
203212024,0.97469913494187,6,"Sun",0
203251140,0.823793349980589,4,"Sun",0
204090186,1.4425888890715,NA,"Sun",0
204102930,0.984700808826954,5,"Sun",0
204552288,0.863240279530685,NA,"Sun",0
204895206,1.00109334272386,2,"Sun",0
204996536,0.775060418258596,NA,"Sun",0
205484624,1.18588314935095,7,"Sun",0
205722142,0.784162620215093,3,"Sun",0
205793190,1.57811157523217,2,"Sun",0
206173236,0.857985107542588,NA,"Sun",1
206314330,0.95843569630638,1,"Sun",0
206318408,0.895102269380755,2,"Sun",0
206601182,0.879085018295835,NA,"Sun",0
207164462,0.912855054731037,NA,"Sun",0
207436264,0.7404200870223,1,"Sun",0
207599710,0.925208410912284,2,"Sun",0
207695406,1.09743024031428,4,"Sun",0
207786978,0.912183457423489,5,"Sun",0
208047094,1.10418313814952,3,"Sun",0
209165658,0.890565983102308,5,"Sun",0
209413126,1.52432453602188,7,"Sun",1
209866626,1.24761458191374,2,"Sun",0
209992246,0.729783196899742,2,"Sun",0
210427990,0.847795777918023,1,"Sun",0
210634698,1.05613565137138,1,"Sun",0
210705620,0.984872909070726,NA,"Sun",0
210973274,1.30206010169634,NA,"Sun",0
211557848,1.11026399086635,1,"Sun",0
211614162,0.868826907256223,4,"Sun",0
212594212,0.951089511121735,6,"Sun",0
212766598,0.839345541875355,1,"Sun",0
212814838,0.860016278737157,NA,"Sun",1
212911900,1.45585119904404,5,"Sun",0
213303222,0.918760708695607,NA,"Sun",0
213334672,0.912751045639224,4,"Sun",0
213683888,0.912407017716603,5,"Sun",0
213748474,0.903663392866233,7,"Sun",0
213828766,0.989809342081748,2,"Sun",0
214504362,0.895102269380755,1,"Sun",0
214542556,1.01514524843832,2,"Sun",0
214647688,1.09581237183483,2,"Sun",0
214705116,0.750261731491196,5,"Sun",0
214705540,0.943045294737587,6,"Sun",0
214782434,1.15663276814745,3,"Sun",0
214919442,1.47301391678228,6,"Sun",0
215182932,0.987360667155474,3,"Sun",0
215337708,0.908226066873662,NA,"Sun",0
215350336,1.2934980155536,3,"Sun",0
215847292,0.7974230904666,2,"Sun",0
216188834,0.776095978591184,2,"Sun",0
216272100,0.809073472065475,1,"Sun",0
216313362,0.830966332152616,3,"Sun",0
216418204,0.6867008585599,1,"Sun",0
216461404,1.11051619593532,4,"Sun",0
216637570,0.835560094170178,NA,"Sun",0
216723118,0.844139524106999,NA,"Sun",0
216725792,0.790229143481072,4,"Sun",0
216828318,0.919494704733774,4,"Sun",0
216895288,0.860016278737157,NA,"Sun",0
216908350,1.00163722436716,3,"Sun",0
216961206,1.18849329668165,5,"Sun",0
217018758,1.07256211393686,4,"Sun",0
217404998,1.4232523760552,4,"Sun",0
217434406,0.756132193432155,3,"Sun",0
217449106,0.737218226769749,2,"Sun",0
217460402,0.829410668184509,3,"Sun",0
217463830,1.32307302708996,5,"Sun",0
217528310,0.866212163931396,NA,"Sun",0
217553724,0.741189723475154,2,"Sun",0
217579366,0.899073780798858,4,"Sun",0
217681482,0.694959492473598,2,"Sun",0
217702220,1.00004306574514,3,"Sun",0
217929982,1.00522952111069,1,"Sun",0
218114698,0.70660062760802,NA,"Sun",1
218454384,0.983643282395186,3,"Sun",0
218620750,0.619355507032209,1,"Sun",0
218643398,0.771430872348229,5,"Sun",0
218656194,0.688828404463518,5,"Sun",0
218746690,1.16638330687677,5,"Sun",0
218934422,0.735912610954502,4,"Sun",0
218952050,0.882380503354242,1,"Sun",0
218963904,0.912183457423489,5,"Sun",0
219022438,0.882017873813367,5,"Sun",0
219038858,0.95586767490274,3,"Sun",0
219040804,0.985382473325205,4,"Sun",0
219112332,1.10082253700897,5,"Sun",0
219245036,0.891759271498008,2,"Sun",0
219346770,1.08983106013814,2,"Sun",0
219367528,1.30857673358798,NA,"Sun",0
219419076,1.02620147799138,6,"Sun",1
219867038,1.09964411176069,NA,"Sun",0
219883088,1.07026806359058,NA,"Sun",0
219891768,0.959524517418811,4,"Sun",0
219899294,0.839345541875355,NA,"Sun",0
219914870,1.27763193734344,4,"Sun",0
219936024,0.74673845948225,1,"Sun",0
220022946,0.888668334820385,NA,"Sun",0
220398446,0.959524517418811,2,"Sun",0
220611686,1.01785613990395,NA,"Sun",0
221034898,1.08919604901607,3,"Sun",0
221072708,1.44942208630729,4,"Sun",0
221163810,0.834442913150283,NA,"Sun",0
221239026,0.983653212257379,3,"Sun",0
221265120,0.917042901995385,NA,"Sun",0
221438034,1.0524006915959,2,"Sun",0
222078018,0.823793349980589,NA,"Sun",0
222674832,1.12381580180177,4,"Sun",0
222774356,1.14130896824919,2,"Sun",0
222783664,1.15799984063728,2,"Sun",0
222992888,0.979913830755939,6,"Sun",0
222997602,1.52432786858755,3,"Sun",0
223176024,0.900303511838918,NA,"Sun",0
223312110,1.01989585535132,2,"Sun",0
223582478,1.31605076340834,4,"Sun",0
223686784,0.864659880109122,5,"Sun",0
223778558,1.0825660039839,3,"Sun",1
223999722,0.874370005145519,5,"Sun",0
224004480,0.932744025468468,NA,"Sun",0
224143550,0.908203905617775,2,"Sun",0
224704992,0.81316501955558,5,"Sun",0
224758586,1.04154625420011,4,"Sun",0
224887896,1.20518652843978,3,"Sun",0
225386206,0.818563175004828,NA,"Sun",0
225867244,1.10956744760794,4,"Sun",0
226237464,0.748008777113973,NA,"Sun",0
226414622,1.20661248221301,3,"Sun",0
226528450,1.09996425764235,NA,"Sun",0
226709756,0.864648370610447,3,"Sun",0
226826130,1.08225092188429,4,"Sun",0
226855626,1.15071974497183,NA,"Sun",0
226882688,1.11090807244372,6,"Sun",1
227055894,0.858518971901073,5,"Sun",0
227287102,0.954906372808957,2,"Sun",0
227602660,0.950592752033376,6,"Sun",0
227944558,0.90877666529352,4,"Sun",0
227964436,1.14587098527074,2,"Sun",0
228016344,0.809224797923887,4,"Sun",0
228028350,0.755649031892398,3,"Sun",0
228033558,0.902234756709367,5,"Sun",0
228067372,1.18539204557697,2,"Sun",0
228282186,1.00522952111069,3,"Sun",0
228389346,1.19084117181984,5,"Sun",0
229108716,0.773514149606264,NA,"Sun",0
229201752,0.970690828252488,5,"Sun",0
229285242,1.13489395532347,5,"Sun",0
229327278,0.838923395031558,4,"Sun",0
229338436,1.31023536383949,NA,"Sun",0
229490082,0.825629512531082,NA,"Sun",0
229997250,0.937281405220983,6,"Sun",0
230016728,1.10038211214613,1,"Sun",0
230479568,0.710710158186194,3,"Sun",0
230516334,1.30744938561453,NA,"Sun",0
230656214,0.952514054234276,2,"Sun",0
230940244,0.777455531331569,5,"Sun",0
230963370,0.730423074421176,5,"Sun",0
231092038,1.25917004392884,NA,"Sun",0
231133080,0.863240279530685,NA,"Sun",0
231137692,1.11051619593532,2,"Sun",0
231255642,1.0157502681202,NA,"Sun",0
231417390,1.04821129985381,3,"Sun",0
231449930,0.893882382987373,3,"Sun",0
231502246,1.09687379397963,6,"Sun",0
231657460,1.00711738265362,5,"Sun",0
231680166,0.864648370610447,NA,"Sun",0
231824598,0.882380503354242,5,"Sun",0
231930060,1.15733318602746,6,"Sun",0
232199162,0.810238724016875,2,"Sun",0
232325042,0.88094433995283,3,"Sun",0
232456138,0.996756983269718,5,"Sun",0
232507610,0.966780512115836,6,"Sun",0
232565984,0.849860689645018,4,"Sun",0
232909178,1.85652836451132,3,"Sun",0
232912942,0.912183457423489,2,"Sun",0
233227326,0.973494560447607,6,"Sun",0
233229830,1.04545076860647,5,"Sun",0
233551168,0.907934336325401,NA,"Sun",0
234100332,1.37936339097195,4,"Sun",1
234264702,0.967262509779359,4,"Sun",1
234268414,1.139891498601,3,"Sun",0
234465532,0.941475061743225,7,"Sun",1
234502100,1.15663276814745,3,"Sun",0
234694572,0.981435454214154,NA,"Sun",1
234747608,0.716311934393466,NA,"Sun",0
234862160,0.916234397601368,2,"Sun",0
234910798,0.659365413068409,3,"Sun",0
234950940,1.1215982337261,NA,"Sun",0
234954360,0.815368449823886,6,"Sun",1
235025102,0.693175934117593,4,"Sun",0
235027802,1.21362380586101,3,"Sun",0
235102532,0.861340258855701,3,"Sun",0
235177924,1.00421857653253,4,"Sun",0
235178750,1.09149051834509,2,"Sun",0
235209238,1.54317816939359,NA,"Sun",0
235234060,1.31348228308953,NA,"Sun",0
235237936,0.791474064625286,3,"Sun",0
235244244,1.1904945761062,4,"Sun",0
235469740,0.748564002239245,4,"Sun",0
235517380,0.901411846932764,NA,"Sun",0
235565420,0.776014895656018,4,"Sun",0
235620462,1.43560410948649,3,"Sun",0
235628006,0.773399412103734,4,"Sun",0
235742916,0.913637010769501,1,"Sun",0
235783414,0.72111127939402,2,"Sun",0
235893704,1.46484040074194,5,"Sun",0
235955062,0.886822303562665,4,"Sun",0
236100192,1.25806440010956,5,"Sun",1
236114346,0.872905228243007,4,"Sun",0
236139646,1.156249547604,NA,"Sun",0
236168312,1.08546716548142,5,"Sun",0
236176102,1.08546716548142,7,"Sun",0
236332178,0.809073472065475,NA,"Sun",0
236358398,0.803926781539201,4,"Sun",0
236397790,0.802387953519758,4,"Sun",0
236408360,1.42346835608274,5,"Sun",0
236417094,0.931747268644087,5,"Sun",0
236424730,0.849112665727184,7,"Sun",0
236782462,0.722093620081988,NA,"Sun",1
236899074,0.902075513615672,5,"Sun",0
236903984,0.874509220133132,4,"Sun",0
236975626,1.38343570454086,5,"Sun",0
236984614,1.50841158285983,NA,"Sun",1
237155958,1.24425302684611,6,"Sun",0
237191118,0.886933958615908,1,"Sun",0
237284658,0.883636508279602,1,"Sun",0
237293988,1.26537557701981,NA,"Sun",0
237415254,0.854940286954503,5,"Sun",0
237533682,0.726716343700419,4,"Sun",0
237804168,0.829952927673403,NA,"Sun",0
237806992,1.0114882148568,3,"Sun",0
237861170,0.809224797923887,4,"Sun",0
237972620,0.986126522965511,NA,"Sun",0
237981932,0.992069247869398,1,"Sun",0
238043820,0.841918816446721,4,"Sun",0
238150478,1.03853157643102,4,"Sun",0
238207106,0.957109686868463,3,"Sun",0
238378106,1.14434386745079,2,"Sun",1
238537170,0.955189414368835,4,"Sun",0
238695936,0.949177425027681,7,"Sun",0
238837960,1.06872920288467,1,"Sun",0
238969016,0.918543414767566,2,"Sun",0
239021156,0.900631603709599,3,"Sun",0
239283474,0.860951706028191,4,"Sun",0
239295582,0.874612171631431,NA,"Sun",0
239328428,1.07274758838559,2,"Sun",0
239716750,0.788316125564276,5,"Sun",0
239717746,1.04639855996209,2,"Sun",0
239824926,0.992069247869398,6,"Sun",0
240252406,1.04825989369176,4,"Sun",1
240384426,0.882380503354242,6,"Sun",0
240428194,1.58697342450866,4,"Sun",0
240480492,0.722093620081988,2,"Sun",0
240592222,0.828602095447296,3,"Sun",0
241004572,1.31348228308953,2,"Sun",1
241259180,1.17416735801091,NA,"Sun",0
241260470,0.790256026834739,2,"Sun",0
241677794,0.682042595020447,2,"Sun",0
241770534,1.00067745746996,NA,"Sun",0
241910882,1.31348228308953,3,"Sun",1
241961008,0.706764486668654,NA,"Sun",0
241997550,1.18197456823178,6,"Sun",1
242019596,1.40736293547749,2,"Sun",0
242079690,1.34140664769378,4,"Sun",0
242113384,1.12734874109699,3,"Sun",0
242126000,1.07026806359058,3,"Sun",1
242131272,0.849860689645018,NA,"Sun",0
242184698,0.839466032239436,4,"Sun",0
242191316,1.11759417950103,NA,"Sun",0
242201262,1.07080007470534,2,"Sun",0
242614170,1.23719503916481,2,"Sun",0
242728716,1.17805730289448,3,"Sun",0
242734358,0.858195384763216,NA,"Sun",0
242982242,1.12231538296698,NA,"Sun",0
243033632,1.13006190461584,2,"Sun",0
243174734,1.42081610668656,NA,"Sun",0
243267978,0.952161368446369,4,"Sun",0
243270752,1.08189143205945,NA,"Sun",0
243275230,1.02210344133425,2,"Sun",0
243277344,1.12852173237047,3,"Sun",0
243282568,1.04821129985381,3,"Sun",0
243302040,1.18344743924511,6,"Sun",0
243360098,1.09149051834509,1,"Sun",0
243389836,1.08542077453939,NA,"Sun",0
243416922,1.27039863364042,6,"Sun",0
243513246,0.865819742700279,NA,"Sun",0
243570914,1.47853590299812,NA,"Sun",0
243621412,0.951296560837276,4,"Sun",1
243768256,1.10933996797269,4,"Sun",0
243770838,1.37004414647068,NA,"Sun",0
243811922,0.85145803757202,NA,"Sun",0
243856312,1.12852173237047,2,"Sun",0
243956104,1.00522952111069,3,"Sun",0
243962186,1.01471712560845,4,"Sun",0
244017652,1.50424951966136,NA,"Sun",0
244066224,1.30394983776155,2,"Sun",0
244225582,1.00717734988056,2,"Sun",0
244231600,1.09399861784537,4,"Sun",0
244239608,1.02450597084423,5,"Sun",1
244272520,0.666104197458307,3,"Sun",0
244363094,0.728004669895852,NA,"Sun",0
244459822,1.65135207820116,4,"Sun",0
244460394,0.731676761639663,5,"Sun",0
244471710,1.16537677294192,NA,"Sun",0
244472510,1.07552028946906,4,"Sun",1
244511076,1.14263281467796,3,"Sun",0
244520624,1.03853157643102,6,"Sun",0
244609110,0.907525909674223,1,"Sun",0
244670794,1.03436469303264,NA,"Sun",0
244675238,1.34791680346685,6,"Sun",1
244819998,0.982635894449724,5,"Sun",0
244835122,1.12711893978127,NA,"Sun",0
244934952,1.03399176987092,5,"Sun",0
244936998,0.835834619933641,NA,"Sun",0
244967280,0.617940442239118,5,"Sun",1
244975708,0.869645131123742,NA,"Sun",0
244991036,0.748709925131492,1,"Sun",0
245033894,0.965601687695346,NA,"Sun",0
245035084,0.82403318580157,2,"Sun",0
245041128,1.02785139550654,5,"Sun",0
245098012,0.811949940596628,NA,"Sun",0
245109482,1.17687254795235,5,"Sun",0
245112736,0.937792852445881,1,"Sun",0
245150468,0.962606283970557,2,"Sun",0
245172088,0.949997178024947,6,"Sun",0
245189310,0.760500356697638,1,"Sun",1
245226426,1.11161838640186,NA,"Sun",0
245495782,1.03935668286125,2,"Sun",0
245506204,1.46674226043578,4,"Sun",0
245527012,0.88152661190806,4,"Sun",0
245541078,0.906926594120061,2,"Sun",0
245581332,0.940979139985692,NA,"Sun",0
245664702,1.18512538089011,NA,"Sun",0
245696286,1.09141372224,6,"Sun",0
245725342,0.874228151225759,NA,"Sun",0
245732252,0.739042129788318,3,"Sun",0
245800866,0.970574089858866,3,"Sun",0
245898614,1.07026806359058,NA,"Sun",0
245915150,1.31076378105843,4,"Sun",0
245921714,0.985720727774559,NA,"Sun",0
245927260,1.2495897009648,6,"Sun",0
246036172,0.746752392074174,NA,"Sun",0
246117174,1.45275916279413,NA,"Sun",0
246119092,0.743709610051722,4,"Sun",0
246119930,1.20661248221301,5,"Sun",0
246180398,0.804905306198983,5,"Sun",0
246191638,0.905840002742017,6,"Sun",0
246192908,1.06641072555465,4,"Sun",1
246193934,1.09328485701699,5,"Sun",0
246309946,1.07399996424319,2,"Sun",0
246321994,0.915112869682585,2,"Sun",0
246353120,1.31775701534186,4,"Sun",0
246358096,1.04435282686173,4,"Sun",0
246374866,0.841427799185097,3,"Sun",0
246506818,1.03853157643102,6,"Sun",0
246516648,1.21001277884327,NA,"Sun",0
246520718,1.07925652353775,2,"Sun",1
246542616,0.844139524106999,3,"Sun",0
246592442,1.05676039073738,2,"Sun",0
246688526,1.05966422491494,1,"Sun",0
246714200,1.10801522637059,1,"Sun",0
246727592,0.924041284515153,5,"Sun",0
246735126,1.12410318225958,5,"Sun",0
246806450,1.08606873653083,5,"Sun",0
246938584,0.815344215130893,6,"Sun",1
246952162,0.957444009006743,3,"Sun",0
247027498,0.966585142604069,5,"Sun",0
247316044,0.836210782345226,1,"Sun",0
247330152,0.84389780870887,5,"Sun",0
247346276,1.07406539090756,4,"Sun",1
247392880,1.00153209041442,6,"Sun",0
247498812,1.389252481525,4,"Sun",0
247534644,1.25025791137697,2,"Sun",0
247760106,1.43923470614957,NA,"Sun",0
247791542,1.53191879472082,5,"Sun",0
247914468,1.03050753737529,2,"Sun",0
247918880,1.04081740064865,NA,"Sun",0
247935700,1.04225630605842,3,"Sun",0
247999208,0.809567149658432,4,"Sun",0
247999610,0.93157629109852,NA,"Sun",0
248011082,1.00675007248202,4,"Sun",0
248144518,1.46126432071995,NA,"Sun",0
248294862,1.1826186803262,2,"Sun",0
248308458,1.15970012963805,5,"Sun",1
248312342,1.15970012963805,5,"Sun",0
248371612,0.994700190974875,5,"Sun",1
248421386,0.800172571702637,2,"Sun",0
248471346,1.00593672063042,3,"Sun",0
248471944,1.15970012963805,5,"Sun",1
248772720,0.777455531331569,NA,"Sun",0
248793778,0.869672230435079,4,"Sun",0
248799736,1.35940734902808,NA,"Sun",0
248954192,0.72360665178835,4,"Sun",0
248970416,1.14649981273723,3,"Sun",0
248980952,1.18560985092296,4,"Sun",0
249046688,1.04639855996209,2,"Sun",0
249112664,1.15970012963805,5,"Sun",0
249120520,0.777751512521152,4,"Sun",1
249136112,0.98852660138264,NA,"Sun",0
249182422,1.01560192037423,5,"Sun",1
249193606,0.938422246637422,5,"Sun",0
249204898,1.67485030842223,4,"Sun",0
249310854,1.03628267738863,6,"Sun",0
249310956,0.837240561017362,NA,"Sun",0
249357128,0.779730772953144,NA,"Sun",0
249400044,0.937282210218467,NA,"Sun",0
249428076,1.02243301700971,4,"Sun",0
249636656,1.27061121852916,NA,"Sun",0
249641718,0.951296560837276,6,"Sun",0
249831400,0.900631603709599,NA,"Sun",0
249874586,1.03853157643102,5,"Sun",0
249882198,1.45736810296744,2,"Sun",0
249886344,0.844599804018056,2,"Sun",0
249933564,1.19920202677496,6,"Sun",0
249967960,1.24002630665162,4,"Sun",0
249988812,1.00446403073359,4,"Sun",0
250004016,1.39097574873337,NA,"Sun",0
250022452,1.00522952111069,2,"Sun",0
250144212,0.908992665360407,NA,"Sun",0
250315768,0.957146637712426,5,"Sun",1
250481724,1.21905665339257,2,"Sun",0
250524840,0.837240561017362,NA,"Sun",0
250528716,0.944539814233425,4,"Sun",0
250594856,0.911608550605073,2,"Sun",0
250603264,0.850421468757355,NA,"Sun",0
250778074,0.902302814296871,4,"Sun",0
250915674,0.959615992781274,4,"Sun",0
250955916,1.27061121852916,4,"Sun",0
251114406,1.64127489930417,NA,"Sun",0
251140312,1.06282532556844,1,"Sun",0
251195960,0.631352578789425,3,"Sun",0
251250296,1.29319229243722,5,"Sun",0
251292618,0.992069247869398,5,"Sun",0
251304660,1.03853157643102,4,"Sun",0
251336130,1.05966422491494,4,"Sun",0
251435988,1.01679535433635,2,"Sun",0
251441206,0.840379180947973,NA,"Sun",0
251520114,1.00055203366279,7,"Sun",1
251660972,1.2166313101662,NA,"Sun",0
251688052,1.2166313101662,NA,"Sun",0
251757978,1.01225185360331,4,"Sun",1
251947168,0.891999745501182,NA,"Sun",0
251955692,1.11306076189116,4,"Sun",0
252094444,0.877623404426673,2,"Sun",0
252282394,1.02393473104551,6,"Sun",0
252284636,1.35087488602065,1,"Sun",0
252344084,1.19686416781481,5,"Sun",1
252495830,0.634041537320341,4,"Sun",1
252572488,1.09295094620214,6,"Sun",0
252572592,0.860016278737157,NA,"Sun",0
252582704,0.781094152978036,3,"Sun",0
252620370,1.35087488602065,NA,"Sun",0
252701886,0.871249782440781,4,"Sun",0
252761092,0.847853503740656,3,"Sun",0
252892348,1.24722763970459,7,"Sun",0
252972498,1.17829308234422,5,"Sun",0
252991186,1.21628093886108,NA,"Sun",0
252993850,1.04545076860647,6,"Sun",0
253017160,0.996488849604868,5,"Sun",0
253047984,1.00013130418113,NA,"Sun",0
253058828,1.61207512336239,NA,"Sun",1
253094232,0.945516606100346,1,"Sun",0
253104970,0.986126522965511,NA,"Sun",0
253350012,1.09149051834509,4,"Sun",1
253366666,1.109981118125,4,"Sun",0
253372226,0.91533745396678,5,"Sun",0
253409710,1.15088794154556,NA,"Sun",0
253413920,1.44412465285759,2,"Sun",0
253414426,1.57263594352526,4,"Sun",0
253473946,1.35820553694131,3,"Sun",0
253583024,0.847853503740656,3,"Sun",0
253700274,1.2166313101662,NA,"Sun",0
253773196,0.830583986577563,2,"Sun",0
253971900,1.2296964925649,4,"Sun",0
254011828,1.19486633620577,NA,"Sun",0
254027902,0.947989673412706,NA,"Sun",0
254042094,0.702771877355593,3,"Sun",0
254043028,1.4050837777731,4,"Sun",0
254074910,0.839345541875355,NA,"Sun",0
254084544,1.00565586171353,NA,"Sun",1
254128848,1.25806440010956,2,"Sun",0
254143726,1.43726515314281,5,"Sun",0
254242758,0.853436779759635,6,"Sun",0
254279428,0.959461704892058,4,"Sun",0
254422914,0.667132118089837,5,"Sun",0
254516300,1.22413509579127,6,"Sun",0
254616818,1.12345227352438,NA,"Sun",0
254651770,1.11834396160192,3,"Sun",0
254662346,0.711854759046975,1,"Sun",1
254679304,1.26776673367235,3,"Sun",0
254763566,1.52805623909157,5,"Sun",1
254771514,1.74486379261252,5,"Sun",1
254814504,1.50409503337125,3,"Sun",0
254840058,0.908333257646119,2,"Sun",0
254858296,1.52805623909157,5,"Sun",0
254889174,1.28214454708282,2,"Sun",0
254900654,0.959719806232124,NA,"Sun",0
255120288,1.10221638715275,NA,"Sun",0
255179604,1.09149051834509,1,"Sun",0
255467932,1.32940283047737,4,"Sun",0
255508122,1.30210823927937,NA,"Sun",0
255533664,1.28495421012571,NA,"Sun",0
255575134,1.43726515314281,5,"Sun",1
255575162,1.43726515314281,5,"Sun",1
255830148,0.912183457423489,NA,"Sun",0
255842650,1.04080094107007,3,"Sun",0
255845516,0.822284956213542,5,"Sun",0
255876590,1.41931298375505,7,"Sun",0
255886052,1.53266790113363,5,"Sun",0
255930730,1.09587735077075,NA,"Sun",0
256296114,1.26354964734177,NA,"Sun",0
256372290,1.14698194567146,1,"Sun",0
256377332,1.03841065441449,3,"Sun",0
256382828,0.888668334820385,4,"Sun",0
256629652,1.46126432071995,NA,"Sun",0
256654994,1.5729540438391,5,"Sun",0
256716582,0.70660062760802,4,"Sun",0
256734410,1.62495476738903,3,"Sun",0
256744152,1.52805623909157,5,"Sun",1
256765230,0.992069247869398,1,"Sun",0
256829698,1.0280548645453,5,"Sun",0
256902536,0.895919419067703,3,"Sun",0
256948856,0.967182023077504,2,"Sun",0
256975524,1.25560707761896,4,"Sun",0
257056952,1.17672062322091,2,"Sun",0
257117462,0.864322424376335,4,"Sun",0
257140874,1.25560707761896,1,"Sun",1
257329310,1.00055203366279,4,"Sun",0
257439154,1.17076230068469,5,"Sun",0
257444136,1.13094910625205,4,"Sun",0
257447848,1.21050592719842,5,"Sun",0
257529088,1.5587940285612,4,"Sun",0
257568892,0.911337970760185,NA,"Sun",0
257571518,1.05966422491494,5,"Sun",0
257627044,1.58931555708301,NA,"Sun",0
257634768,1.11058474135198,4,"Sun",0
257649116,1.35313295653385,2,"Sun",0
257664948,0.861018752332383,7,"Sun",0
257675396,1.32098433130753,NA,"Sun",0
257690444,1.02764368463236,5,"Sun",0
257716944,0.907934336325401,NA,"Sun",0
257776224,0.802361947713291,2,"Sun",0
257781626,0.785667680325056,2,"Sun",0
257800766,1.05631709786659,NA,"Sun",0
257916366,0.947861602426335,5,"Sun",0
257929404,1.13781406477558,4,"Sun",0
258020620,0.789474934182,NA,"Sun",0
258224158,1.0118088844434,4,"Sun",1
258240248,1.0103637972367,5,"Sun",0
258247388,0.860016278737157,NA,"Sun",0
258329500,1.0103637972367,6,"Sun",0
258330704,0.933781680109807,NA,"Sun",0
258459848,0.879904344324191,2,"Sun",0
258526256,0.886933958615908,4,"Sun",0
258645752,1.34582968388196,1,"Sun",0
258665790,1.05463771209613,2,"Sun",0
258681212,1.17782370179777,2,"Sun",0
258709540,1.0114882148568,4,"Sun",0
258778800,0.805845311522441,2,"Sun",0
258819738,0.871182216099515,NA,"Sun",1
258826400,1.0114882148568,4,"Sun",0
258836194,1.44412647653647,6,"Sun",0
258837580,1.45876151575058,5,"Sun",0
258919130,0.865819742700279,3,"Sun",1
258964502,1.38207320158619,NA,"Sun",0
259003810,0.825730068556372,3,"Sun",0
259109580,1.17927293524207,3,"Sun",0
259142246,0.631957775386743,NA,"Sun",0
259159332,1.13811858320268,1,"Sun",0
259167646,0.874667222990687,1,"Sun",0
259184034,0.944478158961642,NA,"Sun",0
259225656,1.16974549913189,4,"Sun",1
259242222,1.15163773693288,NA,"Sun",0
259250984,1.41136041470365,NA,"Sun",0
259260544,0.668747674183253,1,"Sun",0
259290400,0.966585142604069,5,"Sun",0
259304028,0.753374999439595,4,"Sun",0
259475668,1.11651904920855,3,"Sun",0
259486672,1.35087488602065,3,"Sun",0
259523456,1.42304647564076,4,"Sun",0
259539898,1.14314704979682,5,"Sun",0
259540724,1.23947720042178,3,"Sun",0
259652418,1.52432786858755,6,"Sun",0
259691782,0.973446004714624,7,"Sun",0
259703584,0.767207246569012,3,"Sun",0
259787932,1.07791744583546,2,"Sun",0
259807156,1.13489395532347,6,"Sun",0
259814654,1.09329050988517,4,"Sun",1
259874450,0.9205756783726,NA,"Sun",0
259911830,0.844414264278832,NA,"Sun",1
259915756,1.14051234166405,4,"Sun",1
259921504,0.962434844103709,6,"Sun",0
259923704,0.972481734845992,1,"Sun",0
260065192,0.62334240367033,4,"Sun",0
260083968,1.21415512943999,3,"Sun",0
260138946,1.2166313101662,4,"Sun",0
260181550,1.3795942097128,3,"Sun",1
260182324,1.04186346589293,6,"Sun",0
260192104,1.12660251080514,4,"Sun",1
260214658,0.93624204253036,1,"Sun",0
260252636,0.738421552997824,NA,"Sun",0
260267474,0.878672242175325,2,"Sun",0
260287420,0.719925047398161,5,"Sun",1
260293456,0.922755024824995,NA,"Sun",0
260311614,0.818563175004828,NA,"Sun",0
260324730,0.741597558132564,4,"Sun",0
260327522,1.4748264475141,NA,"Sun",0
260350348,1.15970012963805,4,"Sun",0
260365118,1.07026806359058,4,"Sun",0
260383590,0.758716631938431,NA,"Sun",0
260392790,1.42614241546544,NA,"Sun",0
260394396,0.98804833730148,4,"Sun",0
260394922,0.847795777918023,4,"Sun",0
260409030,0.915477417633601,NA,"Sun",0
260450826,1.1535138247527,2,"Sun",0
260467546,1.24681825344492,NA,"Sun",0
260485980,1.10502380836018,1,"Sun",0
260488996,0.59860493491936,NA,"Sun",0
260515502,0.924164122376536,6,"Sun",1
260558310,0.883840804839242,6,"Sun",0
260584102,0.83672340058174,NA,"Sun",0
260638540,0.955375586826625,NA,"Sun",1
260714790,0.701845158958922,4,"Sun",0
260811908,0.984850686085726,4,"Sun",0
260931750,0.84389780870887,6,"Sun",0
260964070,0.978601517128702,NA,"Sun",0
261051208,1.20992764363874,1,"Sun",0
261062580,0.965616372392045,4,"Sun",0
261068880,0.59519163967669,1,"Sun",0
20022530,0.894742969930345,4,"Telegraph",0
20023753,0.817899511525492,6,"Telegraph",0
20025447,0.924464590075186,5,"Telegraph",0
20026947,0.821534967006642,2,"Telegraph",0
20047619,0.820360991763164,6,"Telegraph",0
20048332,1.1759725084016,4,"Telegraph",0
20048618,0.925208410912284,4,"Telegraph",0
20050448,0.987033283522209,5,"Telegraph",0
20051529,0.761143846254295,4,"Telegraph",1
20051923,0.803926781539201,6,"Telegraph",1
20052122,1.03465290359113,4,"Telegraph",0
20052241,0.915122066222173,4,"Telegraph",0
20054024,0.897206273270836,5,"Telegraph",0
20054270,0.917818307739336,NA,"Telegraph",0
20054395,1.03853157643102,5,"Telegraph",1
20060542,0.971117221620311,NA,"Telegraph",0
20064022,1.02756830800205,6,"Telegraph",0
20065179,1.01019313817515,4,"Telegraph",0
20067149,1.36837782143029,5,"Telegraph",0
20067844,0.887468293345291,5,"Telegraph",0
20073628,0.923817194805369,3,"Telegraph",0
20074410,0.773996228257417,NA,"Telegraph",0
20077389,1.18669564292533,NA,"Telegraph",0
20078507,1.00964339403178,3,"Telegraph",0
20085274,1.09594320375307,4,"Telegraph",0
20086548,0.973494560447607,6,"Telegraph",0
20087794,0.788292694930814,6,"Telegraph",0
20087888,0.8108497346763,NA,"Telegraph",0
20088212,0.817899511525492,6,"Telegraph",0
20089287,0.760970327217994,4,"Telegraph",0
20089575,0.765847326092285,3,"Telegraph",0
20091650,1.36467995317101,6,"Telegraph",0
20091668,0.976826118736406,4,"Telegraph",1
20093294,0.890771270097029,6,"Telegraph",0
20096796,0.909315105885082,3,"Telegraph",0
20098142,0.851773826284773,2,"Telegraph",0
20099291,0.976826118736406,6,"Telegraph",0
20102045,1.18262480891063,4,"Telegraph",0
20103834,1.18127904724926,NA,"Telegraph",0
20105311,0.978841972355124,NA,"Telegraph",0
20106754,0.995000205805947,7,"Telegraph",0
20107774,0.957175087236545,4,"Telegraph",0
20108848,0.686890779810034,4,"Telegraph",0
20113956,1.05395044442534,6,"Telegraph",0
20114172,0.884671877547993,5,"Telegraph",0
20114869,1.42500367564671,2,"Telegraph",0
20115167,0.748282483561949,3,"Telegraph",0
20122155,1.27260493984081,4,"Telegraph",0
20122792,1.09295094620214,4,"Telegraph",0
20124135,0.915653346199629,6,"Telegraph",0
20125503,0.798900062604096,5,"Telegraph",0
20126726,0.739654295956792,NA,"Telegraph",0
20128496,0.928967578985955,5,"Telegraph",0
20133288,1.2934980155536,3,"Telegraph",1
20133843,1.07922092931644,4,"Telegraph",0
20133959,0.976826118736406,5,"Telegraph",0
20134062,0.953571918607351,4,"Telegraph",0
20135037,0.948052073531323,7,"Telegraph",0
20135236,1.17776303245002,NA,"Telegraph",0
20135368,0.976826118736406,5,"Telegraph",0
20135890,0.825688491871181,3,"Telegraph",0
20135896,1.02691170127348,5,"Telegraph",0
20136090,1.07868111800161,4,"Telegraph",0
20136198,0.930329183919794,4,"Telegraph",0
20137204,1.16766529817587,NA,"Telegraph",0
20137867,0.91954497216919,4,"Telegraph",0
20139579,0.823005185848736,4,"Telegraph",0
20139936,1.1771220972616,3,"Telegraph",0
20140177,1.09074035706863,NA,"Telegraph",0
20140746,1.34812249136809,6,"Telegraph",1
20142240,0.929902768554445,1,"Telegraph",0
20143499,0.749672136467166,1,"Telegraph",0
20143790,1.03541599566902,5,"Telegraph",0
20145040,1.27118104060527,NA,"Telegraph",0
20145226,0.790272204577528,NA,"Telegraph",0
20145321,0.905840002742017,3,"Telegraph",0
20145418,1.02827233406731,4,"Telegraph",0
20148829,0.953571918607351,NA,"Telegraph",0
20149402,0.876750016606568,NA,"Telegraph",0
20149838,0.969858785669946,NA,"Telegraph",0
20150337,1.02827197727516,3,"Telegraph",0
20151311,0.723829626325887,5,"Telegraph",1
20151909,0.91840516021723,5,"Telegraph",0
20152155,0.798661733986574,4,"Telegraph",0
20152444,0.952251715896481,4,"Telegraph",0
20153171,0.976826118736406,2,"Telegraph",0
20155692,0.914772568516223,NA,"Telegraph",0
20156694,1.33176607273167,4,"Telegraph",0
20157553,0.809471843979465,6,"Telegraph",0
20157664,1.1761964194612,6,"Telegraph",0
20160898,1.34323433307381,2,"Telegraph",0
20161127,0.720343693026911,3,"Telegraph",0
20161313,0.927449832702319,5,"Telegraph",0
20165504,0.900276752673519,6,"Telegraph",0
20167553,0.953571918607351,6,"Telegraph",0
20168594,0.993555576786381,6,"Telegraph",0
20172071,1.09295094620214,5,"Telegraph",0
20172350,0.900276752673519,6,"Telegraph",0
20174731,1.00936762401267,NA,"Telegraph",0
20185685,0.850838952009086,2,"Telegraph",0
20186139,1.09335305494336,4,"Telegraph",0
20187447,1.08546716548142,NA,"Telegraph",0
20187643,1.12267941428684,NA,"Telegraph",0
20187973,0.761166469935306,4,"Telegraph",1
20190533,0.867336641943539,3,"Telegraph",0
20191176,0.87382095739501,5,"Telegraph",0
20192405,0.887013255982913,6,"Telegraph",1
20192862,0.765847326092285,NA,"Telegraph",0
20193929,0.94419959074595,6,"Telegraph",0
20194591,1.03392834431338,4,"Telegraph",0
20195130,0.916482088139855,NA,"Telegraph",0
20195245,0.747423130140161,3,"Telegraph",0
20196593,1.2758580902463,5,"Telegraph",0
20197611,0.686694582824386,NA,"Telegraph",0
20198070,0.904739521776239,5,"Telegraph",0
20199178,1.2128449680906,NA,"Telegraph",0
20199884,0.702322593003148,3,"Telegraph",0
20203396,1.05368885133127,2,"Telegraph",0
20203630,0.762653101584496,NA,"Telegraph",0
20204323,0.948867606283327,4,"Telegraph",0
20204943,0.887444447484897,4,"Telegraph",0
20208196,0.823793349980589,NA,"Telegraph",0
20210902,0.900276752673519,5,"Telegraph",0
20211741,0.908850223904938,3,"Telegraph",0
20212803,0.876294237923966,5,"Telegraph",0
20213840,0.940076826200111,3,"Telegraph",0
20218535,0.861397339890943,NA,"Telegraph",0
20219332,1.50409503337125,4,"Telegraph",0
20220715,0.936171066347943,3,"Telegraph",0
20223358,0.918134488710401,5,"Telegraph",0
20224282,1.22173933972407,NA,"Telegraph",0
20225171,1.10636867735698,3,"Telegraph",0
20229641,0.976826118736406,6,"Telegraph",0
20229961,0.847811794083742,4,"Telegraph",0
20230094,1.0109279537919,4,"Telegraph",0
20236098,1.14009882347847,NA,"Telegraph",0
20236184,0.915777316193063,3,"Telegraph",0
20239005,0.967957797037201,2,"Telegraph",0
20239127,0.858571516903643,NA,"Telegraph",0
20240996,0.812474998807354,3,"Telegraph",0
20242781,0.844645415079307,4,"Telegraph",0
20243373,1.03786796427443,4,"Telegraph",0
20246931,0.607263186969397,3,"Telegraph",0
20246999,1.5478282430944,3,"Telegraph",0
20247178,1.03853157643102,5,"Telegraph",0
20248337,0.884671877547993,5,"Telegraph",0
20248469,0.843427271661646,NA,"Telegraph",0
20249561,0.733583391835327,2,"Telegraph",0
20252333,0.84389780870887,NA,"Telegraph",0
20252892,0.668426975814446,NA,"Telegraph",0
20253190,0.919147800210688,2,"Telegraph",0
20261597,1.1259193156667,NA,"Telegraph",0
20261834,0.899637429815814,4,"Telegraph",0
20264620,0.896668094594843,4,"Telegraph",0
20267695,1.12267941428684,5,"Telegraph",0
20269882,1.22915997565542,4,"Telegraph",0
20271482,0.916841448123286,4,"Telegraph",0
20279656,0.771928521910068,NA,"Telegraph",0
20282652,0.858195384763216,4,"Telegraph",0
20283337,0.969239054797089,4,"Telegraph",0
20287056,0.884671877547993,4,"Telegraph",0
20287911,1.41933102769153,NA,"Telegraph",0
20292241,0.810238724016875,5,"Telegraph",0
20298810,0.763778615188506,3,"Telegraph",0
20305136,1.20786969531933,2,"Telegraph",1
20306733,0.756140976367034,3,"Telegraph",0
20309668,1.4953094644389,5,"Telegraph",0
20314827,0.77509187632978,4,"Telegraph",0
20314957,1.15061164828363,2,"Telegraph",0
20316902,1.11135869068197,6,"Telegraph",0
20334426,1.19378406791155,4,"Telegraph",0
20336029,0.868370017484301,NA,"Telegraph",0
20336875,1.06197604095222,5,"Telegraph",1
20339893,0.89385541742505,4,"Telegraph",0
20340967,1.20572086747911,4,"Telegraph",0
20343175,0.989809342081748,3,"Telegraph",0
20343899,0.958596070532606,NA,"Telegraph",0
20348755,0.887444447484897,NA,"Telegraph",0
20351548,1.05395044442534,3,"Telegraph",0
20379011,1.09501395932862,NA,"Telegraph",0
20383672,0.936849727935804,3,"Telegraph",0
20388046,1.33176607273167,4,"Telegraph",0
20389810,1.002611317936,4,"Telegraph",0
20396797,0.887622663785031,NA,"Telegraph",0
20397668,1.23205481737507,NA,"Telegraph",0
20399950,0.970799170414574,NA,"Telegraph",0
20405023,0.925654803029123,5,"Telegraph",0
20405320,0.84594142827104,5,"Telegraph",0
20418950,0.953571918607351,5,"Telegraph",0
20421365,0.917885286825368,NA,"Telegraph",0
20427040,1.10920518008911,2,"Telegraph",0
20427978,1.01019313817515,4,"Telegraph",0
20430365,0.719396769090035,NA,"Telegraph",0
20433545,1.03468070498057,5,"Telegraph",0
20434159,0.942515802898834,6,"Telegraph",0
20437849,0.78159358411302,3,"Telegraph",0
20440100,0.993519906850358,3,"Telegraph",0
20440170,1.03436469303264,4,"Telegraph",0
20440408,0.765847326092285,6,"Telegraph",1
20446141,1.18148589878386,5,"Telegraph",0
20501374,1.22214426581869,2,"Telegraph",0
20505330,0.917885286825368,6,"Telegraph",0
20525307,1.24842339100706,3,"Telegraph",1
20533993,1.07868111800161,5,"Telegraph",1
20545388,0.863592956821994,4,"Telegraph",0
20546711,0.897206273270836,6,"Telegraph",0
20548468,0.858707242933069,2,"Telegraph",0
20556580,0.85750172263526,2,"Telegraph",0
20571450,0.982862404751604,5,"Telegraph",0
20579704,0.659781242506987,5,"Telegraph",0
20588958,0.904559466223653,1,"Telegraph",0
20599963,0.9205756783726,5,"Telegraph",0
20609958,0.897206273270836,7,"Telegraph",0
20611450,1.12850448712512,4,"Telegraph",0
20621054,1.11416747220947,6,"Telegraph",0
20626839,0.771638719679397,5,"Telegraph",0
20629537,1.09149051834509,3,"Telegraph",0
20636152,0.874993877289061,2,"Telegraph",0
20636990,1.09295094620214,4,"Telegraph",0
20638692,1.18512538089011,4,"Telegraph",0
20639451,0.900276752673519,4,"Telegraph",0
20639487,0.976320446993874,5,"Telegraph",0
20639532,0.908943959690363,3,"Telegraph",0
20643016,1.02562633672478,4,"Telegraph",0
20644464,0.665983569115204,3,"Telegraph",0
20663607,1.48173141717201,NA,"Telegraph",0
20664557,0.865819742700279,NA,"Telegraph",0
20669921,0.89385541742505,6,"Telegraph",0
20671465,1.02571170243139,1,"Telegraph",0
20682590,1.25614430656367,4,"Telegraph",0
20690532,0.91787073208587,4,"Telegraph",0
20692384,1.02756830800205,4,"Telegraph",0
20696602,1.09295094620214,4,"Telegraph",0
20704743,1.22382710987253,NA,"Telegraph",0
20707325,1.13170811625119,4,"Telegraph",0
20707394,0.991152548827504,NA,"Telegraph",0
20710990,0.833697652560433,NA,"Telegraph",1
20713943,0.874027050296371,3,"Telegraph",0
20716485,0.738131805223005,2,"Telegraph",0
20716957,0.939044996852221,2,"Telegraph",0
20717044,1.20558630781978,5,"Telegraph",0
20718933,1.12566586807069,4,"Telegraph",0
20725665,1.10920518008911,5,"Telegraph",0
20728580,1.37004414647068,3,"Telegraph",0
20729382,0.963008145891068,4,"Telegraph",0
20733757,0.915653346199629,5,"Telegraph",0
20739660,0.898296032826641,NA,"Telegraph",0
20749975,1.16585337868382,3,"Telegraph",0
20757666,1.23205481737507,6,"Telegraph",0
20757869,0.834086882124798,6,"Telegraph",0
20759800,1.13130319812072,5,"Telegraph",0
20765090,1.03541599566902,5,"Telegraph",0
20772060,1.20144716521654,3,"Telegraph",0
20779386,0.715080729081225,2,"Telegraph",0
22086387,0.748564002239245,3,"Telegraph",0
22087570,0.960853674843062,5,"Telegraph",0
22091348,0.810908350835403,6,"Telegraph",1
22141182,1.09335305494336,3,"Telegraph",0
22141975,1.03853157643102,6,"Telegraph",1
22144146,0.748090154997302,6,"Telegraph",0
22152420,1.04160818585092,NA,"Telegraph",0
22152443,1.03465290359113,6,"Telegraph",0
22187403,0.878277890252884,3,"Telegraph",0
22264314,0.872316496291049,2,"Telegraph",0
22275023,0.839574388854932,4,"Telegraph",0
22309739,0.959687996382129,2,"Telegraph",0
22316630,0.77399224178618,4,"Telegraph",0
22330358,1.2495897009648,5,"Telegraph",0
22403734,0.811233985050568,3,"Telegraph",0
28009011,1.01859652762759,4,"Telegraph",0
28110124,0.936647281551935,4,"Telegraph",0
28242812,0.900276752673519,5,"Telegraph",0
28263520,0.970137481428116,7,"Telegraph",1
28359418,0.722908883836946,NA,"Telegraph",0
28367120,1.22418790138184,NA,"Telegraph",0
28371373,1.02910304873513,2,"Telegraph",0
28572771,0.909566209969306,5,"Telegraph",0
28807291,0.727172999856394,1,"Telegraph",0
28897999,0.888161284121996,3,"Telegraph",0
29093399,0.953571918607351,4,"Telegraph",0
29099947,0.818861168462333,2,"Telegraph",0
29171252,0.933001346993407,5,"Telegraph",0
29171826,0.950592752033376,6,"Telegraph",0
29213009,0.84389780870887,4,"Telegraph",0
29244000,0.760810689396771,NA,"Telegraph",0
29469942,1.03541599566902,5,"Telegraph",0
29477530,0.966261689432141,3,"Telegraph",0
29483187,0.973152758432742,3,"Telegraph",0
29487305,1.07427453506468,NA,"Telegraph",0
29498254,0.907051016528382,5,"Telegraph",0
29499762,0.833697652560433,NA,"Telegraph",0
29764485,1.17438519003218,4,"Telegraph",0
29821641,0.84797998909773,2,"Telegraph",0
29835911,0.908704538936667,NA,"Telegraph",0
29937004,1.18588314935095,NA,"Telegraph",0
30623806,1.46091454487931,6,"Telegraph",0
30629518,1.25047771566061,4,"Telegraph",1
30937696,1.03212708763763,NA,"Telegraph",0
31273935,0.83080796390262,NA,"Telegraph",0
31435701,1.39572624380206,4,"Telegraph",0
31671783,0.729783196899742,2,"Telegraph",0
31845573,0.820360991763164,4,"Telegraph",0
32693955,0.91667243543518,2,"Telegraph",0
32962021,0.748008777113973,2,"Telegraph",0
33159411,0.84389780870887,6,"Telegraph",0
33386432,0.750370362123011,3,"Telegraph",1
33702033,1.21173841367426,NA,"Telegraph",0
33764738,1.09671122198231,5,"Telegraph",0
33931048,0.893357025221136,5,"Telegraph",0
33951681,1.02243301700971,2,"Telegraph",0
33964836,0.924464590075186,3,"Telegraph",0
34242710,0.950592752033376,6,"Telegraph",0
34356611,0.999122114579395,NA,"Telegraph",0
34649256,0.667132118089837,NA,"Telegraph",0
35353980,1.28042165015217,NA,"Telegraph",0
36447947,0.998037974526841,2,"Telegraph",0
36477499,0.916125581039401,NA,"Telegraph",0
36630170,0.739654295956792,3,"Telegraph",0
36639352,0.924464590075186,5,"Telegraph",0
37273045,1.00593672063042,2,"Telegraph",0
37409380,0.87751795154183,6,"Telegraph",0
37905035,1.2489648275373,1,"Telegraph",0
37998195,0.934227297451027,3,"Telegraph",0
38145824,0.823793349980589,NA,"Telegraph",0
38171943,0.976826118736406,NA,"Telegraph",0
38174841,1.03956599130216,NA,"Telegraph",0
38243482,1.42555536706801,4,"Telegraph",0
38373885,1.06535376248509,4,"Telegraph",0
38418680,0.951505177759098,7,"Telegraph",1
38464266,0.993241815873803,2,"Telegraph",0
38541683,1.02010812125039,4,"Telegraph",0
38610986,0.970574089858866,5,"Telegraph",0
38800892,1.094444637344,6,"Telegraph",0
39340838,0.90245690193347,NA,"Telegraph",0
39601149,0.899073780798858,1,"Telegraph",0
39699738,1.00985806953401,NA,"Telegraph",0
39761399,0.841918816446721,2,"Telegraph",0
39918383,0.764849955428823,6,"Telegraph",0
40197802,0.89385541742505,4,"Telegraph",0
40202000,0.89385541742505,4,"Telegraph",0
40210877,0.869116517852556,4,"Telegraph",0
40259163,0.749495366073594,3,"Telegraph",0
40418895,0.915122066222173,2,"Telegraph",0
40512087,0.950592752033376,2,"Telegraph",0
40682383,0.911608550605073,5,"Telegraph",1
40686754,0.957146637712426,4,"Telegraph",0
40699600,0.900276752673519,4,"Telegraph",1
40759921,1.22799358143051,NA,"Telegraph",0
40834767,0.953571918607351,5,"Telegraph",0
40894203,0.811823837208255,3,"Telegraph",0
40903213,0.757671940311865,NA,"Telegraph",0
40908716,1.29156740857858,NA,"Telegraph",0
40915400,1.25364480788112,4,"Telegraph",0
40973680,0.917047842597496,NA,"Telegraph",0
41245265,0.769109561176168,4,"Telegraph",0
41325769,0.939523240854489,5,"Telegraph",0
41446381,1.01250373064625,NA,"Telegraph",0
41518838,0.711901513430157,3,"Telegraph",0
41723226,0.996441464564433,5,"Telegraph",0
41730131,0.844414264278832,4,"Telegraph",0
41758666,0.832713433836335,2,"Telegraph",0
41979535,0.957146637712426,NA,"Telegraph",0
41997586,1.34462274791379,3,"Telegraph",0
42131094,1.18106677543508,4,"Telegraph",0
42171186,0.970802159453395,4,"Telegraph",0
42191810,0.821615406288972,3,"Telegraph",0
42200816,1.05093695313805,2,"Telegraph",0
42348990,1.24632386535211,2,"Telegraph",0
42436462,0.970137481428116,5,"Telegraph",0
42585715,1.15663276814745,3,"Telegraph",0
42609607,0.887444447484897,6,"Telegraph",1
42748625,1.03465290359113,4,"Telegraph",0
42763963,1.3968866021068,6,"Telegraph",0
42837333,1.03521756164282,NA,"Telegraph",0
42856198,1.05699323222968,4,"Telegraph",1
42879263,0.796046040655566,4,"Telegraph",0
42886102,0.805533573987045,3,"Telegraph",1
42887802,1.18669564292533,4,"Telegraph",0
42887921,1.04222532771776,2,"Telegraph",0
42894286,1.2758580902463,6,"Telegraph",1
42897404,0.84863250636115,4,"Telegraph",0
42944000,0.94419959074595,5,"Telegraph",0
43023604,1.09836329118528,4,"Telegraph",0
43049539,0.832713433836335,1,"Telegraph",0
43057956,0.957146637712426,6,"Telegraph",1
43066111,0.97052327275018,NA,"Telegraph",0
43068545,0.830966332152616,5,"Telegraph",0
43094495,0.880547467181152,1,"Telegraph",0
43102874,0.766899671782288,4,"Telegraph",0
43132678,1.33269126360453,2,"Telegraph",0
43151306,0.702322593003148,1,"Telegraph",0
43226291,0.973152758432742,3,"Telegraph",0
43270919,0.9464923976839,2,"Telegraph",0
43280312,0.807425181094517,6,"Telegraph",1
43396423,0.921753865059368,NA,"Telegraph",0
43423680,1.08776673904153,3,"Telegraph",0
43435157,1.00252346728541,NA,"Telegraph",0
43452326,0.686890779810034,2,"Telegraph",0
43454196,1.05790013523282,NA,"Telegraph",0
43455435,0.787615768160952,5,"Telegraph",0
43496809,0.89385541742505,4,"Telegraph",0
43681882,1.6589226451259,NA,"Telegraph",0
43713638,0.977495379401078,5,"Telegraph",0
43860063,1.01195543590741,NA,"Telegraph",0
43983614,0.910844741517915,5,"Telegraph",0
44199329,0.717981833366672,NA,"Telegraph",0
44631876,0.817407164620393,4,"Telegraph",0
44643491,0.765847326092285,3,"Telegraph",0
44649116,0.784162620215093,2,"Telegraph",0
44661143,1.45946841545958,6,"Telegraph",0
44667881,0.756132193432155,3,"Telegraph",0
44672709,1.03853157643102,NA,"Telegraph",0
44698931,0.819384215656975,3,"Telegraph",0
44790445,0.846020986145008,1,"Telegraph",0
44812787,0.95586767490274,3,"Telegraph",0
44859114,1.41137521153932,NA,"Telegraph",0
44903992,0.900631603709599,2,"Telegraph",0
44944964,0.84863250636115,4,"Telegraph",0
44946802,0.910111462503697,3,"Telegraph",0
45051112,0.912814921390253,7,"Telegraph",0
45151531,1.13301478708081,4,"Telegraph",0
45320283,0.8390006323218,4,"Telegraph",0
45370989,0.953600261879144,NA,"Telegraph",0
45393528,0.869687597110306,4,"Telegraph",0
45448884,1.28338089692779,NA,"Telegraph",0
45619796,0.973494560447607,6,"Telegraph",1
45741935,0.828577467418826,3,"Telegraph",0
45780502,0.672593447348115,2,"Telegraph",0
45958294,0.999122114579395,4,"Telegraph",0
46226260,0.830583986577563,2,"Telegraph",0
46345528,1.04969749800208,NA,"Telegraph",0
46372790,1.003491112401,2,"Telegraph",0
46578362,0.727516890904271,NA,"Telegraph",0
46752005,0.755758887871929,4,"Telegraph",0
46765185,1.05473760391594,1,"Telegraph",0
46779526,1.18483688914871,3,"Telegraph",0
46799958,0.993065273061458,4,"Telegraph",1
47258112,0.835560094170178,4,"Telegraph",0
47358632,0.771101561565534,NA,"Telegraph",0
47516953,0.85831194107099,1,"Telegraph",0
47583586,0.808791864816064,3,"Telegraph",0
47586545,0.946069117560492,NA,"Telegraph",0
47636627,0.730794969038149,6,"Telegraph",1
47661167,1.18262480891063,5,"Telegraph",0
47669255,1.06546248652522,2,"Telegraph",0
47675054,1.02691170127348,4,"Telegraph",0
47690793,0.993462051294154,4,"Telegraph",0
47735381,1.03441445765973,5,"Telegraph",0
47745998,0.683279387180257,3,"Telegraph",0
47778351,1.02803076306129,5,"Telegraph",0
47793657,0.917047842597496,NA,"Telegraph",0
47853777,1.11161963724855,NA,"Telegraph",0
47904875,0.727151386542306,1,"Telegraph",0
47949665,0.890955976786543,4,"Telegraph",0
47962048,0.752760863645947,3,"Telegraph",0
47979961,1.12267941428684,NA,"Telegraph",0
47991091,1.18879859338437,2,"Telegraph",0
47991754,1.3702258933442,3,"Telegraph",0
48001579,0.989368864154687,3,"Telegraph",0
48315198,1.07274758838559,3,"Telegraph",0
48382228,1.38154475936927,2,"Telegraph",0
48711291,0.729701827506074,6,"Telegraph",0
48788760,1.16706528990819,1,"Telegraph",0
49350207,0.812299094949511,6,"Telegraph",0
50111974,1.266238879116,3,"Telegraph",0
51039510,0.947042510160343,NA,"Telegraph",0
51141573,0.802525094258597,NA,"Telegraph",0
51151934,1.08766107075745,3,"Telegraph",0
51205825,1.2916688895354,5,"Telegraph",0
52023806,0.756518380323481,2,"Telegraph",0
52052117,1.08964872142487,5,"Telegraph",1
52114037,1.24842339100706,4,"Telegraph",0
52161324,1.01044537148388,NA,"Telegraph",0
52295884,0.812323239131587,3,"Telegraph",0
52361998,0.815650431714229,NA,"Telegraph",0
52363982,0.887622663785031,2,"Telegraph",0
52471028,0.834987597606341,5,"Telegraph",0
52572254,0.912407017716603,2,"Telegraph",0
52580725,0.94367729036805,NA,"Telegraph",0
52618271,0.765847326092285,4,"Telegraph",0
52647854,0.994926306689342,6,"Telegraph",1
52675334,0.678170754168068,NA,"Telegraph",0
52731886,1.05653537236359,6,"Telegraph",0
52733844,0.947042510160343,6,"Telegraph",0
52821490,0.770024421186343,NA,"Telegraph",0
52929812,0.978489066996293,3,"Telegraph",0
52978709,0.882017873813367,5,"Telegraph",0
53088984,1.15663276814745,1,"Telegraph",0
53909359,0.852018555964852,5,"Telegraph",0
54237659,0.755605247248534,2,"Telegraph",0
54770795,0.976826118736406,5,"Telegraph",0
55242390,1.18498118682961,NA,"Telegraph",1
55251657,0.746245134352986,NA,"Telegraph",0
55547212,0.777846242675866,4,"Telegraph",0
55645879,0.895154007402913,4,"Telegraph",0
56392255,1.2495897009648,5,"Telegraph",0
56558105,1.44715692139383,4,"Telegraph",0
56566532,0.84389780870887,NA,"Telegraph",0
56576592,0.96822509508891,2,"Telegraph",0
56640358,0.689465773416466,6,"Telegraph",0
56649908,1.30953681195162,3,"Telegraph",0
56679233,0.86142096653516,1,"Telegraph",0
56713928,0.898932924060889,4,"Telegraph",0
56744467,0.730794969038149,5,"Telegraph",1
56832299,0.976826118736406,5,"Telegraph",0
56927578,1.31578321246702,2,"Telegraph",0
56931626,1.33889147039214,5,"Telegraph",0
56958546,1.02099059921259,5,"Telegraph",0
57017924,0.942380796761074,3,"Telegraph",0
57032583,0.769109561176168,4,"Telegraph",0
57032741,1.11026399086635,2,"Telegraph",0
57049325,1.15631417583776,5,"Telegraph",0
57053971,0.959687996382129,3,"Telegraph",0
57114436,1.02756830800205,6,"Telegraph",0
57115562,0.888098968266787,6,"Telegraph",0
57133460,1.2451859059914,4,"Telegraph",0
57165736,1.1759725084016,2,"Telegraph",0
57176854,0.916280695075066,NA,"Telegraph",0
57216373,0.788955183923185,4,"Telegraph",0
57230271,1.15581072837555,4,"Telegraph",0
57281520,1.06872920288467,1,"Telegraph",0
57300447,0.892494544422774,4,"Telegraph",0
57435135,0.976826118736406,NA,"Telegraph",0
57479676,0.771430872348229,2,"Telegraph",0
57479777,1.41650258041997,3,"Telegraph",0
57483282,1.0636669578344,3,"Telegraph",0
57483839,0.788292694930814,4,"Telegraph",0
57518822,0.68817335612607,2,"Telegraph",0
57558768,0.915834384521452,2,"Telegraph",0
57638604,1.12688807802034,5,"Telegraph",0
57810666,1.10614553262215,2,"Telegraph",0
57893068,0.953571918607351,5,"Telegraph",0
57905349,0.84389780870887,6,"Telegraph",0
58281729,0.950521824371447,2,"Telegraph",0
58408223,1.29502688101483,4,"Telegraph",0
58481386,1.0357475309506,4,"Telegraph",0
58572155,0.896277494168242,NA,"Telegraph",0
58607964,1.11237999836726,4,"Telegraph",0
58789068,0.969858785669946,7,"Telegraph",0
58905093,0.848005193832514,2,"Telegraph",0
58910393,1.0109279537919,3,"Telegraph",0
58923056,1.01924430045209,3,"Telegraph",0
58936761,0.938773806911833,4,"Telegraph",0
59392697,0.913016200733579,3,"Telegraph",0
59557487,0.880918156188144,3,"Telegraph",0
59743095,1.25047771566061,6,"Telegraph",0
60237306,1.23073792518688,NA,"Telegraph",0
60267522,1.59463230159624,4,"Telegraph",0
60338282,1.06375624165869,2,"Telegraph",0
60658651,1.4031215674834,4,"Telegraph",0
61109547,0.944478158961642,2,"Telegraph",0
61130952,1.01924430045209,5,"Telegraph",0
61140399,1.03399176987092,NA,"Telegraph",0
61316711,0.959687996382129,3,"Telegraph",0
61320357,0.856216654418697,5,"Telegraph",0
61391781,0.881558695477241,4,"Telegraph",0
61601777,0.576867303297478,3,"Telegraph",0
61607451,0.717102762592716,3,"Telegraph",0
61634939,0.953132129100769,4,"Telegraph",0
61670273,1.00540751377478,NA,"Telegraph",0
61916230,1.26981052452799,3,"Telegraph",0
61920179,0.870271267567881,3,"Telegraph",0
62093388,1.08919604901607,2,"Telegraph",0
62549955,0.952514054234276,1,"Telegraph",0
62608906,0.89385541742505,NA,"Telegraph",0
62625223,0.750207832395514,1,"Telegraph",0
62698268,1.42614241546544,NA,"Telegraph",0
62760901,0.693175934117593,3,"Telegraph",0
62862667,0.880855870984505,2,"Telegraph",0
63035544,0.694110456481874,2,"Telegraph",0
63120786,0.913396607044211,4,"Telegraph",0
63148155,0.976826118736406,7,"Telegraph",1
63173206,1.02764368463236,6,"Telegraph",0
63176355,1.20540884652547,6,"Telegraph",0
63273988,1.17507341651471,NA,"Telegraph",0
63279469,1.08225092188429,4,"Telegraph",0
63294349,0.986632991413281,3,"Telegraph",0
63294594,0.969858785669946,6,"Telegraph",0
63307496,0.931420858843705,6,"Telegraph",0
63314393,0.979913830755939,4,"Telegraph",1
63331034,1.10666702346151,4,"Telegraph",0
63584335,1.43440259726332,2,"Telegraph",0
63771273,0.821040636106232,NA,"Telegraph",0
63830101,1.06061054526573,5,"Telegraph",0
63879869,1.31386565041733,2,"Telegraph",0
64190359,0.829363544602136,6,"Telegraph",0
64192061,1.25748017213181,3,"Telegraph",0
64222158,1.06298426305768,NA,"Telegraph",0
64232134,0.847245343227626,NA,"Telegraph",0
64266435,1.17101904588635,5,"Telegraph",0
64309792,0.969858785669946,7,"Telegraph",0
64462978,1.65885249065492,3,"Telegraph",0
64570884,1.27796510970041,NA,"Telegraph",0
64684101,1.12381580180177,4,"Telegraph",1
64819256,0.79912675295184,5,"Telegraph",0
64845724,0.863240279530685,2,"Telegraph",0
64948976,0.986630536417006,2,"Telegraph",0
64954450,0.905840002742017,6,"Telegraph",0
64960009,1.09772286498091,3,"Telegraph",0
64988128,0.947042510160343,4,"Telegraph",0
65174573,0.691567291206768,4,"Telegraph",0
65186942,1.08766107075745,NA,"Telegraph",1
65272957,0.953571918607351,6,"Telegraph",1
65277399,0.984773749383512,4,"Telegraph",0
65369137,1.03465290359113,5,"Telegraph",0
65411597,0.882363103478573,4,"Telegraph",0
65442034,1.02858183298023,5,"Telegraph",0
65446010,1.19448718854612,NA,"Telegraph",0
65454591,1.3662936789239,5,"Telegraph",1
65472057,0.924191736114724,2,"Telegraph",0
65531829,1.03465290359113,4,"Telegraph",0
65618153,0.815344215130893,5,"Telegraph",0
65624683,1.25701223409206,NA,"Telegraph",0
65636324,0.876372933316275,6,"Telegraph",0
65790476,0.821534967006642,NA,"Telegraph",0
65862314,1.54700710142287,5,"Telegraph",0
65980118,1.19883626001481,5,"Telegraph",0
65980386,1.05258945955152,4,"Telegraph",0
66193850,0.979913830755939,6,"Telegraph",0
66204985,0.858850942114618,NA,"Telegraph",0
66208044,1.0283261749472,6,"Telegraph",0
66326256,0.781548198690251,2,"Telegraph",0
66351399,0.953571918607351,5,"Telegraph",0
66414897,0.719396769090035,4,"Telegraph",0
66474716,0.947042510160343,5,"Telegraph",0
66522313,0.95586767490274,2,"Telegraph",0
66593620,0.822095803909667,3,"Telegraph",0
66667069,1.00522952111069,2,"Telegraph",0
66690807,1.0730005986402,3,"Telegraph",0
66730043,0.935487317846887,4,"Telegraph",1
66925078,1.22540248175387,NA,"Telegraph",0
67035809,0.84389780870887,4,"Telegraph",0
67095560,0.903663392866233,NA,"Telegraph",0
67121702,0.825629512531082,2,"Telegraph",0
67133806,1.10323867865011,NA,"Telegraph",0
67140490,0.823793349980589,4,"Telegraph",0
67246017,0.705129569489494,3,"Telegraph",0
67259173,0.915068252105665,NA,"Telegraph",0
67285958,0.861397339890943,4,"Telegraph",0
67298406,0.947042510160343,5,"Telegraph",0
67468958,1.20794679322493,1,"Telegraph",0
67618095,0.82099002814438,4,"Telegraph",0
67747875,1.05613565137138,NA,"Telegraph",0
67761840,1.11902451772789,4,"Telegraph",0
67778757,0.932841445825631,7,"Telegraph",0
67782116,1.08776673904153,4,"Telegraph",0
67913262,1.43151781602231,5,"Telegraph",1
68152478,0.983653212257379,3,"Telegraph",0
68186300,0.904137012894086,4,"Telegraph",0
68278988,0.854232581021158,6,"Telegraph",0
68291901,0.953571918607351,5,"Telegraph",0
68317610,1.09295094620214,6,"Telegraph",0
68362138,1.07441032615425,5,"Telegraph",0
68409052,0.968056116396493,NA,"Telegraph",0
68439757,0.983334199752842,3,"Telegraph",0
68457514,1.03924311384776,NA,"Telegraph",0
68546716,0.937282210218467,NA,"Telegraph",0
68567243,1.19980970131249,2,"Telegraph",0
68576601,0.776920851848309,1,"Telegraph",0
68606802,1.04160818585092,NA,"Telegraph",0
68638543,1.24840507385683,4,"Telegraph",0
68640900,0.809471843979465,6,"Telegraph",0
68641626,0.976826118736406,6,"Telegraph",0
68668897,1.08650905030969,3,"Telegraph",0
68682697,0.976320446993874,5,"Telegraph",0
68702421,0.826881559447904,NA,"Telegraph",0
68723248,1.002611317936,3,"Telegraph",0
68778631,1.04251313447999,4,"Telegraph",0
68785768,1.14031515091747,6,"Telegraph",0
68826991,0.706307567506121,5,"Telegraph",0
68854031,0.999845774267345,3,"Telegraph",0
68907173,1.25783634788036,3,"Telegraph",0
68943927,1.06916611459915,4,"Telegraph",0
68963533,1.09174628721157,5,"Telegraph",0
68989670,0.918119921948326,4,"Telegraph",0
69054821,0.743151012012276,5,"Telegraph",0
69110281,1.44412465285759,3,"Telegraph",1
69118911,0.843022602759885,3,"Telegraph",0
69146916,1.03399176987092,7,"Telegraph",0
69149695,0.969858785669946,NA,"Telegraph",0
69201106,0.820965626364686,5,"Telegraph",0
69221372,1.33156975956833,NA,"Telegraph",0
69269634,0.793350041607133,3,"Telegraph",0
69290836,1.15468781286833,4,"Telegraph",0
69323754,1.0114882148568,1,"Telegraph",0
69335003,1.13610283326467,NA,"Telegraph",0
69335181,0.78159358411302,3,"Telegraph",1
69337045,1.0252595892437,2,"Telegraph",0
69372291,1.02058976557308,NA,"Telegraph",0
69390181,1.18588314935095,6,"Telegraph",0
69408277,1.13653055807785,3,"Telegraph",0
69409971,0.882380503354242,6,"Telegraph",0
69459413,0.80649173530122,NA,"Telegraph",0
69460267,1.00071259221879,5,"Telegraph",0
69464159,0.854014739486256,4,"Telegraph",0
69478157,0.777965939311253,NA,"Telegraph",0
69507647,0.945621918733538,3,"Telegraph",1
69549649,1.09671122198231,6,"Telegraph",0
69632723,0.84389780870887,4,"Telegraph",0
69717053,1.04154625420011,4,"Telegraph",0
69720931,0.7495558311652,NA,"Telegraph",0
69760921,0.960847128815688,NA,"Telegraph",0
69817411,0.894334931397232,2,"Telegraph",0
69915165,0.702322593003148,2,"Telegraph",0
69957888,0.986724347367529,NA,"Telegraph",0
69963585,1.15488984159407,5,"Telegraph",0
70043217,0.802387953519758,1,"Telegraph",0
70081644,0.647284804562786,2,"Telegraph",0
70194744,0.90245690193347,3,"Telegraph",0
70295419,0.913849562352434,2,"Telegraph",0
70296455,0.744447791645743,3,"Telegraph",0
70440692,1.21981313311326,4,"Telegraph",0
70469848,1.22877709679949,3,"Telegraph",0
70529600,1.04154625420011,4,"Telegraph",0
70614778,0.78166414003964,4,"Telegraph",0
70826907,0.749042633615272,5,"Telegraph",0
71084843,1.54058165548262,3,"Telegraph",0
71173213,0.933399171377853,3,"Telegraph",1
71234182,1.00885208599761,5,"Telegraph",0
71316085,0.86281394866448,3,"Telegraph",0
71326387,1.010647773574,5,"Telegraph",0
71358790,0.915653346199629,2,"Telegraph",1
71492825,0.878277890252884,4,"Telegraph",0
71610917,1.10519684233104,5,"Telegraph",1
71628397,0.971865398305731,NA,"Telegraph",0
71661572,1.00696692342008,4,"Telegraph",0
71674506,1.1771220972616,2,"Telegraph",0
71759842,0.858707242933069,2,"Telegraph",0
71843280,0.872182651217801,5,"Telegraph",0
71878669,1.01715794021808,5,"Telegraph",0
71977064,1.11759417950103,NA,"Telegraph",0
72055024,1.13006190461584,NA,"Telegraph",0
72062135,1.00865736649815,2,"Telegraph",0
72093172,0.863798505320152,2,"Telegraph",0
72129693,0.894742969930345,4,"Telegraph",1
72219586,0.875666224237147,4,"Telegraph",0
72247318,0.999695242299456,6,"Telegraph",0
72447469,1.04354172852379,3,"Telegraph",1
72567669,1.19177517132349,4,"Telegraph",0
72641968,0.923956452869501,2,"Telegraph",0
72668706,1.06872920288467,NA,"Telegraph",0
72728264,0.976826118736406,5,"Telegraph",0
72897162,0.94637541316946,3,"Telegraph",0
73198175,1.00573513615791,1,"Telegraph",0
73253319,0.865794008474659,NA,"Telegraph",0
73284614,1.03142042234257,5,"Telegraph",0
73549511,1.00942583139474,4,"Telegraph",0
73631730,0.830966332152616,4,"Telegraph",0
73823384,1.25458923877792,4,"Telegraph",0
73996300,1.38154475936927,4,"Telegraph",0
74175124,0.854014739486256,NA,"Telegraph",0
74324354,0.804278818812007,4,"Telegraph",0
74537144,0.894970486060852,3,"Telegraph",0
74617567,0.725125211126923,4,"Telegraph",0
74619110,0.690923782281259,3,"Telegraph",0
74621198,0.90245690193347,NA,"Telegraph",0
74658809,1.35940734902808,NA,"Telegraph",0
74663296,1.04154625420011,5,"Telegraph",0
74829026,1.04364131810788,3,"Telegraph",0
75079216,0.86142096653516,3,"Telegraph",0
75241661,1.05203148870996,5,"Telegraph",0
75284195,0.934227297451027,2,"Telegraph",0
75313666,0.853157616079651,3,"Telegraph",1
75343298,1.09671122198231,4,"Telegraph",1
75354176,0.84389780870887,5,"Telegraph",0
75468159,0.753896857134639,4,"Telegraph",0
75583993,0.77862929873562,2,"Telegraph",0
75588984,1.06521794199762,2,"Telegraph",1
75605610,0.953571918607351,4,"Telegraph",0
75621569,0.812474998807354,2,"Telegraph",0
75720294,0.746450719394069,2,"Telegraph",0
75927677,0.952297732424997,2,"Telegraph",0
76397787,0.909315105885082,2,"Telegraph",0
76498445,0.705792324543186,2,"Telegraph",0
76604912,0.905840002742017,3,"Telegraph",0
76646966,1.0545713088263,5,"Telegraph",0
76704029,0.879377119804243,NA,"Telegraph",0
76716987,0.976132435084288,3,"Telegraph",0
76741860,0.668727797409046,5,"Telegraph",0
76912213,0.983643282395186,NA,"Telegraph",0
77243074,0.992299234527503,4,"Telegraph",0
77263652,1.18512538089011,4,"Telegraph",0
77264518,0.867075465567927,4,"Telegraph",0
77267153,0.829952927673403,NA,"Telegraph",0
77269193,0.870253926923796,4,"Telegraph",0
77348783,0.753350728099332,3,"Telegraph",0
77352018,0.798661733986574,6,"Telegraph",1
77353320,1.13170811625119,NA,"Telegraph",0
77364516,0.968859680037876,6,"Telegraph",1
77579615,1.22638052758565,5,"Telegraph",0
77951466,1.23695891274463,4,"Telegraph",0
77956753,1.02803076306129,3,"Telegraph",0
77998652,0.976826118736406,6,"Telegraph",0
78000825,1.07427471462766,1,"Telegraph",0
78336917,0.887444447484897,5,"Telegraph",0
78690764,1.01715794021808,5,"Telegraph",1
78889501,0.843676370029427,4,"Telegraph",0
79075374,1.11652786939462,NA,"Telegraph",0
79082996,0.750207832395514,2,"Telegraph",0
79093777,0.729466245436243,7,"Telegraph",0
79105144,0.976826118736406,4,"Telegraph",0
79131559,0.948261288581662,3,"Telegraph",0
79341173,1.38168347086733,NA,"Telegraph",0
79443434,1.09964411176069,4,"Telegraph",0
79537021,1.07427471462766,1,"Telegraph",0
79563727,1.50615616655113,4,"Telegraph",0
79755180,1.10519684233104,5,"Telegraph",0
79897857,0.969858785669946,5,"Telegraph",0
80009660,0.977495379401078,3,"Telegraph",0
80018988,1.00985806953401,NA,"Telegraph",0
80449892,0.718762741431152,2,"Telegraph",0
80511442,0.839345541875355,3,"Telegraph",0
80576545,0.976826118736406,5,"Telegraph",0
80602706,0.963909870492139,NA,"Telegraph",0
80906932,0.779758150051187,5,"Telegraph",0
80927908,1.00921214034145,1,"Telegraph",0
81366928,1.63664311908704,4,"Telegraph",0
81367933,0.953571918607351,6,"Telegraph",0
81369191,1.02756830800205,4,"Telegraph",0
81539087,0.658897989109727,2,"Telegraph",0
81592026,0.784671816581126,3,"Telegraph",0
81669406,0.786800932964332,4,"Telegraph",0
81675276,1.02450597084423,5,"Telegraph",0
81751986,0.969239054797089,5,"Telegraph",0
81824165,0.879085018295835,3,"Telegraph",0
81909975,0.887622663785031,4,"Telegraph",0
82074105,0.91667243543518,2,"Telegraph",0
82124212,0.97368391396667,NA,"Telegraph",0
82129649,0.943867621128857,3,"Telegraph",0
82223758,0.818563175004828,5,"Telegraph",0
82247089,0.957146637712426,7,"Telegraph",0
82257336,1.16841190267025,5,"Telegraph",0
82363324,1.60272757691108,NA,"Telegraph",0
82587186,1.18625485799922,NA,"Telegraph",0
82624495,1.10275299785939,3,"Telegraph",0
82743131,0.874993877289061,3,"Telegraph",0
82825834,0.844629458730225,2,"Telegraph",0
82982484,1.06479815613331,4,"Telegraph",0
83158000,0.874651606964991,1,"Telegraph",0
83195573,0.859417803278321,4,"Telegraph",0
83223192,0.727015513626698,NA,"Telegraph",0
83223213,1.17923114121296,3,"Telegraph",0
83271895,1.01940968496757,5,"Telegraph",0
83315855,0.821534967006642,NA,"Telegraph",0
83356305,0.897232941171559,NA,"Telegraph",0
83406132,1.2875988361998,NA,"Telegraph",0
83418132,1.11976007523138,NA,"Telegraph",0
83460416,0.870762763433792,2,"Telegraph",0
83509004,1.01250373064625,5,"Telegraph",0
83524750,0.89385541742505,7,"Telegraph",0
83537250,0.900276752673519,3,"Telegraph",0
83540768,0.922763043255797,2,"Telegraph",0
83542588,1.13551249473988,3,"Telegraph",0
83703007,0.893357025221136,7,"Telegraph",0
83813215,1.31348228308953,5,"Telegraph",0
83943607,1.19920202677496,5,"Telegraph",1
84180696,1.2621225972791,2,"Telegraph",0
84187606,1.11759417950103,NA,"Telegraph",0
84289132,1.09699162569542,4,"Telegraph",0
84393200,1.11072517686409,4,"Telegraph",0
84412611,0.607845292161927,NA,"Telegraph",0
84426633,0.842642392176408,2,"Telegraph",0
84452078,0.882837659926501,NA,"Telegraph",0
84501588,1.25701223409206,2,"Telegraph",0
84529355,0.903663392866233,4,"Telegraph",0
84560513,1.70245627152988,2,"Telegraph",0
84629736,1.46126432071995,NA,"Telegraph",0
84655925,1.02450597084423,5,"Telegraph",0
84679050,0.750207832395514,2,"Telegraph",0
84814374,1.12381580180177,5,"Telegraph",0
84820529,0.900631603709599,4,"Telegraph",0
84842721,0.857444359423982,3,"Telegraph",0
84862882,1.1418438292735,NA,"Telegraph",0
84901376,1.12381580180177,5,"Telegraph",0
85037264,0.809909483436974,7,"Telegraph",0
85114174,0.89385541742505,NA,"Telegraph",0
85127227,0.930903456245974,5,"Telegraph",1
85398377,0.950592752033376,6,"Telegraph",0
85398640,0.979980445035386,4,"Telegraph",0
85654344,0.80126439511465,2,"Telegraph",0
85689807,0.834883619569165,3,"Telegraph",0
85748928,0.861397339890943,NA,"Telegraph",0
85844055,0.831113280657055,4,"Telegraph",0
85884021,1.00761203039877,5,"Telegraph",0
85890300,1.26476142198374,NA,"Telegraph",0
86127601,1.12231538296698,4,"Telegraph",0
86222253,1.10519684233104,NA,"Telegraph",0
86434423,0.701108020920807,2,"Telegraph",0
86554831,1.07816691345837,5,"Telegraph",0
86605593,0.84305458829439,4,"Telegraph",0
86647005,1.06293394575415,NA,"Telegraph",0
86650489,0.712738015769537,3,"Telegraph",1
86655663,0.976132435084288,NA,"Telegraph",0
86659573,1.11463053466267,4,"Telegraph",0
86665455,1.01430373970905,2,"Telegraph",0
86728087,1.05197140174847,NA,"Telegraph",0
86936999,0.984176389471479,6,"Telegraph",0
86954454,1.02225482876186,3,"Telegraph",0
86954676,1.19936761063178,2,"Telegraph",0
87046197,0.920712585261617,3,"Telegraph",0
87081149,0.858203760450683,NA,"Telegraph",0
87137378,1.13412554305287,3,"Telegraph",0
87156580,0.922497299078617,6,"Telegraph",0
87159650,1.32230211302974,4,"Telegraph",0
87172391,1.18669564292533,6,"Telegraph",0
87191915,1.17923114121296,6,"Telegraph",0
87212231,0.839689258344694,2,"Telegraph",0
87225961,1.00590682179438,4,"Telegraph",0
87375089,0.856782702535132,3,"Telegraph",0
87395310,1.02910304873513,3,"Telegraph",0
87395380,0.893410145353928,NA,"Telegraph",1
87430914,0.836502625775246,NA,"Telegraph",0
87448144,0.805873605527072,NA,"Telegraph",0
87454361,0.899637429815814,4,"Telegraph",0
87552426,1.30433017727133,4,"Telegraph",0
87556050,1.24680613310018,3,"Telegraph",0
87644739,0.953571918607351,6,"Telegraph",0
87797292,1.51968337463708,2,"Telegraph",0
87843497,1.13250705251046,4,"Telegraph",0
87886773,1.06872920288467,2,"Telegraph",0
87945177,1.08400778422544,5,"Telegraph",0
88101086,1.11161838640186,5,"Telegraph",0
88175545,0.805849653043474,5,"Telegraph",0
88187247,1.17776303245002,4,"Telegraph",0
88214727,0.693861078357692,4,"Telegraph",0
88376728,0.953571918607351,5,"Telegraph",0
88453052,0.926429798936584,3,"Telegraph",0
88581767,1.09145016707945,2,"Telegraph",0
88697604,0.925700502996009,6,"Telegraph",0
88815933,1.03853157643102,6,"Telegraph",1
88846895,0.887127539647235,4,"Telegraph",1
88852070,0.699590527406438,NA,"Telegraph",1
88863782,0.820965626364686,5,"Telegraph",0
88890276,0.969239054797089,4,"Telegraph",0
88996196,0.839860081798287,4,"Telegraph",0
89138724,1.0825660039839,5,"Telegraph",0
89157149,1.01138933330093,6,"Telegraph",0
89192000,0.77862929873562,2,"Telegraph",0
89197522,1.4495671132254,1,"Telegraph",0
89348169,0.915653346199629,2,"Telegraph",0
89514773,0.897206273270836,4,"Telegraph",0
89533086,0.888418977014057,NA,"Telegraph",0
89544009,0.9796952205825,7,"Telegraph",0
89611901,1.27334909394847,4,"Telegraph",0
89813503,1.45012730704295,5,"Telegraph",0
89979890,0.943463425742537,6,"Telegraph",0
90166728,1.03853157643102,6,"Telegraph",0
90219060,0.895919419067703,2,"Telegraph",0
90254014,1.15061164828363,4,"Telegraph",0
90381150,0.82265905296044,NA,"Telegraph",0
90424740,1.10082253700897,6,"Telegraph",0
90513789,0.708891150586484,5,"Telegraph",0
90631040,1.2639372538138,NA,"Telegraph",0
90666408,0.867936096035328,4,"Telegraph",0
90794456,1.15427201863317,4,"Telegraph",0
90973755,0.764849955428823,5,"Telegraph",0
91078485,1.15631417583776,6,"Telegraph",0
91107720,1.67951394701412,2,"Telegraph",0
91434316,0.926038398096802,5,"Telegraph",0
91692880,1.18230225531943,2,"Telegraph",0
91794625,0.833697652560433,3,"Telegraph",0
91973774,1.26369764959292,6,"Telegraph",0
92025454,0.869253928550596,3,"Telegraph",0
92078310,1.19552785698874,2,"Telegraph",0
92114235,0.837845148089798,5,"Telegraph",1
92123966,0.971117221620311,NA,"Telegraph",0
92147501,0.874509220133132,4,"Telegraph",0
92184363,1.02947117106712,3,"Telegraph",0
92447573,0.927989838243072,5,"Telegraph",0
92539548,1.05262917191583,3,"Telegraph",0
92588578,0.95586767490274,1,"Telegraph",0
92730874,0.876051973221552,5,"Telegraph",0
92927203,0.976320446993874,6,"Telegraph",0
92944629,0.916234397601368,4,"Telegraph",0
93183043,1.05178571365069,3,"Telegraph",0
93255477,0.704537469218781,3,"Telegraph",0
93269050,0.970137481428116,3,"Telegraph",0
93857292,0.745067997157877,3,"Telegraph",1
93862078,0.915653346199629,6,"Telegraph",0
94004694,1.06357507708395,4,"Telegraph",0
94105683,1.24798638660076,NA,"Telegraph",0
94182248,0.995931883737122,3,"Telegraph",0
94196047,0.772187080891405,NA,"Telegraph",0
94211620,1.05566772144886,NA,"Telegraph",0
94215666,0.978976128278049,3,"Telegraph",0
94259311,1.05197140174847,NA,"Telegraph",0
94367614,1.22093997358102,5,"Telegraph",0
94440945,0.86142096653516,2,"Telegraph",0
94565383,0.991768420920888,3,"Telegraph",0
94650844,1.18512538089011,5,"Telegraph",0
120326662,0.84389780870887,5,"Telegraph",0
120343066,0.831869113980052,5,"Telegraph",1
120369976,0.946310596250932,4,"Telegraph",0
120589886,0.978242405143564,4,"Telegraph",0
120922454,0.859126176588875,2,"Telegraph",1
121174670,1.01679535433635,4,"Telegraph",0
121402714,0.965426515585005,5,"Telegraph",0
121589486,0.868151573392356,6,"Telegraph",1
121777836,1.11600453612596,4,"Telegraph",0
121841078,0.920336105090097,3,"Telegraph",0
121899556,0.828783805784203,2,"Telegraph",0
122041638,1.33231582835925,3,"Telegraph",0
122190108,0.943949271093535,NA,"Telegraph",0
122439972,1.05178571365069,4,"Telegraph",0
122475974,0.757229189241172,3,"Telegraph",1
122532034,1.59424977956316,3,"Telegraph",0
122569846,0.863240279530685,NA,"Telegraph",0
122942128,1.0322725997338,1,"Telegraph",0
122974076,0.84389780870887,4,"Telegraph",1
123049164,0.892603978721498,2,"Telegraph",1
123069434,0.963008145891068,NA,"Telegraph",0
123129456,0.811949940596628,2,"Telegraph",0
123226836,0.869672230435079,3,"Telegraph",1
123340160,1.04821129985381,3,"Telegraph",0
123470048,1.06872920288467,2,"Telegraph",0
123505236,0.984176389471479,4,"Telegraph",0
123796126,0.902302814296871,4,"Telegraph",0
123841212,1.27495482301077,3,"Telegraph",0
124014530,0.942268376070261,3,"Telegraph",0
124128946,0.755605247248534,2,"Telegraph",0
124234864,1.02555497665766,NA,"Telegraph",0
124519236,1.1539860845772,2,"Telegraph",0
124554334,1.11601542794078,4,"Telegraph",1
124962302,1.04081740064865,2,"Telegraph",0
125145836,1.34812249136809,5,"Telegraph",1
125237882,0.736704114845716,NA,"Telegraph",0
125450522,1.27688534389301,6,"Telegraph",0
125595742,0.836210782345226,NA,"Telegraph",0
125930144,0.9089903978755,3,"Telegraph",0
126094720,0.953571918607351,4,"Telegraph",0
126305170,1.10636867735698,2,"Telegraph",0
126407392,0.802326909710037,2,"Telegraph",0
126569968,0.834883619569165,5,"Telegraph",1
126782660,0.976826118736406,5,"Telegraph",0
126837286,0.762987065229127,3,"Telegraph",0
127069188,1.14051234166405,3,"Telegraph",0
127199052,0.986904801539385,4,"Telegraph",0
127266336,1.20575973734044,5,"Telegraph",1
127532646,1.10946156701591,2,"Telegraph",0
128224236,0.78174125064334,NA,"Telegraph",0
128808020,1.15061164828363,3,"Telegraph",0
128932032,1.09149051834509,3,"Telegraph",0
128936438,0.872316496291049,3,"Telegraph",0
129009156,0.63259679316401,3,"Telegraph",0
129049190,1.03399176987092,3,"Telegraph",0
129221992,0.774551916533486,2,"Telegraph",1
129269348,1.13927855962421,6,"Telegraph",1
129351460,1.00522952111069,NA,"Telegraph",0
129398396,1.02450597084423,6,"Telegraph",0
129440134,0.669294118593821,3,"Telegraph",0
129920176,1.19378406791155,3,"Telegraph",0
130385402,1.14200536812351,NA,"Telegraph",0
130632162,1.11026399086635,4,"Telegraph",0
130752342,0.937734357591348,6,"Telegraph",0
130834756,0.666345568281436,4,"Telegraph",0
130952574,1.00936762401267,2,"Telegraph",0
131135914,0.911694273112051,5,"Telegraph",0
131628436,0.857985107542588,NA,"Telegraph",0
131861468,1.21197760964146,5,"Telegraph",0
131878190,1.03441445765973,5,"Telegraph",0
132022250,0.821260532291584,2,"Telegraph",0
132647858,0.797460058059336,2,"Telegraph",1
132727078,0.90818188399219,NA,"Telegraph",0
132853530,1.048423752777,3,"Telegraph",0
132918966,1.10038211214613,3,"Telegraph",1
133208252,1.14858804149964,4,"Telegraph",0
133223394,0.963921417359587,5,"Telegraph",0
133261328,0.824278599134494,3,"Telegraph",0
133777786,1.05135925023318,6,"Telegraph",0
134457430,0.90877666529352,NA,"Telegraph",0
134485322,1.25820502864148,4,"Telegraph",0
134499110,1.14698194567146,NA,"Telegraph",0
134628952,0.857985107542588,7,"Telegraph",0
134820540,1.27495482301077,NA,"Telegraph",0
134962620,0.993065273061458,3,"Telegraph",0
135359144,1.06375624165869,2,"Telegraph",0
135780698,0.872905228243007,NA,"Telegraph",0
135918352,0.817999730300118,3,"Telegraph",0
135967930,0.838923841810851,4,"Telegraph",0
135991860,0.682784414016442,1,"Telegraph",0
135997432,0.649326111125681,NA,"Telegraph",0
136059468,1.03381359308093,6,"Telegraph",0
136069262,0.862207368153404,2,"Telegraph",1
136211656,1.02691170127348,7,"Telegraph",0
136508396,1.11416747220947,4,"Telegraph",0
136623102,0.893509861951593,NA,"Telegraph",0
136645518,1.18588314935095,3,"Telegraph",0
136707034,0.782975765947996,4,"Telegraph",0
136753822,0.979191643263769,5,"Telegraph",0
136774392,0.906622172766907,NA,"Telegraph",0
136813356,1.06682943672262,2,"Telegraph",0
136955008,0.868151573392356,6,"Telegraph",0
137191062,0.764849955428823,5,"Telegraph",0
137759328,0.585632060317169,3,"Telegraph",1
138155466,0.972491709401142,4,"Telegraph",1
138601448,0.730925980995869,4,"Telegraph",0
138753556,0.750370362123011,3,"Telegraph",0
138805406,1.02007026408722,1,"Telegraph",0
138845202,1.14839652704821,6,"Telegraph",1
138849454,1.24694956932451,3,"Telegraph",0
138903188,0.700072511888228,4,"Telegraph",0
138917090,1.05382226674857,6,"Telegraph",0
139296200,1.11822631921253,3,"Telegraph",1
139380094,0.976826118736406,7,"Telegraph",0
139605998,0.865678203615754,4,"Telegraph",0
139629770,0.880807562031832,NA,"Telegraph",0
139630208,0.84277378624664,4,"Telegraph",0
139639092,0.706342798846843,5,"Telegraph",0
139831316,1.2296964925649,1,"Telegraph",0
139836402,0.740898889503389,2,"Telegraph",0
139837418,1.38978449370087,1,"Telegraph",0
140256904,1.20144716521654,3,"Telegraph",0
140421204,0.858195384763216,2,"Telegraph",0
140441586,1.17927293524207,3,"Telegraph",0
140794116,0.89411227307964,6,"Telegraph",0
141174764,1.10082253700897,5,"Telegraph",1
141340314,0.975508695406969,NA,"Telegraph",0
141833292,0.839345541875355,1,"Telegraph",0
142654884,0.890188799685929,NA,"Telegraph",0
142860412,1.11046185650768,NA,"Telegraph",0
142965710,0.787504052056882,7,"Telegraph",0
143053904,0.832108157433433,5,"Telegraph",0
143105480,0.928266803560279,2,"Telegraph",0
143268564,0.987495750750544,6,"Telegraph",0
143575254,0.953571918607351,6,"Telegraph",0
143693906,0.958163860997174,1,"Telegraph",0
144071164,0.990525052752926,4,"Telegraph",0
144169886,1.00955626182045,5,"Telegraph",0
144389668,0.788292694930814,5,"Telegraph",0
144426328,1.34809027730167,NA,"Telegraph",0
144653178,1.18551482304835,3,"Telegraph",0
144933844,0.876944037660098,5,"Telegraph",1
145091482,1.04453369554476,2,"Telegraph",0
145441734,0.837250160434279,6,"Telegraph",0
145602326,0.93157629109852,NA,"Telegraph",0
146057210,0.982443570758637,NA,"Telegraph",0
146213238,1.19980970131249,2,"Telegraph",0
146572054,1.17672062322091,3,"Telegraph",0
146685438,1.03924311384776,6,"Telegraph",0
146832782,1.02393473104551,6,"Telegraph",0
147155948,1.00583146913373,2,"Telegraph",0
147215636,1.02285253268996,NA,"Telegraph",0
147336178,1.16345960628326,5,"Telegraph",1
147524408,0.707912712655374,NA,"Telegraph",0
147859358,1.24842339100706,2,"Telegraph",0
147917420,1.41235305766719,4,"Telegraph",0
148125494,1.17345043405465,4,"Telegraph",0
148196884,1.03436469303264,NA,"Telegraph",0
148679746,1.1771220972616,4,"Telegraph",0
148728408,0.776958802273641,6,"Telegraph",0
148847940,0.793864477886055,4,"Telegraph",0
148882674,1.7217590388959,3,"Telegraph",0
149330148,0.86422055491541,NA,"Telegraph",0
149538874,1.17941117931108,4,"Telegraph",0
150273734,0.876079498305806,6,"Telegraph",1
150821408,0.987574614794489,NA,"Telegraph",0
151003736,0.767234183953987,4,"Telegraph",0
151429708,0.761624812464705,NA,"Telegraph",0
151503954,0.887013255982913,4,"Telegraph",1
151969556,1.25569569690048,3,"Telegraph",0
152845444,1.36428276147706,4,"Telegraph",1
153329282,0.712738015769537,3,"Telegraph",0
153981590,1.16480246223439,3,"Telegraph",0
154234736,0.968247335987236,4,"Telegraph",0
154648688,1.07274758838559,2,"Telegraph",0
154931132,1.08546716548142,NA,"Telegraph",0
155917640,0.952514054234276,2,"Telegraph",0
156245104,1.00484788705532,NA,"Telegraph",1
156343450,0.862207368153404,2,"Telegraph",0
156427766,0.933781680109807,NA,"Telegraph",0
156476418,0.801115360487898,3,"Telegraph",0
157265084,0.895154007402913,3,"Telegraph",0
157267588,1.67485030842223,NA,"Telegraph",0
157567934,0.662776397379452,6,"Telegraph",0
157626548,0.710076105774247,3,"Telegraph",0
157963488,1.22517298807507,3,"Telegraph",0
157978710,1.31534782878096,2,"Telegraph",0
158741306,1.01179623175891,NA,"Telegraph",0
158766086,1.11416747220947,4,"Telegraph",0
159096322,0.765437599816157,2,"Telegraph",0
159273260,0.892494544422774,5,"Telegraph",0
159311290,0.787712136084211,4,"Telegraph",0
159750334,1.18262480891063,NA,"Telegraph",0
160464668,0.895919419067703,4,"Telegraph",0
160718066,0.951296560837276,6,"Telegraph",0
160959772,1.10082253700897,6,"Telegraph",0
160986624,1.19920202677496,6,"Telegraph",0
161020706,0.810238724016875,1,"Telegraph",0
161099098,0.965567776144418,3,"Telegraph",0
161126840,1.15071974497183,3,"Telegraph",1
161207174,0.741043396526439,NA,"Telegraph",0
161477226,1.41758669966524,2,"Telegraph",0
161602500,1.01019313817515,6,"Telegraph",1
161825610,0.968859663882066,NA,"Telegraph",0
162152606,0.899073780798858,3,"Telegraph",0
162598204,1.00811828144339,5,"Telegraph",0
163453516,1.18539204557697,2,"Telegraph",0
163649532,0.898337165262982,3,"Telegraph",0
163848140,0.957146637712426,5,"Telegraph",0
164232918,0.726716343700419,NA,"Telegraph",0
164595042,1.13927611472968,4,"Telegraph",0
164603718,0.765512110495706,4,"Telegraph",0
165084220,0.897262769748551,4,"Telegraph",0
165168926,0.917885286825368,5,"Telegraph",0
165676662,0.938773806911833,5,"Telegraph",1
165745348,0.823005185848736,1,"Telegraph",0
166386150,0.995757096544904,4,"Telegraph",0
166713732,1.12345227352438,NA,"Telegraph",0
167462008,0.919563294984622,2,"Telegraph",0
167585868,0.9205756783726,NA,"Telegraph",0
167900308,0.932841445825631,4,"Telegraph",0
168268728,0.745913668457673,NA,"Telegraph",0
168654550,0.855169262354182,2,"Telegraph",0
170452704,0.998905754056296,2,"Telegraph",0
170486440,0.616491086355416,4,"Telegraph",0
170782372,1.32946956313657,6,"Telegraph",0
170784236,0.964503378728743,4,"Telegraph",0
171322684,1.17795013876667,NA,"Telegraph",0
171425086,0.708891150586484,3,"Telegraph",0
171455024,0.815368449823886,4,"Telegraph",0
171617676,0.89411227307964,4,"Telegraph",0
171640530,1.31433356138562,NA,"Telegraph",0
172053340,0.858707242933069,1,"Telegraph",0
172176296,0.758716631938431,2,"Telegraph",0
172243320,1.10519684233104,4,"Telegraph",0
172274214,1.33889147039214,5,"Telegraph",0
172274596,0.814600789831152,NA,"Telegraph",0
172761052,1.36575839065968,4,"Telegraph",0
172811610,1.04181433716981,3,"Telegraph",0
172851788,1.04869177396415,3,"Telegraph",0
173005182,1.25806440010956,4,"Telegraph",0
173126522,1.01940968496757,5,"Telegraph",0
173453780,0.863240279530685,4,"Telegraph",0
173980606,0.679643792079465,NA,"Telegraph",0
174186374,0.925208410912284,2,"Telegraph",0
174479090,0.924164122376536,NA,"Telegraph",0
174710530,0.925025294836487,NA,"Telegraph",0
174948898,0.876810347267765,4,"Telegraph",1
175121616,1.12410318225958,NA,"Telegraph",0
175217640,1.09295094620214,6,"Telegraph",1
175218554,0.841918816446721,NA,"Telegraph",0
175419284,0.741043566549617,4,"Telegraph",0
175611890,0.899030336135636,2,"Telegraph",0
175817480,1.17701045266944,4,"Telegraph",0
175915046,0.999602344564421,3,"Telegraph",0
176593474,1.11183460625749,4,"Telegraph",0
176819692,1.03212708763763,4,"Telegraph",0
176828934,1.27039863364042,NA,"Telegraph",0
176829758,0.967957797037201,2,"Telegraph",0
176835942,0.971925151485582,2,"Telegraph",0
176900100,0.989532289710028,2,"Telegraph",0
176900524,0.592968737937602,4,"Telegraph",0
176932712,0.877317937591494,5,"Telegraph",0
177098568,1.1162071194112,3,"Telegraph",0
177100894,1.17913068734863,7,"Telegraph",0
177123170,0.989532289710028,1,"Telegraph",0
177970974,1.03441445765973,5,"Telegraph",0
178467672,0.908226066873662,3,"Telegraph",0
178767174,0.818823208785384,2,"Telegraph",0
178770724,1.09996425764235,6,"Telegraph",0
178941796,1.01376970943464,4,"Telegraph",0
179119228,1.47082641994289,5,"Telegraph",0
179210476,1.20080418681121,4,"Telegraph",0
179402922,1.034793216811,2,"Telegraph",0
179531604,1.11161838640186,5,"Telegraph",1
180208204,1.08364178645029,4,"Telegraph",0
180728182,1.09605157545835,1,"Telegraph",0
181295198,0.697151148083204,4,"Telegraph",0
181430192,0.8446799787625,NA,"Telegraph",0
181560592,1.36428276147706,NA,"Telegraph",0
181576714,0.815368449823886,4,"Telegraph",0
181892164,0.789474934182,NA,"Telegraph",0
181949968,0.976826118736406,3,"Telegraph",0
182149862,1.10797213571897,6,"Telegraph",0
182190736,1.03468070498057,5,"Telegraph",0
182707632,1.21192966588612,NA,"Telegraph",0
183511162,0.976132435084288,4,"Telegraph",0
183942580,1.42081610668656,NA,"Telegraph",0
183945454,1.39508526149678,NA,"Telegraph",0
184165860,0.730423074421176,4,"Telegraph",0
184420202,0.850838952009086,2,"Telegraph",0
184475478,1.00522952111069,2,"Telegraph",0
184596766,1.49926428556886,4,"Telegraph",0
184737056,0.861340258855701,3,"Telegraph",0
184747726,1.02341348413936,2,"Telegraph",0
184775772,0.873115251898802,2,"Telegraph",0
184795088,1.20172439269095,6,"Telegraph",0
184927716,1.1906844891791,NA,"Telegraph",0
184988752,1.32755005925458,3,"Telegraph",0
185004518,0.914772568516223,6,"Telegraph",0
185010090,0.907934336325401,NA,"Telegraph",0
185093382,1.06216556273502,2,"Telegraph",0
185811376,0.682784414016442,4,"Telegraph",0
185849988,0.800831580832579,4,"Telegraph",0
186282784,0.912855054731037,NA,"Telegraph",0
186315340,0.766899671782288,6,"Telegraph",1
186318452,0.818299988261537,NA,"Telegraph",0
186849104,0.970690828252488,2,"Telegraph",0
186928756,1.19920202677496,5,"Telegraph",0
186948290,1.05613565137138,1,"Telegraph",0
186959676,1.01279537827209,NA,"Telegraph",0
188348876,0.965120972717638,4,"Telegraph",0
188424098,0.970799170414574,NA,"Telegraph",0
188840398,1.30233340834391,2,"Telegraph",0
189046702,0.975072513249008,NA,"Telegraph",0
189082642,1.18604835696065,1,"Telegraph",0
189086496,0.727222512558282,2,"Telegraph",0
189759828,0.917957054662802,2,"Telegraph",0
190575084,0.806861972777432,6,"Telegraph",0
190640408,0.847795777918023,3,"Telegraph",0
190714830,0.793071016324905,3,"Telegraph",0
190810426,1.12231538296698,5,"Telegraph",0
191216772,1.18588314935095,6,"Telegraph",0
191354140,1.32993731812631,3,"Telegraph",0
192093356,1.04364131810788,3,"Telegraph",0
192301082,1.03601628205551,2,"Telegraph",0
192302842,1.03628267738863,6,"Telegraph",0
192738790,1.31348228308953,NA,"Telegraph",0
192788082,1.0293082503822,NA,"Telegraph",0
192986326,0.850421468757355,NA,"Telegraph",0
193438418,0.559827695646724,3,"Telegraph",0
193471716,0.950521824371447,NA,"Telegraph",0
193473126,1.20518652843978,NA,"Telegraph",0
193544302,1.00884941991614,5,"Telegraph",0
193713002,1.17927293524207,1,"Telegraph",0
193943266,0.946971847396664,7,"Telegraph",0
193980716,1.12267941428684,NA,"Telegraph",0
194031350,0.808870595768758,5,"Telegraph",0
194041122,0.80098539826002,NA,"Telegraph",0
194178378,1.24840507385683,5,"Telegraph",0
194269272,0.81528337892241,2,"Telegraph",0
194345136,1.04557924262214,2,"Telegraph",0
195119722,1.44588252554272,4,"Telegraph",0
195211766,0.832482646043333,5,"Telegraph",0
195224124,0.768723332928738,NA,"Telegraph",0
195635554,1.04160818585092,1,"Telegraph",0
195714394,0.959811828111899,7,"Telegraph",0
195884584,1.04100206478313,3,"Telegraph",0
195924278,0.828473444331886,4,"Telegraph",0
195990542,1.04821129985381,3,"Telegraph",0
196132646,1.4788157828502,NA,"Telegraph",0
196368520,0.958454730686934,5,"Telegraph",0
196405804,0.886933958615908,4,"Telegraph",0
196526530,1.12734874109699,4,"Telegraph",0
196593526,1.13094910625205,NA,"Telegraph",0
196652590,0.742346153465333,NA,"Telegraph",0
196690722,0.985319154725954,5,"Telegraph",0
196694780,0.832226201120028,NA,"Telegraph",0
196792532,0.947042510160343,5,"Telegraph",0
196866924,1.21481217132518,5,"Telegraph",0
197041378,0.84594142827104,5,"Telegraph",0
197067946,1.02013704443961,2,"Telegraph",0
197490022,1.18981056905692,3,"Telegraph",0
197955374,0.89411227307964,5,"Telegraph",0
198335448,0.969858785669946,5,"Telegraph",0
198698140,0.789474934182,1,"Telegraph",0
198723850,1.20281220600616,4,"Telegraph",0
198824926,1.18976658300159,3,"Telegraph",0
199085488,1.15867496499055,3,"Telegraph",1
199183542,0.779758150051187,4,"Telegraph",0
199376640,1.10038211214613,NA,"Telegraph",0
199441442,0.80009662148118,NA,"Telegraph",0
199639714,1.22524279285158,2,"Telegraph",0
199724696,0.82225453973519,2,"Telegraph",0
199845104,1.15468781286833,5,"Telegraph",0
199905472,0.717236295518609,3,"Telegraph",0
200129336,0.963288512137392,5,"Telegraph",0
200175842,0.985720727774559,3,"Telegraph",0
200396460,0.89385541742505,5,"Telegraph",0
200426910,0.90877666529352,NA,"Telegraph",0
200696386,0.6988393995626,NA,"Telegraph",0
200893384,0.890013610463492,4,"Telegraph",0
200943018,1.21452379482099,3,"Telegraph",0
201031662,1.21426695834112,NA,"Telegraph",0
201133542,0.762200612482054,1,"Telegraph",0
201265918,0.953571918607351,4,"Telegraph",0
201367576,0.90245690193347,4,"Telegraph",0
201625112,1.18883583673466,5,"Telegraph",0
201709818,0.943964361016793,2,"Telegraph",0
201851786,1.15799984063728,2,"Telegraph",0
202076204,1.29934630807033,2,"Telegraph",0
202316304,0.698489546239543,2,"Telegraph",0
202403114,0.944236419376229,NA,"Telegraph",0
202537426,0.931813698325488,NA,"Telegraph",0
202680518,0.778813893510985,2,"Telegraph",0
202754734,0.968304046989479,3,"Telegraph",0
202764490,0.712410069598968,2,"Telegraph",0
202844662,0.742346153465333,NA,"Telegraph",0
202981238,0.848005193832514,2,"Telegraph",0
203212024,0.97469913494187,6,"Telegraph",0
203251140,0.823793349980589,4,"Telegraph",0
204090186,1.4425888890715,NA,"Telegraph",0
204102930,0.984700808826954,5,"Telegraph",1
204552288,0.863240279530685,NA,"Telegraph",0
204895206,1.00109334272386,2,"Telegraph",0
204996536,0.775060418258596,NA,"Telegraph",0
205484624,1.18588314935095,7,"Telegraph",1
205722142,0.784162620215093,3,"Telegraph",0
205793190,1.57811157523217,2,"Telegraph",0
206173236,0.857985107542588,NA,"Telegraph",0
206314330,0.95843569630638,1,"Telegraph",0
206318408,0.895102269380755,2,"Telegraph",0
206601182,0.879085018295835,NA,"Telegraph",0
207164462,0.912855054731037,NA,"Telegraph",0
207436264,0.7404200870223,1,"Telegraph",0
207599710,0.925208410912284,2,"Telegraph",0
207695406,1.09743024031428,4,"Telegraph",0
207786978,0.912183457423489,5,"Telegraph",0
208047094,1.10418313814952,3,"Telegraph",0
209165658,0.890565983102308,5,"Telegraph",0
209413126,1.52432453602188,7,"Telegraph",1
209866626,1.24761458191374,2,"Telegraph",0
209992246,0.729783196899742,2,"Telegraph",0
210427990,0.847795777918023,1,"Telegraph",0
210634698,1.05613565137138,1,"Telegraph",0
210705620,0.984872909070726,NA,"Telegraph",0
210973274,1.30206010169634,NA,"Telegraph",0
211557848,1.11026399086635,1,"Telegraph",0
211614162,0.868826907256223,4,"Telegraph",0
212594212,0.951089511121735,6,"Telegraph",0
212766598,0.839345541875355,1,"Telegraph",0
212814838,0.860016278737157,NA,"Telegraph",0
212911900,1.45585119904404,5,"Telegraph",0
213303222,0.918760708695607,NA,"Telegraph",0
213334672,0.912751045639224,4,"Telegraph",0
213683888,0.912407017716603,5,"Telegraph",0
213748474,0.903663392866233,7,"Telegraph",0
213828766,0.989809342081748,2,"Telegraph",0
214504362,0.895102269380755,1,"Telegraph",0
214542556,1.01514524843832,2,"Telegraph",0
214647688,1.09581237183483,2,"Telegraph",0
214705116,0.750261731491196,5,"Telegraph",1
214705540,0.943045294737587,6,"Telegraph",0
214782434,1.15663276814745,3,"Telegraph",0
214919442,1.47301391678228,6,"Telegraph",0
215182932,0.987360667155474,3,"Telegraph",0
215337708,0.908226066873662,NA,"Telegraph",0
215350336,1.2934980155536,3,"Telegraph",0
215847292,0.7974230904666,2,"Telegraph",1
216188834,0.776095978591184,2,"Telegraph",0
216272100,0.809073472065475,1,"Telegraph",0
216313362,0.830966332152616,3,"Telegraph",0
216418204,0.6867008585599,1,"Telegraph",0
216461404,1.11051619593532,4,"Telegraph",0
216637570,0.835560094170178,NA,"Telegraph",0
216723118,0.844139524106999,NA,"Telegraph",0
216725792,0.790229143481072,4,"Telegraph",0
216828318,0.919494704733774,4,"Telegraph",0
216895288,0.860016278737157,NA,"Telegraph",0
216908350,1.00163722436716,3,"Telegraph",0
216961206,1.18849329668165,5,"Telegraph",0
217018758,1.07256211393686,4,"Telegraph",0
217404998,1.4232523760552,4,"Telegraph",0
217434406,0.756132193432155,3,"Telegraph",0
217449106,0.737218226769749,2,"Telegraph",0
217460402,0.829410668184509,3,"Telegraph",0
217463830,1.32307302708996,5,"Telegraph",0
217528310,0.866212163931396,NA,"Telegraph",0
217553724,0.741189723475154,2,"Telegraph",0
217579366,0.899073780798858,4,"Telegraph",0
217681482,0.694959492473598,2,"Telegraph",0
217702220,1.00004306574514,3,"Telegraph",0
217929982,1.00522952111069,1,"Telegraph",0
218114698,0.70660062760802,NA,"Telegraph",0
218454384,0.983643282395186,3,"Telegraph",0
218620750,0.619355507032209,1,"Telegraph",0
218643398,0.771430872348229,5,"Telegraph",0
218656194,0.688828404463518,5,"Telegraph",0
218746690,1.16638330687677,5,"Telegraph",0
218934422,0.735912610954502,4,"Telegraph",1
218952050,0.882380503354242,1,"Telegraph",0
218963904,0.912183457423489,5,"Telegraph",0
219022438,0.882017873813367,5,"Telegraph",1
219038858,0.95586767490274,3,"Telegraph",0
219040804,0.985382473325205,4,"Telegraph",0
219112332,1.10082253700897,5,"Telegraph",0
219245036,0.891759271498008,2,"Telegraph",0
219346770,1.08983106013814,2,"Telegraph",1
219367528,1.30857673358798,NA,"Telegraph",0
219419076,1.02620147799138,6,"Telegraph",0
219867038,1.09964411176069,NA,"Telegraph",0
219883088,1.07026806359058,NA,"Telegraph",0
219891768,0.959524517418811,4,"Telegraph",0
219899294,0.839345541875355,NA,"Telegraph",0
219914870,1.27763193734344,4,"Telegraph",0
219936024,0.74673845948225,1,"Telegraph",0
220022946,0.888668334820385,NA,"Telegraph",0
220398446,0.959524517418811,2,"Telegraph",0
220611686,1.01785613990395,NA,"Telegraph",0
221034898,1.08919604901607,3,"Telegraph",0
221072708,1.44942208630729,4,"Telegraph",0
221163810,0.834442913150283,NA,"Telegraph",0
221239026,0.983653212257379,3,"Telegraph",0
221265120,0.917042901995385,NA,"Telegraph",0
221438034,1.0524006915959,2,"Telegraph",0
222078018,0.823793349980589,NA,"Telegraph",0
222674832,1.12381580180177,4,"Telegraph",0
222774356,1.14130896824919,2,"Telegraph",0
222783664,1.15799984063728,2,"Telegraph",0
222992888,0.979913830755939,6,"Telegraph",0
222997602,1.52432786858755,3,"Telegraph",0
223176024,0.900303511838918,NA,"Telegraph",0
223312110,1.01989585535132,2,"Telegraph",0
223582478,1.31605076340834,4,"Telegraph",1
223686784,0.864659880109122,5,"Telegraph",0
223778558,1.0825660039839,3,"Telegraph",0
223999722,0.874370005145519,5,"Telegraph",0
224004480,0.932744025468468,NA,"Telegraph",1
224143550,0.908203905617775,2,"Telegraph",1
224704992,0.81316501955558,5,"Telegraph",0
224758586,1.04154625420011,4,"Telegraph",0
224887896,1.20518652843978,3,"Telegraph",0
225386206,0.818563175004828,NA,"Telegraph",0
225867244,1.10956744760794,4,"Telegraph",0
226237464,0.748008777113973,NA,"Telegraph",0
226414622,1.20661248221301,3,"Telegraph",0
226528450,1.09996425764235,NA,"Telegraph",0
226709756,0.864648370610447,3,"Telegraph",0
226826130,1.08225092188429,4,"Telegraph",0
226855626,1.15071974497183,NA,"Telegraph",0
226882688,1.11090807244372,6,"Telegraph",0
227055894,0.858518971901073,5,"Telegraph",0
227287102,0.954906372808957,2,"Telegraph",0
227602660,0.950592752033376,6,"Telegraph",0
227944558,0.90877666529352,4,"Telegraph",0
227964436,1.14587098527074,2,"Telegraph",0
228016344,0.809224797923887,4,"Telegraph",1
228028350,0.755649031892398,3,"Telegraph",0
228033558,0.902234756709367,5,"Telegraph",1
228067372,1.18539204557697,2,"Telegraph",1
228282186,1.00522952111069,3,"Telegraph",0
228389346,1.19084117181984,5,"Telegraph",0
229108716,0.773514149606264,NA,"Telegraph",0
229201752,0.970690828252488,5,"Telegraph",0
229285242,1.13489395532347,5,"Telegraph",0
229327278,0.838923395031558,4,"Telegraph",0
229338436,1.31023536383949,NA,"Telegraph",0
229490082,0.825629512531082,NA,"Telegraph",0
229997250,0.937281405220983,6,"Telegraph",1
230016728,1.10038211214613,1,"Telegraph",0
230479568,0.710710158186194,3,"Telegraph",0
230516334,1.30744938561453,NA,"Telegraph",0
230656214,0.952514054234276,2,"Telegraph",0
230940244,0.777455531331569,5,"Telegraph",0
230963370,0.730423074421176,5,"Telegraph",0
231092038,1.25917004392884,NA,"Telegraph",0
231133080,0.863240279530685,NA,"Telegraph",0
231137692,1.11051619593532,2,"Telegraph",0
231255642,1.0157502681202,NA,"Telegraph",0
231417390,1.04821129985381,3,"Telegraph",0
231449930,0.893882382987373,3,"Telegraph",0
231502246,1.09687379397963,6,"Telegraph",1
231657460,1.00711738265362,5,"Telegraph",0
231680166,0.864648370610447,NA,"Telegraph",0
231824598,0.882380503354242,5,"Telegraph",1
231930060,1.15733318602746,6,"Telegraph",0
232199162,0.810238724016875,2,"Telegraph",0
232325042,0.88094433995283,3,"Telegraph",0
232456138,0.996756983269718,5,"Telegraph",0
232507610,0.966780512115836,6,"Telegraph",0
232565984,0.849860689645018,4,"Telegraph",0
232909178,1.85652836451132,3,"Telegraph",0
232912942,0.912183457423489,2,"Telegraph",0
233227326,0.973494560447607,6,"Telegraph",0
233229830,1.04545076860647,5,"Telegraph",1
233551168,0.907934336325401,NA,"Telegraph",0
234100332,1.37936339097195,4,"Telegraph",0
234264702,0.967262509779359,4,"Telegraph",0
234268414,1.139891498601,3,"Telegraph",0
234465532,0.941475061743225,7,"Telegraph",1
234502100,1.15663276814745,3,"Telegraph",0
234694572,0.981435454214154,NA,"Telegraph",0
234747608,0.716311934393466,NA,"Telegraph",0
234862160,0.916234397601368,2,"Telegraph",0
234910798,0.659365413068409,3,"Telegraph",1
234950940,1.1215982337261,NA,"Telegraph",0
234954360,0.815368449823886,6,"Telegraph",1
235025102,0.693175934117593,4,"Telegraph",0
235027802,1.21362380586101,3,"Telegraph",0
235102532,0.861340258855701,3,"Telegraph",0
235177924,1.00421857653253,4,"Telegraph",0
235178750,1.09149051834509,2,"Telegraph",0
235209238,1.54317816939359,NA,"Telegraph",0
235234060,1.31348228308953,NA,"Telegraph",0
235237936,0.791474064625286,3,"Telegraph",0
235244244,1.1904945761062,4,"Telegraph",0
235469740,0.748564002239245,4,"Telegraph",0
235517380,0.901411846932764,NA,"Telegraph",0
235565420,0.776014895656018,4,"Telegraph",0
235620462,1.43560410948649,3,"Telegraph",0
235628006,0.773399412103734,4,"Telegraph",0
235742916,0.913637010769501,1,"Telegraph",0
235783414,0.72111127939402,2,"Telegraph",0
235893704,1.46484040074194,5,"Telegraph",0
235955062,0.886822303562665,4,"Telegraph",0
236100192,1.25806440010956,5,"Telegraph",0
236114346,0.872905228243007,4,"Telegraph",1
236139646,1.156249547604,NA,"Telegraph",0
236168312,1.08546716548142,5,"Telegraph",0
236176102,1.08546716548142,7,"Telegraph",0
236332178,0.809073472065475,NA,"Telegraph",0
236358398,0.803926781539201,4,"Telegraph",1
236397790,0.802387953519758,4,"Telegraph",1
236408360,1.42346835608274,5,"Telegraph",0
236417094,0.931747268644087,5,"Telegraph",0
236424730,0.849112665727184,7,"Telegraph",0
236782462,0.722093620081988,NA,"Telegraph",0
236899074,0.902075513615672,5,"Telegraph",0
236903984,0.874509220133132,4,"Telegraph",0
236975626,1.38343570454086,5,"Telegraph",0
236984614,1.50841158285983,NA,"Telegraph",0
237155958,1.24425302684611,6,"Telegraph",0
237191118,0.886933958615908,1,"Telegraph",0
237284658,0.883636508279602,1,"Telegraph",0
237293988,1.26537557701981,NA,"Telegraph",0
237415254,0.854940286954503,5,"Telegraph",0
237533682,0.726716343700419,4,"Telegraph",0
237804168,0.829952927673403,NA,"Telegraph",0
237806992,1.0114882148568,3,"Telegraph",0
237861170,0.809224797923887,4,"Telegraph",1
237972620,0.986126522965511,NA,"Telegraph",0
237981932,0.992069247869398,1,"Telegraph",0
238043820,0.841918816446721,4,"Telegraph",0
238150478,1.03853157643102,4,"Telegraph",0
238207106,0.957109686868463,3,"Telegraph",0
238378106,1.14434386745079,2,"Telegraph",0
238537170,0.955189414368835,4,"Telegraph",0
238695936,0.949177425027681,7,"Telegraph",0
238837960,1.06872920288467,1,"Telegraph",0
238969016,0.918543414767566,2,"Telegraph",0
239021156,0.900631603709599,3,"Telegraph",0
239283474,0.860951706028191,4,"Telegraph",1
239295582,0.874612171631431,NA,"Telegraph",0
239328428,1.07274758838559,2,"Telegraph",0
239716750,0.788316125564276,5,"Telegraph",0
239717746,1.04639855996209,2,"Telegraph",0
239824926,0.992069247869398,6,"Telegraph",1
240252406,1.04825989369176,4,"Telegraph",0
240384426,0.882380503354242,6,"Telegraph",0
240428194,1.58697342450866,4,"Telegraph",1
240480492,0.722093620081988,2,"Telegraph",0
240592222,0.828602095447296,3,"Telegraph",0
241004572,1.31348228308953,2,"Telegraph",0
241259180,1.17416735801091,NA,"Telegraph",0
241260470,0.790256026834739,2,"Telegraph",0
241677794,0.682042595020447,2,"Telegraph",0
241770534,1.00067745746996,NA,"Telegraph",0
241910882,1.31348228308953,3,"Telegraph",0
241961008,0.706764486668654,NA,"Telegraph",0
241997550,1.18197456823178,6,"Telegraph",1
242019596,1.40736293547749,2,"Telegraph",0
242079690,1.34140664769378,4,"Telegraph",0
242113384,1.12734874109699,3,"Telegraph",0
242126000,1.07026806359058,3,"Telegraph",0
242131272,0.849860689645018,NA,"Telegraph",0
242184698,0.839466032239436,4,"Telegraph",0
242191316,1.11759417950103,NA,"Telegraph",0
242201262,1.07080007470534,2,"Telegraph",0
242614170,1.23719503916481,2,"Telegraph",0
242728716,1.17805730289448,3,"Telegraph",0
242734358,0.858195384763216,NA,"Telegraph",0
242982242,1.12231538296698,NA,"Telegraph",0
243033632,1.13006190461584,2,"Telegraph",0
243174734,1.42081610668656,NA,"Telegraph",0
243267978,0.952161368446369,4,"Telegraph",0
243270752,1.08189143205945,NA,"Telegraph",0
243275230,1.02210344133425,2,"Telegraph",0
243277344,1.12852173237047,3,"Telegraph",0
243282568,1.04821129985381,3,"Telegraph",0
243302040,1.18344743924511,6,"Telegraph",0
243360098,1.09149051834509,1,"Telegraph",0
243389836,1.08542077453939,NA,"Telegraph",0
243416922,1.27039863364042,6,"Telegraph",1
243513246,0.865819742700279,NA,"Telegraph",0
243570914,1.47853590299812,NA,"Telegraph",0
243621412,0.951296560837276,4,"Telegraph",0
243768256,1.10933996797269,4,"Telegraph",0
243770838,1.37004414647068,NA,"Telegraph",0
243811922,0.85145803757202,NA,"Telegraph",0
243856312,1.12852173237047,2,"Telegraph",0
243956104,1.00522952111069,3,"Telegraph",0
243962186,1.01471712560845,4,"Telegraph",0
244017652,1.50424951966136,NA,"Telegraph",0
244066224,1.30394983776155,2,"Telegraph",0
244225582,1.00717734988056,2,"Telegraph",0
244231600,1.09399861784537,4,"Telegraph",0
244239608,1.02450597084423,5,"Telegraph",0
244272520,0.666104197458307,3,"Telegraph",0
244363094,0.728004669895852,NA,"Telegraph",1
244459822,1.65135207820116,4,"Telegraph",0
244460394,0.731676761639663,5,"Telegraph",1
244471710,1.16537677294192,NA,"Telegraph",0
244472510,1.07552028946906,4,"Telegraph",0
244511076,1.14263281467796,3,"Telegraph",1
244520624,1.03853157643102,6,"Telegraph",0
244609110,0.907525909674223,1,"Telegraph",0
244670794,1.03436469303264,NA,"Telegraph",0
244675238,1.34791680346685,6,"Telegraph",0
244819998,0.982635894449724,5,"Telegraph",0
244835122,1.12711893978127,NA,"Telegraph",0
244934952,1.03399176987092,5,"Telegraph",0
244936998,0.835834619933641,NA,"Telegraph",0
244967280,0.617940442239118,5,"Telegraph",1
244975708,0.869645131123742,NA,"Telegraph",0
244991036,0.748709925131492,1,"Telegraph",0
245033894,0.965601687695346,NA,"Telegraph",0
245035084,0.82403318580157,2,"Telegraph",0
245041128,1.02785139550654,5,"Telegraph",0
245098012,0.811949940596628,NA,"Telegraph",1
245109482,1.17687254795235,5,"Telegraph",0
245112736,0.937792852445881,1,"Telegraph",1
245150468,0.962606283970557,2,"Telegraph",0
245172088,0.949997178024947,6,"Telegraph",0
245189310,0.760500356697638,1,"Telegraph",0
245226426,1.11161838640186,NA,"Telegraph",0
245495782,1.03935668286125,2,"Telegraph",0
245506204,1.46674226043578,4,"Telegraph",0
245527012,0.88152661190806,4,"Telegraph",0
245541078,0.906926594120061,2,"Telegraph",0
245581332,0.940979139985692,NA,"Telegraph",0
245664702,1.18512538089011,NA,"Telegraph",0
245696286,1.09141372224,6,"Telegraph",1
245725342,0.874228151225759,NA,"Telegraph",0
245732252,0.739042129788318,3,"Telegraph",1
245800866,0.970574089858866,3,"Telegraph",0
245898614,1.07026806359058,NA,"Telegraph",0
245915150,1.31076378105843,4,"Telegraph",0
245921714,0.985720727774559,NA,"Telegraph",0
245927260,1.2495897009648,6,"Telegraph",0
246036172,0.746752392074174,NA,"Telegraph",0
246117174,1.45275916279413,NA,"Telegraph",0
246119092,0.743709610051722,4,"Telegraph",0
246119930,1.20661248221301,5,"Telegraph",0
246180398,0.804905306198983,5,"Telegraph",0
246191638,0.905840002742017,6,"Telegraph",0
246192908,1.06641072555465,4,"Telegraph",0
246193934,1.09328485701699,5,"Telegraph",0
246309946,1.07399996424319,2,"Telegraph",0
246321994,0.915112869682585,2,"Telegraph",0
246353120,1.31775701534186,4,"Telegraph",0
246358096,1.04435282686173,4,"Telegraph",0
246374866,0.841427799185097,3,"Telegraph",0
246506818,1.03853157643102,6,"Telegraph",0
246516648,1.21001277884327,NA,"Telegraph",0
246520718,1.07925652353775,2,"Telegraph",0
246542616,0.844139524106999,3,"Telegraph",0
246592442,1.05676039073738,2,"Telegraph",0
246688526,1.05966422491494,1,"Telegraph",0
246714200,1.10801522637059,1,"Telegraph",0
246727592,0.924041284515153,5,"Telegraph",0
246735126,1.12410318225958,5,"Telegraph",0
246806450,1.08606873653083,5,"Telegraph",0
246938584,0.815344215130893,6,"Telegraph",0
246952162,0.957444009006743,3,"Telegraph",0
247027498,0.966585142604069,5,"Telegraph",0
247316044,0.836210782345226,1,"Telegraph",0
247330152,0.84389780870887,5,"Telegraph",0
247346276,1.07406539090756,4,"Telegraph",0
247392880,1.00153209041442,6,"Telegraph",0
247498812,1.389252481525,4,"Telegraph",0
247534644,1.25025791137697,2,"Telegraph",0
247760106,1.43923470614957,NA,"Telegraph",0
247791542,1.53191879472082,5,"Telegraph",1
247914468,1.03050753737529,2,"Telegraph",0
247918880,1.04081740064865,NA,"Telegraph",0
247935700,1.04225630605842,3,"Telegraph",0
247999208,0.809567149658432,4,"Telegraph",0
247999610,0.93157629109852,NA,"Telegraph",0
248011082,1.00675007248202,4,"Telegraph",0
248144518,1.46126432071995,NA,"Telegraph",0
248294862,1.1826186803262,2,"Telegraph",0
248308458,1.15970012963805,5,"Telegraph",0
248312342,1.15970012963805,5,"Telegraph",0
248371612,0.994700190974875,5,"Telegraph",0
248421386,0.800172571702637,2,"Telegraph",0
248471346,1.00593672063042,3,"Telegraph",0
248471944,1.15970012963805,5,"Telegraph",0
248772720,0.777455531331569,NA,"Telegraph",1
248793778,0.869672230435079,4,"Telegraph",0
248799736,1.35940734902808,NA,"Telegraph",0
248954192,0.72360665178835,4,"Telegraph",0
248970416,1.14649981273723,3,"Telegraph",0
248980952,1.18560985092296,4,"Telegraph",0
249046688,1.04639855996209,2,"Telegraph",0
249112664,1.15970012963805,5,"Telegraph",0
249120520,0.777751512521152,4,"Telegraph",1
249136112,0.98852660138264,NA,"Telegraph",0
249182422,1.01560192037423,5,"Telegraph",0
249193606,0.938422246637422,5,"Telegraph",0
249204898,1.67485030842223,4,"Telegraph",1
249310854,1.03628267738863,6,"Telegraph",0
249310956,0.837240561017362,NA,"Telegraph",0
249357128,0.779730772953144,NA,"Telegraph",0
249400044,0.937282210218467,NA,"Telegraph",0
249428076,1.02243301700971,4,"Telegraph",0
249636656,1.27061121852916,NA,"Telegraph",0
249641718,0.951296560837276,6,"Telegraph",0
249831400,0.900631603709599,NA,"Telegraph",0
249874586,1.03853157643102,5,"Telegraph",0
249882198,1.45736810296744,2,"Telegraph",0
249886344,0.844599804018056,2,"Telegraph",0
249933564,1.19920202677496,6,"Telegraph",0
249967960,1.24002630665162,4,"Telegraph",0
249988812,1.00446403073359,4,"Telegraph",0
250004016,1.39097574873337,NA,"Telegraph",0
250022452,1.00522952111069,2,"Telegraph",0
250144212,0.908992665360407,NA,"Telegraph",0
250315768,0.957146637712426,5,"Telegraph",0
250481724,1.21905665339257,2,"Telegraph",0
250524840,0.837240561017362,NA,"Telegraph",0
250528716,0.944539814233425,4,"Telegraph",0
250594856,0.911608550605073,2,"Telegraph",0
250603264,0.850421468757355,NA,"Telegraph",0
250778074,0.902302814296871,4,"Telegraph",0
250915674,0.959615992781274,4,"Telegraph",0
250955916,1.27061121852916,4,"Telegraph",0
251114406,1.64127489930417,NA,"Telegraph",0
251140312,1.06282532556844,1,"Telegraph",0
251195960,0.631352578789425,3,"Telegraph",0
251250296,1.29319229243722,5,"Telegraph",0
251292618,0.992069247869398,5,"Telegraph",1
251304660,1.03853157643102,4,"Telegraph",0
251336130,1.05966422491494,4,"Telegraph",0
251435988,1.01679535433635,2,"Telegraph",0
251441206,0.840379180947973,NA,"Telegraph",0
251520114,1.00055203366279,7,"Telegraph",0
251660972,1.2166313101662,NA,"Telegraph",0
251688052,1.2166313101662,NA,"Telegraph",0
251757978,1.01225185360331,4,"Telegraph",0
251947168,0.891999745501182,NA,"Telegraph",0
251955692,1.11306076189116,4,"Telegraph",0
252094444,0.877623404426673,2,"Telegraph",0
252282394,1.02393473104551,6,"Telegraph",0
252284636,1.35087488602065,1,"Telegraph",0
252344084,1.19686416781481,5,"Telegraph",1
252495830,0.634041537320341,4,"Telegraph",0
252572488,1.09295094620214,6,"Telegraph",0
252572592,0.860016278737157,NA,"Telegraph",0
252582704,0.781094152978036,3,"Telegraph",0
252620370,1.35087488602065,NA,"Telegraph",0
252701886,0.871249782440781,4,"Telegraph",0
252761092,0.847853503740656,3,"Telegraph",0
252892348,1.24722763970459,7,"Telegraph",1
252972498,1.17829308234422,5,"Telegraph",0
252991186,1.21628093886108,NA,"Telegraph",0
252993850,1.04545076860647,6,"Telegraph",0
253017160,0.996488849604868,5,"Telegraph",0
253047984,1.00013130418113,NA,"Telegraph",0
253058828,1.61207512336239,NA,"Telegraph",1
253094232,0.945516606100346,1,"Telegraph",0
253104970,0.986126522965511,NA,"Telegraph",0
253350012,1.09149051834509,4,"Telegraph",0
253366666,1.109981118125,4,"Telegraph",0
253372226,0.91533745396678,5,"Telegraph",0
253409710,1.15088794154556,NA,"Telegraph",0
253413920,1.44412465285759,2,"Telegraph",0
253414426,1.57263594352526,4,"Telegraph",0
253473946,1.35820553694131,3,"Telegraph",0
253583024,0.847853503740656,3,"Telegraph",0
253700274,1.2166313101662,NA,"Telegraph",0
253773196,0.830583986577563,2,"Telegraph",0
253971900,1.2296964925649,4,"Telegraph",0
254011828,1.19486633620577,NA,"Telegraph",0
254027902,0.947989673412706,NA,"Telegraph",1
254042094,0.702771877355593,3,"Telegraph",0
254043028,1.4050837777731,4,"Telegraph",0
254074910,0.839345541875355,NA,"Telegraph",0
254084544,1.00565586171353,NA,"Telegraph",0
254128848,1.25806440010956,2,"Telegraph",0
254143726,1.43726515314281,5,"Telegraph",0
254242758,0.853436779759635,6,"Telegraph",0
254279428,0.959461704892058,4,"Telegraph",0
254422914,0.667132118089837,5,"Telegraph",0
254516300,1.22413509579127,6,"Telegraph",0
254616818,1.12345227352438,NA,"Telegraph",0
254651770,1.11834396160192,3,"Telegraph",0
254662346,0.711854759046975,1,"Telegraph",0
254679304,1.26776673367235,3,"Telegraph",0
254763566,1.52805623909157,5,"Telegraph",0
254771514,1.74486379261252,5,"Telegraph",0
254814504,1.50409503337125,3,"Telegraph",0
254840058,0.908333257646119,2,"Telegraph",0
254858296,1.52805623909157,5,"Telegraph",0
254889174,1.28214454708282,2,"Telegraph",0
254900654,0.959719806232124,NA,"Telegraph",0
255120288,1.10221638715275,NA,"Telegraph",0
255179604,1.09149051834509,1,"Telegraph",0
255467932,1.32940283047737,4,"Telegraph",0
255508122,1.30210823927937,NA,"Telegraph",0
255533664,1.28495421012571,NA,"Telegraph",0
255575134,1.43726515314281,5,"Telegraph",1
255575162,1.43726515314281,5,"Telegraph",0
255830148,0.912183457423489,NA,"Telegraph",0
255842650,1.04080094107007,3,"Telegraph",0
255845516,0.822284956213542,5,"Telegraph",0
255876590,1.41931298375505,7,"Telegraph",1
255886052,1.53266790113363,5,"Telegraph",0
255930730,1.09587735077075,NA,"Telegraph",1
256296114,1.26354964734177,NA,"Telegraph",0
256372290,1.14698194567146,1,"Telegraph",0
256377332,1.03841065441449,3,"Telegraph",1
256382828,0.888668334820385,4,"Telegraph",0
256629652,1.46126432071995,NA,"Telegraph",0
256654994,1.5729540438391,5,"Telegraph",0
256716582,0.70660062760802,4,"Telegraph",0
256734410,1.62495476738903,3,"Telegraph",0
256744152,1.52805623909157,5,"Telegraph",0
256765230,0.992069247869398,1,"Telegraph",0
256829698,1.0280548645453,5,"Telegraph",0
256902536,0.895919419067703,3,"Telegraph",0
256948856,0.967182023077504,2,"Telegraph",1
256975524,1.25560707761896,4,"Telegraph",0
257056952,1.17672062322091,2,"Telegraph",0
257117462,0.864322424376335,4,"Telegraph",0
257140874,1.25560707761896,1,"Telegraph",0
257329310,1.00055203366279,4,"Telegraph",0
257439154,1.17076230068469,5,"Telegraph",0
257444136,1.13094910625205,4,"Telegraph",0
257447848,1.21050592719842,5,"Telegraph",0
257529088,1.5587940285612,4,"Telegraph",0
257568892,0.911337970760185,NA,"Telegraph",0
257571518,1.05966422491494,5,"Telegraph",0
257627044,1.58931555708301,NA,"Telegraph",0
257634768,1.11058474135198,4,"Telegraph",0
257649116,1.35313295653385,2,"Telegraph",0
257664948,0.861018752332383,7,"Telegraph",0
257675396,1.32098433130753,NA,"Telegraph",0
257690444,1.02764368463236,5,"Telegraph",0
257716944,0.907934336325401,NA,"Telegraph",0
257776224,0.802361947713291,2,"Telegraph",0
257781626,0.785667680325056,2,"Telegraph",1
257800766,1.05631709786659,NA,"Telegraph",0
257916366,0.947861602426335,5,"Telegraph",0
257929404,1.13781406477558,4,"Telegraph",0
258020620,0.789474934182,NA,"Telegraph",0
258224158,1.0118088844434,4,"Telegraph",0
258240248,1.0103637972367,5,"Telegraph",0
258247388,0.860016278737157,NA,"Telegraph",0
258329500,1.0103637972367,6,"Telegraph",0
258330704,0.933781680109807,NA,"Telegraph",0
258459848,0.879904344324191,2,"Telegraph",0
258526256,0.886933958615908,4,"Telegraph",0
258645752,1.34582968388196,1,"Telegraph",0
258665790,1.05463771209613,2,"Telegraph",0
258681212,1.17782370179777,2,"Telegraph",0
258709540,1.0114882148568,4,"Telegraph",0
258778800,0.805845311522441,2,"Telegraph",0
258819738,0.871182216099515,NA,"Telegraph",0
258826400,1.0114882148568,4,"Telegraph",0
258836194,1.44412647653647,6,"Telegraph",0
258837580,1.45876151575058,5,"Telegraph",0
258919130,0.865819742700279,3,"Telegraph",0
258964502,1.38207320158619,NA,"Telegraph",0
259003810,0.825730068556372,3,"Telegraph",1
259109580,1.17927293524207,3,"Telegraph",0
259142246,0.631957775386743,NA,"Telegraph",0
259159332,1.13811858320268,1,"Telegraph",0
259167646,0.874667222990687,1,"Telegraph",0
259184034,0.944478158961642,NA,"Telegraph",0
259225656,1.16974549913189,4,"Telegraph",0
259242222,1.15163773693288,NA,"Telegraph",0
259250984,1.41136041470365,NA,"Telegraph",0
259260544,0.668747674183253,1,"Telegraph",0
259290400,0.966585142604069,5,"Telegraph",0
259304028,0.753374999439595,4,"Telegraph",0
259475668,1.11651904920855,3,"Telegraph",0
259486672,1.35087488602065,3,"Telegraph",0
259523456,1.42304647564076,4,"Telegraph",0
259539898,1.14314704979682,5,"Telegraph",0
259540724,1.23947720042178,3,"Telegraph",0
259652418,1.52432786858755,6,"Telegraph",0
259691782,0.973446004714624,7,"Telegraph",1
259703584,0.767207246569012,3,"Telegraph",0
259787932,1.07791744583546,2,"Telegraph",0
259807156,1.13489395532347,6,"Telegraph",0
259814654,1.09329050988517,4,"Telegraph",0
259874450,0.9205756783726,NA,"Telegraph",0
259911830,0.844414264278832,NA,"Telegraph",0
259915756,1.14051234166405,4,"Telegraph",1
259921504,0.962434844103709,6,"Telegraph",0
259923704,0.972481734845992,1,"Telegraph",0
260065192,0.62334240367033,4,"Telegraph",0
260083968,1.21415512943999,3,"Telegraph",0
260138946,1.2166313101662,4,"Telegraph",0
260181550,1.3795942097128,3,"Telegraph",0
260182324,1.04186346589293,6,"Telegraph",0
260192104,1.12660251080514,4,"Telegraph",0
260214658,0.93624204253036,1,"Telegraph",0
260252636,0.738421552997824,NA,"Telegraph",0
260267474,0.878672242175325,2,"Telegraph",0
260287420,0.719925047398161,5,"Telegraph",1
260293456,0.922755024824995,NA,"Telegraph",0
260311614,0.818563175004828,NA,"Telegraph",0
260324730,0.741597558132564,4,"Telegraph",0
260327522,1.4748264475141,NA,"Telegraph",0
260350348,1.15970012963805,4,"Telegraph",0
260365118,1.07026806359058,4,"Telegraph",0
260383590,0.758716631938431,NA,"Telegraph",0
260392790,1.42614241546544,NA,"Telegraph",0
260394396,0.98804833730148,4,"Telegraph",0
260394922,0.847795777918023,4,"Telegraph",1
260409030,0.915477417633601,NA,"Telegraph",0
260450826,1.1535138247527,2,"Telegraph",0
260467546,1.24681825344492,NA,"Telegraph",0
260485980,1.10502380836018,1,"Telegraph",0
260488996,0.59860493491936,NA,"Telegraph",0
260515502,0.924164122376536,6,"Telegraph",0
260558310,0.883840804839242,6,"Telegraph",0
260584102,0.83672340058174,NA,"Telegraph",0
260638540,0.955375586826625,NA,"Telegraph",0
260714790,0.701845158958922,4,"Telegraph",0
260811908,0.984850686085726,4,"Telegraph",0
260931750,0.84389780870887,6,"Telegraph",1
260964070,0.978601517128702,NA,"Telegraph",0
261051208,1.20992764363874,1,"Telegraph",0
261062580,0.965616372392045,4,"Telegraph",0
261068880,0.59519163967669,1,"Telegraph",1
20022530,0.894742969930345,4,"TheTimes",0
20023753,0.817899511525492,6,"TheTimes",0
20025447,0.924464590075186,5,"TheTimes",1
20026947,0.821534967006642,2,"TheTimes",0
20047619,0.820360991763164,6,"TheTimes",0
20048332,1.1759725084016,4,"TheTimes",0
20048618,0.925208410912284,4,"TheTimes",1
20050448,0.987033283522209,5,"TheTimes",0
20051529,0.761143846254295,4,"TheTimes",0
20051923,0.803926781539201,6,"TheTimes",0
20052122,1.03465290359113,4,"TheTimes",0
20052241,0.915122066222173,4,"TheTimes",1
20054024,0.897206273270836,5,"TheTimes",0
20054270,0.917818307739336,NA,"TheTimes",0
20054395,1.03853157643102,5,"TheTimes",1
20060542,0.971117221620311,NA,"TheTimes",0
20064022,1.02756830800205,6,"TheTimes",0
20065179,1.01019313817515,4,"TheTimes",0
20067149,1.36837782143029,5,"TheTimes",0
20067844,0.887468293345291,5,"TheTimes",0
20073628,0.923817194805369,3,"TheTimes",0
20074410,0.773996228257417,NA,"TheTimes",0
20077389,1.18669564292533,NA,"TheTimes",0
20078507,1.00964339403178,3,"TheTimes",0
20085274,1.09594320375307,4,"TheTimes",0
20086548,0.973494560447607,6,"TheTimes",0
20087794,0.788292694930814,6,"TheTimes",0
20087888,0.8108497346763,NA,"TheTimes",0
20088212,0.817899511525492,6,"TheTimes",0
20089287,0.760970327217994,4,"TheTimes",0
20089575,0.765847326092285,3,"TheTimes",0
20091650,1.36467995317101,6,"TheTimes",0
20091668,0.976826118736406,4,"TheTimes",0
20093294,0.890771270097029,6,"TheTimes",0
20096796,0.909315105885082,3,"TheTimes",0
20098142,0.851773826284773,2,"TheTimes",0
20099291,0.976826118736406,6,"TheTimes",0
20102045,1.18262480891063,4,"TheTimes",0
20103834,1.18127904724926,NA,"TheTimes",0
20105311,0.978841972355124,NA,"TheTimes",0
20106754,0.995000205805947,7,"TheTimes",0
20107774,0.957175087236545,4,"TheTimes",0
20108848,0.686890779810034,4,"TheTimes",0
20113956,1.05395044442534,6,"TheTimes",0
20114172,0.884671877547993,5,"TheTimes",0
20114869,1.42500367564671,2,"TheTimes",0
20115167,0.748282483561949,3,"TheTimes",0
20122155,1.27260493984081,4,"TheTimes",0
20122792,1.09295094620214,4,"TheTimes",0
20124135,0.915653346199629,6,"TheTimes",1
20125503,0.798900062604096,5,"TheTimes",0
20126726,0.739654295956792,NA,"TheTimes",0
20128496,0.928967578985955,5,"TheTimes",0
20133288,1.2934980155536,3,"TheTimes",0
20133843,1.07922092931644,4,"TheTimes",0
20133959,0.976826118736406,5,"TheTimes",0
20134062,0.953571918607351,4,"TheTimes",0
20135037,0.948052073531323,7,"TheTimes",0
20135236,1.17776303245002,NA,"TheTimes",0
20135368,0.976826118736406,5,"TheTimes",0
20135890,0.825688491871181,3,"TheTimes",0
20135896,1.02691170127348,5,"TheTimes",0
20136090,1.07868111800161,4,"TheTimes",0
20136198,0.930329183919794,4,"TheTimes",0
20137204,1.16766529817587,NA,"TheTimes",0
20137867,0.91954497216919,4,"TheTimes",0
20139579,0.823005185848736,4,"TheTimes",1
20139936,1.1771220972616,3,"TheTimes",0
20140177,1.09074035706863,NA,"TheTimes",0
20140746,1.34812249136809,6,"TheTimes",0
20142240,0.929902768554445,1,"TheTimes",0
20143499,0.749672136467166,1,"TheTimes",0
20143790,1.03541599566902,5,"TheTimes",0
20145040,1.27118104060527,NA,"TheTimes",0
20145226,0.790272204577528,NA,"TheTimes",0
20145321,0.905840002742017,3,"TheTimes",0
20145418,1.02827233406731,4,"TheTimes",0
20148829,0.953571918607351,NA,"TheTimes",0
20149402,0.876750016606568,NA,"TheTimes",0
20149838,0.969858785669946,NA,"TheTimes",0
20150337,1.02827197727516,3,"TheTimes",0
20151311,0.723829626325887,5,"TheTimes",0
20151909,0.91840516021723,5,"TheTimes",0
20152155,0.798661733986574,4,"TheTimes",0
20152444,0.952251715896481,4,"TheTimes",0
20153171,0.976826118736406,2,"TheTimes",0
20155692,0.914772568516223,NA,"TheTimes",0
20156694,1.33176607273167,4,"TheTimes",0
20157553,0.809471843979465,6,"TheTimes",0
20157664,1.1761964194612,6,"TheTimes",0
20160898,1.34323433307381,2,"TheTimes",0
20161127,0.720343693026911,3,"TheTimes",1
20161313,0.927449832702319,5,"TheTimes",0
20165504,0.900276752673519,6,"TheTimes",0
20167553,0.953571918607351,6,"TheTimes",0
20168594,0.993555576786381,6,"TheTimes",0
20172071,1.09295094620214,5,"TheTimes",0
20172350,0.900276752673519,6,"TheTimes",0
20174731,1.00936762401267,NA,"TheTimes",0
20185685,0.850838952009086,2,"TheTimes",0
20186139,1.09335305494336,4,"TheTimes",0
20187447,1.08546716548142,NA,"TheTimes",0
20187643,1.12267941428684,NA,"TheTimes",0
20187973,0.761166469935306,4,"TheTimes",1
20190533,0.867336641943539,3,"TheTimes",0
20191176,0.87382095739501,5,"TheTimes",0
20192405,0.887013255982913,6,"TheTimes",1
20192862,0.765847326092285,NA,"TheTimes",0
20193929,0.94419959074595,6,"TheTimes",0
20194591,1.03392834431338,4,"TheTimes",0
20195130,0.916482088139855,NA,"TheTimes",0
20195245,0.747423130140161,3,"TheTimes",0
20196593,1.2758580902463,5,"TheTimes",0
20197611,0.686694582824386,NA,"TheTimes",0
20198070,0.904739521776239,5,"TheTimes",0
20199178,1.2128449680906,NA,"TheTimes",0
20199884,0.702322593003148,3,"TheTimes",0
20203396,1.05368885133127,2,"TheTimes",0
20203630,0.762653101584496,NA,"TheTimes",0
20204323,0.948867606283327,4,"TheTimes",0
20204943,0.887444447484897,4,"TheTimes",0
20208196,0.823793349980589,NA,"TheTimes",0
20210902,0.900276752673519,5,"TheTimes",1
20211741,0.908850223904938,3,"TheTimes",0
20212803,0.876294237923966,5,"TheTimes",0
20213840,0.940076826200111,3,"TheTimes",0
20218535,0.861397339890943,NA,"TheTimes",0
20219332,1.50409503337125,4,"TheTimes",0
20220715,0.936171066347943,3,"TheTimes",0
20223358,0.918134488710401,5,"TheTimes",0
20224282,1.22173933972407,NA,"TheTimes",0
20225171,1.10636867735698,3,"TheTimes",0
20229641,0.976826118736406,6,"TheTimes",1
20229961,0.847811794083742,4,"TheTimes",0
20230094,1.0109279537919,4,"TheTimes",0
20236098,1.14009882347847,NA,"TheTimes",0
20236184,0.915777316193063,3,"TheTimes",0
20239005,0.967957797037201,2,"TheTimes",0
20239127,0.858571516903643,NA,"TheTimes",0
20240996,0.812474998807354,3,"TheTimes",0
20242781,0.844645415079307,4,"TheTimes",0
20243373,1.03786796427443,4,"TheTimes",0
20246931,0.607263186969397,3,"TheTimes",0
20246999,1.5478282430944,3,"TheTimes",0
20247178,1.03853157643102,5,"TheTimes",0
20248337,0.884671877547993,5,"TheTimes",0
20248469,0.843427271661646,NA,"TheTimes",0
20249561,0.733583391835327,2,"TheTimes",0
20252333,0.84389780870887,NA,"TheTimes",0
20252892,0.668426975814446,NA,"TheTimes",0
20253190,0.919147800210688,2,"TheTimes",0
20261597,1.1259193156667,NA,"TheTimes",0
20261834,0.899637429815814,4,"TheTimes",0
20264620,0.896668094594843,4,"TheTimes",0
20267695,1.12267941428684,5,"TheTimes",0
20269882,1.22915997565542,4,"TheTimes",0
20271482,0.916841448123286,4,"TheTimes",0
20279656,0.771928521910068,NA,"TheTimes",0
20282652,0.858195384763216,4,"TheTimes",0
20283337,0.969239054797089,4,"TheTimes",0
20287056,0.884671877547993,4,"TheTimes",0
20287911,1.41933102769153,NA,"TheTimes",0
20292241,0.810238724016875,5,"TheTimes",0
20298810,0.763778615188506,3,"TheTimes",0
20305136,1.20786969531933,2,"TheTimes",0
20306733,0.756140976367034,3,"TheTimes",0
20309668,1.4953094644389,5,"TheTimes",1
20314827,0.77509187632978,4,"TheTimes",1
20314957,1.15061164828363,2,"TheTimes",0
20316902,1.11135869068197,6,"TheTimes",1
20334426,1.19378406791155,4,"TheTimes",0
20336029,0.868370017484301,NA,"TheTimes",0
20336875,1.06197604095222,5,"TheTimes",0
20339893,0.89385541742505,4,"TheTimes",0
20340967,1.20572086747911,4,"TheTimes",0
20343175,0.989809342081748,3,"TheTimes",0
20343899,0.958596070532606,NA,"TheTimes",0
20348755,0.887444447484897,NA,"TheTimes",0
20351548,1.05395044442534,3,"TheTimes",0
20379011,1.09501395932862,NA,"TheTimes",0
20383672,0.936849727935804,3,"TheTimes",0
20388046,1.33176607273167,4,"TheTimes",0
20389810,1.002611317936,4,"TheTimes",0
20396797,0.887622663785031,NA,"TheTimes",1
20397668,1.23205481737507,NA,"TheTimes",0
20399950,0.970799170414574,NA,"TheTimes",0
20405023,0.925654803029123,5,"TheTimes",0
20405320,0.84594142827104,5,"TheTimes",0
20418950,0.953571918607351,5,"TheTimes",0
20421365,0.917885286825368,NA,"TheTimes",0
20427040,1.10920518008911,2,"TheTimes",0
20427978,1.01019313817515,4,"TheTimes",0
20430365,0.719396769090035,NA,"TheTimes",0
20433545,1.03468070498057,5,"TheTimes",0
20434159,0.942515802898834,6,"TheTimes",0
20437849,0.78159358411302,3,"TheTimes",1
20440100,0.993519906850358,3,"TheTimes",0
20440170,1.03436469303264,4,"TheTimes",1
20440408,0.765847326092285,6,"TheTimes",1
20446141,1.18148589878386,5,"TheTimes",0
20501374,1.22214426581869,2,"TheTimes",0
20505330,0.917885286825368,6,"TheTimes",0
20525307,1.24842339100706,3,"TheTimes",0
20533993,1.07868111800161,5,"TheTimes",0
20545388,0.863592956821994,4,"TheTimes",0
20546711,0.897206273270836,6,"TheTimes",0
20548468,0.858707242933069,2,"TheTimes",0
20556580,0.85750172263526,2,"TheTimes",0
20571450,0.982862404751604,5,"TheTimes",0
20579704,0.659781242506987,5,"TheTimes",1
20588958,0.904559466223653,1,"TheTimes",0
20599963,0.9205756783726,5,"TheTimes",0
20609958,0.897206273270836,7,"TheTimes",0
20611450,1.12850448712512,4,"TheTimes",0
20621054,1.11416747220947,6,"TheTimes",0
20626839,0.771638719679397,5,"TheTimes",0
20629537,1.09149051834509,3,"TheTimes",0
20636152,0.874993877289061,2,"TheTimes",0
20636990,1.09295094620214,4,"TheTimes",0
20638692,1.18512538089011,4,"TheTimes",0
20639451,0.900276752673519,4,"TheTimes",0
20639487,0.976320446993874,5,"TheTimes",0
20639532,0.908943959690363,3,"TheTimes",0
20643016,1.02562633672478,4,"TheTimes",0
20644464,0.665983569115204,3,"TheTimes",0
20663607,1.48173141717201,NA,"TheTimes",0
20664557,0.865819742700279,NA,"TheTimes",0
20669921,0.89385541742505,6,"TheTimes",0
20671465,1.02571170243139,1,"TheTimes",0
20682590,1.25614430656367,4,"TheTimes",0
20690532,0.91787073208587,4,"TheTimes",0
20692384,1.02756830800205,4,"TheTimes",0
20696602,1.09295094620214,4,"TheTimes",0
20704743,1.22382710987253,NA,"TheTimes",0
20707325,1.13170811625119,4,"TheTimes",0
20707394,0.991152548827504,NA,"TheTimes",0
20710990,0.833697652560433,NA,"TheTimes",0
20713943,0.874027050296371,3,"TheTimes",0
20716485,0.738131805223005,2,"TheTimes",0
20716957,0.939044996852221,2,"TheTimes",0
20717044,1.20558630781978,5,"TheTimes",0
20718933,1.12566586807069,4,"TheTimes",0
20725665,1.10920518008911,5,"TheTimes",0
20728580,1.37004414647068,3,"TheTimes",0
20729382,0.963008145891068,4,"TheTimes",0
20733757,0.915653346199629,5,"TheTimes",0
20739660,0.898296032826641,NA,"TheTimes",0
20749975,1.16585337868382,3,"TheTimes",0
20757666,1.23205481737507,6,"TheTimes",1
20757869,0.834086882124798,6,"TheTimes",0
20759800,1.13130319812072,5,"TheTimes",0
20765090,1.03541599566902,5,"TheTimes",0
20772060,1.20144716521654,3,"TheTimes",0
20779386,0.715080729081225,2,"TheTimes",0
22086387,0.748564002239245,3,"TheTimes",0
22087570,0.960853674843062,5,"TheTimes",0
22091348,0.810908350835403,6,"TheTimes",1
22141182,1.09335305494336,3,"TheTimes",0
22141975,1.03853157643102,6,"TheTimes",0
22144146,0.748090154997302,6,"TheTimes",0
22152420,1.04160818585092,NA,"TheTimes",0
22152443,1.03465290359113,6,"TheTimes",0
22187403,0.878277890252884,3,"TheTimes",0
22264314,0.872316496291049,2,"TheTimes",0
22275023,0.839574388854932,4,"TheTimes",0
22309739,0.959687996382129,2,"TheTimes",0
22316630,0.77399224178618,4,"TheTimes",0
22330358,1.2495897009648,5,"TheTimes",0
22403734,0.811233985050568,3,"TheTimes",0
28009011,1.01859652762759,4,"TheTimes",0
28110124,0.936647281551935,4,"TheTimes",0
28242812,0.900276752673519,5,"TheTimes",0
28263520,0.970137481428116,7,"TheTimes",0
28359418,0.722908883836946,NA,"TheTimes",0
28367120,1.22418790138184,NA,"TheTimes",0
28371373,1.02910304873513,2,"TheTimes",0
28572771,0.909566209969306,5,"TheTimes",0
28807291,0.727172999856394,1,"TheTimes",0
28897999,0.888161284121996,3,"TheTimes",0
29093399,0.953571918607351,4,"TheTimes",0
29099947,0.818861168462333,2,"TheTimes",0
29171252,0.933001346993407,5,"TheTimes",0
29171826,0.950592752033376,6,"TheTimes",0
29213009,0.84389780870887,4,"TheTimes",0
29244000,0.760810689396771,NA,"TheTimes",0
29469942,1.03541599566902,5,"TheTimes",0
29477530,0.966261689432141,3,"TheTimes",0
29483187,0.973152758432742,3,"TheTimes",0
29487305,1.07427453506468,NA,"TheTimes",0
29498254,0.907051016528382,5,"TheTimes",0
29499762,0.833697652560433,NA,"TheTimes",0
29764485,1.17438519003218,4,"TheTimes",0
29821641,0.84797998909773,2,"TheTimes",0
29835911,0.908704538936667,NA,"TheTimes",0
29937004,1.18588314935095,NA,"TheTimes",0
30623806,1.46091454487931,6,"TheTimes",0
30629518,1.25047771566061,4,"TheTimes",0
30937696,1.03212708763763,NA,"TheTimes",0
31273935,0.83080796390262,NA,"TheTimes",0
31435701,1.39572624380206,4,"TheTimes",0
31671783,0.729783196899742,2,"TheTimes",0
31845573,0.820360991763164,4,"TheTimes",0
32693955,0.91667243543518,2,"TheTimes",0
32962021,0.748008777113973,2,"TheTimes",0
33159411,0.84389780870887,6,"TheTimes",0
33386432,0.750370362123011,3,"TheTimes",1
33702033,1.21173841367426,NA,"TheTimes",0
33764738,1.09671122198231,5,"TheTimes",1
33931048,0.893357025221136,5,"TheTimes",0
33951681,1.02243301700971,2,"TheTimes",0
33964836,0.924464590075186,3,"TheTimes",0
34242710,0.950592752033376,6,"TheTimes",0
34356611,0.999122114579395,NA,"TheTimes",0
34649256,0.667132118089837,NA,"TheTimes",0
35353980,1.28042165015217,NA,"TheTimes",0
36447947,0.998037974526841,2,"TheTimes",0
36477499,0.916125581039401,NA,"TheTimes",0
36630170,0.739654295956792,3,"TheTimes",0
36639352,0.924464590075186,5,"TheTimes",0
37273045,1.00593672063042,2,"TheTimes",0
37409380,0.87751795154183,6,"TheTimes",0
37905035,1.2489648275373,1,"TheTimes",0
37998195,0.934227297451027,3,"TheTimes",0
38145824,0.823793349980589,NA,"TheTimes",0
38171943,0.976826118736406,NA,"TheTimes",0
38174841,1.03956599130216,NA,"TheTimes",0
38243482,1.42555536706801,4,"TheTimes",0
38373885,1.06535376248509,4,"TheTimes",0
38418680,0.951505177759098,7,"TheTimes",0
38464266,0.993241815873803,2,"TheTimes",0
38541683,1.02010812125039,4,"TheTimes",0
38610986,0.970574089858866,5,"TheTimes",0
38800892,1.094444637344,6,"TheTimes",0
39340838,0.90245690193347,NA,"TheTimes",0
39601149,0.899073780798858,1,"TheTimes",0
39699738,1.00985806953401,NA,"TheTimes",0
39761399,0.841918816446721,2,"TheTimes",0
39918383,0.764849955428823,6,"TheTimes",0
40197802,0.89385541742505,4,"TheTimes",0
40202000,0.89385541742505,4,"TheTimes",0
40210877,0.869116517852556,4,"TheTimes",0
40259163,0.749495366073594,3,"TheTimes",0
40418895,0.915122066222173,2,"TheTimes",0
40512087,0.950592752033376,2,"TheTimes",0
40682383,0.911608550605073,5,"TheTimes",0
40686754,0.957146637712426,4,"TheTimes",0
40699600,0.900276752673519,4,"TheTimes",0
40759921,1.22799358143051,NA,"TheTimes",0
40834767,0.953571918607351,5,"TheTimes",0
40894203,0.811823837208255,3,"TheTimes",0
40903213,0.757671940311865,NA,"TheTimes",0
40908716,1.29156740857858,NA,"TheTimes",0
40915400,1.25364480788112,4,"TheTimes",0
40973680,0.917047842597496,NA,"TheTimes",0
41245265,0.769109561176168,4,"TheTimes",0
41325769,0.939523240854489,5,"TheTimes",0
41446381,1.01250373064625,NA,"TheTimes",0
41518838,0.711901513430157,3,"TheTimes",0
41723226,0.996441464564433,5,"TheTimes",0
41730131,0.844414264278832,4,"TheTimes",0
41758666,0.832713433836335,2,"TheTimes",0
41979535,0.957146637712426,NA,"TheTimes",0
41997586,1.34462274791379,3,"TheTimes",0
42131094,1.18106677543508,4,"TheTimes",0
42171186,0.970802159453395,4,"TheTimes",0
42191810,0.821615406288972,3,"TheTimes",0
42200816,1.05093695313805,2,"TheTimes",0
42348990,1.24632386535211,2,"TheTimes",0
42436462,0.970137481428116,5,"TheTimes",0
42585715,1.15663276814745,3,"TheTimes",0
42609607,0.887444447484897,6,"TheTimes",1
42748625,1.03465290359113,4,"TheTimes",0
42763963,1.3968866021068,6,"TheTimes",0
42837333,1.03521756164282,NA,"TheTimes",0
42856198,1.05699323222968,4,"TheTimes",0
42879263,0.796046040655566,4,"TheTimes",0
42886102,0.805533573987045,3,"TheTimes",0
42887802,1.18669564292533,4,"TheTimes",0
42887921,1.04222532771776,2,"TheTimes",0
42894286,1.2758580902463,6,"TheTimes",0
42897404,0.84863250636115,4,"TheTimes",1
42944000,0.94419959074595,5,"TheTimes",0
43023604,1.09836329118528,4,"TheTimes",0
43049539,0.832713433836335,1,"TheTimes",0
43057956,0.957146637712426,6,"TheTimes",0
43066111,0.97052327275018,NA,"TheTimes",0
43068545,0.830966332152616,5,"TheTimes",1
43094495,0.880547467181152,1,"TheTimes",1
43102874,0.766899671782288,4,"TheTimes",0
43132678,1.33269126360453,2,"TheTimes",0
43151306,0.702322593003148,1,"TheTimes",0
43226291,0.973152758432742,3,"TheTimes",0
43270919,0.9464923976839,2,"TheTimes",0
43280312,0.807425181094517,6,"TheTimes",0
43396423,0.921753865059368,NA,"TheTimes",0
43423680,1.08776673904153,3,"TheTimes",0
43435157,1.00252346728541,NA,"TheTimes",0
43452326,0.686890779810034,2,"TheTimes",0
43454196,1.05790013523282,NA,"TheTimes",0
43455435,0.787615768160952,5,"TheTimes",0
43496809,0.89385541742505,4,"TheTimes",0
43681882,1.6589226451259,NA,"TheTimes",0
43713638,0.977495379401078,5,"TheTimes",0
43860063,1.01195543590741,NA,"TheTimes",0
43983614,0.910844741517915,5,"TheTimes",0
44199329,0.717981833366672,NA,"TheTimes",0
44631876,0.817407164620393,4,"TheTimes",0
44643491,0.765847326092285,3,"TheTimes",0
44649116,0.784162620215093,2,"TheTimes",0
44661143,1.45946841545958,6,"TheTimes",0
44667881,0.756132193432155,3,"TheTimes",0
44672709,1.03853157643102,NA,"TheTimes",0
44698931,0.819384215656975,3,"TheTimes",0
44790445,0.846020986145008,1,"TheTimes",0
44812787,0.95586767490274,3,"TheTimes",0
44859114,1.41137521153932,NA,"TheTimes",0
44903992,0.900631603709599,2,"TheTimes",0
44944964,0.84863250636115,4,"TheTimes",0
44946802,0.910111462503697,3,"TheTimes",1
45051112,0.912814921390253,7,"TheTimes",0
45151531,1.13301478708081,4,"TheTimes",0
45320283,0.8390006323218,4,"TheTimes",0
45370989,0.953600261879144,NA,"TheTimes",0
45393528,0.869687597110306,4,"TheTimes",0
45448884,1.28338089692779,NA,"TheTimes",0
45619796,0.973494560447607,6,"TheTimes",0
45741935,0.828577467418826,3,"TheTimes",0
45780502,0.672593447348115,2,"TheTimes",0
45958294,0.999122114579395,4,"TheTimes",0
46226260,0.830583986577563,2,"TheTimes",0
46345528,1.04969749800208,NA,"TheTimes",0
46372790,1.003491112401,2,"TheTimes",0
46578362,0.727516890904271,NA,"TheTimes",0
46752005,0.755758887871929,4,"TheTimes",0
46765185,1.05473760391594,1,"TheTimes",1
46779526,1.18483688914871,3,"TheTimes",1
46799958,0.993065273061458,4,"TheTimes",0
47258112,0.835560094170178,4,"TheTimes",0
47358632,0.771101561565534,NA,"TheTimes",0
47516953,0.85831194107099,1,"TheTimes",0
47583586,0.808791864816064,3,"TheTimes",0
47586545,0.946069117560492,NA,"TheTimes",0
47636627,0.730794969038149,6,"TheTimes",0
47661167,1.18262480891063,5,"TheTimes",0
47669255,1.06546248652522,2,"TheTimes",0
47675054,1.02691170127348,4,"TheTimes",0
47690793,0.993462051294154,4,"TheTimes",0
47735381,1.03441445765973,5,"TheTimes",0
47745998,0.683279387180257,3,"TheTimes",0
47778351,1.02803076306129,5,"TheTimes",0
47793657,0.917047842597496,NA,"TheTimes",0
47853777,1.11161963724855,NA,"TheTimes",0
47904875,0.727151386542306,1,"TheTimes",0
47949665,0.890955976786543,4,"TheTimes",0
47962048,0.752760863645947,3,"TheTimes",0
47979961,1.12267941428684,NA,"TheTimes",0
47991091,1.18879859338437,2,"TheTimes",0
47991754,1.3702258933442,3,"TheTimes",0
48001579,0.989368864154687,3,"TheTimes",0
48315198,1.07274758838559,3,"TheTimes",0
48382228,1.38154475936927,2,"TheTimes",0
48711291,0.729701827506074,6,"TheTimes",0
48788760,1.16706528990819,1,"TheTimes",0
49350207,0.812299094949511,6,"TheTimes",0
50111974,1.266238879116,3,"TheTimes",0
51039510,0.947042510160343,NA,"TheTimes",0
51141573,0.802525094258597,NA,"TheTimes",0
51151934,1.08766107075745,3,"TheTimes",0
51205825,1.2916688895354,5,"TheTimes",0
52023806,0.756518380323481,2,"TheTimes",0
52052117,1.08964872142487,5,"TheTimes",0
52114037,1.24842339100706,4,"TheTimes",0
52161324,1.01044537148388,NA,"TheTimes",0
52295884,0.812323239131587,3,"TheTimes",0
52361998,0.815650431714229,NA,"TheTimes",0
52363982,0.887622663785031,2,"TheTimes",0
52471028,0.834987597606341,5,"TheTimes",0
52572254,0.912407017716603,2,"TheTimes",0
52580725,0.94367729036805,NA,"TheTimes",0
52618271,0.765847326092285,4,"TheTimes",0
52647854,0.994926306689342,6,"TheTimes",1
52675334,0.678170754168068,NA,"TheTimes",0
52731886,1.05653537236359,6,"TheTimes",0
52733844,0.947042510160343,6,"TheTimes",0
52821490,0.770024421186343,NA,"TheTimes",0
52929812,0.978489066996293,3,"TheTimes",0
52978709,0.882017873813367,5,"TheTimes",0
53088984,1.15663276814745,1,"TheTimes",0
53909359,0.852018555964852,5,"TheTimes",0
54237659,0.755605247248534,2,"TheTimes",0
54770795,0.976826118736406,5,"TheTimes",1
55242390,1.18498118682961,NA,"TheTimes",1
55251657,0.746245134352986,NA,"TheTimes",0
55547212,0.777846242675866,4,"TheTimes",0
55645879,0.895154007402913,4,"TheTimes",0
56392255,1.2495897009648,5,"TheTimes",0
56558105,1.44715692139383,4,"TheTimes",0
56566532,0.84389780870887,NA,"TheTimes",0
56576592,0.96822509508891,2,"TheTimes",0
56640358,0.689465773416466,6,"TheTimes",0
56649908,1.30953681195162,3,"TheTimes",0
56679233,0.86142096653516,1,"TheTimes",0
56713928,0.898932924060889,4,"TheTimes",0
56744467,0.730794969038149,5,"TheTimes",0
56832299,0.976826118736406,5,"TheTimes",0
56927578,1.31578321246702,2,"TheTimes",0
56931626,1.33889147039214,5,"TheTimes",0
56958546,1.02099059921259,5,"TheTimes",0
57017924,0.942380796761074,3,"TheTimes",0
57032583,0.769109561176168,4,"TheTimes",0
57032741,1.11026399086635,2,"TheTimes",0
57049325,1.15631417583776,5,"TheTimes",0
57053971,0.959687996382129,3,"TheTimes",0
57114436,1.02756830800205,6,"TheTimes",0
57115562,0.888098968266787,6,"TheTimes",0
57133460,1.2451859059914,4,"TheTimes",0
57165736,1.1759725084016,2,"TheTimes",0
57176854,0.916280695075066,NA,"TheTimes",0
57216373,0.788955183923185,4,"TheTimes",0
57230271,1.15581072837555,4,"TheTimes",0
57281520,1.06872920288467,1,"TheTimes",0
57300447,0.892494544422774,4,"TheTimes",0
57435135,0.976826118736406,NA,"TheTimes",0
57479676,0.771430872348229,2,"TheTimes",0
57479777,1.41650258041997,3,"TheTimes",0
57483282,1.0636669578344,3,"TheTimes",0
57483839,0.788292694930814,4,"TheTimes",1
57518822,0.68817335612607,2,"TheTimes",0
57558768,0.915834384521452,2,"TheTimes",0
57638604,1.12688807802034,5,"TheTimes",0
57810666,1.10614553262215,2,"TheTimes",0
57893068,0.953571918607351,5,"TheTimes",0
57905349,0.84389780870887,6,"TheTimes",1
58281729,0.950521824371447,2,"TheTimes",0
58408223,1.29502688101483,4,"TheTimes",0
58481386,1.0357475309506,4,"TheTimes",0
58572155,0.896277494168242,NA,"TheTimes",0
58607964,1.11237999836726,4,"TheTimes",0
58789068,0.969858785669946,7,"TheTimes",0
58905093,0.848005193832514,2,"TheTimes",0
58910393,1.0109279537919,3,"TheTimes",0
58923056,1.01924430045209,3,"TheTimes",1
58936761,0.938773806911833,4,"TheTimes",1
59392697,0.913016200733579,3,"TheTimes",0
59557487,0.880918156188144,3,"TheTimes",0
59743095,1.25047771566061,6,"TheTimes",0
60237306,1.23073792518688,NA,"TheTimes",0
60267522,1.59463230159624,4,"TheTimes",0
60338282,1.06375624165869,2,"TheTimes",0
60658651,1.4031215674834,4,"TheTimes",0
61109547,0.944478158961642,2,"TheTimes",0
61130952,1.01924430045209,5,"TheTimes",0
61140399,1.03399176987092,NA,"TheTimes",0
61316711,0.959687996382129,3,"TheTimes",0
61320357,0.856216654418697,5,"TheTimes",0
61391781,0.881558695477241,4,"TheTimes",0
61601777,0.576867303297478,3,"TheTimes",0
61607451,0.717102762592716,3,"TheTimes",0
61634939,0.953132129100769,4,"TheTimes",1
61670273,1.00540751377478,NA,"TheTimes",0
61916230,1.26981052452799,3,"TheTimes",0
61920179,0.870271267567881,3,"TheTimes",0
62093388,1.08919604901607,2,"TheTimes",0
62549955,0.952514054234276,1,"TheTimes",0
62608906,0.89385541742505,NA,"TheTimes",0
62625223,0.750207832395514,1,"TheTimes",0
62698268,1.42614241546544,NA,"TheTimes",0
62760901,0.693175934117593,3,"TheTimes",0
62862667,0.880855870984505,2,"TheTimes",0
63035544,0.694110456481874,2,"TheTimes",1
63120786,0.913396607044211,4,"TheTimes",0
63148155,0.976826118736406,7,"TheTimes",0
63173206,1.02764368463236,6,"TheTimes",0
63176355,1.20540884652547,6,"TheTimes",0
63273988,1.17507341651471,NA,"TheTimes",0
63279469,1.08225092188429,4,"TheTimes",0
63294349,0.986632991413281,3,"TheTimes",0
63294594,0.969858785669946,6,"TheTimes",0
63307496,0.931420858843705,6,"TheTimes",0
63314393,0.979913830755939,4,"TheTimes",0
63331034,1.10666702346151,4,"TheTimes",0
63584335,1.43440259726332,2,"TheTimes",0
63771273,0.821040636106232,NA,"TheTimes",0
63830101,1.06061054526573,5,"TheTimes",0
63879869,1.31386565041733,2,"TheTimes",0
64190359,0.829363544602136,6,"TheTimes",0
64192061,1.25748017213181,3,"TheTimes",0
64222158,1.06298426305768,NA,"TheTimes",0
64232134,0.847245343227626,NA,"TheTimes",0
64266435,1.17101904588635,5,"TheTimes",0
64309792,0.969858785669946,7,"TheTimes",0
64462978,1.65885249065492,3,"TheTimes",0
64570884,1.27796510970041,NA,"TheTimes",0
64684101,1.12381580180177,4,"TheTimes",0
64819256,0.79912675295184,5,"TheTimes",0
64845724,0.863240279530685,2,"TheTimes",0
64948976,0.986630536417006,2,"TheTimes",0
64954450,0.905840002742017,6,"TheTimes",0
64960009,1.09772286498091,3,"TheTimes",0
64988128,0.947042510160343,4,"TheTimes",0
65174573,0.691567291206768,4,"TheTimes",0
65186942,1.08766107075745,NA,"TheTimes",0
65272957,0.953571918607351,6,"TheTimes",0
65277399,0.984773749383512,4,"TheTimes",0
65369137,1.03465290359113,5,"TheTimes",0
65411597,0.882363103478573,4,"TheTimes",0
65442034,1.02858183298023,5,"TheTimes",0
65446010,1.19448718854612,NA,"TheTimes",0
65454591,1.3662936789239,5,"TheTimes",0
65472057,0.924191736114724,2,"TheTimes",0
65531829,1.03465290359113,4,"TheTimes",0
65618153,0.815344215130893,5,"TheTimes",0
65624683,1.25701223409206,NA,"TheTimes",0
65636324,0.876372933316275,6,"TheTimes",0
65790476,0.821534967006642,NA,"TheTimes",0
65862314,1.54700710142287,5,"TheTimes",0
65980118,1.19883626001481,5,"TheTimes",0
65980386,1.05258945955152,4,"TheTimes",0
66193850,0.979913830755939,6,"TheTimes",0
66204985,0.858850942114618,NA,"TheTimes",0
66208044,1.0283261749472,6,"TheTimes",0
66326256,0.781548198690251,2,"TheTimes",0
66351399,0.953571918607351,5,"TheTimes",0
66414897,0.719396769090035,4,"TheTimes",0
66474716,0.947042510160343,5,"TheTimes",0
66522313,0.95586767490274,2,"TheTimes",0
66593620,0.822095803909667,3,"TheTimes",0
66667069,1.00522952111069,2,"TheTimes",0
66690807,1.0730005986402,3,"TheTimes",0
66730043,0.935487317846887,4,"TheTimes",1
66925078,1.22540248175387,NA,"TheTimes",0
67035809,0.84389780870887,4,"TheTimes",0
67095560,0.903663392866233,NA,"TheTimes",0
67121702,0.825629512531082,2,"TheTimes",0
67133806,1.10323867865011,NA,"TheTimes",0
67140490,0.823793349980589,4,"TheTimes",0
67246017,0.705129569489494,3,"TheTimes",0
67259173,0.915068252105665,NA,"TheTimes",0
67285958,0.861397339890943,4,"TheTimes",0
67298406,0.947042510160343,5,"TheTimes",0
67468958,1.20794679322493,1,"TheTimes",0
67618095,0.82099002814438,4,"TheTimes",0
67747875,1.05613565137138,NA,"TheTimes",0
67761840,1.11902451772789,4,"TheTimes",0
67778757,0.932841445825631,7,"TheTimes",0
67782116,1.08776673904153,4,"TheTimes",0
67913262,1.43151781602231,5,"TheTimes",0
68152478,0.983653212257379,3,"TheTimes",0
68186300,0.904137012894086,4,"TheTimes",0
68278988,0.854232581021158,6,"TheTimes",0
68291901,0.953571918607351,5,"TheTimes",0
68317610,1.09295094620214,6,"TheTimes",0
68362138,1.07441032615425,5,"TheTimes",0
68409052,0.968056116396493,NA,"TheTimes",0
68439757,0.983334199752842,3,"TheTimes",0
68457514,1.03924311384776,NA,"TheTimes",0
68546716,0.937282210218467,NA,"TheTimes",0
68567243,1.19980970131249,2,"TheTimes",0
68576601,0.776920851848309,1,"TheTimes",0
68606802,1.04160818585092,NA,"TheTimes",0
68638543,1.24840507385683,4,"TheTimes",0
68640900,0.809471843979465,6,"TheTimes",0
68641626,0.976826118736406,6,"TheTimes",0
68668897,1.08650905030969,3,"TheTimes",0
68682697,0.976320446993874,5,"TheTimes",0
68702421,0.826881559447904,NA,"TheTimes",0
68723248,1.002611317936,3,"TheTimes",0
68778631,1.04251313447999,4,"TheTimes",0
68785768,1.14031515091747,6,"TheTimes",0
68826991,0.706307567506121,5,"TheTimes",0
68854031,0.999845774267345,3,"TheTimes",0
68907173,1.25783634788036,3,"TheTimes",0
68943927,1.06916611459915,4,"TheTimes",0
68963533,1.09174628721157,5,"TheTimes",0
68989670,0.918119921948326,4,"TheTimes",0
69054821,0.743151012012276,5,"TheTimes",0
69110281,1.44412465285759,3,"TheTimes",0
69118911,0.843022602759885,3,"TheTimes",0
69146916,1.03399176987092,7,"TheTimes",0
69149695,0.969858785669946,NA,"TheTimes",0
69201106,0.820965626364686,5,"TheTimes",0
69221372,1.33156975956833,NA,"TheTimes",0
69269634,0.793350041607133,3,"TheTimes",0
69290836,1.15468781286833,4,"TheTimes",0
69323754,1.0114882148568,1,"TheTimes",0
69335003,1.13610283326467,NA,"TheTimes",0
69335181,0.78159358411302,3,"TheTimes",0
69337045,1.0252595892437,2,"TheTimes",0
69372291,1.02058976557308,NA,"TheTimes",0
69390181,1.18588314935095,6,"TheTimes",0
69408277,1.13653055807785,3,"TheTimes",0
69409971,0.882380503354242,6,"TheTimes",0
69459413,0.80649173530122,NA,"TheTimes",0
69460267,1.00071259221879,5,"TheTimes",0
69464159,0.854014739486256,4,"TheTimes",0
69478157,0.777965939311253,NA,"TheTimes",0
69507647,0.945621918733538,3,"TheTimes",0
69549649,1.09671122198231,6,"TheTimes",0
69632723,0.84389780870887,4,"TheTimes",1
69717053,1.04154625420011,4,"TheTimes",0
69720931,0.7495558311652,NA,"TheTimes",0
69760921,0.960847128815688,NA,"TheTimes",0
69817411,0.894334931397232,2,"TheTimes",0
69915165,0.702322593003148,2,"TheTimes",0
69957888,0.986724347367529,NA,"TheTimes",0
69963585,1.15488984159407,5,"TheTimes",0
70043217,0.802387953519758,1,"TheTimes",0
70081644,0.647284804562786,2,"TheTimes",0
70194744,0.90245690193347,3,"TheTimes",0
70295419,0.913849562352434,2,"TheTimes",0
70296455,0.744447791645743,3,"TheTimes",0
70440692,1.21981313311326,4,"TheTimes",0
70469848,1.22877709679949,3,"TheTimes",0
70529600,1.04154625420011,4,"TheTimes",0
70614778,0.78166414003964,4,"TheTimes",0
70826907,0.749042633615272,5,"TheTimes",0
71084843,1.54058165548262,3,"TheTimes",0
71173213,0.933399171377853,3,"TheTimes",1
71234182,1.00885208599761,5,"TheTimes",0
71316085,0.86281394866448,3,"TheTimes",0
71326387,1.010647773574,5,"TheTimes",0
71358790,0.915653346199629,2,"TheTimes",0
71492825,0.878277890252884,4,"TheTimes",0
71610917,1.10519684233104,5,"TheTimes",0
71628397,0.971865398305731,NA,"TheTimes",0
71661572,1.00696692342008,4,"TheTimes",0
71674506,1.1771220972616,2,"TheTimes",0
71759842,0.858707242933069,2,"TheTimes",0
71843280,0.872182651217801,5,"TheTimes",0
71878669,1.01715794021808,5,"TheTimes",0
71977064,1.11759417950103,NA,"TheTimes",0
72055024,1.13006190461584,NA,"TheTimes",0
72062135,1.00865736649815,2,"TheTimes",0
72093172,0.863798505320152,2,"TheTimes",0
72129693,0.894742969930345,4,"TheTimes",0
72219586,0.875666224237147,4,"TheTimes",0
72247318,0.999695242299456,6,"TheTimes",0
72447469,1.04354172852379,3,"TheTimes",1
72567669,1.19177517132349,4,"TheTimes",0
72641968,0.923956452869501,2,"TheTimes",0
72668706,1.06872920288467,NA,"TheTimes",0
72728264,0.976826118736406,5,"TheTimes",0
72897162,0.94637541316946,3,"TheTimes",0
73198175,1.00573513615791,1,"TheTimes",0
73253319,0.865794008474659,NA,"TheTimes",0
73284614,1.03142042234257,5,"TheTimes",0
73549511,1.00942583139474,4,"TheTimes",0
73631730,0.830966332152616,4,"TheTimes",0
73823384,1.25458923877792,4,"TheTimes",0
73996300,1.38154475936927,4,"TheTimes",0
74175124,0.854014739486256,NA,"TheTimes",0
74324354,0.804278818812007,4,"TheTimes",0
74537144,0.894970486060852,3,"TheTimes",0
74617567,0.725125211126923,4,"TheTimes",0
74619110,0.690923782281259,3,"TheTimes",0
74621198,0.90245690193347,NA,"TheTimes",0
74658809,1.35940734902808,NA,"TheTimes",0
74663296,1.04154625420011,5,"TheTimes",0
74829026,1.04364131810788,3,"TheTimes",0
75079216,0.86142096653516,3,"TheTimes",0
75241661,1.05203148870996,5,"TheTimes",0
75284195,0.934227297451027,2,"TheTimes",0
75313666,0.853157616079651,3,"TheTimes",0
75343298,1.09671122198231,4,"TheTimes",1
75354176,0.84389780870887,5,"TheTimes",0
75468159,0.753896857134639,4,"TheTimes",0
75583993,0.77862929873562,2,"TheTimes",1
75588984,1.06521794199762,2,"TheTimes",1
75605610,0.953571918607351,4,"TheTimes",0
75621569,0.812474998807354,2,"TheTimes",0
75720294,0.746450719394069,2,"TheTimes",1
75927677,0.952297732424997,2,"TheTimes",0
76397787,0.909315105885082,2,"TheTimes",0
76498445,0.705792324543186,2,"TheTimes",0
76604912,0.905840002742017,3,"TheTimes",0
76646966,1.0545713088263,5,"TheTimes",0
76704029,0.879377119804243,NA,"TheTimes",0
76716987,0.976132435084288,3,"TheTimes",1
76741860,0.668727797409046,5,"TheTimes",0
76912213,0.983643282395186,NA,"TheTimes",0
77243074,0.992299234527503,4,"TheTimes",0
77263652,1.18512538089011,4,"TheTimes",0
77264518,0.867075465567927,4,"TheTimes",0
77267153,0.829952927673403,NA,"TheTimes",0
77269193,0.870253926923796,4,"TheTimes",0
77348783,0.753350728099332,3,"TheTimes",0
77352018,0.798661733986574,6,"TheTimes",0
77353320,1.13170811625119,NA,"TheTimes",0
77364516,0.968859680037876,6,"TheTimes",0
77579615,1.22638052758565,5,"TheTimes",0
77951466,1.23695891274463,4,"TheTimes",0
77956753,1.02803076306129,3,"TheTimes",1
77998652,0.976826118736406,6,"TheTimes",0
78000825,1.07427471462766,1,"TheTimes",0
78336917,0.887444447484897,5,"TheTimes",0
78690764,1.01715794021808,5,"TheTimes",0
78889501,0.843676370029427,4,"TheTimes",0
79075374,1.11652786939462,NA,"TheTimes",0
79082996,0.750207832395514,2,"TheTimes",0
79093777,0.729466245436243,7,"TheTimes",0
79105144,0.976826118736406,4,"TheTimes",0
79131559,0.948261288581662,3,"TheTimes",0
79341173,1.38168347086733,NA,"TheTimes",0
79443434,1.09964411176069,4,"TheTimes",0
79537021,1.07427471462766,1,"TheTimes",0
79563727,1.50615616655113,4,"TheTimes",0
79755180,1.10519684233104,5,"TheTimes",0
79897857,0.969858785669946,5,"TheTimes",0
80009660,0.977495379401078,3,"TheTimes",0
80018988,1.00985806953401,NA,"TheTimes",0
80449892,0.718762741431152,2,"TheTimes",0
80511442,0.839345541875355,3,"TheTimes",0
80576545,0.976826118736406,5,"TheTimes",0
80602706,0.963909870492139,NA,"TheTimes",0
80906932,0.779758150051187,5,"TheTimes",0
80927908,1.00921214034145,1,"TheTimes",0
81366928,1.63664311908704,4,"TheTimes",0
81367933,0.953571918607351,6,"TheTimes",0
81369191,1.02756830800205,4,"TheTimes",0
81539087,0.658897989109727,2,"TheTimes",0
81592026,0.784671816581126,3,"TheTimes",0
81669406,0.786800932964332,4,"TheTimes",0
81675276,1.02450597084423,5,"TheTimes",0
81751986,0.969239054797089,5,"TheTimes",0
81824165,0.879085018295835,3,"TheTimes",0
81909975,0.887622663785031,4,"TheTimes",0
82074105,0.91667243543518,2,"TheTimes",0
82124212,0.97368391396667,NA,"TheTimes",0
82129649,0.943867621128857,3,"TheTimes",0
82223758,0.818563175004828,5,"TheTimes",0
82247089,0.957146637712426,7,"TheTimes",0
82257336,1.16841190267025,5,"TheTimes",0
82363324,1.60272757691108,NA,"TheTimes",0
82587186,1.18625485799922,NA,"TheTimes",0
82624495,1.10275299785939,3,"TheTimes",0
82743131,0.874993877289061,3,"TheTimes",1
82825834,0.844629458730225,2,"TheTimes",0
82982484,1.06479815613331,4,"TheTimes",0
83158000,0.874651606964991,1,"TheTimes",0
83195573,0.859417803278321,4,"TheTimes",0
83223192,0.727015513626698,NA,"TheTimes",0
83223213,1.17923114121296,3,"TheTimes",0
83271895,1.01940968496757,5,"TheTimes",0
83315855,0.821534967006642,NA,"TheTimes",0
83356305,0.897232941171559,NA,"TheTimes",0
83406132,1.2875988361998,NA,"TheTimes",0
83418132,1.11976007523138,NA,"TheTimes",0
83460416,0.870762763433792,2,"TheTimes",0
83509004,1.01250373064625,5,"TheTimes",0
83524750,0.89385541742505,7,"TheTimes",0
83537250,0.900276752673519,3,"TheTimes",0
83540768,0.922763043255797,2,"TheTimes",1
83542588,1.13551249473988,3,"TheTimes",0
83703007,0.893357025221136,7,"TheTimes",0
83813215,1.31348228308953,5,"TheTimes",0
83943607,1.19920202677496,5,"TheTimes",1
84180696,1.2621225972791,2,"TheTimes",0
84187606,1.11759417950103,NA,"TheTimes",0
84289132,1.09699162569542,4,"TheTimes",1
84393200,1.11072517686409,4,"TheTimes",0
84412611,0.607845292161927,NA,"TheTimes",0
84426633,0.842642392176408,2,"TheTimes",0
84452078,0.882837659926501,NA,"TheTimes",0
84501588,1.25701223409206,2,"TheTimes",0
84529355,0.903663392866233,4,"TheTimes",0
84560513,1.70245627152988,2,"TheTimes",0
84629736,1.46126432071995,NA,"TheTimes",0
84655925,1.02450597084423,5,"TheTimes",0
84679050,0.750207832395514,2,"TheTimes",0
84814374,1.12381580180177,5,"TheTimes",0
84820529,0.900631603709599,4,"TheTimes",0
84842721,0.857444359423982,3,"TheTimes",0
84862882,1.1418438292735,NA,"TheTimes",0
84901376,1.12381580180177,5,"TheTimes",0
85037264,0.809909483436974,7,"TheTimes",0
85114174,0.89385541742505,NA,"TheTimes",0
85127227,0.930903456245974,5,"TheTimes",0
85398377,0.950592752033376,6,"TheTimes",0
85398640,0.979980445035386,4,"TheTimes",0
85654344,0.80126439511465,2,"TheTimes",0
85689807,0.834883619569165,3,"TheTimes",0
85748928,0.861397339890943,NA,"TheTimes",0
85844055,0.831113280657055,4,"TheTimes",0
85884021,1.00761203039877,5,"TheTimes",0
85890300,1.26476142198374,NA,"TheTimes",0
86127601,1.12231538296698,4,"TheTimes",0
86222253,1.10519684233104,NA,"TheTimes",0
86434423,0.701108020920807,2,"TheTimes",0
86554831,1.07816691345837,5,"TheTimes",0
86605593,0.84305458829439,4,"TheTimes",0
86647005,1.06293394575415,NA,"TheTimes",0
86650489,0.712738015769537,3,"TheTimes",0
86655663,0.976132435084288,NA,"TheTimes",0
86659573,1.11463053466267,4,"TheTimes",0
86665455,1.01430373970905,2,"TheTimes",0
86728087,1.05197140174847,NA,"TheTimes",0
86936999,0.984176389471479,6,"TheTimes",0
86954454,1.02225482876186,3,"TheTimes",0
86954676,1.19936761063178,2,"TheTimes",0
87046197,0.920712585261617,3,"TheTimes",0
87081149,0.858203760450683,NA,"TheTimes",0
87137378,1.13412554305287,3,"TheTimes",0
87156580,0.922497299078617,6,"TheTimes",0
87159650,1.32230211302974,4,"TheTimes",0
87172391,1.18669564292533,6,"TheTimes",0
87191915,1.17923114121296,6,"TheTimes",0
87212231,0.839689258344694,2,"TheTimes",0
87225961,1.00590682179438,4,"TheTimes",0
87375089,0.856782702535132,3,"TheTimes",0
87395310,1.02910304873513,3,"TheTimes",0
87395380,0.893410145353928,NA,"TheTimes",0
87430914,0.836502625775246,NA,"TheTimes",0
87448144,0.805873605527072,NA,"TheTimes",0
87454361,0.899637429815814,4,"TheTimes",0
87552426,1.30433017727133,4,"TheTimes",0
87556050,1.24680613310018,3,"TheTimes",0
87644739,0.953571918607351,6,"TheTimes",0
87797292,1.51968337463708,2,"TheTimes",0
87843497,1.13250705251046,4,"TheTimes",0
87886773,1.06872920288467,2,"TheTimes",0
87945177,1.08400778422544,5,"TheTimes",0
88101086,1.11161838640186,5,"TheTimes",0
88175545,0.805849653043474,5,"TheTimes",0
88187247,1.17776303245002,4,"TheTimes",0
88214727,0.693861078357692,4,"TheTimes",0
88376728,0.953571918607351,5,"TheTimes",0
88453052,0.926429798936584,3,"TheTimes",0
88581767,1.09145016707945,2,"TheTimes",0
88697604,0.925700502996009,6,"TheTimes",0
88815933,1.03853157643102,6,"TheTimes",0
88846895,0.887127539647235,4,"TheTimes",0
88852070,0.699590527406438,NA,"TheTimes",1
88863782,0.820965626364686,5,"TheTimes",0
88890276,0.969239054797089,4,"TheTimes",0
88996196,0.839860081798287,4,"TheTimes",0
89138724,1.0825660039839,5,"TheTimes",0
89157149,1.01138933330093,6,"TheTimes",0
89192000,0.77862929873562,2,"TheTimes",0
89197522,1.4495671132254,1,"TheTimes",0
89348169,0.915653346199629,2,"TheTimes",0
89514773,0.897206273270836,4,"TheTimes",0
89533086,0.888418977014057,NA,"TheTimes",0
89544009,0.9796952205825,7,"TheTimes",0
89611901,1.27334909394847,4,"TheTimes",0
89813503,1.45012730704295,5,"TheTimes",0
89979890,0.943463425742537,6,"TheTimes",0
90166728,1.03853157643102,6,"TheTimes",0
90219060,0.895919419067703,2,"TheTimes",0
90254014,1.15061164828363,4,"TheTimes",0
90381150,0.82265905296044,NA,"TheTimes",0
90424740,1.10082253700897,6,"TheTimes",0
90513789,0.708891150586484,5,"TheTimes",0
90631040,1.2639372538138,NA,"TheTimes",0
90666408,0.867936096035328,4,"TheTimes",0
90794456,1.15427201863317,4,"TheTimes",0
90973755,0.764849955428823,5,"TheTimes",0
91078485,1.15631417583776,6,"TheTimes",0
91107720,1.67951394701412,2,"TheTimes",0
91434316,0.926038398096802,5,"TheTimes",0
91692880,1.18230225531943,2,"TheTimes",1
91794625,0.833697652560433,3,"TheTimes",0
91973774,1.26369764959292,6,"TheTimes",0
92025454,0.869253928550596,3,"TheTimes",0
92078310,1.19552785698874,2,"TheTimes",0
92114235,0.837845148089798,5,"TheTimes",1
92123966,0.971117221620311,NA,"TheTimes",0
92147501,0.874509220133132,4,"TheTimes",0
92184363,1.02947117106712,3,"TheTimes",0
92447573,0.927989838243072,5,"TheTimes",0
92539548,1.05262917191583,3,"TheTimes",0
92588578,0.95586767490274,1,"TheTimes",0
92730874,0.876051973221552,5,"TheTimes",0
92927203,0.976320446993874,6,"TheTimes",0
92944629,0.916234397601368,4,"TheTimes",0
93183043,1.05178571365069,3,"TheTimes",0
93255477,0.704537469218781,3,"TheTimes",0
93269050,0.970137481428116,3,"TheTimes",0
93857292,0.745067997157877,3,"TheTimes",0
93862078,0.915653346199629,6,"TheTimes",0
94004694,1.06357507708395,4,"TheTimes",0
94105683,1.24798638660076,NA,"TheTimes",0
94182248,0.995931883737122,3,"TheTimes",1
94196047,0.772187080891405,NA,"TheTimes",0
94211620,1.05566772144886,NA,"TheTimes",0
94215666,0.978976128278049,3,"TheTimes",1
94259311,1.05197140174847,NA,"TheTimes",0
94367614,1.22093997358102,5,"TheTimes",0
94440945,0.86142096653516,2,"TheTimes",0
94565383,0.991768420920888,3,"TheTimes",0
94650844,1.18512538089011,5,"TheTimes",0
120326662,0.84389780870887,5,"TheTimes",0
120343066,0.831869113980052,5,"TheTimes",0
120369976,0.946310596250932,4,"TheTimes",0
120589886,0.978242405143564,4,"TheTimes",0
120922454,0.859126176588875,2,"TheTimes",0
121174670,1.01679535433635,4,"TheTimes",0
121402714,0.965426515585005,5,"TheTimes",0
121589486,0.868151573392356,6,"TheTimes",1
121777836,1.11600453612596,4,"TheTimes",0
121841078,0.920336105090097,3,"TheTimes",0
121899556,0.828783805784203,2,"TheTimes",0
122041638,1.33231582835925,3,"TheTimes",1
122190108,0.943949271093535,NA,"TheTimes",0
122439972,1.05178571365069,4,"TheTimes",0
122475974,0.757229189241172,3,"TheTimes",1
122532034,1.59424977956316,3,"TheTimes",0
122569846,0.863240279530685,NA,"TheTimes",0
122942128,1.0322725997338,1,"TheTimes",0
122974076,0.84389780870887,4,"TheTimes",0
123049164,0.892603978721498,2,"TheTimes",0
123069434,0.963008145891068,NA,"TheTimes",0
123129456,0.811949940596628,2,"TheTimes",1
123226836,0.869672230435079,3,"TheTimes",0
123340160,1.04821129985381,3,"TheTimes",0
123470048,1.06872920288467,2,"TheTimes",0
123505236,0.984176389471479,4,"TheTimes",1
123796126,0.902302814296871,4,"TheTimes",0
123841212,1.27495482301077,3,"TheTimes",0
124014530,0.942268376070261,3,"TheTimes",0
124128946,0.755605247248534,2,"TheTimes",0
124234864,1.02555497665766,NA,"TheTimes",0
124519236,1.1539860845772,2,"TheTimes",0
124554334,1.11601542794078,4,"TheTimes",1
124962302,1.04081740064865,2,"TheTimes",0
125145836,1.34812249136809,5,"TheTimes",0
125237882,0.736704114845716,NA,"TheTimes",0
125450522,1.27688534389301,6,"TheTimes",0
125595742,0.836210782345226,NA,"TheTimes",0
125930144,0.9089903978755,3,"TheTimes",0
126094720,0.953571918607351,4,"TheTimes",0
126305170,1.10636867735698,2,"TheTimes",0
126407392,0.802326909710037,2,"TheTimes",0
126569968,0.834883619569165,5,"TheTimes",0
126782660,0.976826118736406,5,"TheTimes",0
126837286,0.762987065229127,3,"TheTimes",0
127069188,1.14051234166405,3,"TheTimes",0
127199052,0.986904801539385,4,"TheTimes",0
127266336,1.20575973734044,5,"TheTimes",1
127532646,1.10946156701591,2,"TheTimes",1
128224236,0.78174125064334,NA,"TheTimes",0
128808020,1.15061164828363,3,"TheTimes",0
128932032,1.09149051834509,3,"TheTimes",0
128936438,0.872316496291049,3,"TheTimes",0
129009156,0.63259679316401,3,"TheTimes",0
129049190,1.03399176987092,3,"TheTimes",0
129221992,0.774551916533486,2,"TheTimes",1
129269348,1.13927855962421,6,"TheTimes",1
129351460,1.00522952111069,NA,"TheTimes",0
129398396,1.02450597084423,6,"TheTimes",0
129440134,0.669294118593821,3,"TheTimes",0
129920176,1.19378406791155,3,"TheTimes",0
130385402,1.14200536812351,NA,"TheTimes",0
130632162,1.11026399086635,4,"TheTimes",0
130752342,0.937734357591348,6,"TheTimes",0
130834756,0.666345568281436,4,"TheTimes",0
130952574,1.00936762401267,2,"TheTimes",0
131135914,0.911694273112051,5,"TheTimes",0
131628436,0.857985107542588,NA,"TheTimes",0
131861468,1.21197760964146,5,"TheTimes",0
131878190,1.03441445765973,5,"TheTimes",0
132022250,0.821260532291584,2,"TheTimes",0
132647858,0.797460058059336,2,"TheTimes",1
132727078,0.90818188399219,NA,"TheTimes",0
132853530,1.048423752777,3,"TheTimes",0
132918966,1.10038211214613,3,"TheTimes",0
133208252,1.14858804149964,4,"TheTimes",0
133223394,0.963921417359587,5,"TheTimes",0
133261328,0.824278599134494,3,"TheTimes",0
133777786,1.05135925023318,6,"TheTimes",0
134457430,0.90877666529352,NA,"TheTimes",0
134485322,1.25820502864148,4,"TheTimes",0
134499110,1.14698194567146,NA,"TheTimes",0
134628952,0.857985107542588,7,"TheTimes",0
134820540,1.27495482301077,NA,"TheTimes",0
134962620,0.993065273061458,3,"TheTimes",0
135359144,1.06375624165869,2,"TheTimes",0
135780698,0.872905228243007,NA,"TheTimes",0
135918352,0.817999730300118,3,"TheTimes",0
135967930,0.838923841810851,4,"TheTimes",0
135991860,0.682784414016442,1,"TheTimes",0
135997432,0.649326111125681,NA,"TheTimes",0
136059468,1.03381359308093,6,"TheTimes",0
136069262,0.862207368153404,2,"TheTimes",1
136211656,1.02691170127348,7,"TheTimes",0
136508396,1.11416747220947,4,"TheTimes",0
136623102,0.893509861951593,NA,"TheTimes",0
136645518,1.18588314935095,3,"TheTimes",0
136707034,0.782975765947996,4,"TheTimes",0
136753822,0.979191643263769,5,"TheTimes",0
136774392,0.906622172766907,NA,"TheTimes",0
136813356,1.06682943672262,2,"TheTimes",0
136955008,0.868151573392356,6,"TheTimes",0
137191062,0.764849955428823,5,"TheTimes",0
137759328,0.585632060317169,3,"TheTimes",0
138155466,0.972491709401142,4,"TheTimes",0
138601448,0.730925980995869,4,"TheTimes",0
138753556,0.750370362123011,3,"TheTimes",0
138805406,1.02007026408722,1,"TheTimes",0
138845202,1.14839652704821,6,"TheTimes",0
138849454,1.24694956932451,3,"TheTimes",0
138903188,0.700072511888228,4,"TheTimes",0
138917090,1.05382226674857,6,"TheTimes",0
139296200,1.11822631921253,3,"TheTimes",0
139380094,0.976826118736406,7,"TheTimes",0
139605998,0.865678203615754,4,"TheTimes",0
139629770,0.880807562031832,NA,"TheTimes",0
139630208,0.84277378624664,4,"TheTimes",0
139639092,0.706342798846843,5,"TheTimes",0
139831316,1.2296964925649,1,"TheTimes",0
139836402,0.740898889503389,2,"TheTimes",0
139837418,1.38978449370087,1,"TheTimes",0
140256904,1.20144716521654,3,"TheTimes",0
140421204,0.858195384763216,2,"TheTimes",0
140441586,1.17927293524207,3,"TheTimes",0
140794116,0.89411227307964,6,"TheTimes",0
141174764,1.10082253700897,5,"TheTimes",0
141340314,0.975508695406969,NA,"TheTimes",0
141833292,0.839345541875355,1,"TheTimes",0
142654884,0.890188799685929,NA,"TheTimes",0
142860412,1.11046185650768,NA,"TheTimes",0
142965710,0.787504052056882,7,"TheTimes",0
143053904,0.832108157433433,5,"TheTimes",0
143105480,0.928266803560279,2,"TheTimes",0
143268564,0.987495750750544,6,"TheTimes",0
143575254,0.953571918607351,6,"TheTimes",0
143693906,0.958163860997174,1,"TheTimes",0
144071164,0.990525052752926,4,"TheTimes",0
144169886,1.00955626182045,5,"TheTimes",0
144389668,0.788292694930814,5,"TheTimes",0
144426328,1.34809027730167,NA,"TheTimes",0
144653178,1.18551482304835,3,"TheTimes",0
144933844,0.876944037660098,5,"TheTimes",1
145091482,1.04453369554476,2,"TheTimes",1
145441734,0.837250160434279,6,"TheTimes",0
145602326,0.93157629109852,NA,"TheTimes",0
146057210,0.982443570758637,NA,"TheTimes",0
146213238,1.19980970131249,2,"TheTimes",0
146572054,1.17672062322091,3,"TheTimes",0
146685438,1.03924311384776,6,"TheTimes",0
146832782,1.02393473104551,6,"TheTimes",0
147155948,1.00583146913373,2,"TheTimes",0
147215636,1.02285253268996,NA,"TheTimes",0
147336178,1.16345960628326,5,"TheTimes",1
147524408,0.707912712655374,NA,"TheTimes",0
147859358,1.24842339100706,2,"TheTimes",0
147917420,1.41235305766719,4,"TheTimes",0
148125494,1.17345043405465,4,"TheTimes",0
148196884,1.03436469303264,NA,"TheTimes",0
148679746,1.1771220972616,4,"TheTimes",1
148728408,0.776958802273641,6,"TheTimes",1
148847940,0.793864477886055,4,"TheTimes",0
148882674,1.7217590388959,3,"TheTimes",0
149330148,0.86422055491541,NA,"TheTimes",0
149538874,1.17941117931108,4,"TheTimes",0
150273734,0.876079498305806,6,"TheTimes",0
150821408,0.987574614794489,NA,"TheTimes",0
151003736,0.767234183953987,4,"TheTimes",0
151429708,0.761624812464705,NA,"TheTimes",0
151503954,0.887013255982913,4,"TheTimes",0
151969556,1.25569569690048,3,"TheTimes",0
152845444,1.36428276147706,4,"TheTimes",0
153329282,0.712738015769537,3,"TheTimes",1
153981590,1.16480246223439,3,"TheTimes",0
154234736,0.968247335987236,4,"TheTimes",0
154648688,1.07274758838559,2,"TheTimes",0
154931132,1.08546716548142,NA,"TheTimes",0
155917640,0.952514054234276,2,"TheTimes",0
156245104,1.00484788705532,NA,"TheTimes",0
156343450,0.862207368153404,2,"TheTimes",0
156427766,0.933781680109807,NA,"TheTimes",0
156476418,0.801115360487898,3,"TheTimes",0
157265084,0.895154007402913,3,"TheTimes",0
157267588,1.67485030842223,NA,"TheTimes",0
157567934,0.662776397379452,6,"TheTimes",0
157626548,0.710076105774247,3,"TheTimes",1
157963488,1.22517298807507,3,"TheTimes",0
157978710,1.31534782878096,2,"TheTimes",0
158741306,1.01179623175891,NA,"TheTimes",0
158766086,1.11416747220947,4,"TheTimes",0
159096322,0.765437599816157,2,"TheTimes",0
159273260,0.892494544422774,5,"TheTimes",0
159311290,0.787712136084211,4,"TheTimes",0
159750334,1.18262480891063,NA,"TheTimes",0
160464668,0.895919419067703,4,"TheTimes",0
160718066,0.951296560837276,6,"TheTimes",0
160959772,1.10082253700897,6,"TheTimes",0
160986624,1.19920202677496,6,"TheTimes",0
161020706,0.810238724016875,1,"TheTimes",0
161099098,0.965567776144418,3,"TheTimes",0
161126840,1.15071974497183,3,"TheTimes",1
161207174,0.741043396526439,NA,"TheTimes",0
161477226,1.41758669966524,2,"TheTimes",0
161602500,1.01019313817515,6,"TheTimes",0
161825610,0.968859663882066,NA,"TheTimes",0
162152606,0.899073780798858,3,"TheTimes",0
162598204,1.00811828144339,5,"TheTimes",0
163453516,1.18539204557697,2,"TheTimes",0
163649532,0.898337165262982,3,"TheTimes",0
163848140,0.957146637712426,5,"TheTimes",0
164232918,0.726716343700419,NA,"TheTimes",0
164595042,1.13927611472968,4,"TheTimes",0
164603718,0.765512110495706,4,"TheTimes",0
165084220,0.897262769748551,4,"TheTimes",0
165168926,0.917885286825368,5,"TheTimes",0
165676662,0.938773806911833,5,"TheTimes",0
165745348,0.823005185848736,1,"TheTimes",0
166386150,0.995757096544904,4,"TheTimes",0
166713732,1.12345227352438,NA,"TheTimes",0
167462008,0.919563294984622,2,"TheTimes",0
167585868,0.9205756783726,NA,"TheTimes",0
167900308,0.932841445825631,4,"TheTimes",0
168268728,0.745913668457673,NA,"TheTimes",0
168654550,0.855169262354182,2,"TheTimes",0
170452704,0.998905754056296,2,"TheTimes",0
170486440,0.616491086355416,4,"TheTimes",0
170782372,1.32946956313657,6,"TheTimes",0
170784236,0.964503378728743,4,"TheTimes",0
171322684,1.17795013876667,NA,"TheTimes",0
171425086,0.708891150586484,3,"TheTimes",0
171455024,0.815368449823886,4,"TheTimes",0
171617676,0.89411227307964,4,"TheTimes",0
171640530,1.31433356138562,NA,"TheTimes",0
172053340,0.858707242933069,1,"TheTimes",0
172176296,0.758716631938431,2,"TheTimes",0
172243320,1.10519684233104,4,"TheTimes",0
172274214,1.33889147039214,5,"TheTimes",0
172274596,0.814600789831152,NA,"TheTimes",0
172761052,1.36575839065968,4,"TheTimes",0
172811610,1.04181433716981,3,"TheTimes",0
172851788,1.04869177396415,3,"TheTimes",0
173005182,1.25806440010956,4,"TheTimes",0
173126522,1.01940968496757,5,"TheTimes",0
173453780,0.863240279530685,4,"TheTimes",0
173980606,0.679643792079465,NA,"TheTimes",0
174186374,0.925208410912284,2,"TheTimes",0
174479090,0.924164122376536,NA,"TheTimes",0
174710530,0.925025294836487,NA,"TheTimes",0
174948898,0.876810347267765,4,"TheTimes",0
175121616,1.12410318225958,NA,"TheTimes",0
175217640,1.09295094620214,6,"TheTimes",0
175218554,0.841918816446721,NA,"TheTimes",0
175419284,0.741043566549617,4,"TheTimes",1
175611890,0.899030336135636,2,"TheTimes",0
175817480,1.17701045266944,4,"TheTimes",0
175915046,0.999602344564421,3,"TheTimes",0
176593474,1.11183460625749,4,"TheTimes",0
176819692,1.03212708763763,4,"TheTimes",0
176828934,1.27039863364042,NA,"TheTimes",0
176829758,0.967957797037201,2,"TheTimes",0
176835942,0.971925151485582,2,"TheTimes",0
176900100,0.989532289710028,2,"TheTimes",0
176900524,0.592968737937602,4,"TheTimes",0
176932712,0.877317937591494,5,"TheTimes",0
177098568,1.1162071194112,3,"TheTimes",0
177100894,1.17913068734863,7,"TheTimes",0
177123170,0.989532289710028,1,"TheTimes",0
177970974,1.03441445765973,5,"TheTimes",0
178467672,0.908226066873662,3,"TheTimes",0
178767174,0.818823208785384,2,"TheTimes",0
178770724,1.09996425764235,6,"TheTimes",0
178941796,1.01376970943464,4,"TheTimes",0
179119228,1.47082641994289,5,"TheTimes",0
179210476,1.20080418681121,4,"TheTimes",0
179402922,1.034793216811,2,"TheTimes",0
179531604,1.11161838640186,5,"TheTimes",1
180208204,1.08364178645029,4,"TheTimes",0
180728182,1.09605157545835,1,"TheTimes",0
181295198,0.697151148083204,4,"TheTimes",0
181430192,0.8446799787625,NA,"TheTimes",0
181560592,1.36428276147706,NA,"TheTimes",0
181576714,0.815368449823886,4,"TheTimes",0
181892164,0.789474934182,NA,"TheTimes",0
181949968,0.976826118736406,3,"TheTimes",0
182149862,1.10797213571897,6,"TheTimes",0
182190736,1.03468070498057,5,"TheTimes",0
182707632,1.21192966588612,NA,"TheTimes",0
183511162,0.976132435084288,4,"TheTimes",0
183942580,1.42081610668656,NA,"TheTimes",0
183945454,1.39508526149678,NA,"TheTimes",0
184165860,0.730423074421176,4,"TheTimes",0
184420202,0.850838952009086,2,"TheTimes",1
184475478,1.00522952111069,2,"TheTimes",0
184596766,1.49926428556886,4,"TheTimes",0
184737056,0.861340258855701,3,"TheTimes",0
184747726,1.02341348413936,2,"TheTimes",0
184775772,0.873115251898802,2,"TheTimes",0
184795088,1.20172439269095,6,"TheTimes",0
184927716,1.1906844891791,NA,"TheTimes",0
184988752,1.32755005925458,3,"TheTimes",0
185004518,0.914772568516223,6,"TheTimes",0
185010090,0.907934336325401,NA,"TheTimes",0
185093382,1.06216556273502,2,"TheTimes",0
185811376,0.682784414016442,4,"TheTimes",0
185849988,0.800831580832579,4,"TheTimes",0
186282784,0.912855054731037,NA,"TheTimes",0
186315340,0.766899671782288,6,"TheTimes",0
186318452,0.818299988261537,NA,"TheTimes",0
186849104,0.970690828252488,2,"TheTimes",0
186928756,1.19920202677496,5,"TheTimes",0
186948290,1.05613565137138,1,"TheTimes",0
186959676,1.01279537827209,NA,"TheTimes",0
188348876,0.965120972717638,4,"TheTimes",0
188424098,0.970799170414574,NA,"TheTimes",0
188840398,1.30233340834391,2,"TheTimes",0
189046702,0.975072513249008,NA,"TheTimes",0
189082642,1.18604835696065,1,"TheTimes",0
189086496,0.727222512558282,2,"TheTimes",0
189759828,0.917957054662802,2,"TheTimes",1
190575084,0.806861972777432,6,"TheTimes",0
190640408,0.847795777918023,3,"TheTimes",0
190714830,0.793071016324905,3,"TheTimes",0
190810426,1.12231538296698,5,"TheTimes",0
191216772,1.18588314935095,6,"TheTimes",0
191354140,1.32993731812631,3,"TheTimes",0
192093356,1.04364131810788,3,"TheTimes",0
192301082,1.03601628205551,2,"TheTimes",0
192302842,1.03628267738863,6,"TheTimes",0
192738790,1.31348228308953,NA,"TheTimes",0
192788082,1.0293082503822,NA,"TheTimes",0
192986326,0.850421468757355,NA,"TheTimes",0
193438418,0.559827695646724,3,"TheTimes",0
193471716,0.950521824371447,NA,"TheTimes",0
193473126,1.20518652843978,NA,"TheTimes",0
193544302,1.00884941991614,5,"TheTimes",0
193713002,1.17927293524207,1,"TheTimes",0
193943266,0.946971847396664,7,"TheTimes",0
193980716,1.12267941428684,NA,"TheTimes",0
194031350,0.808870595768758,5,"TheTimes",0
194041122,0.80098539826002,NA,"TheTimes",0
194178378,1.24840507385683,5,"TheTimes",0
194269272,0.81528337892241,2,"TheTimes",0
194345136,1.04557924262214,2,"TheTimes",0
195119722,1.44588252554272,4,"TheTimes",0
195211766,0.832482646043333,5,"TheTimes",0
195224124,0.768723332928738,NA,"TheTimes",0
195635554,1.04160818585092,1,"TheTimes",0
195714394,0.959811828111899,7,"TheTimes",0
195884584,1.04100206478313,3,"TheTimes",0
195924278,0.828473444331886,4,"TheTimes",0
195990542,1.04821129985381,3,"TheTimes",0
196132646,1.4788157828502,NA,"TheTimes",0
196368520,0.958454730686934,5,"TheTimes",0
196405804,0.886933958615908,4,"TheTimes",0
196526530,1.12734874109699,4,"TheTimes",0
196593526,1.13094910625205,NA,"TheTimes",0
196652590,0.742346153465333,NA,"TheTimes",0
196690722,0.985319154725954,5,"TheTimes",0
196694780,0.832226201120028,NA,"TheTimes",0
196792532,0.947042510160343,5,"TheTimes",0
196866924,1.21481217132518,5,"TheTimes",0
197041378,0.84594142827104,5,"TheTimes",0
197067946,1.02013704443961,2,"TheTimes",0
197490022,1.18981056905692,3,"TheTimes",0
197955374,0.89411227307964,5,"TheTimes",0
198335448,0.969858785669946,5,"TheTimes",0
198698140,0.789474934182,1,"TheTimes",0
198723850,1.20281220600616,4,"TheTimes",0
198824926,1.18976658300159,3,"TheTimes",1
199085488,1.15867496499055,3,"TheTimes",1
199183542,0.779758150051187,4,"TheTimes",0
199376640,1.10038211214613,NA,"TheTimes",0
199441442,0.80009662148118,NA,"TheTimes",0
199639714,1.22524279285158,2,"TheTimes",0
199724696,0.82225453973519,2,"TheTimes",0
199845104,1.15468781286833,5,"TheTimes",0
199905472,0.717236295518609,3,"TheTimes",0
200129336,0.963288512137392,5,"TheTimes",0
200175842,0.985720727774559,3,"TheTimes",0
200396460,0.89385541742505,5,"TheTimes",0
200426910,0.90877666529352,NA,"TheTimes",0
200696386,0.6988393995626,NA,"TheTimes",0
200893384,0.890013610463492,4,"TheTimes",0
200943018,1.21452379482099,3,"TheTimes",0
201031662,1.21426695834112,NA,"TheTimes",0
201133542,0.762200612482054,1,"TheTimes",0
201265918,0.953571918607351,4,"TheTimes",0
201367576,0.90245690193347,4,"TheTimes",0
201625112,1.18883583673466,5,"TheTimes",0
201709818,0.943964361016793,2,"TheTimes",0
201851786,1.15799984063728,2,"TheTimes",0
202076204,1.29934630807033,2,"TheTimes",0
202316304,0.698489546239543,2,"TheTimes",0
202403114,0.944236419376229,NA,"TheTimes",0
202537426,0.931813698325488,NA,"TheTimes",0
202680518,0.778813893510985,2,"TheTimes",0
202754734,0.968304046989479,3,"TheTimes",0
202764490,0.712410069598968,2,"TheTimes",0
202844662,0.742346153465333,NA,"TheTimes",0
202981238,0.848005193832514,2,"TheTimes",0
203212024,0.97469913494187,6,"TheTimes",0
203251140,0.823793349980589,4,"TheTimes",0
204090186,1.4425888890715,NA,"TheTimes",0
204102930,0.984700808826954,5,"TheTimes",0
204552288,0.863240279530685,NA,"TheTimes",0
204895206,1.00109334272386,2,"TheTimes",0
204996536,0.775060418258596,NA,"TheTimes",0
205484624,1.18588314935095,7,"TheTimes",0
205722142,0.784162620215093,3,"TheTimes",1
205793190,1.57811157523217,2,"TheTimes",0
206173236,0.857985107542588,NA,"TheTimes",0
206314330,0.95843569630638,1,"TheTimes",0
206318408,0.895102269380755,2,"TheTimes",0
206601182,0.879085018295835,NA,"TheTimes",0
207164462,0.912855054731037,NA,"TheTimes",0
207436264,0.7404200870223,1,"TheTimes",1
207599710,0.925208410912284,2,"TheTimes",0
207695406,1.09743024031428,4,"TheTimes",0
207786978,0.912183457423489,5,"TheTimes",0
208047094,1.10418313814952,3,"TheTimes",0
209165658,0.890565983102308,5,"TheTimes",0
209413126,1.52432453602188,7,"TheTimes",1
209866626,1.24761458191374,2,"TheTimes",0
209992246,0.729783196899742,2,"TheTimes",0
210427990,0.847795777918023,1,"TheTimes",0
210634698,1.05613565137138,1,"TheTimes",0
210705620,0.984872909070726,NA,"TheTimes",0
210973274,1.30206010169634,NA,"TheTimes",0
211557848,1.11026399086635,1,"TheTimes",0
211614162,0.868826907256223,4,"TheTimes",0
212594212,0.951089511121735,6,"TheTimes",0
212766598,0.839345541875355,1,"TheTimes",0
212814838,0.860016278737157,NA,"TheTimes",0
212911900,1.45585119904404,5,"TheTimes",0
213303222,0.918760708695607,NA,"TheTimes",0
213334672,0.912751045639224,4,"TheTimes",0
213683888,0.912407017716603,5,"TheTimes",0
213748474,0.903663392866233,7,"TheTimes",1
213828766,0.989809342081748,2,"TheTimes",0
214504362,0.895102269380755,1,"TheTimes",0
214542556,1.01514524843832,2,"TheTimes",0
214647688,1.09581237183483,2,"TheTimes",0
214705116,0.750261731491196,5,"TheTimes",0
214705540,0.943045294737587,6,"TheTimes",0
214782434,1.15663276814745,3,"TheTimes",1
214919442,1.47301391678228,6,"TheTimes",0
215182932,0.987360667155474,3,"TheTimes",0
215337708,0.908226066873662,NA,"TheTimes",0
215350336,1.2934980155536,3,"TheTimes",0
215847292,0.7974230904666,2,"TheTimes",1
216188834,0.776095978591184,2,"TheTimes",0
216272100,0.809073472065475,1,"TheTimes",0
216313362,0.830966332152616,3,"TheTimes",0
216418204,0.6867008585599,1,"TheTimes",0
216461404,1.11051619593532,4,"TheTimes",0
216637570,0.835560094170178,NA,"TheTimes",0
216723118,0.844139524106999,NA,"TheTimes",0
216725792,0.790229143481072,4,"TheTimes",0
216828318,0.919494704733774,4,"TheTimes",0
216895288,0.860016278737157,NA,"TheTimes",0
216908350,1.00163722436716,3,"TheTimes",0
216961206,1.18849329668165,5,"TheTimes",1
217018758,1.07256211393686,4,"TheTimes",0
217404998,1.4232523760552,4,"TheTimes",0
217434406,0.756132193432155,3,"TheTimes",0
217449106,0.737218226769749,2,"TheTimes",1
217460402,0.829410668184509,3,"TheTimes",0
217463830,1.32307302708996,5,"TheTimes",0
217528310,0.866212163931396,NA,"TheTimes",0
217553724,0.741189723475154,2,"TheTimes",0
217579366,0.899073780798858,4,"TheTimes",0
217681482,0.694959492473598,2,"TheTimes",1
217702220,1.00004306574514,3,"TheTimes",0
217929982,1.00522952111069,1,"TheTimes",0
218114698,0.70660062760802,NA,"TheTimes",0
218454384,0.983643282395186,3,"TheTimes",0
218620750,0.619355507032209,1,"TheTimes",0
218643398,0.771430872348229,5,"TheTimes",0
218656194,0.688828404463518,5,"TheTimes",0
218746690,1.16638330687677,5,"TheTimes",0
218934422,0.735912610954502,4,"TheTimes",0
218952050,0.882380503354242,1,"TheTimes",0
218963904,0.912183457423489,5,"TheTimes",0
219022438,0.882017873813367,5,"TheTimes",1
219038858,0.95586767490274,3,"TheTimes",0
219040804,0.985382473325205,4,"TheTimes",0
219112332,1.10082253700897,5,"TheTimes",0
219245036,0.891759271498008,2,"TheTimes",0
219346770,1.08983106013814,2,"TheTimes",1
219367528,1.30857673358798,NA,"TheTimes",0
219419076,1.02620147799138,6,"TheTimes",0
219867038,1.09964411176069,NA,"TheTimes",0
219883088,1.07026806359058,NA,"TheTimes",0
219891768,0.959524517418811,4,"TheTimes",0
219899294,0.839345541875355,NA,"TheTimes",0
219914870,1.27763193734344,4,"TheTimes",0
219936024,0.74673845948225,1,"TheTimes",0
220022946,0.888668334820385,NA,"TheTimes",0
220398446,0.959524517418811,2,"TheTimes",0
220611686,1.01785613990395,NA,"TheTimes",0
221034898,1.08919604901607,3,"TheTimes",0
221072708,1.44942208630729,4,"TheTimes",0
221163810,0.834442913150283,NA,"TheTimes",0
221239026,0.983653212257379,3,"TheTimes",0
221265120,0.917042901995385,NA,"TheTimes",0
221438034,1.0524006915959,2,"TheTimes",0
222078018,0.823793349980589,NA,"TheTimes",0
222674832,1.12381580180177,4,"TheTimes",0
222774356,1.14130896824919,2,"TheTimes",0
222783664,1.15799984063728,2,"TheTimes",0
222992888,0.979913830755939,6,"TheTimes",0
222997602,1.52432786858755,3,"TheTimes",0
223176024,0.900303511838918,NA,"TheTimes",0
223312110,1.01989585535132,2,"TheTimes",0
223582478,1.31605076340834,4,"TheTimes",0
223686784,0.864659880109122,5,"TheTimes",0
223778558,1.0825660039839,3,"TheTimes",0
223999722,0.874370005145519,5,"TheTimes",0
224004480,0.932744025468468,NA,"TheTimes",0
224143550,0.908203905617775,2,"TheTimes",0
224704992,0.81316501955558,5,"TheTimes",0
224758586,1.04154625420011,4,"TheTimes",0
224887896,1.20518652843978,3,"TheTimes",0
225386206,0.818563175004828,NA,"TheTimes",0
225867244,1.10956744760794,4,"TheTimes",0
226237464,0.748008777113973,NA,"TheTimes",0
226414622,1.20661248221301,3,"TheTimes",0
226528450,1.09996425764235,NA,"TheTimes",0
226709756,0.864648370610447,3,"TheTimes",0
226826130,1.08225092188429,4,"TheTimes",0
226855626,1.15071974497183,NA,"TheTimes",0
226882688,1.11090807244372,6,"TheTimes",0
227055894,0.858518971901073,5,"TheTimes",0
227287102,0.954906372808957,2,"TheTimes",0
227602660,0.950592752033376,6,"TheTimes",0
227944558,0.90877666529352,4,"TheTimes",0
227964436,1.14587098527074,2,"TheTimes",0
228016344,0.809224797923887,4,"TheTimes",0
228028350,0.755649031892398,3,"TheTimes",0
228033558,0.902234756709367,5,"TheTimes",0
228067372,1.18539204557697,2,"TheTimes",1
228282186,1.00522952111069,3,"TheTimes",0
228389346,1.19084117181984,5,"TheTimes",0
229108716,0.773514149606264,NA,"TheTimes",0
229201752,0.970690828252488,5,"TheTimes",0
229285242,1.13489395532347,5,"TheTimes",0
229327278,0.838923395031558,4,"TheTimes",0
229338436,1.31023536383949,NA,"TheTimes",0
229490082,0.825629512531082,NA,"TheTimes",0
229997250,0.937281405220983,6,"TheTimes",1
230016728,1.10038211214613,1,"TheTimes",0
230479568,0.710710158186194,3,"TheTimes",0
230516334,1.30744938561453,NA,"TheTimes",0
230656214,0.952514054234276,2,"TheTimes",0
230940244,0.777455531331569,5,"TheTimes",0
230963370,0.730423074421176,5,"TheTimes",0
231092038,1.25917004392884,NA,"TheTimes",0
231133080,0.863240279530685,NA,"TheTimes",0
231137692,1.11051619593532,2,"TheTimes",0
231255642,1.0157502681202,NA,"TheTimes",0
231417390,1.04821129985381,3,"TheTimes",1
231449930,0.893882382987373,3,"TheTimes",0
231502246,1.09687379397963,6,"TheTimes",0
231657460,1.00711738265362,5,"TheTimes",0
231680166,0.864648370610447,NA,"TheTimes",0
231824598,0.882380503354242,5,"TheTimes",0
231930060,1.15733318602746,6,"TheTimes",0
232199162,0.810238724016875,2,"TheTimes",0
232325042,0.88094433995283,3,"TheTimes",0
232456138,0.996756983269718,5,"TheTimes",0
232507610,0.966780512115836,6,"TheTimes",1
232565984,0.849860689645018,4,"TheTimes",0
232909178,1.85652836451132,3,"TheTimes",0
232912942,0.912183457423489,2,"TheTimes",0
233227326,0.973494560447607,6,"TheTimes",0
233229830,1.04545076860647,5,"TheTimes",0
233551168,0.907934336325401,NA,"TheTimes",0
234100332,1.37936339097195,4,"TheTimes",1
234264702,0.967262509779359,4,"TheTimes",0
234268414,1.139891498601,3,"TheTimes",0
234465532,0.941475061743225,7,"TheTimes",1
234502100,1.15663276814745,3,"TheTimes",0
234694572,0.981435454214154,NA,"TheTimes",1
234747608,0.716311934393466,NA,"TheTimes",0
234862160,0.916234397601368,2,"TheTimes",0
234910798,0.659365413068409,3,"TheTimes",0
234950940,1.1215982337261,NA,"TheTimes",0
234954360,0.815368449823886,6,"TheTimes",1
235025102,0.693175934117593,4,"TheTimes",0
235027802,1.21362380586101,3,"TheTimes",0
235102532,0.861340258855701,3,"TheTimes",0
235177924,1.00421857653253,4,"TheTimes",0
235178750,1.09149051834509,2,"TheTimes",0
235209238,1.54317816939359,NA,"TheTimes",0
235234060,1.31348228308953,NA,"TheTimes",0
235237936,0.791474064625286,3,"TheTimes",0
235244244,1.1904945761062,4,"TheTimes",0
235469740,0.748564002239245,4,"TheTimes",0
235517380,0.901411846932764,NA,"TheTimes",0
235565420,0.776014895656018,4,"TheTimes",0
235620462,1.43560410948649,3,"TheTimes",0
235628006,0.773399412103734,4,"TheTimes",0
235742916,0.913637010769501,1,"TheTimes",0
235783414,0.72111127939402,2,"TheTimes",0
235893704,1.46484040074194,5,"TheTimes",0
235955062,0.886822303562665,4,"TheTimes",0
236100192,1.25806440010956,5,"TheTimes",0
236114346,0.872905228243007,4,"TheTimes",0
236139646,1.156249547604,NA,"TheTimes",0
236168312,1.08546716548142,5,"TheTimes",0
236176102,1.08546716548142,7,"TheTimes",0
236332178,0.809073472065475,NA,"TheTimes",0
236358398,0.803926781539201,4,"TheTimes",0
236397790,0.802387953519758,4,"TheTimes",0
236408360,1.42346835608274,5,"TheTimes",1
236417094,0.931747268644087,5,"TheTimes",0
236424730,0.849112665727184,7,"TheTimes",0
236782462,0.722093620081988,NA,"TheTimes",0
236899074,0.902075513615672,5,"TheTimes",0
236903984,0.874509220133132,4,"TheTimes",0
236975626,1.38343570454086,5,"TheTimes",0
236984614,1.50841158285983,NA,"TheTimes",0
237155958,1.24425302684611,6,"TheTimes",0
237191118,0.886933958615908,1,"TheTimes",0
237284658,0.883636508279602,1,"TheTimes",0
237293988,1.26537557701981,NA,"TheTimes",0
237415254,0.854940286954503,5,"TheTimes",0
237533682,0.726716343700419,4,"TheTimes",0
237804168,0.829952927673403,NA,"TheTimes",0
237806992,1.0114882148568,3,"TheTimes",0
237861170,0.809224797923887,4,"TheTimes",1
237972620,0.986126522965511,NA,"TheTimes",0
237981932,0.992069247869398,1,"TheTimes",0
238043820,0.841918816446721,4,"TheTimes",0
238150478,1.03853157643102,4,"TheTimes",0
238207106,0.957109686868463,3,"TheTimes",0
238378106,1.14434386745079,2,"TheTimes",0
238537170,0.955189414368835,4,"TheTimes",0
238695936,0.949177425027681,7,"TheTimes",1
238837960,1.06872920288467,1,"TheTimes",0
238969016,0.918543414767566,2,"TheTimes",0
239021156,0.900631603709599,3,"TheTimes",0
239283474,0.860951706028191,4,"TheTimes",0
239295582,0.874612171631431,NA,"TheTimes",0
239328428,1.07274758838559,2,"TheTimes",0
239716750,0.788316125564276,5,"TheTimes",0
239717746,1.04639855996209,2,"TheTimes",0
239824926,0.992069247869398,6,"TheTimes",0
240252406,1.04825989369176,4,"TheTimes",1
240384426,0.882380503354242,6,"TheTimes",0
240428194,1.58697342450866,4,"TheTimes",0
240480492,0.722093620081988,2,"TheTimes",0
240592222,0.828602095447296,3,"TheTimes",0
241004572,1.31348228308953,2,"TheTimes",0
241259180,1.17416735801091,NA,"TheTimes",0
241260470,0.790256026834739,2,"TheTimes",0
241677794,0.682042595020447,2,"TheTimes",0
241770534,1.00067745746996,NA,"TheTimes",0
241910882,1.31348228308953,3,"TheTimes",0
241961008,0.706764486668654,NA,"TheTimes",0
241997550,1.18197456823178,6,"TheTimes",1
242019596,1.40736293547749,2,"TheTimes",0
242079690,1.34140664769378,4,"TheTimes",0
242113384,1.12734874109699,3,"TheTimes",0
242126000,1.07026806359058,3,"TheTimes",0
242131272,0.849860689645018,NA,"TheTimes",0
242184698,0.839466032239436,4,"TheTimes",1
242191316,1.11759417950103,NA,"TheTimes",0
242201262,1.07080007470534,2,"TheTimes",1
242614170,1.23719503916481,2,"TheTimes",0
242728716,1.17805730289448,3,"TheTimes",0
242734358,0.858195384763216,NA,"TheTimes",0
242982242,1.12231538296698,NA,"TheTimes",0
243033632,1.13006190461584,2,"TheTimes",0
243174734,1.42081610668656,NA,"TheTimes",0
243267978,0.952161368446369,4,"TheTimes",0
243270752,1.08189143205945,NA,"TheTimes",0
243275230,1.02210344133425,2,"TheTimes",0
243277344,1.12852173237047,3,"TheTimes",0
243282568,1.04821129985381,3,"TheTimes",0
243302040,1.18344743924511,6,"TheTimes",0
243360098,1.09149051834509,1,"TheTimes",0
243389836,1.08542077453939,NA,"TheTimes",0
243416922,1.27039863364042,6,"TheTimes",0
243513246,0.865819742700279,NA,"TheTimes",0
243570914,1.47853590299812,NA,"TheTimes",0
243621412,0.951296560837276,4,"TheTimes",0
243768256,1.10933996797269,4,"TheTimes",0
243770838,1.37004414647068,NA,"TheTimes",0
243811922,0.85145803757202,NA,"TheTimes",0
243856312,1.12852173237047,2,"TheTimes",0
243956104,1.00522952111069,3,"TheTimes",0
243962186,1.01471712560845,4,"TheTimes",0
244017652,1.50424951966136,NA,"TheTimes",0
244066224,1.30394983776155,2,"TheTimes",0
244225582,1.00717734988056,2,"TheTimes",0
244231600,1.09399861784537,4,"TheTimes",0
244239608,1.02450597084423,5,"TheTimes",0
244272520,0.666104197458307,3,"TheTimes",0
244363094,0.728004669895852,NA,"TheTimes",1
244459822,1.65135207820116,4,"TheTimes",1
244460394,0.731676761639663,5,"TheTimes",1
244471710,1.16537677294192,NA,"TheTimes",0
244472510,1.07552028946906,4,"TheTimes",0
244511076,1.14263281467796,3,"TheTimes",1
244520624,1.03853157643102,6,"TheTimes",0
244609110,0.907525909674223,1,"TheTimes",0
244670794,1.03436469303264,NA,"TheTimes",0
244675238,1.34791680346685,6,"TheTimes",0
244819998,0.982635894449724,5,"TheTimes",0
244835122,1.12711893978127,NA,"TheTimes",0
244934952,1.03399176987092,5,"TheTimes",0
244936998,0.835834619933641,NA,"TheTimes",0
244967280,0.617940442239118,5,"TheTimes",0
244975708,0.869645131123742,NA,"TheTimes",0
244991036,0.748709925131492,1,"TheTimes",0
245033894,0.965601687695346,NA,"TheTimes",0
245035084,0.82403318580157,2,"TheTimes",0
245041128,1.02785139550654,5,"TheTimes",0
245098012,0.811949940596628,NA,"TheTimes",0
245109482,1.17687254795235,5,"TheTimes",0
245112736,0.937792852445881,1,"TheTimes",1
245150468,0.962606283970557,2,"TheTimes",0
245172088,0.949997178024947,6,"TheTimes",0
245189310,0.760500356697638,1,"TheTimes",1
245226426,1.11161838640186,NA,"TheTimes",0
245495782,1.03935668286125,2,"TheTimes",0
245506204,1.46674226043578,4,"TheTimes",0
245527012,0.88152661190806,4,"TheTimes",0
245541078,0.906926594120061,2,"TheTimes",0
245581332,0.940979139985692,NA,"TheTimes",0
245664702,1.18512538089011,NA,"TheTimes",0
245696286,1.09141372224,6,"TheTimes",0
245725342,0.874228151225759,NA,"TheTimes",0
245732252,0.739042129788318,3,"TheTimes",0
245800866,0.970574089858866,3,"TheTimes",0
245898614,1.07026806359058,NA,"TheTimes",0
245915150,1.31076378105843,4,"TheTimes",0
245921714,0.985720727774559,NA,"TheTimes",0
245927260,1.2495897009648,6,"TheTimes",0
246036172,0.746752392074174,NA,"TheTimes",0
246117174,1.45275916279413,NA,"TheTimes",0
246119092,0.743709610051722,4,"TheTimes",0
246119930,1.20661248221301,5,"TheTimes",0
246180398,0.804905306198983,5,"TheTimes",1
246191638,0.905840002742017,6,"TheTimes",0
246192908,1.06641072555465,4,"TheTimes",1
246193934,1.09328485701699,5,"TheTimes",0
246309946,1.07399996424319,2,"TheTimes",1
246321994,0.915112869682585,2,"TheTimes",0
246353120,1.31775701534186,4,"TheTimes",0
246358096,1.04435282686173,4,"TheTimes",0
246374866,0.841427799185097,3,"TheTimes",0
246506818,1.03853157643102,6,"TheTimes",0
246516648,1.21001277884327,NA,"TheTimes",0
246520718,1.07925652353775,2,"TheTimes",0
246542616,0.844139524106999,3,"TheTimes",0
246592442,1.05676039073738,2,"TheTimes",0
246688526,1.05966422491494,1,"TheTimes",0
246714200,1.10801522637059,1,"TheTimes",0
246727592,0.924041284515153,5,"TheTimes",0
246735126,1.12410318225958,5,"TheTimes",0
246806450,1.08606873653083,5,"TheTimes",0
246938584,0.815344215130893,6,"TheTimes",0
246952162,0.957444009006743,3,"TheTimes",0
247027498,0.966585142604069,5,"TheTimes",0
247316044,0.836210782345226,1,"TheTimes",0
247330152,0.84389780870887,5,"TheTimes",0
247346276,1.07406539090756,4,"TheTimes",0
247392880,1.00153209041442,6,"TheTimes",0
247498812,1.389252481525,4,"TheTimes",0
247534644,1.25025791137697,2,"TheTimes",0
247760106,1.43923470614957,NA,"TheTimes",0
247791542,1.53191879472082,5,"TheTimes",0
247914468,1.03050753737529,2,"TheTimes",1
247918880,1.04081740064865,NA,"TheTimes",0
247935700,1.04225630605842,3,"TheTimes",0
247999208,0.809567149658432,4,"TheTimes",0
247999610,0.93157629109852,NA,"TheTimes",0
248011082,1.00675007248202,4,"TheTimes",0
248144518,1.46126432071995,NA,"TheTimes",0
248294862,1.1826186803262,2,"TheTimes",0
248308458,1.15970012963805,5,"TheTimes",0
248312342,1.15970012963805,5,"TheTimes",0
248371612,0.994700190974875,5,"TheTimes",0
248421386,0.800172571702637,2,"TheTimes",0
248471346,1.00593672063042,3,"TheTimes",0
248471944,1.15970012963805,5,"TheTimes",1
248772720,0.777455531331569,NA,"TheTimes",0
248793778,0.869672230435079,4,"TheTimes",1
248799736,1.35940734902808,NA,"TheTimes",0
248954192,0.72360665178835,4,"TheTimes",0
248970416,1.14649981273723,3,"TheTimes",0
248980952,1.18560985092296,4,"TheTimes",0
249046688,1.04639855996209,2,"TheTimes",0
249112664,1.15970012963805,5,"TheTimes",0
249120520,0.777751512521152,4,"TheTimes",1
249136112,0.98852660138264,NA,"TheTimes",0
249182422,1.01560192037423,5,"TheTimes",0
249193606,0.938422246637422,5,"TheTimes",0
249204898,1.67485030842223,4,"TheTimes",0
249310854,1.03628267738863,6,"TheTimes",0
249310956,0.837240561017362,NA,"TheTimes",0
249357128,0.779730772953144,NA,"TheTimes",0
249400044,0.937282210218467,NA,"TheTimes",0
249428076,1.02243301700971,4,"TheTimes",0
249636656,1.27061121852916,NA,"TheTimes",0
249641718,0.951296560837276,6,"TheTimes",0
249831400,0.900631603709599,NA,"TheTimes",0
249874586,1.03853157643102,5,"TheTimes",0
249882198,1.45736810296744,2,"TheTimes",0
249886344,0.844599804018056,2,"TheTimes",0
249933564,1.19920202677496,6,"TheTimes",0
249967960,1.24002630665162,4,"TheTimes",0
249988812,1.00446403073359,4,"TheTimes",0
250004016,1.39097574873337,NA,"TheTimes",0
250022452,1.00522952111069,2,"TheTimes",0
250144212,0.908992665360407,NA,"TheTimes",0
250315768,0.957146637712426,5,"TheTimes",0
250481724,1.21905665339257,2,"TheTimes",0
250524840,0.837240561017362,NA,"TheTimes",0
250528716,0.944539814233425,4,"TheTimes",0
250594856,0.911608550605073,2,"TheTimes",0
250603264,0.850421468757355,NA,"TheTimes",0
250778074,0.902302814296871,4,"TheTimes",0
250915674,0.959615992781274,4,"TheTimes",0
250955916,1.27061121852916,4,"TheTimes",1
251114406,1.64127489930417,NA,"TheTimes",0
251140312,1.06282532556844,1,"TheTimes",0
251195960,0.631352578789425,3,"TheTimes",0
251250296,1.29319229243722,5,"TheTimes",0
251292618,0.992069247869398,5,"TheTimes",0
251304660,1.03853157643102,4,"TheTimes",0
251336130,1.05966422491494,4,"TheTimes",0
251435988,1.01679535433635,2,"TheTimes",0
251441206,0.840379180947973,NA,"TheTimes",0
251520114,1.00055203366279,7,"TheTimes",0
251660972,1.2166313101662,NA,"TheTimes",0
251688052,1.2166313101662,NA,"TheTimes",0
251757978,1.01225185360331,4,"TheTimes",1
251947168,0.891999745501182,NA,"TheTimes",0
251955692,1.11306076189116,4,"TheTimes",0
252094444,0.877623404426673,2,"TheTimes",0
252282394,1.02393473104551,6,"TheTimes",0
252284636,1.35087488602065,1,"TheTimes",0
252344084,1.19686416781481,5,"TheTimes",1
252495830,0.634041537320341,4,"TheTimes",0
252572488,1.09295094620214,6,"TheTimes",0
252572592,0.860016278737157,NA,"TheTimes",0
252582704,0.781094152978036,3,"TheTimes",0
252620370,1.35087488602065,NA,"TheTimes",0
252701886,0.871249782440781,4,"TheTimes",0
252761092,0.847853503740656,3,"TheTimes",0
252892348,1.24722763970459,7,"TheTimes",1
252972498,1.17829308234422,5,"TheTimes",0
252991186,1.21628093886108,NA,"TheTimes",0
252993850,1.04545076860647,6,"TheTimes",0
253017160,0.996488849604868,5,"TheTimes",0
253047984,1.00013130418113,NA,"TheTimes",0
253058828,1.61207512336239,NA,"TheTimes",1
253094232,0.945516606100346,1,"TheTimes",0
253104970,0.986126522965511,NA,"TheTimes",0
253350012,1.09149051834509,4,"TheTimes",0
253366666,1.109981118125,4,"TheTimes",0
253372226,0.91533745396678,5,"TheTimes",0
253409710,1.15088794154556,NA,"TheTimes",0
253413920,1.44412465285759,2,"TheTimes",0
253414426,1.57263594352526,4,"TheTimes",0
253473946,1.35820553694131,3,"TheTimes",0
253583024,0.847853503740656,3,"TheTimes",0
253700274,1.2166313101662,NA,"TheTimes",1
253773196,0.830583986577563,2,"TheTimes",0
253971900,1.2296964925649,4,"TheTimes",0
254011828,1.19486633620577,NA,"TheTimes",0
254027902,0.947989673412706,NA,"TheTimes",1
254042094,0.702771877355593,3,"TheTimes",1
254043028,1.4050837777731,4,"TheTimes",0
254074910,0.839345541875355,NA,"TheTimes",0
254084544,1.00565586171353,NA,"TheTimes",0
254128848,1.25806440010956,2,"TheTimes",0
254143726,1.43726515314281,5,"TheTimes",0
254242758,0.853436779759635,6,"TheTimes",0
254279428,0.959461704892058,4,"TheTimes",1
254422914,0.667132118089837,5,"TheTimes",0
254516300,1.22413509579127,6,"TheTimes",0
254616818,1.12345227352438,NA,"TheTimes",0
254651770,1.11834396160192,3,"TheTimes",0
254662346,0.711854759046975,1,"TheTimes",0
254679304,1.26776673367235,3,"TheTimes",1
254763566,1.52805623909157,5,"TheTimes",1
254771514,1.74486379261252,5,"TheTimes",1
254814504,1.50409503337125,3,"TheTimes",0
254840058,0.908333257646119,2,"TheTimes",0
254858296,1.52805623909157,5,"TheTimes",1
254889174,1.28214454708282,2,"TheTimes",0
254900654,0.959719806232124,NA,"TheTimes",0
255120288,1.10221638715275,NA,"TheTimes",0
255179604,1.09149051834509,1,"TheTimes",0
255467932,1.32940283047737,4,"TheTimes",0
255508122,1.30210823927937,NA,"TheTimes",0
255533664,1.28495421012571,NA,"TheTimes",0
255575134,1.43726515314281,5,"TheTimes",1
255575162,1.43726515314281,5,"TheTimes",1
255830148,0.912183457423489,NA,"TheTimes",0
255842650,1.04080094107007,3,"TheTimes",0
255845516,0.822284956213542,5,"TheTimes",0
255876590,1.41931298375505,7,"TheTimes",1
255886052,1.53266790113363,5,"TheTimes",0
255930730,1.09587735077075,NA,"TheTimes",1
256296114,1.26354964734177,NA,"TheTimes",0
256372290,1.14698194567146,1,"TheTimes",0
256377332,1.03841065441449,3,"TheTimes",0
256382828,0.888668334820385,4,"TheTimes",0
256629652,1.46126432071995,NA,"TheTimes",0
256654994,1.5729540438391,5,"TheTimes",0
256716582,0.70660062760802,4,"TheTimes",0
256734410,1.62495476738903,3,"TheTimes",0
256744152,1.52805623909157,5,"TheTimes",1
256765230,0.992069247869398,1,"TheTimes",0
256829698,1.0280548645453,5,"TheTimes",0
256902536,0.895919419067703,3,"TheTimes",0
256948856,0.967182023077504,2,"TheTimes",1
256975524,1.25560707761896,4,"TheTimes",0
257056952,1.17672062322091,2,"TheTimes",0
257117462,0.864322424376335,4,"TheTimes",0
257140874,1.25560707761896,1,"TheTimes",0
257329310,1.00055203366279,4,"TheTimes",0
257439154,1.17076230068469,5,"TheTimes",0
257444136,1.13094910625205,4,"TheTimes",0
257447848,1.21050592719842,5,"TheTimes",1
257529088,1.5587940285612,4,"TheTimes",0
257568892,0.911337970760185,NA,"TheTimes",0
257571518,1.05966422491494,5,"TheTimes",0
257627044,1.58931555708301,NA,"TheTimes",0
257634768,1.11058474135198,4,"TheTimes",0
257649116,1.35313295653385,2,"TheTimes",0
257664948,0.861018752332383,7,"TheTimes",0
257675396,1.32098433130753,NA,"TheTimes",0
257690444,1.02764368463236,5,"TheTimes",0
257716944,0.907934336325401,NA,"TheTimes",0
257776224,0.802361947713291,2,"TheTimes",0
257781626,0.785667680325056,2,"TheTimes",0
257800766,1.05631709786659,NA,"TheTimes",0
257916366,0.947861602426335,5,"TheTimes",0
257929404,1.13781406477558,4,"TheTimes",0
258020620,0.789474934182,NA,"TheTimes",0
258224158,1.0118088844434,4,"TheTimes",0
258240248,1.0103637972367,5,"TheTimes",0
258247388,0.860016278737157,NA,"TheTimes",0
258329500,1.0103637972367,6,"TheTimes",1
258330704,0.933781680109807,NA,"TheTimes",0
258459848,0.879904344324191,2,"TheTimes",0
258526256,0.886933958615908,4,"TheTimes",0
258645752,1.34582968388196,1,"TheTimes",0
258665790,1.05463771209613,2,"TheTimes",0
258681212,1.17782370179777,2,"TheTimes",0
258709540,1.0114882148568,4,"TheTimes",0
258778800,0.805845311522441,2,"TheTimes",0
258819738,0.871182216099515,NA,"TheTimes",0
258826400,1.0114882148568,4,"TheTimes",0
258836194,1.44412647653647,6,"TheTimes",0
258837580,1.45876151575058,5,"TheTimes",0
258919130,0.865819742700279,3,"TheTimes",0
258964502,1.38207320158619,NA,"TheTimes",0
259003810,0.825730068556372,3,"TheTimes",0
259109580,1.17927293524207,3,"TheTimes",0
259142246,0.631957775386743,NA,"TheTimes",0
259159332,1.13811858320268,1,"TheTimes",0
259167646,0.874667222990687,1,"TheTimes",0
259184034,0.944478158961642,NA,"TheTimes",0
259225656,1.16974549913189,4,"TheTimes",0
259242222,1.15163773693288,NA,"TheTimes",0
259250984,1.41136041470365,NA,"TheTimes",0
259260544,0.668747674183253,1,"TheTimes",0
259290400,0.966585142604069,5,"TheTimes",0
259304028,0.753374999439595,4,"TheTimes",0
259475668,1.11651904920855,3,"TheTimes",0
259486672,1.35087488602065,3,"TheTimes",0
259523456,1.42304647564076,4,"TheTimes",0
259539898,1.14314704979682,5,"TheTimes",0
259540724,1.23947720042178,3,"TheTimes",0
259652418,1.52432786858755,6,"TheTimes",0
259691782,0.973446004714624,7,"TheTimes",0
259703584,0.767207246569012,3,"TheTimes",0
259787932,1.07791744583546,2,"TheTimes",0
259807156,1.13489395532347,6,"TheTimes",1
259814654,1.09329050988517,4,"TheTimes",0
259874450,0.9205756783726,NA,"TheTimes",0
259911830,0.844414264278832,NA,"TheTimes",0
259915756,1.14051234166405,4,"TheTimes",0
259921504,0.962434844103709,6,"TheTimes",0
259923704,0.972481734845992,1,"TheTimes",1
260065192,0.62334240367033,4,"TheTimes",0
260083968,1.21415512943999,3,"TheTimes",1
260138946,1.2166313101662,4,"TheTimes",0
260181550,1.3795942097128,3,"TheTimes",0
260182324,1.04186346589293,6,"TheTimes",0
260192104,1.12660251080514,4,"TheTimes",0
260214658,0.93624204253036,1,"TheTimes",0
260252636,0.738421552997824,NA,"TheTimes",0
260267474,0.878672242175325,2,"TheTimes",0
260287420,0.719925047398161,5,"TheTimes",0
260293456,0.922755024824995,NA,"TheTimes",0
260311614,0.818563175004828,NA,"TheTimes",0
260324730,0.741597558132564,4,"TheTimes",0
260327522,1.4748264475141,NA,"TheTimes",0
260350348,1.15970012963805,4,"TheTimes",0
260365118,1.07026806359058,4,"TheTimes",0
260383590,0.758716631938431,NA,"TheTimes",0
260392790,1.42614241546544,NA,"TheTimes",0
260394396,0.98804833730148,4,"TheTimes",0
260394922,0.847795777918023,4,"TheTimes",1
260409030,0.915477417633601,NA,"TheTimes",0
260450826,1.1535138247527,2,"TheTimes",0
260467546,1.24681825344492,NA,"TheTimes",0
260485980,1.10502380836018,1,"TheTimes",0
260488996,0.59860493491936,NA,"TheTimes",0
260515502,0.924164122376536,6,"TheTimes",0
260558310,0.883840804839242,6,"TheTimes",0
260584102,0.83672340058174,NA,"TheTimes",0
260638540,0.955375586826625,NA,"TheTimes",0
260714790,0.701845158958922,4,"TheTimes",0
260811908,0.984850686085726,4,"TheTimes",0
260931750,0.84389780870887,6,"TheTimes",1
260964070,0.978601517128702,NA,"TheTimes",0
261051208,1.20992764363874,1,"TheTimes",0
261062580,0.965616372392045,4,"TheTimes",0
261068880,0.59519163967669,1,"TheTimes",1
20022530,0.894742969930345,4,"Mirror",0
20023753,0.817899511525492,6,"Mirror",0
20025447,0.924464590075186,5,"Mirror",0
20026947,0.821534967006642,2,"Mirror",0
20047619,0.820360991763164,6,"Mirror",0
20048332,1.1759725084016,4,"Mirror",0
20048618,0.925208410912284,4,"Mirror",0
20050448,0.987033283522209,5,"Mirror",0
20051529,0.761143846254295,4,"Mirror",0
20051923,0.803926781539201,6,"Mirror",0
20052122,1.03465290359113,4,"Mirror",0
20052241,0.915122066222173,4,"Mirror",0
20054024,0.897206273270836,5,"Mirror",0
20054270,0.917818307739336,NA,"Mirror",0
20054395,1.03853157643102,5,"Mirror",0
20060542,0.971117221620311,NA,"Mirror",0
20064022,1.02756830800205,6,"Mirror",0
20065179,1.01019313817515,4,"Mirror",0
20067149,1.36837782143029,5,"Mirror",0
20067844,0.887468293345291,5,"Mirror",0
20073628,0.923817194805369,3,"Mirror",0
20074410,0.773996228257417,NA,"Mirror",0
20077389,1.18669564292533,NA,"Mirror",0
20078507,1.00964339403178,3,"Mirror",0
20085274,1.09594320375307,4,"Mirror",0
20086548,0.973494560447607,6,"Mirror",0
20087794,0.788292694930814,6,"Mirror",0
20087888,0.8108497346763,NA,"Mirror",0
20088212,0.817899511525492,6,"Mirror",0
20089287,0.760970327217994,4,"Mirror",0
20089575,0.765847326092285,3,"Mirror",0
20091650,1.36467995317101,6,"Mirror",0
20091668,0.976826118736406,4,"Mirror",0
20093294,0.890771270097029,6,"Mirror",0
20096796,0.909315105885082,3,"Mirror",0
20098142,0.851773826284773,2,"Mirror",0
20099291,0.976826118736406,6,"Mirror",0
20102045,1.18262480891063,4,"Mirror",0
20103834,1.18127904724926,NA,"Mirror",0
20105311,0.978841972355124,NA,"Mirror",0
20106754,0.995000205805947,7,"Mirror",0
20107774,0.957175087236545,4,"Mirror",0
20108848,0.686890779810034,4,"Mirror",0
20113956,1.05395044442534,6,"Mirror",0
20114172,0.884671877547993,5,"Mirror",0
20114869,1.42500367564671,2,"Mirror",0
20115167,0.748282483561949,3,"Mirror",0
20122155,1.27260493984081,4,"Mirror",0
20122792,1.09295094620214,4,"Mirror",0
20124135,0.915653346199629,6,"Mirror",0
20125503,0.798900062604096,5,"Mirror",0
20126726,0.739654295956792,NA,"Mirror",0
20128496,0.928967578985955,5,"Mirror",0
20133288,1.2934980155536,3,"Mirror",0
20133843,1.07922092931644,4,"Mirror",0
20133959,0.976826118736406,5,"Mirror",0
20134062,0.953571918607351,4,"Mirror",0
20135037,0.948052073531323,7,"Mirror",0
20135236,1.17776303245002,NA,"Mirror",0
20135368,0.976826118736406,5,"Mirror",0
20135890,0.825688491871181,3,"Mirror",0
20135896,1.02691170127348,5,"Mirror",0
20136090,1.07868111800161,4,"Mirror",0
20136198,0.930329183919794,4,"Mirror",0
20137204,1.16766529817587,NA,"Mirror",0
20137867,0.91954497216919,4,"Mirror",0
20139579,0.823005185848736,4,"Mirror",0
20139936,1.1771220972616,3,"Mirror",0
20140177,1.09074035706863,NA,"Mirror",0
20140746,1.34812249136809,6,"Mirror",0
20142240,0.929902768554445,1,"Mirror",0
20143499,0.749672136467166,1,"Mirror",0
20143790,1.03541599566902,5,"Mirror",0
20145040,1.27118104060527,NA,"Mirror",0
20145226,0.790272204577528,NA,"Mirror",0
20145321,0.905840002742017,3,"Mirror",0
20145418,1.02827233406731,4,"Mirror",1
20148829,0.953571918607351,NA,"Mirror",0
20149402,0.876750016606568,NA,"Mirror",1
20149838,0.969858785669946,NA,"Mirror",0
20150337,1.02827197727516,3,"Mirror",0
20151311,0.723829626325887,5,"Mirror",1
20151909,0.91840516021723,5,"Mirror",0
20152155,0.798661733986574,4,"Mirror",0
20152444,0.952251715896481,4,"Mirror",0
20153171,0.976826118736406,2,"Mirror",0
20155692,0.914772568516223,NA,"Mirror",0
20156694,1.33176607273167,4,"Mirror",0
20157553,0.809471843979465,6,"Mirror",0
20157664,1.1761964194612,6,"Mirror",0
20160898,1.34323433307381,2,"Mirror",0
20161127,0.720343693026911,3,"Mirror",0
20161313,0.927449832702319,5,"Mirror",0
20165504,0.900276752673519,6,"Mirror",0
20167553,0.953571918607351,6,"Mirror",0
20168594,0.993555576786381,6,"Mirror",0
20172071,1.09295094620214,5,"Mirror",0
20172350,0.900276752673519,6,"Mirror",0
20174731,1.00936762401267,NA,"Mirror",0
20185685,0.850838952009086,2,"Mirror",0
20186139,1.09335305494336,4,"Mirror",0
20187447,1.08546716548142,NA,"Mirror",0
20187643,1.12267941428684,NA,"Mirror",0
20187973,0.761166469935306,4,"Mirror",1
20190533,0.867336641943539,3,"Mirror",1
20191176,0.87382095739501,5,"Mirror",0
20192405,0.887013255982913,6,"Mirror",0
20192862,0.765847326092285,NA,"Mirror",0
20193929,0.94419959074595,6,"Mirror",0
20194591,1.03392834431338,4,"Mirror",0
20195130,0.916482088139855,NA,"Mirror",0
20195245,0.747423130140161,3,"Mirror",0
20196593,1.2758580902463,5,"Mirror",0
20197611,0.686694582824386,NA,"Mirror",0
20198070,0.904739521776239,5,"Mirror",0
20199178,1.2128449680906,NA,"Mirror",0
20199884,0.702322593003148,3,"Mirror",0
20203396,1.05368885133127,2,"Mirror",0
20203630,0.762653101584496,NA,"Mirror",0
20204323,0.948867606283327,4,"Mirror",0
20204943,0.887444447484897,4,"Mirror",0
20208196,0.823793349980589,NA,"Mirror",0
20210902,0.900276752673519,5,"Mirror",0
20211741,0.908850223904938,3,"Mirror",0
20212803,0.876294237923966,5,"Mirror",0
20213840,0.940076826200111,3,"Mirror",0
20218535,0.861397339890943,NA,"Mirror",0
20219332,1.50409503337125,4,"Mirror",0
20220715,0.936171066347943,3,"Mirror",0
20223358,0.918134488710401,5,"Mirror",0
20224282,1.22173933972407,NA,"Mirror",0
20225171,1.10636867735698,3,"Mirror",0
20229641,0.976826118736406,6,"Mirror",0
20229961,0.847811794083742,4,"Mirror",0
20230094,1.0109279537919,4,"Mirror",0
20236098,1.14009882347847,NA,"Mirror",0
20236184,0.915777316193063,3,"Mirror",0
20239005,0.967957797037201,2,"Mirror",0
20239127,0.858571516903643,NA,"Mirror",0
20240996,0.812474998807354,3,"Mirror",0
20242781,0.844645415079307,4,"Mirror",0
20243373,1.03786796427443,4,"Mirror",0
20246931,0.607263186969397,3,"Mirror",0
20246999,1.5478282430944,3,"Mirror",0
20247178,1.03853157643102,5,"Mirror",0
20248337,0.884671877547993,5,"Mirror",0
20248469,0.843427271661646,NA,"Mirror",0
20249561,0.733583391835327,2,"Mirror",0
20252333,0.84389780870887,NA,"Mirror",0
20252892,0.668426975814446,NA,"Mirror",0
20253190,0.919147800210688,2,"Mirror",0
20261597,1.1259193156667,NA,"Mirror",0
20261834,0.899637429815814,4,"Mirror",0
20264620,0.896668094594843,4,"Mirror",1
20267695,1.12267941428684,5,"Mirror",0
20269882,1.22915997565542,4,"Mirror",0
20271482,0.916841448123286,4,"Mirror",0
20279656,0.771928521910068,NA,"Mirror",1
20282652,0.858195384763216,4,"Mirror",0
20283337,0.969239054797089,4,"Mirror",0
20287056,0.884671877547993,4,"Mirror",0
20287911,1.41933102769153,NA,"Mirror",0
20292241,0.810238724016875,5,"Mirror",0
20298810,0.763778615188506,3,"Mirror",0
20305136,1.20786969531933,2,"Mirror",0
20306733,0.756140976367034,3,"Mirror",0
20309668,1.4953094644389,5,"Mirror",0
20314827,0.77509187632978,4,"Mirror",0
20314957,1.15061164828363,2,"Mirror",0
20316902,1.11135869068197,6,"Mirror",0
20334426,1.19378406791155,4,"Mirror",0
20336029,0.868370017484301,NA,"Mirror",0
20336875,1.06197604095222,5,"Mirror",0
20339893,0.89385541742505,4,"Mirror",0
20340967,1.20572086747911,4,"Mirror",0
20343175,0.989809342081748,3,"Mirror",0
20343899,0.958596070532606,NA,"Mirror",0
20348755,0.887444447484897,NA,"Mirror",0
20351548,1.05395044442534,3,"Mirror",0
20379011,1.09501395932862,NA,"Mirror",0
20383672,0.936849727935804,3,"Mirror",0
20388046,1.33176607273167,4,"Mirror",0
20389810,1.002611317936,4,"Mirror",0
20396797,0.887622663785031,NA,"Mirror",0
20397668,1.23205481737507,NA,"Mirror",0
20399950,0.970799170414574,NA,"Mirror",0
20405023,0.925654803029123,5,"Mirror",0
20405320,0.84594142827104,5,"Mirror",0
20418950,0.953571918607351,5,"Mirror",1
20421365,0.917885286825368,NA,"Mirror",0
20427040,1.10920518008911,2,"Mirror",0
20427978,1.01019313817515,4,"Mirror",0
20430365,0.719396769090035,NA,"Mirror",0
20433545,1.03468070498057,5,"Mirror",0
20434159,0.942515802898834,6,"Mirror",0
20437849,0.78159358411302,3,"Mirror",0
20440100,0.993519906850358,3,"Mirror",0
20440170,1.03436469303264,4,"Mirror",0
20440408,0.765847326092285,6,"Mirror",0
20446141,1.18148589878386,5,"Mirror",0
20501374,1.22214426581869,2,"Mirror",0
20505330,0.917885286825368,6,"Mirror",0
20525307,1.24842339100706,3,"Mirror",0
20533993,1.07868111800161,5,"Mirror",0
20545388,0.863592956821994,4,"Mirror",0
20546711,0.897206273270836,6,"Mirror",0
20548468,0.858707242933069,2,"Mirror",0
20556580,0.85750172263526,2,"Mirror",0
20571450,0.982862404751604,5,"Mirror",0
20579704,0.659781242506987,5,"Mirror",0
20588958,0.904559466223653,1,"Mirror",0
20599963,0.9205756783726,5,"Mirror",0
20609958,0.897206273270836,7,"Mirror",0
20611450,1.12850448712512,4,"Mirror",0
20621054,1.11416747220947,6,"Mirror",0
20626839,0.771638719679397,5,"Mirror",0
20629537,1.09149051834509,3,"Mirror",0
20636152,0.874993877289061,2,"Mirror",0
20636990,1.09295094620214,4,"Mirror",0
20638692,1.18512538089011,4,"Mirror",0
20639451,0.900276752673519,4,"Mirror",0
20639487,0.976320446993874,5,"Mirror",0
20639532,0.908943959690363,3,"Mirror",0
20643016,1.02562633672478,4,"Mirror",0
20644464,0.665983569115204,3,"Mirror",0
20663607,1.48173141717201,NA,"Mirror",0
20664557,0.865819742700279,NA,"Mirror",0
20669921,0.89385541742505,6,"Mirror",0
20671465,1.02571170243139,1,"Mirror",0
20682590,1.25614430656367,4,"Mirror",0
20690532,0.91787073208587,4,"Mirror",0
20692384,1.02756830800205,4,"Mirror",0
20696602,1.09295094620214,4,"Mirror",0
20704743,1.22382710987253,NA,"Mirror",0
20707325,1.13170811625119,4,"Mirror",0
20707394,0.991152548827504,NA,"Mirror",0
20710990,0.833697652560433,NA,"Mirror",0
20713943,0.874027050296371,3,"Mirror",0
20716485,0.738131805223005,2,"Mirror",0
20716957,0.939044996852221,2,"Mirror",1
20717044,1.20558630781978,5,"Mirror",0
20718933,1.12566586807069,4,"Mirror",0
20725665,1.10920518008911,5,"Mirror",0
20728580,1.37004414647068,3,"Mirror",0
20729382,0.963008145891068,4,"Mirror",0
20733757,0.915653346199629,5,"Mirror",0
20739660,0.898296032826641,NA,"Mirror",0
20749975,1.16585337868382,3,"Mirror",0
20757666,1.23205481737507,6,"Mirror",0
20757869,0.834086882124798,6,"Mirror",0
20759800,1.13130319812072,5,"Mirror",0
20765090,1.03541599566902,5,"Mirror",0
20772060,1.20144716521654,3,"Mirror",0
20779386,0.715080729081225,2,"Mirror",0
22086387,0.748564002239245,3,"Mirror",0
22087570,0.960853674843062,5,"Mirror",0
22091348,0.810908350835403,6,"Mirror",0
22141182,1.09335305494336,3,"Mirror",0
22141975,1.03853157643102,6,"Mirror",0
22144146,0.748090154997302,6,"Mirror",0
22152420,1.04160818585092,NA,"Mirror",0
22152443,1.03465290359113,6,"Mirror",0
22187403,0.878277890252884,3,"Mirror",0
22264314,0.872316496291049,2,"Mirror",0
22275023,0.839574388854932,4,"Mirror",0
22309739,0.959687996382129,2,"Mirror",0
22316630,0.77399224178618,4,"Mirror",0
22330358,1.2495897009648,5,"Mirror",0
22403734,0.811233985050568,3,"Mirror",0
28009011,1.01859652762759,4,"Mirror",0
28110124,0.936647281551935,4,"Mirror",0
28242812,0.900276752673519,5,"Mirror",0
28263520,0.970137481428116,7,"Mirror",0
28359418,0.722908883836946,NA,"Mirror",0
28367120,1.22418790138184,NA,"Mirror",0
28371373,1.02910304873513,2,"Mirror",0
28572771,0.909566209969306,5,"Mirror",0
28807291,0.727172999856394,1,"Mirror",0
28897999,0.888161284121996,3,"Mirror",0
29093399,0.953571918607351,4,"Mirror",0
29099947,0.818861168462333,2,"Mirror",1
29171252,0.933001346993407,5,"Mirror",0
29171826,0.950592752033376,6,"Mirror",0
29213009,0.84389780870887,4,"Mirror",0
29244000,0.760810689396771,NA,"Mirror",0
29469942,1.03541599566902,5,"Mirror",1
29477530,0.966261689432141,3,"Mirror",0
29483187,0.973152758432742,3,"Mirror",0
29487305,1.07427453506468,NA,"Mirror",0
29498254,0.907051016528382,5,"Mirror",0
29499762,0.833697652560433,NA,"Mirror",0
29764485,1.17438519003218,4,"Mirror",0
29821641,0.84797998909773,2,"Mirror",0
29835911,0.908704538936667,NA,"Mirror",0
29937004,1.18588314935095,NA,"Mirror",0
30623806,1.46091454487931,6,"Mirror",0
30629518,1.25047771566061,4,"Mirror",0
30937696,1.03212708763763,NA,"Mirror",0
31273935,0.83080796390262,NA,"Mirror",0
31435701,1.39572624380206,4,"Mirror",0
31671783,0.729783196899742,2,"Mirror",0
31845573,0.820360991763164,4,"Mirror",0
32693955,0.91667243543518,2,"Mirror",0
32962021,0.748008777113973,2,"Mirror",0
33159411,0.84389780870887,6,"Mirror",0
33386432,0.750370362123011,3,"Mirror",0
33702033,1.21173841367426,NA,"Mirror",0
33764738,1.09671122198231,5,"Mirror",0
33931048,0.893357025221136,5,"Mirror",0
33951681,1.02243301700971,2,"Mirror",0
33964836,0.924464590075186,3,"Mirror",0
34242710,0.950592752033376,6,"Mirror",0
34356611,0.999122114579395,NA,"Mirror",0
34649256,0.667132118089837,NA,"Mirror",0
35353980,1.28042165015217,NA,"Mirror",0
36447947,0.998037974526841,2,"Mirror",0
36477499,0.916125581039401,NA,"Mirror",0
36630170,0.739654295956792,3,"Mirror",0
36639352,0.924464590075186,5,"Mirror",0
37273045,1.00593672063042,2,"Mirror",0
37409380,0.87751795154183,6,"Mirror",0
37905035,1.2489648275373,1,"Mirror",0
37998195,0.934227297451027,3,"Mirror",0
38145824,0.823793349980589,NA,"Mirror",0
38171943,0.976826118736406,NA,"Mirror",0
38174841,1.03956599130216,NA,"Mirror",0
38243482,1.42555536706801,4,"Mirror",0
38373885,1.06535376248509,4,"Mirror",0
38418680,0.951505177759098,7,"Mirror",0
38464266,0.993241815873803,2,"Mirror",0
38541683,1.02010812125039,4,"Mirror",0
38610986,0.970574089858866,5,"Mirror",0
38800892,1.094444637344,6,"Mirror",0
39340838,0.90245690193347,NA,"Mirror",0
39601149,0.899073780798858,1,"Mirror",0
39699738,1.00985806953401,NA,"Mirror",0
39761399,0.841918816446721,2,"Mirror",0
39918383,0.764849955428823,6,"Mirror",0
40197802,0.89385541742505,4,"Mirror",0
40202000,0.89385541742505,4,"Mirror",0
40210877,0.869116517852556,4,"Mirror",0
40259163,0.749495366073594,3,"Mirror",0
40418895,0.915122066222173,2,"Mirror",0
40512087,0.950592752033376,2,"Mirror",0
40682383,0.911608550605073,5,"Mirror",0
40686754,0.957146637712426,4,"Mirror",0
40699600,0.900276752673519,4,"Mirror",0
40759921,1.22799358143051,NA,"Mirror",0
40834767,0.953571918607351,5,"Mirror",0
40894203,0.811823837208255,3,"Mirror",0
40903213,0.757671940311865,NA,"Mirror",0
40908716,1.29156740857858,NA,"Mirror",0
40915400,1.25364480788112,4,"Mirror",0
40973680,0.917047842597496,NA,"Mirror",0
41245265,0.769109561176168,4,"Mirror",0
41325769,0.939523240854489,5,"Mirror",0
41446381,1.01250373064625,NA,"Mirror",0
41518838,0.711901513430157,3,"Mirror",0
41723226,0.996441464564433,5,"Mirror",0
41730131,0.844414264278832,4,"Mirror",0
41758666,0.832713433836335,2,"Mirror",0
41979535,0.957146637712426,NA,"Mirror",0
41997586,1.34462274791379,3,"Mirror",0
42131094,1.18106677543508,4,"Mirror",0
42171186,0.970802159453395,4,"Mirror",0
42191810,0.821615406288972,3,"Mirror",0
42200816,1.05093695313805,2,"Mirror",0
42348990,1.24632386535211,2,"Mirror",0
42436462,0.970137481428116,5,"Mirror",0
42585715,1.15663276814745,3,"Mirror",0
42609607,0.887444447484897,6,"Mirror",1
42748625,1.03465290359113,4,"Mirror",0
42763963,1.3968866021068,6,"Mirror",0
42837333,1.03521756164282,NA,"Mirror",0
42856198,1.05699323222968,4,"Mirror",1
42879263,0.796046040655566,4,"Mirror",0
42886102,0.805533573987045,3,"Mirror",0
42887802,1.18669564292533,4,"Mirror",0
42887921,1.04222532771776,2,"Mirror",0
42894286,1.2758580902463,6,"Mirror",0
42897404,0.84863250636115,4,"Mirror",0
42944000,0.94419959074595,5,"Mirror",0
43023604,1.09836329118528,4,"Mirror",0
43049539,0.832713433836335,1,"Mirror",0
43057956,0.957146637712426,6,"Mirror",0
43066111,0.97052327275018,NA,"Mirror",0
43068545,0.830966332152616,5,"Mirror",0
43094495,0.880547467181152,1,"Mirror",0
43102874,0.766899671782288,4,"Mirror",0
43132678,1.33269126360453,2,"Mirror",0
43151306,0.702322593003148,1,"Mirror",0
43226291,0.973152758432742,3,"Mirror",0
43270919,0.9464923976839,2,"Mirror",0
43280312,0.807425181094517,6,"Mirror",0
43396423,0.921753865059368,NA,"Mirror",0
43423680,1.08776673904153,3,"Mirror",0
43435157,1.00252346728541,NA,"Mirror",0
43452326,0.686890779810034,2,"Mirror",0
43454196,1.05790013523282,NA,"Mirror",0
43455435,0.787615768160952,5,"Mirror",0
43496809,0.89385541742505,4,"Mirror",0
43681882,1.6589226451259,NA,"Mirror",0
43713638,0.977495379401078,5,"Mirror",0
43860063,1.01195543590741,NA,"Mirror",0
43983614,0.910844741517915,5,"Mirror",0
44199329,0.717981833366672,NA,"Mirror",0
44631876,0.817407164620393,4,"Mirror",0
44643491,0.765847326092285,3,"Mirror",0
44649116,0.784162620215093,2,"Mirror",0
44661143,1.45946841545958,6,"Mirror",0
44667881,0.756132193432155,3,"Mirror",0
44672709,1.03853157643102,NA,"Mirror",0
44698931,0.819384215656975,3,"Mirror",0
44790445,0.846020986145008,1,"Mirror",0
44812787,0.95586767490274,3,"Mirror",0
44859114,1.41137521153932,NA,"Mirror",0
44903992,0.900631603709599,2,"Mirror",0
44944964,0.84863250636115,4,"Mirror",0
44946802,0.910111462503697,3,"Mirror",0
45051112,0.912814921390253,7,"Mirror",0
45151531,1.13301478708081,4,"Mirror",0
45320283,0.8390006323218,4,"Mirror",0
45370989,0.953600261879144,NA,"Mirror",0
45393528,0.869687597110306,4,"Mirror",0
45448884,1.28338089692779,NA,"Mirror",0
45619796,0.973494560447607,6,"Mirror",0
45741935,0.828577467418826,3,"Mirror",0
45780502,0.672593447348115,2,"Mirror",0
45958294,0.999122114579395,4,"Mirror",0
46226260,0.830583986577563,2,"Mirror",0
46345528,1.04969749800208,NA,"Mirror",0
46372790,1.003491112401,2,"Mirror",0
46578362,0.727516890904271,NA,"Mirror",0
46752005,0.755758887871929,4,"Mirror",0
46765185,1.05473760391594,1,"Mirror",0
46779526,1.18483688914871,3,"Mirror",0
46799958,0.993065273061458,4,"Mirror",0
47258112,0.835560094170178,4,"Mirror",0
47358632,0.771101561565534,NA,"Mirror",0
47516953,0.85831194107099,1,"Mirror",0
47583586,0.808791864816064,3,"Mirror",0
47586545,0.946069117560492,NA,"Mirror",0
47636627,0.730794969038149,6,"Mirror",0
47661167,1.18262480891063,5,"Mirror",0
47669255,1.06546248652522,2,"Mirror",0
47675054,1.02691170127348,4,"Mirror",0
47690793,0.993462051294154,4,"Mirror",0
47735381,1.03441445765973,5,"Mirror",0
47745998,0.683279387180257,3,"Mirror",0
47778351,1.02803076306129,5,"Mirror",0
47793657,0.917047842597496,NA,"Mirror",0
47853777,1.11161963724855,NA,"Mirror",0
47904875,0.727151386542306,1,"Mirror",0
47949665,0.890955976786543,4,"Mirror",0
47962048,0.752760863645947,3,"Mirror",1
47979961,1.12267941428684,NA,"Mirror",0
47991091,1.18879859338437,2,"Mirror",0
47991754,1.3702258933442,3,"Mirror",0
48001579,0.989368864154687,3,"Mirror",0
48315198,1.07274758838559,3,"Mirror",0
48382228,1.38154475936927,2,"Mirror",0
48711291,0.729701827506074,6,"Mirror",0
48788760,1.16706528990819,1,"Mirror",0
49350207,0.812299094949511,6,"Mirror",0
50111974,1.266238879116,3,"Mirror",0
51039510,0.947042510160343,NA,"Mirror",0
51141573,0.802525094258597,NA,"Mirror",0
51151934,1.08766107075745,3,"Mirror",0
51205825,1.2916688895354,5,"Mirror",0
52023806,0.756518380323481,2,"Mirror",0
52052117,1.08964872142487,5,"Mirror",0
52114037,1.24842339100706,4,"Mirror",0
52161324,1.01044537148388,NA,"Mirror",0
52295884,0.812323239131587,3,"Mirror",1
52361998,0.815650431714229,NA,"Mirror",0
52363982,0.887622663785031,2,"Mirror",0
52471028,0.834987597606341,5,"Mirror",0
52572254,0.912407017716603,2,"Mirror",0
52580725,0.94367729036805,NA,"Mirror",0
52618271,0.765847326092285,4,"Mirror",0
52647854,0.994926306689342,6,"Mirror",0
52675334,0.678170754168068,NA,"Mirror",0
52731886,1.05653537236359,6,"Mirror",1
52733844,0.947042510160343,6,"Mirror",0
52821490,0.770024421186343,NA,"Mirror",0
52929812,0.978489066996293,3,"Mirror",0
52978709,0.882017873813367,5,"Mirror",0
53088984,1.15663276814745,1,"Mirror",0
53909359,0.852018555964852,5,"Mirror",0
54237659,0.755605247248534,2,"Mirror",0
54770795,0.976826118736406,5,"Mirror",0
55242390,1.18498118682961,NA,"Mirror",1
55251657,0.746245134352986,NA,"Mirror",0
55547212,0.777846242675866,4,"Mirror",0
55645879,0.895154007402913,4,"Mirror",0
56392255,1.2495897009648,5,"Mirror",0
56558105,1.44715692139383,4,"Mirror",0
56566532,0.84389780870887,NA,"Mirror",0
56576592,0.96822509508891,2,"Mirror",0
56640358,0.689465773416466,6,"Mirror",0
56649908,1.30953681195162,3,"Mirror",0
56679233,0.86142096653516,1,"Mirror",0
56713928,0.898932924060889,4,"Mirror",0
56744467,0.730794969038149,5,"Mirror",0
56832299,0.976826118736406,5,"Mirror",0
56927578,1.31578321246702,2,"Mirror",0
56931626,1.33889147039214,5,"Mirror",0
56958546,1.02099059921259,5,"Mirror",0
57017924,0.942380796761074,3,"Mirror",1
57032583,0.769109561176168,4,"Mirror",0
57032741,1.11026399086635,2,"Mirror",0
57049325,1.15631417583776,5,"Mirror",0
57053971,0.959687996382129,3,"Mirror",0
57114436,1.02756830800205,6,"Mirror",1
57115562,0.888098968266787,6,"Mirror",0
57133460,1.2451859059914,4,"Mirror",0
57165736,1.1759725084016,2,"Mirror",0
57176854,0.916280695075066,NA,"Mirror",0
57216373,0.788955183923185,4,"Mirror",0
57230271,1.15581072837555,4,"Mirror",0
57281520,1.06872920288467,1,"Mirror",0
57300447,0.892494544422774,4,"Mirror",0
57435135,0.976826118736406,NA,"Mirror",0
57479676,0.771430872348229,2,"Mirror",0
57479777,1.41650258041997,3,"Mirror",0
57483282,1.0636669578344,3,"Mirror",0
57483839,0.788292694930814,4,"Mirror",0
57518822,0.68817335612607,2,"Mirror",0
57558768,0.915834384521452,2,"Mirror",0
57638604,1.12688807802034,5,"Mirror",0
57810666,1.10614553262215,2,"Mirror",0
57893068,0.953571918607351,5,"Mirror",0
57905349,0.84389780870887,6,"Mirror",0
58281729,0.950521824371447,2,"Mirror",0
58408223,1.29502688101483,4,"Mirror",0
58481386,1.0357475309506,4,"Mirror",0
58572155,0.896277494168242,NA,"Mirror",0
58607964,1.11237999836726,4,"Mirror",0
58789068,0.969858785669946,7,"Mirror",0
58905093,0.848005193832514,2,"Mirror",0
58910393,1.0109279537919,3,"Mirror",0
58923056,1.01924430045209,3,"Mirror",0
58936761,0.938773806911833,4,"Mirror",0
59392697,0.913016200733579,3,"Mirror",0
59557487,0.880918156188144,3,"Mirror",0
59743095,1.25047771566061,6,"Mirror",0
60237306,1.23073792518688,NA,"Mirror",0
60267522,1.59463230159624,4,"Mirror",0
60338282,1.06375624165869,2,"Mirror",0
60658651,1.4031215674834,4,"Mirror",0
61109547,0.944478158961642,2,"Mirror",0
61130952,1.01924430045209,5,"Mirror",0
61140399,1.03399176987092,NA,"Mirror",0
61316711,0.959687996382129,3,"Mirror",0
61320357,0.856216654418697,5,"Mirror",0
61391781,0.881558695477241,4,"Mirror",0
61601777,0.576867303297478,3,"Mirror",0
61607451,0.717102762592716,3,"Mirror",0
61634939,0.953132129100769,4,"Mirror",0
61670273,1.00540751377478,NA,"Mirror",0
61916230,1.26981052452799,3,"Mirror",0
61920179,0.870271267567881,3,"Mirror",0
62093388,1.08919604901607,2,"Mirror",0
62549955,0.952514054234276,1,"Mirror",0
62608906,0.89385541742505,NA,"Mirror",0
62625223,0.750207832395514,1,"Mirror",0
62698268,1.42614241546544,NA,"Mirror",0
62760901,0.693175934117593,3,"Mirror",0
62862667,0.880855870984505,2,"Mirror",0
63035544,0.694110456481874,2,"Mirror",1
63120786,0.913396607044211,4,"Mirror",0
63148155,0.976826118736406,7,"Mirror",0
63173206,1.02764368463236,6,"Mirror",0
63176355,1.20540884652547,6,"Mirror",0
63273988,1.17507341651471,NA,"Mirror",0
63279469,1.08225092188429,4,"Mirror",0
63294349,0.986632991413281,3,"Mirror",0
63294594,0.969858785669946,6,"Mirror",0
63307496,0.931420858843705,6,"Mirror",0
63314393,0.979913830755939,4,"Mirror",1
63331034,1.10666702346151,4,"Mirror",0
63584335,1.43440259726332,2,"Mirror",0
63771273,0.821040636106232,NA,"Mirror",0
63830101,1.06061054526573,5,"Mirror",0
63879869,1.31386565041733,2,"Mirror",0
64190359,0.829363544602136,6,"Mirror",1
64192061,1.25748017213181,3,"Mirror",0
64222158,1.06298426305768,NA,"Mirror",0
64232134,0.847245343227626,NA,"Mirror",0
64266435,1.17101904588635,5,"Mirror",0
64309792,0.969858785669946,7,"Mirror",0
64462978,1.65885249065492,3,"Mirror",0
64570884,1.27796510970041,NA,"Mirror",0
64684101,1.12381580180177,4,"Mirror",1
64819256,0.79912675295184,5,"Mirror",0
64845724,0.863240279530685,2,"Mirror",0
64948976,0.986630536417006,2,"Mirror",0
64954450,0.905840002742017,6,"Mirror",1
64960009,1.09772286498091,3,"Mirror",0
64988128,0.947042510160343,4,"Mirror",0
65174573,0.691567291206768,4,"Mirror",0
65186942,1.08766107075745,NA,"Mirror",0
65272957,0.953571918607351,6,"Mirror",0
65277399,0.984773749383512,4,"Mirror",0
65369137,1.03465290359113,5,"Mirror",0
65411597,0.882363103478573,4,"Mirror",0
65442034,1.02858183298023,5,"Mirror",0
65446010,1.19448718854612,NA,"Mirror",0
65454591,1.3662936789239,5,"Mirror",1
65472057,0.924191736114724,2,"Mirror",0
65531829,1.03465290359113,4,"Mirror",0
65618153,0.815344215130893,5,"Mirror",0
65624683,1.25701223409206,NA,"Mirror",0
65636324,0.876372933316275,6,"Mirror",1
65790476,0.821534967006642,NA,"Mirror",0
65862314,1.54700710142287,5,"Mirror",0
65980118,1.19883626001481,5,"Mirror",0
65980386,1.05258945955152,4,"Mirror",0
66193850,0.979913830755939,6,"Mirror",0
66204985,0.858850942114618,NA,"Mirror",0
66208044,1.0283261749472,6,"Mirror",1
66326256,0.781548198690251,2,"Mirror",0
66351399,0.953571918607351,5,"Mirror",1
66414897,0.719396769090035,4,"Mirror",0
66474716,0.947042510160343,5,"Mirror",0
66522313,0.95586767490274,2,"Mirror",0
66593620,0.822095803909667,3,"Mirror",0
66667069,1.00522952111069,2,"Mirror",0
66690807,1.0730005986402,3,"Mirror",0
66730043,0.935487317846887,4,"Mirror",0
66925078,1.22540248175387,NA,"Mirror",0
67035809,0.84389780870887,4,"Mirror",0
67095560,0.903663392866233,NA,"Mirror",0
67121702,0.825629512531082,2,"Mirror",0
67133806,1.10323867865011,NA,"Mirror",0
67140490,0.823793349980589,4,"Mirror",0
67246017,0.705129569489494,3,"Mirror",0
67259173,0.915068252105665,NA,"Mirror",0
67285958,0.861397339890943,4,"Mirror",0
67298406,0.947042510160343,5,"Mirror",0
67468958,1.20794679322493,1,"Mirror",0
67618095,0.82099002814438,4,"Mirror",0
67747875,1.05613565137138,NA,"Mirror",0
67761840,1.11902451772789,4,"Mirror",0
67778757,0.932841445825631,7,"Mirror",0
67782116,1.08776673904153,4,"Mirror",0
67913262,1.43151781602231,5,"Mirror",1
68152478,0.983653212257379,3,"Mirror",0
68186300,0.904137012894086,4,"Mirror",0
68278988,0.854232581021158,6,"Mirror",0
68291901,0.953571918607351,5,"Mirror",0
68317610,1.09295094620214,6,"Mirror",0
68362138,1.07441032615425,5,"Mirror",0
68409052,0.968056116396493,NA,"Mirror",1
68439757,0.983334199752842,3,"Mirror",1
68457514,1.03924311384776,NA,"Mirror",0
68546716,0.937282210218467,NA,"Mirror",0
68567243,1.19980970131249,2,"Mirror",0
68576601,0.776920851848309,1,"Mirror",0
68606802,1.04160818585092,NA,"Mirror",0
68638543,1.24840507385683,4,"Mirror",0
68640900,0.809471843979465,6,"Mirror",0
68641626,0.976826118736406,6,"Mirror",0
68668897,1.08650905030969,3,"Mirror",0
68682697,0.976320446993874,5,"Mirror",0
68702421,0.826881559447904,NA,"Mirror",0
68723248,1.002611317936,3,"Mirror",0
68778631,1.04251313447999,4,"Mirror",0
68785768,1.14031515091747,6,"Mirror",0
68826991,0.706307567506121,5,"Mirror",0
68854031,0.999845774267345,3,"Mirror",0
68907173,1.25783634788036,3,"Mirror",0
68943927,1.06916611459915,4,"Mirror",0
68963533,1.09174628721157,5,"Mirror",0
68989670,0.918119921948326,4,"Mirror",0
69054821,0.743151012012276,5,"Mirror",0
69110281,1.44412465285759,3,"Mirror",0
69118911,0.843022602759885,3,"Mirror",1
69146916,1.03399176987092,7,"Mirror",0
69149695,0.969858785669946,NA,"Mirror",1
69201106,0.820965626364686,5,"Mirror",0
69221372,1.33156975956833,NA,"Mirror",0
69269634,0.793350041607133,3,"Mirror",0
69290836,1.15468781286833,4,"Mirror",0
69323754,1.0114882148568,1,"Mirror",0
69335003,1.13610283326467,NA,"Mirror",0
69335181,0.78159358411302,3,"Mirror",0
69337045,1.0252595892437,2,"Mirror",0
69372291,1.02058976557308,NA,"Mirror",0
69390181,1.18588314935095,6,"Mirror",0
69408277,1.13653055807785,3,"Mirror",0
69409971,0.882380503354242,6,"Mirror",0
69459413,0.80649173530122,NA,"Mirror",0
69460267,1.00071259221879,5,"Mirror",0
69464159,0.854014739486256,4,"Mirror",0
69478157,0.777965939311253,NA,"Mirror",0
69507647,0.945621918733538,3,"Mirror",0
69549649,1.09671122198231,6,"Mirror",0
69632723,0.84389780870887,4,"Mirror",0
69717053,1.04154625420011,4,"Mirror",0
69720931,0.7495558311652,NA,"Mirror",1
69760921,0.960847128815688,NA,"Mirror",0
69817411,0.894334931397232,2,"Mirror",0
69915165,0.702322593003148,2,"Mirror",0
69957888,0.986724347367529,NA,"Mirror",0
69963585,1.15488984159407,5,"Mirror",0
70043217,0.802387953519758,1,"Mirror",0
70081644,0.647284804562786,2,"Mirror",0
70194744,0.90245690193347,3,"Mirror",0
70295419,0.913849562352434,2,"Mirror",0
70296455,0.744447791645743,3,"Mirror",1
70440692,1.21981313311326,4,"Mirror",0
70469848,1.22877709679949,3,"Mirror",0
70529600,1.04154625420011,4,"Mirror",0
70614778,0.78166414003964,4,"Mirror",0
70826907,0.749042633615272,5,"Mirror",0
71084843,1.54058165548262,3,"Mirror",0
71173213,0.933399171377853,3,"Mirror",0
71234182,1.00885208599761,5,"Mirror",0
71316085,0.86281394866448,3,"Mirror",0
71326387,1.010647773574,5,"Mirror",0
71358790,0.915653346199629,2,"Mirror",0
71492825,0.878277890252884,4,"Mirror",0
71610917,1.10519684233104,5,"Mirror",0
71628397,0.971865398305731,NA,"Mirror",0
71661572,1.00696692342008,4,"Mirror",0
71674506,1.1771220972616,2,"Mirror",0
71759842,0.858707242933069,2,"Mirror",1
71843280,0.872182651217801,5,"Mirror",0
71878669,1.01715794021808,5,"Mirror",0
71977064,1.11759417950103,NA,"Mirror",0
72055024,1.13006190461584,NA,"Mirror",0
72062135,1.00865736649815,2,"Mirror",0
72093172,0.863798505320152,2,"Mirror",0
72129693,0.894742969930345,4,"Mirror",0
72219586,0.875666224237147,4,"Mirror",0
72247318,0.999695242299456,6,"Mirror",0
72447469,1.04354172852379,3,"Mirror",0
72567669,1.19177517132349,4,"Mirror",0
72641968,0.923956452869501,2,"Mirror",0
72668706,1.06872920288467,NA,"Mirror",0
72728264,0.976826118736406,5,"Mirror",0
72897162,0.94637541316946,3,"Mirror",0
73198175,1.00573513615791,1,"Mirror",0
73253319,0.865794008474659,NA,"Mirror",1
73284614,1.03142042234257,5,"Mirror",0
73549511,1.00942583139474,4,"Mirror",0
73631730,0.830966332152616,4,"Mirror",0
73823384,1.25458923877792,4,"Mirror",0
73996300,1.38154475936927,4,"Mirror",0
74175124,0.854014739486256,NA,"Mirror",0
74324354,0.804278818812007,4,"Mirror",0
74537144,0.894970486060852,3,"Mirror",0
74617567,0.725125211126923,4,"Mirror",0
74619110,0.690923782281259,3,"Mirror",0
74621198,0.90245690193347,NA,"Mirror",0
74658809,1.35940734902808,NA,"Mirror",0
74663296,1.04154625420011,5,"Mirror",0
74829026,1.04364131810788,3,"Mirror",0
75079216,0.86142096653516,3,"Mirror",0
75241661,1.05203148870996,5,"Mirror",0
75284195,0.934227297451027,2,"Mirror",0
75313666,0.853157616079651,3,"Mirror",0
75343298,1.09671122198231,4,"Mirror",0
75354176,0.84389780870887,5,"Mirror",0
75468159,0.753896857134639,4,"Mirror",0
75583993,0.77862929873562,2,"Mirror",1
75588984,1.06521794199762,2,"Mirror",1
75605610,0.953571918607351,4,"Mirror",0
75621569,0.812474998807354,2,"Mirror",0
75720294,0.746450719394069,2,"Mirror",1
75927677,0.952297732424997,2,"Mirror",0
76397787,0.909315105885082,2,"Mirror",0
76498445,0.705792324543186,2,"Mirror",0
76604912,0.905840002742017,3,"Mirror",0
76646966,1.0545713088263,5,"Mirror",0
76704029,0.879377119804243,NA,"Mirror",0
76716987,0.976132435084288,3,"Mirror",0
76741860,0.668727797409046,5,"Mirror",0
76912213,0.983643282395186,NA,"Mirror",0
77243074,0.992299234527503,4,"Mirror",0
77263652,1.18512538089011,4,"Mirror",0
77264518,0.867075465567927,4,"Mirror",0
77267153,0.829952927673403,NA,"Mirror",0
77269193,0.870253926923796,4,"Mirror",0
77348783,0.753350728099332,3,"Mirror",0
77352018,0.798661733986574,6,"Mirror",0
77353320,1.13170811625119,NA,"Mirror",0
77364516,0.968859680037876,6,"Mirror",0
77579615,1.22638052758565,5,"Mirror",0
77951466,1.23695891274463,4,"Mirror",0
77956753,1.02803076306129,3,"Mirror",0
77998652,0.976826118736406,6,"Mirror",0
78000825,1.07427471462766,1,"Mirror",0
78336917,0.887444447484897,5,"Mirror",0
78690764,1.01715794021808,5,"Mirror",0
78889501,0.843676370029427,4,"Mirror",0
79075374,1.11652786939462,NA,"Mirror",0
79082996,0.750207832395514,2,"Mirror",0
79093777,0.729466245436243,7,"Mirror",0
79105144,0.976826118736406,4,"Mirror",0
79131559,0.948261288581662,3,"Mirror",0
79341173,1.38168347086733,NA,"Mirror",0
79443434,1.09964411176069,4,"Mirror",0
79537021,1.07427471462766,1,"Mirror",0
79563727,1.50615616655113,4,"Mirror",0
79755180,1.10519684233104,5,"Mirror",0
79897857,0.969858785669946,5,"Mirror",0
80009660,0.977495379401078,3,"Mirror",1
80018988,1.00985806953401,NA,"Mirror",0
80449892,0.718762741431152,2,"Mirror",0
80511442,0.839345541875355,3,"Mirror",0
80576545,0.976826118736406,5,"Mirror",0
80602706,0.963909870492139,NA,"Mirror",0
80906932,0.779758150051187,5,"Mirror",0
80927908,1.00921214034145,1,"Mirror",0
81366928,1.63664311908704,4,"Mirror",0
81367933,0.953571918607351,6,"Mirror",0
81369191,1.02756830800205,4,"Mirror",0
81539087,0.658897989109727,2,"Mirror",0
81592026,0.784671816581126,3,"Mirror",0
81669406,0.786800932964332,4,"Mirror",0
81675276,1.02450597084423,5,"Mirror",0
81751986,0.969239054797089,5,"Mirror",1
81824165,0.879085018295835,3,"Mirror",0
81909975,0.887622663785031,4,"Mirror",0
82074105,0.91667243543518,2,"Mirror",0
82124212,0.97368391396667,NA,"Mirror",0
82129649,0.943867621128857,3,"Mirror",0
82223758,0.818563175004828,5,"Mirror",0
82247089,0.957146637712426,7,"Mirror",0
82257336,1.16841190267025,5,"Mirror",0
82363324,1.60272757691108,NA,"Mirror",0
82587186,1.18625485799922,NA,"Mirror",0
82624495,1.10275299785939,3,"Mirror",0
82743131,0.874993877289061,3,"Mirror",0
82825834,0.844629458730225,2,"Mirror",0
82982484,1.06479815613331,4,"Mirror",0
83158000,0.874651606964991,1,"Mirror",0
83195573,0.859417803278321,4,"Mirror",0
83223192,0.727015513626698,NA,"Mirror",0
83223213,1.17923114121296,3,"Mirror",0
83271895,1.01940968496757,5,"Mirror",0
83315855,0.821534967006642,NA,"Mirror",0
83356305,0.897232941171559,NA,"Mirror",0
83406132,1.2875988361998,NA,"Mirror",0
83418132,1.11976007523138,NA,"Mirror",0
83460416,0.870762763433792,2,"Mirror",0
83509004,1.01250373064625,5,"Mirror",0
83524750,0.89385541742505,7,"Mirror",0
83537250,0.900276752673519,3,"Mirror",0
83540768,0.922763043255797,2,"Mirror",0
83542588,1.13551249473988,3,"Mirror",0
83703007,0.893357025221136,7,"Mirror",0
83813215,1.31348228308953,5,"Mirror",0
83943607,1.19920202677496,5,"Mirror",0
84180696,1.2621225972791,2,"Mirror",0
84187606,1.11759417950103,NA,"Mirror",0
84289132,1.09699162569542,4,"Mirror",0
84393200,1.11072517686409,4,"Mirror",0
84412611,0.607845292161927,NA,"Mirror",0
84426633,0.842642392176408,2,"Mirror",0
84452078,0.882837659926501,NA,"Mirror",0
84501588,1.25701223409206,2,"Mirror",0
84529355,0.903663392866233,4,"Mirror",0
84560513,1.70245627152988,2,"Mirror",0
84629736,1.46126432071995,NA,"Mirror",0
84655925,1.02450597084423,5,"Mirror",0
84679050,0.750207832395514,2,"Mirror",0
84814374,1.12381580180177,5,"Mirror",0
84820529,0.900631603709599,4,"Mirror",0
84842721,0.857444359423982,3,"Mirror",0
84862882,1.1418438292735,NA,"Mirror",0
84901376,1.12381580180177,5,"Mirror",0
85037264,0.809909483436974,7,"Mirror",0
85114174,0.89385541742505,NA,"Mirror",0
85127227,0.930903456245974,5,"Mirror",0
85398377,0.950592752033376,6,"Mirror",0
85398640,0.979980445035386,4,"Mirror",0
85654344,0.80126439511465,2,"Mirror",0
85689807,0.834883619569165,3,"Mirror",0
85748928,0.861397339890943,NA,"Mirror",0
85844055,0.831113280657055,4,"Mirror",0
85884021,1.00761203039877,5,"Mirror",0
85890300,1.26476142198374,NA,"Mirror",0
86127601,1.12231538296698,4,"Mirror",0
86222253,1.10519684233104,NA,"Mirror",0
86434423,0.701108020920807,2,"Mirror",0
86554831,1.07816691345837,5,"Mirror",0
86605593,0.84305458829439,4,"Mirror",0
86647005,1.06293394575415,NA,"Mirror",0
86650489,0.712738015769537,3,"Mirror",0
86655663,0.976132435084288,NA,"Mirror",0
86659573,1.11463053466267,4,"Mirror",0
86665455,1.01430373970905,2,"Mirror",0
86728087,1.05197140174847,NA,"Mirror",1
86936999,0.984176389471479,6,"Mirror",0
86954454,1.02225482876186,3,"Mirror",0
86954676,1.19936761063178,2,"Mirror",0
87046197,0.920712585261617,3,"Mirror",0
87081149,0.858203760450683,NA,"Mirror",0
87137378,1.13412554305287,3,"Mirror",0
87156580,0.922497299078617,6,"Mirror",0
87159650,1.32230211302974,4,"Mirror",0
87172391,1.18669564292533,6,"Mirror",0
87191915,1.17923114121296,6,"Mirror",0
87212231,0.839689258344694,2,"Mirror",0
87225961,1.00590682179438,4,"Mirror",0
87375089,0.856782702535132,3,"Mirror",0
87395310,1.02910304873513,3,"Mirror",0
87395380,0.893410145353928,NA,"Mirror",0
87430914,0.836502625775246,NA,"Mirror",1
87448144,0.805873605527072,NA,"Mirror",0
87454361,0.899637429815814,4,"Mirror",0
87552426,1.30433017727133,4,"Mirror",0
87556050,1.24680613310018,3,"Mirror",0
87644739,0.953571918607351,6,"Mirror",0
87797292,1.51968337463708,2,"Mirror",0
87843497,1.13250705251046,4,"Mirror",0
87886773,1.06872920288467,2,"Mirror",0
87945177,1.08400778422544,5,"Mirror",0
88101086,1.11161838640186,5,"Mirror",0
88175545,0.805849653043474,5,"Mirror",0
88187247,1.17776303245002,4,"Mirror",0
88214727,0.693861078357692,4,"Mirror",0
88376728,0.953571918607351,5,"Mirror",0
88453052,0.926429798936584,3,"Mirror",0
88581767,1.09145016707945,2,"Mirror",0
88697604,0.925700502996009,6,"Mirror",0
88815933,1.03853157643102,6,"Mirror",0
88846895,0.887127539647235,4,"Mirror",0
88852070,0.699590527406438,NA,"Mirror",1
88863782,0.820965626364686,5,"Mirror",0
88890276,0.969239054797089,4,"Mirror",0
88996196,0.839860081798287,4,"Mirror",0
89138724,1.0825660039839,5,"Mirror",0
89157149,1.01138933330093,6,"Mirror",0
89192000,0.77862929873562,2,"Mirror",0
89197522,1.4495671132254,1,"Mirror",0
89348169,0.915653346199629,2,"Mirror",0
89514773,0.897206273270836,4,"Mirror",0
89533086,0.888418977014057,NA,"Mirror",0
89544009,0.9796952205825,7,"Mirror",0
89611901,1.27334909394847,4,"Mirror",1
89813503,1.45012730704295,5,"Mirror",0
89979890,0.943463425742537,6,"Mirror",0
90166728,1.03853157643102,6,"Mirror",0
90219060,0.895919419067703,2,"Mirror",0
90254014,1.15061164828363,4,"Mirror",0
90381150,0.82265905296044,NA,"Mirror",0
90424740,1.10082253700897,6,"Mirror",0
90513789,0.708891150586484,5,"Mirror",0
90631040,1.2639372538138,NA,"Mirror",0
90666408,0.867936096035328,4,"Mirror",0
90794456,1.15427201863317,4,"Mirror",0
90973755,0.764849955428823,5,"Mirror",0
91078485,1.15631417583776,6,"Mirror",0
91107720,1.67951394701412,2,"Mirror",0
91434316,0.926038398096802,5,"Mirror",0
91692880,1.18230225531943,2,"Mirror",1
91794625,0.833697652560433,3,"Mirror",0
91973774,1.26369764959292,6,"Mirror",0
92025454,0.869253928550596,3,"Mirror",0
92078310,1.19552785698874,2,"Mirror",0
92114235,0.837845148089798,5,"Mirror",0
92123966,0.971117221620311,NA,"Mirror",0
92147501,0.874509220133132,4,"Mirror",0
92184363,1.02947117106712,3,"Mirror",0
92447573,0.927989838243072,5,"Mirror",0
92539548,1.05262917191583,3,"Mirror",1
92588578,0.95586767490274,1,"Mirror",0
92730874,0.876051973221552,5,"Mirror",0
92927203,0.976320446993874,6,"Mirror",0
92944629,0.916234397601368,4,"Mirror",0
93183043,1.05178571365069,3,"Mirror",0
93255477,0.704537469218781,3,"Mirror",0
93269050,0.970137481428116,3,"Mirror",0
93857292,0.745067997157877,3,"Mirror",0
93862078,0.915653346199629,6,"Mirror",0
94004694,1.06357507708395,4,"Mirror",0
94105683,1.24798638660076,NA,"Mirror",0
94182248,0.995931883737122,3,"Mirror",0
94196047,0.772187080891405,NA,"Mirror",0
94211620,1.05566772144886,NA,"Mirror",0
94215666,0.978976128278049,3,"Mirror",1
94259311,1.05197140174847,NA,"Mirror",0
94367614,1.22093997358102,5,"Mirror",0
94440945,0.86142096653516,2,"Mirror",0
94565383,0.991768420920888,3,"Mirror",0
94650844,1.18512538089011,5,"Mirror",0
120326662,0.84389780870887,5,"Mirror",0
120343066,0.831869113980052,5,"Mirror",0
120369976,0.946310596250932,4,"Mirror",0
120589886,0.978242405143564,4,"Mirror",0
120922454,0.859126176588875,2,"Mirror",1
121174670,1.01679535433635,4,"Mirror",0
121402714,0.965426515585005,5,"Mirror",0
121589486,0.868151573392356,6,"Mirror",0
121777836,1.11600453612596,4,"Mirror",0
121841078,0.920336105090097,3,"Mirror",0
121899556,0.828783805784203,2,"Mirror",0
122041638,1.33231582835925,3,"Mirror",0
122190108,0.943949271093535,NA,"Mirror",0
122439972,1.05178571365069,4,"Mirror",0
122475974,0.757229189241172,3,"Mirror",0
122532034,1.59424977956316,3,"Mirror",0
122569846,0.863240279530685,NA,"Mirror",0
122942128,1.0322725997338,1,"Mirror",0
122974076,0.84389780870887,4,"Mirror",0
123049164,0.892603978721498,2,"Mirror",0
123069434,0.963008145891068,NA,"Mirror",0
123129456,0.811949940596628,2,"Mirror",0
123226836,0.869672230435079,3,"Mirror",0
123340160,1.04821129985381,3,"Mirror",0
123470048,1.06872920288467,2,"Mirror",0
123505236,0.984176389471479,4,"Mirror",0
123796126,0.902302814296871,4,"Mirror",0
123841212,1.27495482301077,3,"Mirror",0
124014530,0.942268376070261,3,"Mirror",1
124128946,0.755605247248534,2,"Mirror",0
124234864,1.02555497665766,NA,"Mirror",0
124519236,1.1539860845772,2,"Mirror",1
124554334,1.11601542794078,4,"Mirror",1
124962302,1.04081740064865,2,"Mirror",0
125145836,1.34812249136809,5,"Mirror",0
125237882,0.736704114845716,NA,"Mirror",0
125450522,1.27688534389301,6,"Mirror",0
125595742,0.836210782345226,NA,"Mirror",0
125930144,0.9089903978755,3,"Mirror",0
126094720,0.953571918607351,4,"Mirror",0
126305170,1.10636867735698,2,"Mirror",0
126407392,0.802326909710037,2,"Mirror",0
126569968,0.834883619569165,5,"Mirror",0
126782660,0.976826118736406,5,"Mirror",0
126837286,0.762987065229127,3,"Mirror",0
127069188,1.14051234166405,3,"Mirror",0
127199052,0.986904801539385,4,"Mirror",0
127266336,1.20575973734044,5,"Mirror",0
127532646,1.10946156701591,2,"Mirror",0
128224236,0.78174125064334,NA,"Mirror",0
128808020,1.15061164828363,3,"Mirror",0
128932032,1.09149051834509,3,"Mirror",0
128936438,0.872316496291049,3,"Mirror",0
129009156,0.63259679316401,3,"Mirror",0
129049190,1.03399176987092,3,"Mirror",0
129221992,0.774551916533486,2,"Mirror",0
129269348,1.13927855962421,6,"Mirror",0
129351460,1.00522952111069,NA,"Mirror",0
129398396,1.02450597084423,6,"Mirror",0
129440134,0.669294118593821,3,"Mirror",0
129920176,1.19378406791155,3,"Mirror",0
130385402,1.14200536812351,NA,"Mirror",0
130632162,1.11026399086635,4,"Mirror",0
130752342,0.937734357591348,6,"Mirror",0
130834756,0.666345568281436,4,"Mirror",0
130952574,1.00936762401267,2,"Mirror",1
131135914,0.911694273112051,5,"Mirror",0
131628436,0.857985107542588,NA,"Mirror",0
131861468,1.21197760964146,5,"Mirror",0
131878190,1.03441445765973,5,"Mirror",0
132022250,0.821260532291584,2,"Mirror",0
132647858,0.797460058059336,2,"Mirror",0
132727078,0.90818188399219,NA,"Mirror",0
132853530,1.048423752777,3,"Mirror",0
132918966,1.10038211214613,3,"Mirror",0
133208252,1.14858804149964,4,"Mirror",0
133223394,0.963921417359587,5,"Mirror",0
133261328,0.824278599134494,3,"Mirror",0
133777786,1.05135925023318,6,"Mirror",1
134457430,0.90877666529352,NA,"Mirror",0
134485322,1.25820502864148,4,"Mirror",0
134499110,1.14698194567146,NA,"Mirror",0
134628952,0.857985107542588,7,"Mirror",0
134820540,1.27495482301077,NA,"Mirror",0
134962620,0.993065273061458,3,"Mirror",0
135359144,1.06375624165869,2,"Mirror",0
135780698,0.872905228243007,NA,"Mirror",0
135918352,0.817999730300118,3,"Mirror",0
135967930,0.838923841810851,4,"Mirror",0
135991860,0.682784414016442,1,"Mirror",0
135997432,0.649326111125681,NA,"Mirror",0
136059468,1.03381359308093,6,"Mirror",0
136069262,0.862207368153404,2,"Mirror",1
136211656,1.02691170127348,7,"Mirror",0
136508396,1.11416747220947,4,"Mirror",0
136623102,0.893509861951593,NA,"Mirror",0
136645518,1.18588314935095,3,"Mirror",0
136707034,0.782975765947996,4,"Mirror",0
136753822,0.979191643263769,5,"Mirror",0
136774392,0.906622172766907,NA,"Mirror",0
136813356,1.06682943672262,2,"Mirror",0
136955008,0.868151573392356,6,"Mirror",0
137191062,0.764849955428823,5,"Mirror",0
137759328,0.585632060317169,3,"Mirror",1
138155466,0.972491709401142,4,"Mirror",0
138601448,0.730925980995869,4,"Mirror",0
138753556,0.750370362123011,3,"Mirror",0
138805406,1.02007026408722,1,"Mirror",0
138845202,1.14839652704821,6,"Mirror",0
138849454,1.24694956932451,3,"Mirror",0
138903188,0.700072511888228,4,"Mirror",0
138917090,1.05382226674857,6,"Mirror",0
139296200,1.11822631921253,3,"Mirror",0
139380094,0.976826118736406,7,"Mirror",0
139605998,0.865678203615754,4,"Mirror",1
139629770,0.880807562031832,NA,"Mirror",0
139630208,0.84277378624664,4,"Mirror",0
139639092,0.706342798846843,5,"Mirror",0
139831316,1.2296964925649,1,"Mirror",0
139836402,0.740898889503389,2,"Mirror",0
139837418,1.38978449370087,1,"Mirror",0
140256904,1.20144716521654,3,"Mirror",0
140421204,0.858195384763216,2,"Mirror",0
140441586,1.17927293524207,3,"Mirror",1
140794116,0.89411227307964,6,"Mirror",0
141174764,1.10082253700897,5,"Mirror",0
141340314,0.975508695406969,NA,"Mirror",1
141833292,0.839345541875355,1,"Mirror",0
142654884,0.890188799685929,NA,"Mirror",0
142860412,1.11046185650768,NA,"Mirror",0
142965710,0.787504052056882,7,"Mirror",0
143053904,0.832108157433433,5,"Mirror",1
143105480,0.928266803560279,2,"Mirror",0
143268564,0.987495750750544,6,"Mirror",0
143575254,0.953571918607351,6,"Mirror",0
143693906,0.958163860997174,1,"Mirror",0
144071164,0.990525052752926,4,"Mirror",0
144169886,1.00955626182045,5,"Mirror",0
144389668,0.788292694930814,5,"Mirror",0
144426328,1.34809027730167,NA,"Mirror",0
144653178,1.18551482304835,3,"Mirror",0
144933844,0.876944037660098,5,"Mirror",0
145091482,1.04453369554476,2,"Mirror",1
145441734,0.837250160434279,6,"Mirror",0
145602326,0.93157629109852,NA,"Mirror",0
146057210,0.982443570758637,NA,"Mirror",0
146213238,1.19980970131249,2,"Mirror",0
146572054,1.17672062322091,3,"Mirror",0
146685438,1.03924311384776,6,"Mirror",0
146832782,1.02393473104551,6,"Mirror",0
147155948,1.00583146913373,2,"Mirror",0
147215636,1.02285253268996,NA,"Mirror",0
147336178,1.16345960628326,5,"Mirror",0
147524408,0.707912712655374,NA,"Mirror",0
147859358,1.24842339100706,2,"Mirror",0
147917420,1.41235305766719,4,"Mirror",0
148125494,1.17345043405465,4,"Mirror",0
148196884,1.03436469303264,NA,"Mirror",0
148679746,1.1771220972616,4,"Mirror",0
148728408,0.776958802273641,6,"Mirror",0
148847940,0.793864477886055,4,"Mirror",0
148882674,1.7217590388959,3,"Mirror",0
149330148,0.86422055491541,NA,"Mirror",0
149538874,1.17941117931108,4,"Mirror",0
150273734,0.876079498305806,6,"Mirror",0
150821408,0.987574614794489,NA,"Mirror",0
151003736,0.767234183953987,4,"Mirror",0
151429708,0.761624812464705,NA,"Mirror",0
151503954,0.887013255982913,4,"Mirror",0
151969556,1.25569569690048,3,"Mirror",0
152845444,1.36428276147706,4,"Mirror",0
153329282,0.712738015769537,3,"Mirror",0
153981590,1.16480246223439,3,"Mirror",0
154234736,0.968247335987236,4,"Mirror",0
154648688,1.07274758838559,2,"Mirror",0
154931132,1.08546716548142,NA,"Mirror",0
155917640,0.952514054234276,2,"Mirror",0
156245104,1.00484788705532,NA,"Mirror",0
156343450,0.862207368153404,2,"Mirror",0
156427766,0.933781680109807,NA,"Mirror",0
156476418,0.801115360487898,3,"Mirror",0
157265084,0.895154007402913,3,"Mirror",0
157267588,1.67485030842223,NA,"Mirror",0
157567934,0.662776397379452,6,"Mirror",0
157626548,0.710076105774247,3,"Mirror",0
157963488,1.22517298807507,3,"Mirror",0
157978710,1.31534782878096,2,"Mirror",0
158741306,1.01179623175891,NA,"Mirror",0
158766086,1.11416747220947,4,"Mirror",0
159096322,0.765437599816157,2,"Mirror",0
159273260,0.892494544422774,5,"Mirror",0
159311290,0.787712136084211,4,"Mirror",0
159750334,1.18262480891063,NA,"Mirror",0
160464668,0.895919419067703,4,"Mirror",1
160718066,0.951296560837276,6,"Mirror",0
160959772,1.10082253700897,6,"Mirror",0
160986624,1.19920202677496,6,"Mirror",0
161020706,0.810238724016875,1,"Mirror",0
161099098,0.965567776144418,3,"Mirror",0
161126840,1.15071974497183,3,"Mirror",0
161207174,0.741043396526439,NA,"Mirror",0
161477226,1.41758669966524,2,"Mirror",1
161602500,1.01019313817515,6,"Mirror",0
161825610,0.968859663882066,NA,"Mirror",0
162152606,0.899073780798858,3,"Mirror",1
162598204,1.00811828144339,5,"Mirror",0
163453516,1.18539204557697,2,"Mirror",0
163649532,0.898337165262982,3,"Mirror",0
163848140,0.957146637712426,5,"Mirror",0
164232918,0.726716343700419,NA,"Mirror",0
164595042,1.13927611472968,4,"Mirror",0
164603718,0.765512110495706,4,"Mirror",0
165084220,0.897262769748551,4,"Mirror",0
165168926,0.917885286825368,5,"Mirror",0
165676662,0.938773806911833,5,"Mirror",0
165745348,0.823005185848736,1,"Mirror",0
166386150,0.995757096544904,4,"Mirror",0
166713732,1.12345227352438,NA,"Mirror",0
167462008,0.919563294984622,2,"Mirror",0
167585868,0.9205756783726,NA,"Mirror",0
167900308,0.932841445825631,4,"Mirror",0
168268728,0.745913668457673,NA,"Mirror",0
168654550,0.855169262354182,2,"Mirror",0
170452704,0.998905754056296,2,"Mirror",0
170486440,0.616491086355416,4,"Mirror",1
170782372,1.32946956313657,6,"Mirror",0
170784236,0.964503378728743,4,"Mirror",0
171322684,1.17795013876667,NA,"Mirror",0
171425086,0.708891150586484,3,"Mirror",0
171455024,0.815368449823886,4,"Mirror",0
171617676,0.89411227307964,4,"Mirror",0
171640530,1.31433356138562,NA,"Mirror",0
172053340,0.858707242933069,1,"Mirror",0
172176296,0.758716631938431,2,"Mirror",0
172243320,1.10519684233104,4,"Mirror",0
172274214,1.33889147039214,5,"Mirror",0
172274596,0.814600789831152,NA,"Mirror",0
172761052,1.36575839065968,4,"Mirror",0
172811610,1.04181433716981,3,"Mirror",0
172851788,1.04869177396415,3,"Mirror",0
173005182,1.25806440010956,4,"Mirror",0
173126522,1.01940968496757,5,"Mirror",0
173453780,0.863240279530685,4,"Mirror",0
173980606,0.679643792079465,NA,"Mirror",0
174186374,0.925208410912284,2,"Mirror",0
174479090,0.924164122376536,NA,"Mirror",0
174710530,0.925025294836487,NA,"Mirror",0
174948898,0.876810347267765,4,"Mirror",0
175121616,1.12410318225958,NA,"Mirror",0
175217640,1.09295094620214,6,"Mirror",0
175218554,0.841918816446721,NA,"Mirror",0
175419284,0.741043566549617,4,"Mirror",0
175611890,0.899030336135636,2,"Mirror",0
175817480,1.17701045266944,4,"Mirror",0
175915046,0.999602344564421,3,"Mirror",0
176593474,1.11183460625749,4,"Mirror",0
176819692,1.03212708763763,4,"Mirror",0
176828934,1.27039863364042,NA,"Mirror",0
176829758,0.967957797037201,2,"Mirror",0
176835942,0.971925151485582,2,"Mirror",0
176900100,0.989532289710028,2,"Mirror",1
176900524,0.592968737937602,4,"Mirror",0
176932712,0.877317937591494,5,"Mirror",0
177098568,1.1162071194112,3,"Mirror",0
177100894,1.17913068734863,7,"Mirror",0
177123170,0.989532289710028,1,"Mirror",0
177970974,1.03441445765973,5,"Mirror",0
178467672,0.908226066873662,3,"Mirror",0
178767174,0.818823208785384,2,"Mirror",0
178770724,1.09996425764235,6,"Mirror",0
178941796,1.01376970943464,4,"Mirror",0
179119228,1.47082641994289,5,"Mirror",0
179210476,1.20080418681121,4,"Mirror",0
179402922,1.034793216811,2,"Mirror",0
179531604,1.11161838640186,5,"Mirror",1
180208204,1.08364178645029,4,"Mirror",1
180728182,1.09605157545835,1,"Mirror",0
181295198,0.697151148083204,4,"Mirror",0
181430192,0.8446799787625,NA,"Mirror",0
181560592,1.36428276147706,NA,"Mirror",0
181576714,0.815368449823886,4,"Mirror",0
181892164,0.789474934182,NA,"Mirror",0
181949968,0.976826118736406,3,"Mirror",0
182149862,1.10797213571897,6,"Mirror",0
182190736,1.03468070498057,5,"Mirror",0
182707632,1.21192966588612,NA,"Mirror",0
183511162,0.976132435084288,4,"Mirror",0
183942580,1.42081610668656,NA,"Mirror",0
183945454,1.39508526149678,NA,"Mirror",0
184165860,0.730423074421176,4,"Mirror",0
184420202,0.850838952009086,2,"Mirror",1
184475478,1.00522952111069,2,"Mirror",0
184596766,1.49926428556886,4,"Mirror",0
184737056,0.861340258855701,3,"Mirror",0
184747726,1.02341348413936,2,"Mirror",0
184775772,0.873115251898802,2,"Mirror",0
184795088,1.20172439269095,6,"Mirror",0
184927716,1.1906844891791,NA,"Mirror",0
184988752,1.32755005925458,3,"Mirror",0
185004518,0.914772568516223,6,"Mirror",0
185010090,0.907934336325401,NA,"Mirror",0
185093382,1.06216556273502,2,"Mirror",0
185811376,0.682784414016442,4,"Mirror",0
185849988,0.800831580832579,4,"Mirror",0
186282784,0.912855054731037,NA,"Mirror",0
186315340,0.766899671782288,6,"Mirror",0
186318452,0.818299988261537,NA,"Mirror",0
186849104,0.970690828252488,2,"Mirror",0
186928756,1.19920202677496,5,"Mirror",0
186948290,1.05613565137138,1,"Mirror",0
186959676,1.01279537827209,NA,"Mirror",0
188348876,0.965120972717638,4,"Mirror",0
188424098,0.970799170414574,NA,"Mirror",0
188840398,1.30233340834391,2,"Mirror",0
189046702,0.975072513249008,NA,"Mirror",0
189082642,1.18604835696065,1,"Mirror",0
189086496,0.727222512558282,2,"Mirror",1
189759828,0.917957054662802,2,"Mirror",0
190575084,0.806861972777432,6,"Mirror",0
190640408,0.847795777918023,3,"Mirror",0
190714830,0.793071016324905,3,"Mirror",0
190810426,1.12231538296698,5,"Mirror",0
191216772,1.18588314935095,6,"Mirror",0
191354140,1.32993731812631,3,"Mirror",0
192093356,1.04364131810788,3,"Mirror",0
192301082,1.03601628205551,2,"Mirror",0
192302842,1.03628267738863,6,"Mirror",0
192738790,1.31348228308953,NA,"Mirror",0
192788082,1.0293082503822,NA,"Mirror",0
192986326,0.850421468757355,NA,"Mirror",0
193438418,0.559827695646724,3,"Mirror",0
193471716,0.950521824371447,NA,"Mirror",0
193473126,1.20518652843978,NA,"Mirror",0
193544302,1.00884941991614,5,"Mirror",0
193713002,1.17927293524207,1,"Mirror",0
193943266,0.946971847396664,7,"Mirror",0
193980716,1.12267941428684,NA,"Mirror",0
194031350,0.808870595768758,5,"Mirror",0
194041122,0.80098539826002,NA,"Mirror",0
194178378,1.24840507385683,5,"Mirror",0
194269272,0.81528337892241,2,"Mirror",0
194345136,1.04557924262214,2,"Mirror",1
195119722,1.44588252554272,4,"Mirror",1
195211766,0.832482646043333,5,"Mirror",0
195224124,0.768723332928738,NA,"Mirror",0
195635554,1.04160818585092,1,"Mirror",0
195714394,0.959811828111899,7,"Mirror",0
195884584,1.04100206478313,3,"Mirror",0
195924278,0.828473444331886,4,"Mirror",0
195990542,1.04821129985381,3,"Mirror",0
196132646,1.4788157828502,NA,"Mirror",0
196368520,0.958454730686934,5,"Mirror",0
196405804,0.886933958615908,4,"Mirror",0
196526530,1.12734874109699,4,"Mirror",0
196593526,1.13094910625205,NA,"Mirror",0
196652590,0.742346153465333,NA,"Mirror",0
196690722,0.985319154725954,5,"Mirror",0
196694780,0.832226201120028,NA,"Mirror",1
196792532,0.947042510160343,5,"Mirror",0
196866924,1.21481217132518,5,"Mirror",0
197041378,0.84594142827104,5,"Mirror",0
197067946,1.02013704443961,2,"Mirror",0
197490022,1.18981056905692,3,"Mirror",0
197955374,0.89411227307964,5,"Mirror",0
198335448,0.969858785669946,5,"Mirror",0
198698140,0.789474934182,1,"Mirror",0
198723850,1.20281220600616,4,"Mirror",0
198824926,1.18976658300159,3,"Mirror",0
199085488,1.15867496499055,3,"Mirror",0
199183542,0.779758150051187,4,"Mirror",0
199376640,1.10038211214613,NA,"Mirror",0
199441442,0.80009662148118,NA,"Mirror",0
199639714,1.22524279285158,2,"Mirror",0
199724696,0.82225453973519,2,"Mirror",0
199845104,1.15468781286833,5,"Mirror",0
199905472,0.717236295518609,3,"Mirror",0
200129336,0.963288512137392,5,"Mirror",0
200175842,0.985720727774559,3,"Mirror",0
200396460,0.89385541742505,5,"Mirror",0
200426910,0.90877666529352,NA,"Mirror",0
200696386,0.6988393995626,NA,"Mirror",0
200893384,0.890013610463492,4,"Mirror",0
200943018,1.21452379482099,3,"Mirror",0
201031662,1.21426695834112,NA,"Mirror",0
201133542,0.762200612482054,1,"Mirror",1
201265918,0.953571918607351,4,"Mirror",1
201367576,0.90245690193347,4,"Mirror",0
201625112,1.18883583673466,5,"Mirror",0
201709818,0.943964361016793,2,"Mirror",0
201851786,1.15799984063728,2,"Mirror",0
202076204,1.29934630807033,2,"Mirror",0
202316304,0.698489546239543,2,"Mirror",0
202403114,0.944236419376229,NA,"Mirror",0
202537426,0.931813698325488,NA,"Mirror",0
202680518,0.778813893510985,2,"Mirror",0
202754734,0.968304046989479,3,"Mirror",0
202764490,0.712410069598968,2,"Mirror",0
202844662,0.742346153465333,NA,"Mirror",0
202981238,0.848005193832514,2,"Mirror",0
203212024,0.97469913494187,6,"Mirror",0
203251140,0.823793349980589,4,"Mirror",0
204090186,1.4425888890715,NA,"Mirror",0
204102930,0.984700808826954,5,"Mirror",0
204552288,0.863240279530685,NA,"Mirror",0
204895206,1.00109334272386,2,"Mirror",0
204996536,0.775060418258596,NA,"Mirror",0
205484624,1.18588314935095,7,"Mirror",0
205722142,0.784162620215093,3,"Mirror",0
205793190,1.57811157523217,2,"Mirror",0
206173236,0.857985107542588,NA,"Mirror",0
206314330,0.95843569630638,1,"Mirror",0
206318408,0.895102269380755,2,"Mirror",0
206601182,0.879085018295835,NA,"Mirror",0
207164462,0.912855054731037,NA,"Mirror",0
207436264,0.7404200870223,1,"Mirror",0
207599710,0.925208410912284,2,"Mirror",0
207695406,1.09743024031428,4,"Mirror",0
207786978,0.912183457423489,5,"Mirror",0
208047094,1.10418313814952,3,"Mirror",0
209165658,0.890565983102308,5,"Mirror",1
209413126,1.52432453602188,7,"Mirror",1
209866626,1.24761458191374,2,"Mirror",0
209992246,0.729783196899742,2,"Mirror",1
210427990,0.847795777918023,1,"Mirror",0
210634698,1.05613565137138,1,"Mirror",0
210705620,0.984872909070726,NA,"Mirror",0
210973274,1.30206010169634,NA,"Mirror",0
211557848,1.11026399086635,1,"Mirror",0
211614162,0.868826907256223,4,"Mirror",0
212594212,0.951089511121735,6,"Mirror",0
212766598,0.839345541875355,1,"Mirror",0
212814838,0.860016278737157,NA,"Mirror",0
212911900,1.45585119904404,5,"Mirror",0
213303222,0.918760708695607,NA,"Mirror",0
213334672,0.912751045639224,4,"Mirror",0
213683888,0.912407017716603,5,"Mirror",0
213748474,0.903663392866233,7,"Mirror",1
213828766,0.989809342081748,2,"Mirror",0
214504362,0.895102269380755,1,"Mirror",0
214542556,1.01514524843832,2,"Mirror",0
214647688,1.09581237183483,2,"Mirror",0
214705116,0.750261731491196,5,"Mirror",0
214705540,0.943045294737587,6,"Mirror",0
214782434,1.15663276814745,3,"Mirror",0
214919442,1.47301391678228,6,"Mirror",0
215182932,0.987360667155474,3,"Mirror",0
215337708,0.908226066873662,NA,"Mirror",0
215350336,1.2934980155536,3,"Mirror",0
215847292,0.7974230904666,2,"Mirror",0
216188834,0.776095978591184,2,"Mirror",0
216272100,0.809073472065475,1,"Mirror",0
216313362,0.830966332152616,3,"Mirror",1
216418204,0.6867008585599,1,"Mirror",0
216461404,1.11051619593532,4,"Mirror",0
216637570,0.835560094170178,NA,"Mirror",0
216723118,0.844139524106999,NA,"Mirror",0
216725792,0.790229143481072,4,"Mirror",0
216828318,0.919494704733774,4,"Mirror",0
216895288,0.860016278737157,NA,"Mirror",0
216908350,1.00163722436716,3,"Mirror",0
216961206,1.18849329668165,5,"Mirror",0
217018758,1.07256211393686,4,"Mirror",0
217404998,1.4232523760552,4,"Mirror",0
217434406,0.756132193432155,3,"Mirror",0
217449106,0.737218226769749,2,"Mirror",0
217460402,0.829410668184509,3,"Mirror",0
217463830,1.32307302708996,5,"Mirror",0
217528310,0.866212163931396,NA,"Mirror",0
217553724,0.741189723475154,2,"Mirror",0
217579366,0.899073780798858,4,"Mirror",0
217681482,0.694959492473598,2,"Mirror",0
217702220,1.00004306574514,3,"Mirror",0
217929982,1.00522952111069,1,"Mirror",0
218114698,0.70660062760802,NA,"Mirror",0
218454384,0.983643282395186,3,"Mirror",0
218620750,0.619355507032209,1,"Mirror",0
218643398,0.771430872348229,5,"Mirror",0
218656194,0.688828404463518,5,"Mirror",0
218746690,1.16638330687677,5,"Mirror",0
218934422,0.735912610954502,4,"Mirror",0
218952050,0.882380503354242,1,"Mirror",0
218963904,0.912183457423489,5,"Mirror",0
219022438,0.882017873813367,5,"Mirror",0
219038858,0.95586767490274,3,"Mirror",0
219040804,0.985382473325205,4,"Mirror",0
219112332,1.10082253700897,5,"Mirror",0
219245036,0.891759271498008,2,"Mirror",0
219346770,1.08983106013814,2,"Mirror",0
219367528,1.30857673358798,NA,"Mirror",0
219419076,1.02620147799138,6,"Mirror",0
219867038,1.09964411176069,NA,"Mirror",0
219883088,1.07026806359058,NA,"Mirror",0
219891768,0.959524517418811,4,"Mirror",0
219899294,0.839345541875355,NA,"Mirror",0
219914870,1.27763193734344,4,"Mirror",0
219936024,0.74673845948225,1,"Mirror",1
220022946,0.888668334820385,NA,"Mirror",0
220398446,0.959524517418811,2,"Mirror",0
220611686,1.01785613990395,NA,"Mirror",0
221034898,1.08919604901607,3,"Mirror",0
221072708,1.44942208630729,4,"Mirror",0
221163810,0.834442913150283,NA,"Mirror",0
221239026,0.983653212257379,3,"Mirror",0
221265120,0.917042901995385,NA,"Mirror",0
221438034,1.0524006915959,2,"Mirror",0
222078018,0.823793349980589,NA,"Mirror",0
222674832,1.12381580180177,4,"Mirror",0
222774356,1.14130896824919,2,"Mirror",0
222783664,1.15799984063728,2,"Mirror",0
222992888,0.979913830755939,6,"Mirror",0
222997602,1.52432786858755,3,"Mirror",0
223176024,0.900303511838918,NA,"Mirror",0
223312110,1.01989585535132,2,"Mirror",0
223582478,1.31605076340834,4,"Mirror",0
223686784,0.864659880109122,5,"Mirror",0
223778558,1.0825660039839,3,"Mirror",1
223999722,0.874370005145519,5,"Mirror",0
224004480,0.932744025468468,NA,"Mirror",0
224143550,0.908203905617775,2,"Mirror",1
224704992,0.81316501955558,5,"Mirror",0
224758586,1.04154625420011,4,"Mirror",0
224887896,1.20518652843978,3,"Mirror",0
225386206,0.818563175004828,NA,"Mirror",0
225867244,1.10956744760794,4,"Mirror",0
226237464,0.748008777113973,NA,"Mirror",0
226414622,1.20661248221301,3,"Mirror",0
226528450,1.09996425764235,NA,"Mirror",0
226709756,0.864648370610447,3,"Mirror",0
226826130,1.08225092188429,4,"Mirror",1
226855626,1.15071974497183,NA,"Mirror",0
226882688,1.11090807244372,6,"Mirror",0
227055894,0.858518971901073,5,"Mirror",0
227287102,0.954906372808957,2,"Mirror",0
227602660,0.950592752033376,6,"Mirror",0
227944558,0.90877666529352,4,"Mirror",0
227964436,1.14587098527074,2,"Mirror",1
228016344,0.809224797923887,4,"Mirror",1
228028350,0.755649031892398,3,"Mirror",0
228033558,0.902234756709367,5,"Mirror",0
228067372,1.18539204557697,2,"Mirror",1
228282186,1.00522952111069,3,"Mirror",0
228389346,1.19084117181984,5,"Mirror",0
229108716,0.773514149606264,NA,"Mirror",0
229201752,0.970690828252488,5,"Mirror",0
229285242,1.13489395532347,5,"Mirror",0
229327278,0.838923395031558,4,"Mirror",0
229338436,1.31023536383949,NA,"Mirror",0
229490082,0.825629512531082,NA,"Mirror",0
229997250,0.937281405220983,6,"Mirror",1
230016728,1.10038211214613,1,"Mirror",0
230479568,0.710710158186194,3,"Mirror",0
230516334,1.30744938561453,NA,"Mirror",0
230656214,0.952514054234276,2,"Mirror",0
230940244,0.777455531331569,5,"Mirror",0
230963370,0.730423074421176,5,"Mirror",0
231092038,1.25917004392884,NA,"Mirror",0
231133080,0.863240279530685,NA,"Mirror",0
231137692,1.11051619593532,2,"Mirror",0
231255642,1.0157502681202,NA,"Mirror",0
231417390,1.04821129985381,3,"Mirror",0
231449930,0.893882382987373,3,"Mirror",0
231502246,1.09687379397963,6,"Mirror",0
231657460,1.00711738265362,5,"Mirror",0
231680166,0.864648370610447,NA,"Mirror",0
231824598,0.882380503354242,5,"Mirror",1
231930060,1.15733318602746,6,"Mirror",0
232199162,0.810238724016875,2,"Mirror",0
232325042,0.88094433995283,3,"Mirror",0
232456138,0.996756983269718,5,"Mirror",1
232507610,0.966780512115836,6,"Mirror",0
232565984,0.849860689645018,4,"Mirror",0
232909178,1.85652836451132,3,"Mirror",0
232912942,0.912183457423489,2,"Mirror",0
233227326,0.973494560447607,6,"Mirror",0
233229830,1.04545076860647,5,"Mirror",0
233551168,0.907934336325401,NA,"Mirror",0
234100332,1.37936339097195,4,"Mirror",0
234264702,0.967262509779359,4,"Mirror",1
234268414,1.139891498601,3,"Mirror",0
234465532,0.941475061743225,7,"Mirror",1
234502100,1.15663276814745,3,"Mirror",0
234694572,0.981435454214154,NA,"Mirror",1
234747608,0.716311934393466,NA,"Mirror",1
234862160,0.916234397601368,2,"Mirror",0
234910798,0.659365413068409,3,"Mirror",0
234950940,1.1215982337261,NA,"Mirror",0
234954360,0.815368449823886,6,"Mirror",1
235025102,0.693175934117593,4,"Mirror",0
235027802,1.21362380586101,3,"Mirror",0
235102532,0.861340258855701,3,"Mirror",0
235177924,1.00421857653253,4,"Mirror",0
235178750,1.09149051834509,2,"Mirror",0
235209238,1.54317816939359,NA,"Mirror",0
235234060,1.31348228308953,NA,"Mirror",0
235237936,0.791474064625286,3,"Mirror",1
235244244,1.1904945761062,4,"Mirror",0
235469740,0.748564002239245,4,"Mirror",0
235517380,0.901411846932764,NA,"Mirror",0
235565420,0.776014895656018,4,"Mirror",0
235620462,1.43560410948649,3,"Mirror",0
235628006,0.773399412103734,4,"Mirror",0
235742916,0.913637010769501,1,"Mirror",0
235783414,0.72111127939402,2,"Mirror",0
235893704,1.46484040074194,5,"Mirror",0
235955062,0.886822303562665,4,"Mirror",0
236100192,1.25806440010956,5,"Mirror",0
236114346,0.872905228243007,4,"Mirror",0
236139646,1.156249547604,NA,"Mirror",0
236168312,1.08546716548142,5,"Mirror",0
236176102,1.08546716548142,7,"Mirror",0
236332178,0.809073472065475,NA,"Mirror",0
236358398,0.803926781539201,4,"Mirror",0
236397790,0.802387953519758,4,"Mirror",0
236408360,1.42346835608274,5,"Mirror",0
236417094,0.931747268644087,5,"Mirror",0
236424730,0.849112665727184,7,"Mirror",0
236782462,0.722093620081988,NA,"Mirror",0
236899074,0.902075513615672,5,"Mirror",0
236903984,0.874509220133132,4,"Mirror",0
236975626,1.38343570454086,5,"Mirror",0
236984614,1.50841158285983,NA,"Mirror",0
237155958,1.24425302684611,6,"Mirror",0
237191118,0.886933958615908,1,"Mirror",0
237284658,0.883636508279602,1,"Mirror",0
237293988,1.26537557701981,NA,"Mirror",0
237415254,0.854940286954503,5,"Mirror",0
237533682,0.726716343700419,4,"Mirror",0
237804168,0.829952927673403,NA,"Mirror",0
237806992,1.0114882148568,3,"Mirror",0
237861170,0.809224797923887,4,"Mirror",0
237972620,0.986126522965511,NA,"Mirror",0
237981932,0.992069247869398,1,"Mirror",1
238043820,0.841918816446721,4,"Mirror",0
238150478,1.03853157643102,4,"Mirror",0
238207106,0.957109686868463,3,"Mirror",0
238378106,1.14434386745079,2,"Mirror",0
238537170,0.955189414368835,4,"Mirror",0
238695936,0.949177425027681,7,"Mirror",0
238837960,1.06872920288467,1,"Mirror",0
238969016,0.918543414767566,2,"Mirror",0
239021156,0.900631603709599,3,"Mirror",0
239283474,0.860951706028191,4,"Mirror",0
239295582,0.874612171631431,NA,"Mirror",0
239328428,1.07274758838559,2,"Mirror",0
239716750,0.788316125564276,5,"Mirror",0
239717746,1.04639855996209,2,"Mirror",0
239824926,0.992069247869398,6,"Mirror",0
240252406,1.04825989369176,4,"Mirror",0
240384426,0.882380503354242,6,"Mirror",0
240428194,1.58697342450866,4,"Mirror",1
240480492,0.722093620081988,2,"Mirror",0
240592222,0.828602095447296,3,"Mirror",0
241004572,1.31348228308953,2,"Mirror",0
241259180,1.17416735801091,NA,"Mirror",0
241260470,0.790256026834739,2,"Mirror",0
241677794,0.682042595020447,2,"Mirror",0
241770534,1.00067745746996,NA,"Mirror",0
241910882,1.31348228308953,3,"Mirror",0
241961008,0.706764486668654,NA,"Mirror",0
241997550,1.18197456823178,6,"Mirror",0
242019596,1.40736293547749,2,"Mirror",0
242079690,1.34140664769378,4,"Mirror",0
242113384,1.12734874109699,3,"Mirror",0
242126000,1.07026806359058,3,"Mirror",1
242131272,0.849860689645018,NA,"Mirror",0
242184698,0.839466032239436,4,"Mirror",0
242191316,1.11759417950103,NA,"Mirror",0
242201262,1.07080007470534,2,"Mirror",0
242614170,1.23719503916481,2,"Mirror",0
242728716,1.17805730289448,3,"Mirror",0
242734358,0.858195384763216,NA,"Mirror",0
242982242,1.12231538296698,NA,"Mirror",0
243033632,1.13006190461584,2,"Mirror",1
243174734,1.42081610668656,NA,"Mirror",0
243267978,0.952161368446369,4,"Mirror",0
243270752,1.08189143205945,NA,"Mirror",0
243275230,1.02210344133425,2,"Mirror",0
243277344,1.12852173237047,3,"Mirror",0
243282568,1.04821129985381,3,"Mirror",0
243302040,1.18344743924511,6,"Mirror",0
243360098,1.09149051834509,1,"Mirror",0
243389836,1.08542077453939,NA,"Mirror",0
243416922,1.27039863364042,6,"Mirror",0
243513246,0.865819742700279,NA,"Mirror",0
243570914,1.47853590299812,NA,"Mirror",0
243621412,0.951296560837276,4,"Mirror",1
243768256,1.10933996797269,4,"Mirror",0
243770838,1.37004414647068,NA,"Mirror",0
243811922,0.85145803757202,NA,"Mirror",0
243856312,1.12852173237047,2,"Mirror",0
243956104,1.00522952111069,3,"Mirror",0
243962186,1.01471712560845,4,"Mirror",0
244017652,1.50424951966136,NA,"Mirror",0
244066224,1.30394983776155,2,"Mirror",0
244225582,1.00717734988056,2,"Mirror",0
244231600,1.09399861784537,4,"Mirror",0
244239608,1.02450597084423,5,"Mirror",1
244272520,0.666104197458307,3,"Mirror",0
244363094,0.728004669895852,NA,"Mirror",0
244459822,1.65135207820116,4,"Mirror",0
244460394,0.731676761639663,5,"Mirror",0
244471710,1.16537677294192,NA,"Mirror",0
244472510,1.07552028946906,4,"Mirror",0
244511076,1.14263281467796,3,"Mirror",0
244520624,1.03853157643102,6,"Mirror",0
244609110,0.907525909674223,1,"Mirror",0
244670794,1.03436469303264,NA,"Mirror",0
244675238,1.34791680346685,6,"Mirror",0
244819998,0.982635894449724,5,"Mirror",0
244835122,1.12711893978127,NA,"Mirror",0
244934952,1.03399176987092,5,"Mirror",1
244936998,0.835834619933641,NA,"Mirror",0
244967280,0.617940442239118,5,"Mirror",1
244975708,0.869645131123742,NA,"Mirror",0
244991036,0.748709925131492,1,"Mirror",1
245033894,0.965601687695346,NA,"Mirror",0
245035084,0.82403318580157,2,"Mirror",0
245041128,1.02785139550654,5,"Mirror",0
245098012,0.811949940596628,NA,"Mirror",0
245109482,1.17687254795235,5,"Mirror",0
245112736,0.937792852445881,1,"Mirror",0
245150468,0.962606283970557,2,"Mirror",0
245172088,0.949997178024947,6,"Mirror",0
245189310,0.760500356697638,1,"Mirror",1
245226426,1.11161838640186,NA,"Mirror",0
245495782,1.03935668286125,2,"Mirror",0
245506204,1.46674226043578,4,"Mirror",0
245527012,0.88152661190806,4,"Mirror",0
245541078,0.906926594120061,2,"Mirror",0
245581332,0.940979139985692,NA,"Mirror",0
245664702,1.18512538089011,NA,"Mirror",0
245696286,1.09141372224,6,"Mirror",1
245725342,0.874228151225759,NA,"Mirror",0
245732252,0.739042129788318,3,"Mirror",0
245800866,0.970574089858866,3,"Mirror",1
245898614,1.07026806359058,NA,"Mirror",0
245915150,1.31076378105843,4,"Mirror",0
245921714,0.985720727774559,NA,"Mirror",0
245927260,1.2495897009648,6,"Mirror",0
246036172,0.746752392074174,NA,"Mirror",0
246117174,1.45275916279413,NA,"Mirror",0
246119092,0.743709610051722,4,"Mirror",0
246119930,1.20661248221301,5,"Mirror",0
246180398,0.804905306198983,5,"Mirror",0
246191638,0.905840002742017,6,"Mirror",0
246192908,1.06641072555465,4,"Mirror",1
246193934,1.09328485701699,5,"Mirror",0
246309946,1.07399996424319,2,"Mirror",0
246321994,0.915112869682585,2,"Mirror",0
246353120,1.31775701534186,4,"Mirror",0
246358096,1.04435282686173,4,"Mirror",0
246374866,0.841427799185097,3,"Mirror",0
246506818,1.03853157643102,6,"Mirror",0
246516648,1.21001277884327,NA,"Mirror",0
246520718,1.07925652353775,2,"Mirror",0
246542616,0.844139524106999,3,"Mirror",0
246592442,1.05676039073738,2,"Mirror",0
246688526,1.05966422491494,1,"Mirror",0
246714200,1.10801522637059,1,"Mirror",0
246727592,0.924041284515153,5,"Mirror",0
246735126,1.12410318225958,5,"Mirror",0
246806450,1.08606873653083,5,"Mirror",0
246938584,0.815344215130893,6,"Mirror",0
246952162,0.957444009006743,3,"Mirror",0
247027498,0.966585142604069,5,"Mirror",0
247316044,0.836210782345226,1,"Mirror",0
247330152,0.84389780870887,5,"Mirror",0
247346276,1.07406539090756,4,"Mirror",1
247392880,1.00153209041442,6,"Mirror",0
247498812,1.389252481525,4,"Mirror",0
247534644,1.25025791137697,2,"Mirror",0
247760106,1.43923470614957,NA,"Mirror",0
247791542,1.53191879472082,5,"Mirror",0
247914468,1.03050753737529,2,"Mirror",1
247918880,1.04081740064865,NA,"Mirror",0
247935700,1.04225630605842,3,"Mirror",0
247999208,0.809567149658432,4,"Mirror",0
247999610,0.93157629109852,NA,"Mirror",0
248011082,1.00675007248202,4,"Mirror",0
248144518,1.46126432071995,NA,"Mirror",0
248294862,1.1826186803262,2,"Mirror",0
248308458,1.15970012963805,5,"Mirror",0
248312342,1.15970012963805,5,"Mirror",0
248371612,0.994700190974875,5,"Mirror",0
248421386,0.800172571702637,2,"Mirror",0
248471346,1.00593672063042,3,"Mirror",0
248471944,1.15970012963805,5,"Mirror",0
248772720,0.777455531331569,NA,"Mirror",0
248793778,0.869672230435079,4,"Mirror",0
248799736,1.35940734902808,NA,"Mirror",0
248954192,0.72360665178835,4,"Mirror",0
248970416,1.14649981273723,3,"Mirror",0
248980952,1.18560985092296,4,"Mirror",0
249046688,1.04639855996209,2,"Mirror",0
249112664,1.15970012963805,5,"Mirror",0
249120520,0.777751512521152,4,"Mirror",0
249136112,0.98852660138264,NA,"Mirror",0
249182422,1.01560192037423,5,"Mirror",0
249193606,0.938422246637422,5,"Mirror",0
249204898,1.67485030842223,4,"Mirror",0
249310854,1.03628267738863,6,"Mirror",0
249310956,0.837240561017362,NA,"Mirror",0
249357128,0.779730772953144,NA,"Mirror",0
249400044,0.937282210218467,NA,"Mirror",0
249428076,1.02243301700971,4,"Mirror",0
249636656,1.27061121852916,NA,"Mirror",0
249641718,0.951296560837276,6,"Mirror",0
249831400,0.900631603709599,NA,"Mirror",0
249874586,1.03853157643102,5,"Mirror",0
249882198,1.45736810296744,2,"Mirror",0
249886344,0.844599804018056,2,"Mirror",0
249933564,1.19920202677496,6,"Mirror",0
249967960,1.24002630665162,4,"Mirror",0
249988812,1.00446403073359,4,"Mirror",0
250004016,1.39097574873337,NA,"Mirror",0
250022452,1.00522952111069,2,"Mirror",0
250144212,0.908992665360407,NA,"Mirror",0
250315768,0.957146637712426,5,"Mirror",0
250481724,1.21905665339257,2,"Mirror",0
250524840,0.837240561017362,NA,"Mirror",0
250528716,0.944539814233425,4,"Mirror",0
250594856,0.911608550605073,2,"Mirror",0
250603264,0.850421468757355,NA,"Mirror",0
250778074,0.902302814296871,4,"Mirror",0
250915674,0.959615992781274,4,"Mirror",0
250955916,1.27061121852916,4,"Mirror",0
251114406,1.64127489930417,NA,"Mirror",0
251140312,1.06282532556844,1,"Mirror",0
251195960,0.631352578789425,3,"Mirror",1
251250296,1.29319229243722,5,"Mirror",0
251292618,0.992069247869398,5,"Mirror",1
251304660,1.03853157643102,4,"Mirror",0
251336130,1.05966422491494,4,"Mirror",0
251435988,1.01679535433635,2,"Mirror",0
251441206,0.840379180947973,NA,"Mirror",0
251520114,1.00055203366279,7,"Mirror",0
251660972,1.2166313101662,NA,"Mirror",0
251688052,1.2166313101662,NA,"Mirror",0
251757978,1.01225185360331,4,"Mirror",1
251947168,0.891999745501182,NA,"Mirror",0
251955692,1.11306076189116,4,"Mirror",0
252094444,0.877623404426673,2,"Mirror",0
252282394,1.02393473104551,6,"Mirror",0
252284636,1.35087488602065,1,"Mirror",0
252344084,1.19686416781481,5,"Mirror",0
252495830,0.634041537320341,4,"Mirror",0
252572488,1.09295094620214,6,"Mirror",0
252572592,0.860016278737157,NA,"Mirror",0
252582704,0.781094152978036,3,"Mirror",0
252620370,1.35087488602065,NA,"Mirror",0
252701886,0.871249782440781,4,"Mirror",0
252761092,0.847853503740656,3,"Mirror",0
252892348,1.24722763970459,7,"Mirror",0
252972498,1.17829308234422,5,"Mirror",0
252991186,1.21628093886108,NA,"Mirror",0
252993850,1.04545076860647,6,"Mirror",0
253017160,0.996488849604868,5,"Mirror",1
253047984,1.00013130418113,NA,"Mirror",0
253058828,1.61207512336239,NA,"Mirror",0
253094232,0.945516606100346,1,"Mirror",0
253104970,0.986126522965511,NA,"Mirror",0
253350012,1.09149051834509,4,"Mirror",1
253366666,1.109981118125,4,"Mirror",0
253372226,0.91533745396678,5,"Mirror",0
253409710,1.15088794154556,NA,"Mirror",0
253413920,1.44412465285759,2,"Mirror",0
253414426,1.57263594352526,4,"Mirror",0
253473946,1.35820553694131,3,"Mirror",0
253583024,0.847853503740656,3,"Mirror",1
253700274,1.2166313101662,NA,"Mirror",0
253773196,0.830583986577563,2,"Mirror",0
253971900,1.2296964925649,4,"Mirror",0
254011828,1.19486633620577,NA,"Mirror",0
254027902,0.947989673412706,NA,"Mirror",1
254042094,0.702771877355593,3,"Mirror",0
254043028,1.4050837777731,4,"Mirror",0
254074910,0.839345541875355,NA,"Mirror",0
254084544,1.00565586171353,NA,"Mirror",0
254128848,1.25806440010956,2,"Mirror",0
254143726,1.43726515314281,5,"Mirror",0
254242758,0.853436779759635,6,"Mirror",0
254279428,0.959461704892058,4,"Mirror",0
254422914,0.667132118089837,5,"Mirror",0
254516300,1.22413509579127,6,"Mirror",0
254616818,1.12345227352438,NA,"Mirror",0
254651770,1.11834396160192,3,"Mirror",0
254662346,0.711854759046975,1,"Mirror",0
254679304,1.26776673367235,3,"Mirror",0
254763566,1.52805623909157,5,"Mirror",0
254771514,1.74486379261252,5,"Mirror",0
254814504,1.50409503337125,3,"Mirror",0
254840058,0.908333257646119,2,"Mirror",0
254858296,1.52805623909157,5,"Mirror",0
254889174,1.28214454708282,2,"Mirror",0
254900654,0.959719806232124,NA,"Mirror",0
255120288,1.10221638715275,NA,"Mirror",0
255179604,1.09149051834509,1,"Mirror",0
255467932,1.32940283047737,4,"Mirror",0
255508122,1.30210823927937,NA,"Mirror",0
255533664,1.28495421012571,NA,"Mirror",0
255575134,1.43726515314281,5,"Mirror",0
255575162,1.43726515314281,5,"Mirror",0
255830148,0.912183457423489,NA,"Mirror",0
255842650,1.04080094107007,3,"Mirror",0
255845516,0.822284956213542,5,"Mirror",0
255876590,1.41931298375505,7,"Mirror",0
255886052,1.53266790113363,5,"Mirror",0
255930730,1.09587735077075,NA,"Mirror",0
256296114,1.26354964734177,NA,"Mirror",0
256372290,1.14698194567146,1,"Mirror",1
256377332,1.03841065441449,3,"Mirror",0
256382828,0.888668334820385,4,"Mirror",0
256629652,1.46126432071995,NA,"Mirror",0
256654994,1.5729540438391,5,"Mirror",0
256716582,0.70660062760802,4,"Mirror",0
256734410,1.62495476738903,3,"Mirror",0
256744152,1.52805623909157,5,"Mirror",0
256765230,0.992069247869398,1,"Mirror",0
256829698,1.0280548645453,5,"Mirror",0
256902536,0.895919419067703,3,"Mirror",0
256948856,0.967182023077504,2,"Mirror",0
256975524,1.25560707761896,4,"Mirror",0
257056952,1.17672062322091,2,"Mirror",0
257117462,0.864322424376335,4,"Mirror",0
257140874,1.25560707761896,1,"Mirror",0
257329310,1.00055203366279,4,"Mirror",0
257439154,1.17076230068469,5,"Mirror",0
257444136,1.13094910625205,4,"Mirror",0
257447848,1.21050592719842,5,"Mirror",1
257529088,1.5587940285612,4,"Mirror",0
257568892,0.911337970760185,NA,"Mirror",0
257571518,1.05966422491494,5,"Mirror",0
257627044,1.58931555708301,NA,"Mirror",0
257634768,1.11058474135198,4,"Mirror",0
257649116,1.35313295653385,2,"Mirror",0
257664948,0.861018752332383,7,"Mirror",0
257675396,1.32098433130753,NA,"Mirror",0
257690444,1.02764368463236,5,"Mirror",0
257716944,0.907934336325401,NA,"Mirror",0
257776224,0.802361947713291,2,"Mirror",0
257781626,0.785667680325056,2,"Mirror",0
257800766,1.05631709786659,NA,"Mirror",0
257916366,0.947861602426335,5,"Mirror",0
257929404,1.13781406477558,4,"Mirror",0
258020620,0.789474934182,NA,"Mirror",1
258224158,1.0118088844434,4,"Mirror",0
258240248,1.0103637972367,5,"Mirror",0
258247388,0.860016278737157,NA,"Mirror",0
258329500,1.0103637972367,6,"Mirror",0
258330704,0.933781680109807,NA,"Mirror",0
258459848,0.879904344324191,2,"Mirror",0
258526256,0.886933958615908,4,"Mirror",0
258645752,1.34582968388196,1,"Mirror",0
258665790,1.05463771209613,2,"Mirror",0
258681212,1.17782370179777,2,"Mirror",0
258709540,1.0114882148568,4,"Mirror",0
258778800,0.805845311522441,2,"Mirror",0
258819738,0.871182216099515,NA,"Mirror",0
258826400,1.0114882148568,4,"Mirror",0
258836194,1.44412647653647,6,"Mirror",0
258837580,1.45876151575058,5,"Mirror",0
258919130,0.865819742700279,3,"Mirror",0
258964502,1.38207320158619,NA,"Mirror",0
259003810,0.825730068556372,3,"Mirror",0
259109580,1.17927293524207,3,"Mirror",0
259142246,0.631957775386743,NA,"Mirror",0
259159332,1.13811858320268,1,"Mirror",0
259167646,0.874667222990687,1,"Mirror",0
259184034,0.944478158961642,NA,"Mirror",0
259225656,1.16974549913189,4,"Mirror",1
259242222,1.15163773693288,NA,"Mirror",0
259250984,1.41136041470365,NA,"Mirror",0
259260544,0.668747674183253,1,"Mirror",0
259290400,0.966585142604069,5,"Mirror",0
259304028,0.753374999439595,4,"Mirror",0
259475668,1.11651904920855,3,"Mirror",0
259486672,1.35087488602065,3,"Mirror",0
259523456,1.42304647564076,4,"Mirror",0
259539898,1.14314704979682,5,"Mirror",0
259540724,1.23947720042178,3,"Mirror",0
259652418,1.52432786858755,6,"Mirror",0
259691782,0.973446004714624,7,"Mirror",1
259703584,0.767207246569012,3,"Mirror",0
259787932,1.07791744583546,2,"Mirror",0
259807156,1.13489395532347,6,"Mirror",0
259814654,1.09329050988517,4,"Mirror",0
259874450,0.9205756783726,NA,"Mirror",0
259911830,0.844414264278832,NA,"Mirror",0
259915756,1.14051234166405,4,"Mirror",1
259921504,0.962434844103709,6,"Mirror",0
259923704,0.972481734845992,1,"Mirror",1
260065192,0.62334240367033,4,"Mirror",0
260083968,1.21415512943999,3,"Mirror",1
260138946,1.2166313101662,4,"Mirror",0
260181550,1.3795942097128,3,"Mirror",0
260182324,1.04186346589293,6,"Mirror",0
260192104,1.12660251080514,4,"Mirror",0
260214658,0.93624204253036,1,"Mirror",0
260252636,0.738421552997824,NA,"Mirror",0
260267474,0.878672242175325,2,"Mirror",0
260287420,0.719925047398161,5,"Mirror",1
260293456,0.922755024824995,NA,"Mirror",0
260311614,0.818563175004828,NA,"Mirror",0
260324730,0.741597558132564,4,"Mirror",1
260327522,1.4748264475141,NA,"Mirror",0
260350348,1.15970012963805,4,"Mirror",0
260365118,1.07026806359058,4,"Mirror",0
260383590,0.758716631938431,NA,"Mirror",0
260392790,1.42614241546544,NA,"Mirror",0
260394396,0.98804833730148,4,"Mirror",0
260394922,0.847795777918023,4,"Mirror",0
260409030,0.915477417633601,NA,"Mirror",0
260450826,1.1535138247527,2,"Mirror",0
260467546,1.24681825344492,NA,"Mirror",1
260485980,1.10502380836018,1,"Mirror",0
260488996,0.59860493491936,NA,"Mirror",0
260515502,0.924164122376536,6,"Mirror",0
260558310,0.883840804839242,6,"Mirror",0
260584102,0.83672340058174,NA,"Mirror",0
260638540,0.955375586826625,NA,"Mirror",0
260714790,0.701845158958922,4,"Mirror",0
260811908,0.984850686085726,4,"Mirror",0
260931750,0.84389780870887,6,"Mirror",0
260964070,0.978601517128702,NA,"Mirror",1
261051208,1.20992764363874,1,"Mirror",0
261062580,0.965616372392045,4,"Mirror",0
261068880,0.59519163967669,1,"Mirror",0
20022530,0.894742969930345,4,"Metro",0
20023753,0.817899511525492,6,"Metro",0
20025447,0.924464590075186,5,"Metro",0
20026947,0.821534967006642,2,"Metro",0
20047619,0.820360991763164,6,"Metro",0
20048332,1.1759725084016,4,"Metro",0
20048618,0.925208410912284,4,"Metro",0
20050448,0.987033283522209,5,"Metro",0
20051529,0.761143846254295,4,"Metro",0
20051923,0.803926781539201,6,"Metro",0
20052122,1.03465290359113,4,"Metro",0
20052241,0.915122066222173,4,"Metro",0
20054024,0.897206273270836,5,"Metro",0
20054270,0.917818307739336,NA,"Metro",0
20054395,1.03853157643102,5,"Metro",0
20060542,0.971117221620311,NA,"Metro",0
20064022,1.02756830800205,6,"Metro",0
20065179,1.01019313817515,4,"Metro",0
20067149,1.36837782143029,5,"Metro",0
20067844,0.887468293345291,5,"Metro",0
20073628,0.923817194805369,3,"Metro",0
20074410,0.773996228257417,NA,"Metro",0
20077389,1.18669564292533,NA,"Metro",0
20078507,1.00964339403178,3,"Metro",0
20085274,1.09594320375307,4,"Metro",0
20086548,0.973494560447607,6,"Metro",0
20087794,0.788292694930814,6,"Metro",0
20087888,0.8108497346763,NA,"Metro",0
20088212,0.817899511525492,6,"Metro",0
20089287,0.760970327217994,4,"Metro",0
20089575,0.765847326092285,3,"Metro",0
20091650,1.36467995317101,6,"Metro",0
20091668,0.976826118736406,4,"Metro",0
20093294,0.890771270097029,6,"Metro",0
20096796,0.909315105885082,3,"Metro",0
20098142,0.851773826284773,2,"Metro",1
20099291,0.976826118736406,6,"Metro",0
20102045,1.18262480891063,4,"Metro",0
20103834,1.18127904724926,NA,"Metro",0
20105311,0.978841972355124,NA,"Metro",0
20106754,0.995000205805947,7,"Metro",0
20107774,0.957175087236545,4,"Metro",0
20108848,0.686890779810034,4,"Metro",0
20113956,1.05395044442534,6,"Metro",0
20114172,0.884671877547993,5,"Metro",0
20114869,1.42500367564671,2,"Metro",0
20115167,0.748282483561949,3,"Metro",0
20122155,1.27260493984081,4,"Metro",1
20122792,1.09295094620214,4,"Metro",0
20124135,0.915653346199629,6,"Metro",0
20125503,0.798900062604096,5,"Metro",0
20126726,0.739654295956792,NA,"Metro",0
20128496,0.928967578985955,5,"Metro",0
20133288,1.2934980155536,3,"Metro",0
20133843,1.07922092931644,4,"Metro",0
20133959,0.976826118736406,5,"Metro",0
20134062,0.953571918607351,4,"Metro",0
20135037,0.948052073531323,7,"Metro",0
20135236,1.17776303245002,NA,"Metro",0
20135368,0.976826118736406,5,"Metro",0
20135890,0.825688491871181,3,"Metro",0
20135896,1.02691170127348,5,"Metro",0
20136090,1.07868111800161,4,"Metro",0
20136198,0.930329183919794,4,"Metro",0
20137204,1.16766529817587,NA,"Metro",0
20137867,0.91954497216919,4,"Metro",0
20139579,0.823005185848736,4,"Metro",0
20139936,1.1771220972616,3,"Metro",0
20140177,1.09074035706863,NA,"Metro",0
20140746,1.34812249136809,6,"Metro",0
20142240,0.929902768554445,1,"Metro",0
20143499,0.749672136467166,1,"Metro",0
20143790,1.03541599566902,5,"Metro",0
20145040,1.27118104060527,NA,"Metro",0
20145226,0.790272204577528,NA,"Metro",0
20145321,0.905840002742017,3,"Metro",0
20145418,1.02827233406731,4,"Metro",0
20148829,0.953571918607351,NA,"Metro",0
20149402,0.876750016606568,NA,"Metro",0
20149838,0.969858785669946,NA,"Metro",0
20150337,1.02827197727516,3,"Metro",0
20151311,0.723829626325887,5,"Metro",1
20151909,0.91840516021723,5,"Metro",0
20152155,0.798661733986574,4,"Metro",0
20152444,0.952251715896481,4,"Metro",0
20153171,0.976826118736406,2,"Metro",0
20155692,0.914772568516223,NA,"Metro",0
20156694,1.33176607273167,4,"Metro",0
20157553,0.809471843979465,6,"Metro",0
20157664,1.1761964194612,6,"Metro",0
20160898,1.34323433307381,2,"Metro",0
20161127,0.720343693026911,3,"Metro",0
20161313,0.927449832702319,5,"Metro",0
20165504,0.900276752673519,6,"Metro",0
20167553,0.953571918607351,6,"Metro",0
20168594,0.993555576786381,6,"Metro",0
20172071,1.09295094620214,5,"Metro",0
20172350,0.900276752673519,6,"Metro",0
20174731,1.00936762401267,NA,"Metro",0
20185685,0.850838952009086,2,"Metro",0
20186139,1.09335305494336,4,"Metro",0
20187447,1.08546716548142,NA,"Metro",0
20187643,1.12267941428684,NA,"Metro",0
20187973,0.761166469935306,4,"Metro",1
20190533,0.867336641943539,3,"Metro",1
20191176,0.87382095739501,5,"Metro",0
20192405,0.887013255982913,6,"Metro",0
20192862,0.765847326092285,NA,"Metro",0
20193929,0.94419959074595,6,"Metro",0
20194591,1.03392834431338,4,"Metro",0
20195130,0.916482088139855,NA,"Metro",0
20195245,0.747423130140161,3,"Metro",0
20196593,1.2758580902463,5,"Metro",0
20197611,0.686694582824386,NA,"Metro",0
20198070,0.904739521776239,5,"Metro",0
20199178,1.2128449680906,NA,"Metro",0
20199884,0.702322593003148,3,"Metro",0
20203396,1.05368885133127,2,"Metro",0
20203630,0.762653101584496,NA,"Metro",0
20204323,0.948867606283327,4,"Metro",0
20204943,0.887444447484897,4,"Metro",0
20208196,0.823793349980589,NA,"Metro",0
20210902,0.900276752673519,5,"Metro",0
20211741,0.908850223904938,3,"Metro",0
20212803,0.876294237923966,5,"Metro",0
20213840,0.940076826200111,3,"Metro",0
20218535,0.861397339890943,NA,"Metro",0
20219332,1.50409503337125,4,"Metro",0
20220715,0.936171066347943,3,"Metro",0
20223358,0.918134488710401,5,"Metro",0
20224282,1.22173933972407,NA,"Metro",0
20225171,1.10636867735698,3,"Metro",0
20229641,0.976826118736406,6,"Metro",0
20229961,0.847811794083742,4,"Metro",0
20230094,1.0109279537919,4,"Metro",1
20236098,1.14009882347847,NA,"Metro",0
20236184,0.915777316193063,3,"Metro",0
20239005,0.967957797037201,2,"Metro",0
20239127,0.858571516903643,NA,"Metro",0
20240996,0.812474998807354,3,"Metro",0
20242781,0.844645415079307,4,"Metro",0
20243373,1.03786796427443,4,"Metro",0
20246931,0.607263186969397,3,"Metro",0
20246999,1.5478282430944,3,"Metro",1
20247178,1.03853157643102,5,"Metro",0
20248337,0.884671877547993,5,"Metro",0
20248469,0.843427271661646,NA,"Metro",0
20249561,0.733583391835327,2,"Metro",0
20252333,0.84389780870887,NA,"Metro",0
20252892,0.668426975814446,NA,"Metro",0
20253190,0.919147800210688,2,"Metro",0
20261597,1.1259193156667,NA,"Metro",1
20261834,0.899637429815814,4,"Metro",0
20264620,0.896668094594843,4,"Metro",0
20267695,1.12267941428684,5,"Metro",0
20269882,1.22915997565542,4,"Metro",0
20271482,0.916841448123286,4,"Metro",0
20279656,0.771928521910068,NA,"Metro",0
20282652,0.858195384763216,4,"Metro",0
20283337,0.969239054797089,4,"Metro",0
20287056,0.884671877547993,4,"Metro",0
20287911,1.41933102769153,NA,"Metro",0
20292241,0.810238724016875,5,"Metro",0
20298810,0.763778615188506,3,"Metro",0
20305136,1.20786969531933,2,"Metro",0
20306733,0.756140976367034,3,"Metro",0
20309668,1.4953094644389,5,"Metro",0
20314827,0.77509187632978,4,"Metro",0
20314957,1.15061164828363,2,"Metro",0
20316902,1.11135869068197,6,"Metro",0
20334426,1.19378406791155,4,"Metro",0
20336029,0.868370017484301,NA,"Metro",0
20336875,1.06197604095222,5,"Metro",0
20339893,0.89385541742505,4,"Metro",0
20340967,1.20572086747911,4,"Metro",0
20343175,0.989809342081748,3,"Metro",0
20343899,0.958596070532606,NA,"Metro",0
20348755,0.887444447484897,NA,"Metro",0
20351548,1.05395044442534,3,"Metro",0
20379011,1.09501395932862,NA,"Metro",0
20383672,0.936849727935804,3,"Metro",0
20388046,1.33176607273167,4,"Metro",0
20389810,1.002611317936,4,"Metro",0
20396797,0.887622663785031,NA,"Metro",0
20397668,1.23205481737507,NA,"Metro",0
20399950,0.970799170414574,NA,"Metro",0
20405023,0.925654803029123,5,"Metro",0
20405320,0.84594142827104,5,"Metro",0
20418950,0.953571918607351,5,"Metro",0
20421365,0.917885286825368,NA,"Metro",0
20427040,1.10920518008911,2,"Metro",0
20427978,1.01019313817515,4,"Metro",0
20430365,0.719396769090035,NA,"Metro",0
20433545,1.03468070498057,5,"Metro",0
20434159,0.942515802898834,6,"Metro",0
20437849,0.78159358411302,3,"Metro",0
20440100,0.993519906850358,3,"Metro",0
20440170,1.03436469303264,4,"Metro",0
20440408,0.765847326092285,6,"Metro",0
20446141,1.18148589878386,5,"Metro",0
20501374,1.22214426581869,2,"Metro",1
20505330,0.917885286825368,6,"Metro",0
20525307,1.24842339100706,3,"Metro",0
20533993,1.07868111800161,5,"Metro",0
20545388,0.863592956821994,4,"Metro",1
20546711,0.897206273270836,6,"Metro",0
20548468,0.858707242933069,2,"Metro",0
20556580,0.85750172263526,2,"Metro",0
20571450,0.982862404751604,5,"Metro",0
20579704,0.659781242506987,5,"Metro",0
20588958,0.904559466223653,1,"Metro",0
20599963,0.9205756783726,5,"Metro",0
20609958,0.897206273270836,7,"Metro",0
20611450,1.12850448712512,4,"Metro",0
20621054,1.11416747220947,6,"Metro",0
20626839,0.771638719679397,5,"Metro",0
20629537,1.09149051834509,3,"Metro",0
20636152,0.874993877289061,2,"Metro",0
20636990,1.09295094620214,4,"Metro",0
20638692,1.18512538089011,4,"Metro",0
20639451,0.900276752673519,4,"Metro",0
20639487,0.976320446993874,5,"Metro",0
20639532,0.908943959690363,3,"Metro",0
20643016,1.02562633672478,4,"Metro",0
20644464,0.665983569115204,3,"Metro",0
20663607,1.48173141717201,NA,"Metro",0
20664557,0.865819742700279,NA,"Metro",0
20669921,0.89385541742505,6,"Metro",0
20671465,1.02571170243139,1,"Metro",0
20682590,1.25614430656367,4,"Metro",0
20690532,0.91787073208587,4,"Metro",0
20692384,1.02756830800205,4,"Metro",0
20696602,1.09295094620214,4,"Metro",0
20704743,1.22382710987253,NA,"Metro",0
20707325,1.13170811625119,4,"Metro",0
20707394,0.991152548827504,NA,"Metro",0
20710990,0.833697652560433,NA,"Metro",0
20713943,0.874027050296371,3,"Metro",0
20716485,0.738131805223005,2,"Metro",0
20716957,0.939044996852221,2,"Metro",1
20717044,1.20558630781978,5,"Metro",1
20718933,1.12566586807069,4,"Metro",0
20725665,1.10920518008911,5,"Metro",0
20728580,1.37004414647068,3,"Metro",0
20729382,0.963008145891068,4,"Metro",0
20733757,0.915653346199629,5,"Metro",0
20739660,0.898296032826641,NA,"Metro",0
20749975,1.16585337868382,3,"Metro",0
20757666,1.23205481737507,6,"Metro",1
20757869,0.834086882124798,6,"Metro",0
20759800,1.13130319812072,5,"Metro",0
20765090,1.03541599566902,5,"Metro",0
20772060,1.20144716521654,3,"Metro",1
20779386,0.715080729081225,2,"Metro",0
22086387,0.748564002239245,3,"Metro",0
22087570,0.960853674843062,5,"Metro",0
22091348,0.810908350835403,6,"Metro",0
22141182,1.09335305494336,3,"Metro",0
22141975,1.03853157643102,6,"Metro",0
22144146,0.748090154997302,6,"Metro",0
22152420,1.04160818585092,NA,"Metro",0
22152443,1.03465290359113,6,"Metro",0
22187403,0.878277890252884,3,"Metro",0
22264314,0.872316496291049,2,"Metro",0
22275023,0.839574388854932,4,"Metro",0
22309739,0.959687996382129,2,"Metro",0
22316630,0.77399224178618,4,"Metro",0
22330358,1.2495897009648,5,"Metro",1
22403734,0.811233985050568,3,"Metro",0
28009011,1.01859652762759,4,"Metro",0
28110124,0.936647281551935,4,"Metro",0
28242812,0.900276752673519,5,"Metro",0
28263520,0.970137481428116,7,"Metro",0
28359418,0.722908883836946,NA,"Metro",0
28367120,1.22418790138184,NA,"Metro",0
28371373,1.02910304873513,2,"Metro",0
28572771,0.909566209969306,5,"Metro",0
28807291,0.727172999856394,1,"Metro",0
28897999,0.888161284121996,3,"Metro",0
29093399,0.953571918607351,4,"Metro",0
29099947,0.818861168462333,2,"Metro",1
29171252,0.933001346993407,5,"Metro",0
29171826,0.950592752033376,6,"Metro",0
29213009,0.84389780870887,4,"Metro",0
29244000,0.760810689396771,NA,"Metro",0
29469942,1.03541599566902,5,"Metro",0
29477530,0.966261689432141,3,"Metro",0
29483187,0.973152758432742,3,"Metro",0
29487305,1.07427453506468,NA,"Metro",0
29498254,0.907051016528382,5,"Metro",0
29499762,0.833697652560433,NA,"Metro",0
29764485,1.17438519003218,4,"Metro",0
29821641,0.84797998909773,2,"Metro",1
29835911,0.908704538936667,NA,"Metro",0
29937004,1.18588314935095,NA,"Metro",0
30623806,1.46091454487931,6,"Metro",0
30629518,1.25047771566061,4,"Metro",0
30937696,1.03212708763763,NA,"Metro",0
31273935,0.83080796390262,NA,"Metro",0
31435701,1.39572624380206,4,"Metro",0
31671783,0.729783196899742,2,"Metro",0
31845573,0.820360991763164,4,"Metro",0
32693955,0.91667243543518,2,"Metro",0
32962021,0.748008777113973,2,"Metro",0
33159411,0.84389780870887,6,"Metro",0
33386432,0.750370362123011,3,"Metro",0
33702033,1.21173841367426,NA,"Metro",0
33764738,1.09671122198231,5,"Metro",0
33931048,0.893357025221136,5,"Metro",0
33951681,1.02243301700971,2,"Metro",0
33964836,0.924464590075186,3,"Metro",0
34242710,0.950592752033376,6,"Metro",0
34356611,0.999122114579395,NA,"Metro",1
34649256,0.667132118089837,NA,"Metro",0
35353980,1.28042165015217,NA,"Metro",0
36447947,0.998037974526841,2,"Metro",0
36477499,0.916125581039401,NA,"Metro",0
36630170,0.739654295956792,3,"Metro",0
36639352,0.924464590075186,5,"Metro",0
37273045,1.00593672063042,2,"Metro",0
37409380,0.87751795154183,6,"Metro",0
37905035,1.2489648275373,1,"Metro",0
37998195,0.934227297451027,3,"Metro",0
38145824,0.823793349980589,NA,"Metro",0
38171943,0.976826118736406,NA,"Metro",0
38174841,1.03956599130216,NA,"Metro",1
38243482,1.42555536706801,4,"Metro",0
38373885,1.06535376248509,4,"Metro",0
38418680,0.951505177759098,7,"Metro",0
38464266,0.993241815873803,2,"Metro",0
38541683,1.02010812125039,4,"Metro",0
38610986,0.970574089858866,5,"Metro",0
38800892,1.094444637344,6,"Metro",0
39340838,0.90245690193347,NA,"Metro",0
39601149,0.899073780798858,1,"Metro",0
39699738,1.00985806953401,NA,"Metro",0
39761399,0.841918816446721,2,"Metro",1
39918383,0.764849955428823,6,"Metro",0
40197802,0.89385541742505,4,"Metro",0
40202000,0.89385541742505,4,"Metro",0
40210877,0.869116517852556,4,"Metro",0
40259163,0.749495366073594,3,"Metro",0
40418895,0.915122066222173,2,"Metro",0
40512087,0.950592752033376,2,"Metro",0
40682383,0.911608550605073,5,"Metro",0
40686754,0.957146637712426,4,"Metro",0
40699600,0.900276752673519,4,"Metro",0
40759921,1.22799358143051,NA,"Metro",0
40834767,0.953571918607351,5,"Metro",0
40894203,0.811823837208255,3,"Metro",0
40903213,0.757671940311865,NA,"Metro",0
40908716,1.29156740857858,NA,"Metro",0
40915400,1.25364480788112,4,"Metro",0
40973680,0.917047842597496,NA,"Metro",0
41245265,0.769109561176168,4,"Metro",0
41325769,0.939523240854489,5,"Metro",0
41446381,1.01250373064625,NA,"Metro",0
41518838,0.711901513430157,3,"Metro",0
41723226,0.996441464564433,5,"Metro",0
41730131,0.844414264278832,4,"Metro",0
41758666,0.832713433836335,2,"Metro",0
41979535,0.957146637712426,NA,"Metro",0
41997586,1.34462274791379,3,"Metro",0
42131094,1.18106677543508,4,"Metro",0
42171186,0.970802159453395,4,"Metro",0
42191810,0.821615406288972,3,"Metro",0
42200816,1.05093695313805,2,"Metro",0
42348990,1.24632386535211,2,"Metro",0
42436462,0.970137481428116,5,"Metro",0
42585715,1.15663276814745,3,"Metro",0
42609607,0.887444447484897,6,"Metro",0
42748625,1.03465290359113,4,"Metro",1
42763963,1.3968866021068,6,"Metro",0
42837333,1.03521756164282,NA,"Metro",0
42856198,1.05699323222968,4,"Metro",0
42879263,0.796046040655566,4,"Metro",0
42886102,0.805533573987045,3,"Metro",0
42887802,1.18669564292533,4,"Metro",0
42887921,1.04222532771776,2,"Metro",0
42894286,1.2758580902463,6,"Metro",0
42897404,0.84863250636115,4,"Metro",0
42944000,0.94419959074595,5,"Metro",0
43023604,1.09836329118528,4,"Metro",0
43049539,0.832713433836335,1,"Metro",0
43057956,0.957146637712426,6,"Metro",0
43066111,0.97052327275018,NA,"Metro",1
43068545,0.830966332152616,5,"Metro",0
43094495,0.880547467181152,1,"Metro",0
43102874,0.766899671782288,4,"Metro",0
43132678,1.33269126360453,2,"Metro",0
43151306,0.702322593003148,1,"Metro",0
43226291,0.973152758432742,3,"Metro",0
43270919,0.9464923976839,2,"Metro",0
43280312,0.807425181094517,6,"Metro",0
43396423,0.921753865059368,NA,"Metro",0
43423680,1.08776673904153,3,"Metro",1
43435157,1.00252346728541,NA,"Metro",1
43452326,0.686890779810034,2,"Metro",0
43454196,1.05790013523282,NA,"Metro",0
43455435,0.787615768160952,5,"Metro",0
43496809,0.89385541742505,4,"Metro",0
43681882,1.6589226451259,NA,"Metro",0
43713638,0.977495379401078,5,"Metro",0
43860063,1.01195543590741,NA,"Metro",0
43983614,0.910844741517915,5,"Metro",1
44199329,0.717981833366672,NA,"Metro",0
44631876,0.817407164620393,4,"Metro",0
44643491,0.765847326092285,3,"Metro",0
44649116,0.784162620215093,2,"Metro",0
44661143,1.45946841545958,6,"Metro",0
44667881,0.756132193432155,3,"Metro",0
44672709,1.03853157643102,NA,"Metro",0
44698931,0.819384215656975,3,"Metro",0
44790445,0.846020986145008,1,"Metro",1
44812787,0.95586767490274,3,"Metro",0
44859114,1.41137521153932,NA,"Metro",0
44903992,0.900631603709599,2,"Metro",0
44944964,0.84863250636115,4,"Metro",0
44946802,0.910111462503697,3,"Metro",0
45051112,0.912814921390253,7,"Metro",0
45151531,1.13301478708081,4,"Metro",0
45320283,0.8390006323218,4,"Metro",1
45370989,0.953600261879144,NA,"Metro",0
45393528,0.869687597110306,4,"Metro",0
45448884,1.28338089692779,NA,"Metro",0
45619796,0.973494560447607,6,"Metro",0
45741935,0.828577467418826,3,"Metro",0
45780502,0.672593447348115,2,"Metro",0
45958294,0.999122114579395,4,"Metro",0
46226260,0.830583986577563,2,"Metro",0
46345528,1.04969749800208,NA,"Metro",0
46372790,1.003491112401,2,"Metro",0
46578362,0.727516890904271,NA,"Metro",0
46752005,0.755758887871929,4,"Metro",0
46765185,1.05473760391594,1,"Metro",0
46779526,1.18483688914871,3,"Metro",0
46799958,0.993065273061458,4,"Metro",0
47258112,0.835560094170178,4,"Metro",0
47358632,0.771101561565534,NA,"Metro",0
47516953,0.85831194107099,1,"Metro",0
47583586,0.808791864816064,3,"Metro",0
47586545,0.946069117560492,NA,"Metro",0
47636627,0.730794969038149,6,"Metro",0
47661167,1.18262480891063,5,"Metro",0
47669255,1.06546248652522,2,"Metro",0
47675054,1.02691170127348,4,"Metro",0
47690793,0.993462051294154,4,"Metro",0
47735381,1.03441445765973,5,"Metro",0
47745998,0.683279387180257,3,"Metro",0
47778351,1.02803076306129,5,"Metro",0
47793657,0.917047842597496,NA,"Metro",0
47853777,1.11161963724855,NA,"Metro",0
47904875,0.727151386542306,1,"Metro",0
47949665,0.890955976786543,4,"Metro",0
47962048,0.752760863645947,3,"Metro",0
47979961,1.12267941428684,NA,"Metro",0
47991091,1.18879859338437,2,"Metro",1
47991754,1.3702258933442,3,"Metro",0
48001579,0.989368864154687,3,"Metro",0
48315198,1.07274758838559,3,"Metro",0
48382228,1.38154475936927,2,"Metro",0
48711291,0.729701827506074,6,"Metro",0
48788760,1.16706528990819,1,"Metro",0
49350207,0.812299094949511,6,"Metro",0
50111974,1.266238879116,3,"Metro",0
51039510,0.947042510160343,NA,"Metro",0
51141573,0.802525094258597,NA,"Metro",0
51151934,1.08766107075745,3,"Metro",0
51205825,1.2916688895354,5,"Metro",0
52023806,0.756518380323481,2,"Metro",0
52052117,1.08964872142487,5,"Metro",0
52114037,1.24842339100706,4,"Metro",0
52161324,1.01044537148388,NA,"Metro",0
52295884,0.812323239131587,3,"Metro",0
52361998,0.815650431714229,NA,"Metro",0
52363982,0.887622663785031,2,"Metro",0
52471028,0.834987597606341,5,"Metro",1
52572254,0.912407017716603,2,"Metro",0
52580725,0.94367729036805,NA,"Metro",0
52618271,0.765847326092285,4,"Metro",0
52647854,0.994926306689342,6,"Metro",0
52675334,0.678170754168068,NA,"Metro",0
52731886,1.05653537236359,6,"Metro",1
52733844,0.947042510160343,6,"Metro",0
52821490,0.770024421186343,NA,"Metro",0
52929812,0.978489066996293,3,"Metro",0
52978709,0.882017873813367,5,"Metro",0
53088984,1.15663276814745,1,"Metro",0
53909359,0.852018555964852,5,"Metro",0
54237659,0.755605247248534,2,"Metro",0
54770795,0.976826118736406,5,"Metro",0
55242390,1.18498118682961,NA,"Metro",0
55251657,0.746245134352986,NA,"Metro",0
55547212,0.777846242675866,4,"Metro",0
55645879,0.895154007402913,4,"Metro",0
56392255,1.2495897009648,5,"Metro",0
56558105,1.44715692139383,4,"Metro",0
56566532,0.84389780870887,NA,"Metro",0
56576592,0.96822509508891,2,"Metro",0
56640358,0.689465773416466,6,"Metro",0
56649908,1.30953681195162,3,"Metro",0
56679233,0.86142096653516,1,"Metro",0
56713928,0.898932924060889,4,"Metro",0
56744467,0.730794969038149,5,"Metro",0
56832299,0.976826118736406,5,"Metro",0
56927578,1.31578321246702,2,"Metro",0
56931626,1.33889147039214,5,"Metro",0
56958546,1.02099059921259,5,"Metro",0
57017924,0.942380796761074,3,"Metro",0
57032583,0.769109561176168,4,"Metro",0
57032741,1.11026399086635,2,"Metro",0
57049325,1.15631417583776,5,"Metro",0
57053971,0.959687996382129,3,"Metro",0
57114436,1.02756830800205,6,"Metro",0
57115562,0.888098968266787,6,"Metro",0
57133460,1.2451859059914,4,"Metro",0
57165736,1.1759725084016,2,"Metro",0
57176854,0.916280695075066,NA,"Metro",0
57216373,0.788955183923185,4,"Metro",0
57230271,1.15581072837555,4,"Metro",0
57281520,1.06872920288467,1,"Metro",0
57300447,0.892494544422774,4,"Metro",0
57435135,0.976826118736406,NA,"Metro",0
57479676,0.771430872348229,2,"Metro",0
57479777,1.41650258041997,3,"Metro",0
57483282,1.0636669578344,3,"Metro",0
57483839,0.788292694930814,4,"Metro",0
57518822,0.68817335612607,2,"Metro",0
57558768,0.915834384521452,2,"Metro",1
57638604,1.12688807802034,5,"Metro",0
57810666,1.10614553262215,2,"Metro",0
57893068,0.953571918607351,5,"Metro",0
57905349,0.84389780870887,6,"Metro",0
58281729,0.950521824371447,2,"Metro",1
58408223,1.29502688101483,4,"Metro",0
58481386,1.0357475309506,4,"Metro",0
58572155,0.896277494168242,NA,"Metro",1
58607964,1.11237999836726,4,"Metro",0
58789068,0.969858785669946,7,"Metro",0
58905093,0.848005193832514,2,"Metro",0
58910393,1.0109279537919,3,"Metro",0
58923056,1.01924430045209,3,"Metro",0
58936761,0.938773806911833,4,"Metro",0
59392697,0.913016200733579,3,"Metro",0
59557487,0.880918156188144,3,"Metro",0
59743095,1.25047771566061,6,"Metro",0
60237306,1.23073792518688,NA,"Metro",0
60267522,1.59463230159624,4,"Metro",0
60338282,1.06375624165869,2,"Metro",0
60658651,1.4031215674834,4,"Metro",0
61109547,0.944478158961642,2,"Metro",0
61130952,1.01924430045209,5,"Metro",0
61140399,1.03399176987092,NA,"Metro",0
61316711,0.959687996382129,3,"Metro",0
61320357,0.856216654418697,5,"Metro",0
61391781,0.881558695477241,4,"Metro",0
61601777,0.576867303297478,3,"Metro",0
61607451,0.717102762592716,3,"Metro",0
61634939,0.953132129100769,4,"Metro",0
61670273,1.00540751377478,NA,"Metro",0
61916230,1.26981052452799,3,"Metro",0
61920179,0.870271267567881,3,"Metro",0
62093388,1.08919604901607,2,"Metro",0
62549955,0.952514054234276,1,"Metro",1
62608906,0.89385541742505,NA,"Metro",0
62625223,0.750207832395514,1,"Metro",0
62698268,1.42614241546544,NA,"Metro",0
62760901,0.693175934117593,3,"Metro",0
62862667,0.880855870984505,2,"Metro",0
63035544,0.694110456481874,2,"Metro",0
63120786,0.913396607044211,4,"Metro",0
63148155,0.976826118736406,7,"Metro",0
63173206,1.02764368463236,6,"Metro",0
63176355,1.20540884652547,6,"Metro",0
63273988,1.17507341651471,NA,"Metro",0
63279469,1.08225092188429,4,"Metro",0
63294349,0.986632991413281,3,"Metro",0
63294594,0.969858785669946,6,"Metro",0
63307496,0.931420858843705,6,"Metro",0
63314393,0.979913830755939,4,"Metro",0
63331034,1.10666702346151,4,"Metro",0
63584335,1.43440259726332,2,"Metro",0
63771273,0.821040636106232,NA,"Metro",0
63830101,1.06061054526573,5,"Metro",0
63879869,1.31386565041733,2,"Metro",0
64190359,0.829363544602136,6,"Metro",0
64192061,1.25748017213181,3,"Metro",0
64222158,1.06298426305768,NA,"Metro",0
64232134,0.847245343227626,NA,"Metro",0
64266435,1.17101904588635,5,"Metro",0
64309792,0.969858785669946,7,"Metro",0
64462978,1.65885249065492,3,"Metro",0
64570884,1.27796510970041,NA,"Metro",0
64684101,1.12381580180177,4,"Metro",0
64819256,0.79912675295184,5,"Metro",0
64845724,0.863240279530685,2,"Metro",0
64948976,0.986630536417006,2,"Metro",0
64954450,0.905840002742017,6,"Metro",0
64960009,1.09772286498091,3,"Metro",0
64988128,0.947042510160343,4,"Metro",0
65174573,0.691567291206768,4,"Metro",0
65186942,1.08766107075745,NA,"Metro",1
65272957,0.953571918607351,6,"Metro",1
65277399,0.984773749383512,4,"Metro",0
65369137,1.03465290359113,5,"Metro",0
65411597,0.882363103478573,4,"Metro",1
65442034,1.02858183298023,5,"Metro",1
65446010,1.19448718854612,NA,"Metro",0
65454591,1.3662936789239,5,"Metro",0
65472057,0.924191736114724,2,"Metro",0
65531829,1.03465290359113,4,"Metro",0
65618153,0.815344215130893,5,"Metro",0
65624683,1.25701223409206,NA,"Metro",0
65636324,0.876372933316275,6,"Metro",0
65790476,0.821534967006642,NA,"Metro",0
65862314,1.54700710142287,5,"Metro",0
65980118,1.19883626001481,5,"Metro",0
65980386,1.05258945955152,4,"Metro",0
66193850,0.979913830755939,6,"Metro",0
66204985,0.858850942114618,NA,"Metro",0
66208044,1.0283261749472,6,"Metro",0
66326256,0.781548198690251,2,"Metro",1
66351399,0.953571918607351,5,"Metro",0
66414897,0.719396769090035,4,"Metro",0
66474716,0.947042510160343,5,"Metro",0
66522313,0.95586767490274,2,"Metro",0
66593620,0.822095803909667,3,"Metro",1
66667069,1.00522952111069,2,"Metro",0
66690807,1.0730005986402,3,"Metro",0
66730043,0.935487317846887,4,"Metro",1
66925078,1.22540248175387,NA,"Metro",0
67035809,0.84389780870887,4,"Metro",0
67095560,0.903663392866233,NA,"Metro",0
67121702,0.825629512531082,2,"Metro",0
67133806,1.10323867865011,NA,"Metro",0
67140490,0.823793349980589,4,"Metro",0
67246017,0.705129569489494,3,"Metro",0
67259173,0.915068252105665,NA,"Metro",0
67285958,0.861397339890943,4,"Metro",0
67298406,0.947042510160343,5,"Metro",0
67468958,1.20794679322493,1,"Metro",0
67618095,0.82099002814438,4,"Metro",0
67747875,1.05613565137138,NA,"Metro",0
67761840,1.11902451772789,4,"Metro",0
67778757,0.932841445825631,7,"Metro",0
67782116,1.08776673904153,4,"Metro",0
67913262,1.43151781602231,5,"Metro",0
68152478,0.983653212257379,3,"Metro",1
68186300,0.904137012894086,4,"Metro",0
68278988,0.854232581021158,6,"Metro",0
68291901,0.953571918607351,5,"Metro",0
68317610,1.09295094620214,6,"Metro",0
68362138,1.07441032615425,5,"Metro",0
68409052,0.968056116396493,NA,"Metro",0
68439757,0.983334199752842,3,"Metro",1
68457514,1.03924311384776,NA,"Metro",0
68546716,0.937282210218467,NA,"Metro",0
68567243,1.19980970131249,2,"Metro",0
68576601,0.776920851848309,1,"Metro",0
68606802,1.04160818585092,NA,"Metro",0
68638543,1.24840507385683,4,"Metro",0
68640900,0.809471843979465,6,"Metro",0
68641626,0.976826118736406,6,"Metro",0
68668897,1.08650905030969,3,"Metro",0
68682697,0.976320446993874,5,"Metro",0
68702421,0.826881559447904,NA,"Metro",0
68723248,1.002611317936,3,"Metro",0
68778631,1.04251313447999,4,"Metro",0
68785768,1.14031515091747,6,"Metro",0
68826991,0.706307567506121,5,"Metro",0
68854031,0.999845774267345,3,"Metro",0
68907173,1.25783634788036,3,"Metro",0
68943927,1.06916611459915,4,"Metro",1
68963533,1.09174628721157,5,"Metro",0
68989670,0.918119921948326,4,"Metro",1
69054821,0.743151012012276,5,"Metro",0
69110281,1.44412465285759,3,"Metro",0
69118911,0.843022602759885,3,"Metro",0
69146916,1.03399176987092,7,"Metro",0
69149695,0.969858785669946,NA,"Metro",0
69201106,0.820965626364686,5,"Metro",0
69221372,1.33156975956833,NA,"Metro",0
69269634,0.793350041607133,3,"Metro",0
69290836,1.15468781286833,4,"Metro",0
69323754,1.0114882148568,1,"Metro",0
69335003,1.13610283326467,NA,"Metro",0
69335181,0.78159358411302,3,"Metro",0
69337045,1.0252595892437,2,"Metro",0
69372291,1.02058976557308,NA,"Metro",0
69390181,1.18588314935095,6,"Metro",0
69408277,1.13653055807785,3,"Metro",1
69409971,0.882380503354242,6,"Metro",0
69459413,0.80649173530122,NA,"Metro",0
69460267,1.00071259221879,5,"Metro",0
69464159,0.854014739486256,4,"Metro",0
69478157,0.777965939311253,NA,"Metro",0
69507647,0.945621918733538,3,"Metro",0
69549649,1.09671122198231,6,"Metro",0
69632723,0.84389780870887,4,"Metro",0
69717053,1.04154625420011,4,"Metro",0
69720931,0.7495558311652,NA,"Metro",0
69760921,0.960847128815688,NA,"Metro",0
69817411,0.894334931397232,2,"Metro",0
69915165,0.702322593003148,2,"Metro",0
69957888,0.986724347367529,NA,"Metro",0
69963585,1.15488984159407,5,"Metro",1
70043217,0.802387953519758,1,"Metro",0
70081644,0.647284804562786,2,"Metro",0
70194744,0.90245690193347,3,"Metro",0
70295419,0.913849562352434,2,"Metro",0
70296455,0.744447791645743,3,"Metro",1
70440692,1.21981313311326,4,"Metro",0
70469848,1.22877709679949,3,"Metro",1
70529600,1.04154625420011,4,"Metro",0
70614778,0.78166414003964,4,"Metro",0
70826907,0.749042633615272,5,"Metro",0
71084843,1.54058165548262,3,"Metro",0
71173213,0.933399171377853,3,"Metro",0
71234182,1.00885208599761,5,"Metro",0
71316085,0.86281394866448,3,"Metro",0
71326387,1.010647773574,5,"Metro",0
71358790,0.915653346199629,2,"Metro",0
71492825,0.878277890252884,4,"Metro",0
71610917,1.10519684233104,5,"Metro",0
71628397,0.971865398305731,NA,"Metro",0
71661572,1.00696692342008,4,"Metro",0
71674506,1.1771220972616,2,"Metro",0
71759842,0.858707242933069,2,"Metro",1
71843280,0.872182651217801,5,"Metro",0
71878669,1.01715794021808,5,"Metro",0
71977064,1.11759417950103,NA,"Metro",0
72055024,1.13006190461584,NA,"Metro",0
72062135,1.00865736649815,2,"Metro",0
72093172,0.863798505320152,2,"Metro",0
72129693,0.894742969930345,4,"Metro",0
72219586,0.875666224237147,4,"Metro",0
72247318,0.999695242299456,6,"Metro",0
72447469,1.04354172852379,3,"Metro",0
72567669,1.19177517132349,4,"Metro",0
72641968,0.923956452869501,2,"Metro",0
72668706,1.06872920288467,NA,"Metro",0
72728264,0.976826118736406,5,"Metro",0
72897162,0.94637541316946,3,"Metro",0
73198175,1.00573513615791,1,"Metro",0
73253319,0.865794008474659,NA,"Metro",1
73284614,1.03142042234257,5,"Metro",0
73549511,1.00942583139474,4,"Metro",0
73631730,0.830966332152616,4,"Metro",0
73823384,1.25458923877792,4,"Metro",0
73996300,1.38154475936927,4,"Metro",0
74175124,0.854014739486256,NA,"Metro",0
74324354,0.804278818812007,4,"Metro",0
74537144,0.894970486060852,3,"Metro",0
74617567,0.725125211126923,4,"Metro",0
74619110,0.690923782281259,3,"Metro",0
74621198,0.90245690193347,NA,"Metro",0
74658809,1.35940734902808,NA,"Metro",0
74663296,1.04154625420011,5,"Metro",0
74829026,1.04364131810788,3,"Metro",0
75079216,0.86142096653516,3,"Metro",0
75241661,1.05203148870996,5,"Metro",0
75284195,0.934227297451027,2,"Metro",0
75313666,0.853157616079651,3,"Metro",0
75343298,1.09671122198231,4,"Metro",0
75354176,0.84389780870887,5,"Metro",0
75468159,0.753896857134639,4,"Metro",0
75583993,0.77862929873562,2,"Metro",0
75588984,1.06521794199762,2,"Metro",1
75605610,0.953571918607351,4,"Metro",0
75621569,0.812474998807354,2,"Metro",0
75720294,0.746450719394069,2,"Metro",0
75927677,0.952297732424997,2,"Metro",0
76397787,0.909315105885082,2,"Metro",1
76498445,0.705792324543186,2,"Metro",0
76604912,0.905840002742017,3,"Metro",0
76646966,1.0545713088263,5,"Metro",0
76704029,0.879377119804243,NA,"Metro",0
76716987,0.976132435084288,3,"Metro",0
76741860,0.668727797409046,5,"Metro",0
76912213,0.983643282395186,NA,"Metro",0
77243074,0.992299234527503,4,"Metro",0
77263652,1.18512538089011,4,"Metro",0
77264518,0.867075465567927,4,"Metro",1
77267153,0.829952927673403,NA,"Metro",0
77269193,0.870253926923796,4,"Metro",0
77348783,0.753350728099332,3,"Metro",0
77352018,0.798661733986574,6,"Metro",0
77353320,1.13170811625119,NA,"Metro",0
77364516,0.968859680037876,6,"Metro",0
77579615,1.22638052758565,5,"Metro",1
77951466,1.23695891274463,4,"Metro",0
77956753,1.02803076306129,3,"Metro",0
77998652,0.976826118736406,6,"Metro",0
78000825,1.07427471462766,1,"Metro",0
78336917,0.887444447484897,5,"Metro",0
78690764,1.01715794021808,5,"Metro",0
78889501,0.843676370029427,4,"Metro",1
79075374,1.11652786939462,NA,"Metro",0
79082996,0.750207832395514,2,"Metro",0
79093777,0.729466245436243,7,"Metro",0
79105144,0.976826118736406,4,"Metro",0
79131559,0.948261288581662,3,"Metro",0
79341173,1.38168347086733,NA,"Metro",0
79443434,1.09964411176069,4,"Metro",0
79537021,1.07427471462766,1,"Metro",0
79563727,1.50615616655113,4,"Metro",0
79755180,1.10519684233104,5,"Metro",1
79897857,0.969858785669946,5,"Metro",0
80009660,0.977495379401078,3,"Metro",1
80018988,1.00985806953401,NA,"Metro",0
80449892,0.718762741431152,2,"Metro",0
80511442,0.839345541875355,3,"Metro",0
80576545,0.976826118736406,5,"Metro",0
80602706,0.963909870492139,NA,"Metro",0
80906932,0.779758150051187,5,"Metro",0
80927908,1.00921214034145,1,"Metro",0
81366928,1.63664311908704,4,"Metro",0
81367933,0.953571918607351,6,"Metro",0
81369191,1.02756830800205,4,"Metro",0
81539087,0.658897989109727,2,"Metro",0
81592026,0.784671816581126,3,"Metro",0
81669406,0.786800932964332,4,"Metro",1
81675276,1.02450597084423,5,"Metro",0
81751986,0.969239054797089,5,"Metro",1
81824165,0.879085018295835,3,"Metro",1
81909975,0.887622663785031,4,"Metro",0
82074105,0.91667243543518,2,"Metro",0
82124212,0.97368391396667,NA,"Metro",0
82129649,0.943867621128857,3,"Metro",0
82223758,0.818563175004828,5,"Metro",0
82247089,0.957146637712426,7,"Metro",0
82257336,1.16841190267025,5,"Metro",1
82363324,1.60272757691108,NA,"Metro",0
82587186,1.18625485799922,NA,"Metro",0
82624495,1.10275299785939,3,"Metro",0
82743131,0.874993877289061,3,"Metro",0
82825834,0.844629458730225,2,"Metro",0
82982484,1.06479815613331,4,"Metro",0
83158000,0.874651606964991,1,"Metro",0
83195573,0.859417803278321,4,"Metro",0
83223192,0.727015513626698,NA,"Metro",0
83223213,1.17923114121296,3,"Metro",0
83271895,1.01940968496757,5,"Metro",0
83315855,0.821534967006642,NA,"Metro",0
83356305,0.897232941171559,NA,"Metro",0
83406132,1.2875988361998,NA,"Metro",0
83418132,1.11976007523138,NA,"Metro",0
83460416,0.870762763433792,2,"Metro",0
83509004,1.01250373064625,5,"Metro",0
83524750,0.89385541742505,7,"Metro",0
83537250,0.900276752673519,3,"Metro",0
83540768,0.922763043255797,2,"Metro",0
83542588,1.13551249473988,3,"Metro",0
83703007,0.893357025221136,7,"Metro",0
83813215,1.31348228308953,5,"Metro",0
83943607,1.19920202677496,5,"Metro",0
84180696,1.2621225972791,2,"Metro",0
84187606,1.11759417950103,NA,"Metro",0
84289132,1.09699162569542,4,"Metro",1
84393200,1.11072517686409,4,"Metro",0
84412611,0.607845292161927,NA,"Metro",0
84426633,0.842642392176408,2,"Metro",0
84452078,0.882837659926501,NA,"Metro",0
84501588,1.25701223409206,2,"Metro",0
84529355,0.903663392866233,4,"Metro",0
84560513,1.70245627152988,2,"Metro",1
84629736,1.46126432071995,NA,"Metro",0
84655925,1.02450597084423,5,"Metro",0
84679050,0.750207832395514,2,"Metro",0
84814374,1.12381580180177,5,"Metro",0
84820529,0.900631603709599,4,"Metro",0
84842721,0.857444359423982,3,"Metro",1
84862882,1.1418438292735,NA,"Metro",0
84901376,1.12381580180177,5,"Metro",0
85037264,0.809909483436974,7,"Metro",0
85114174,0.89385541742505,NA,"Metro",0
85127227,0.930903456245974,5,"Metro",0
85398377,0.950592752033376,6,"Metro",0
85398640,0.979980445035386,4,"Metro",0
85654344,0.80126439511465,2,"Metro",0
85689807,0.834883619569165,3,"Metro",0
85748928,0.861397339890943,NA,"Metro",0
85844055,0.831113280657055,4,"Metro",0
85884021,1.00761203039877,5,"Metro",0
85890300,1.26476142198374,NA,"Metro",0
86127601,1.12231538296698,4,"Metro",0
86222253,1.10519684233104,NA,"Metro",0
86434423,0.701108020920807,2,"Metro",0
86554831,1.07816691345837,5,"Metro",0
86605593,0.84305458829439,4,"Metro",0
86647005,1.06293394575415,NA,"Metro",0
86650489,0.712738015769537,3,"Metro",0
86655663,0.976132435084288,NA,"Metro",1
86659573,1.11463053466267,4,"Metro",0
86665455,1.01430373970905,2,"Metro",0
86728087,1.05197140174847,NA,"Metro",0
86936999,0.984176389471479,6,"Metro",0
86954454,1.02225482876186,3,"Metro",0
86954676,1.19936761063178,2,"Metro",0
87046197,0.920712585261617,3,"Metro",0
87081149,0.858203760450683,NA,"Metro",0
87137378,1.13412554305287,3,"Metro",0
87156580,0.922497299078617,6,"Metro",0
87159650,1.32230211302974,4,"Metro",0
87172391,1.18669564292533,6,"Metro",0
87191915,1.17923114121296,6,"Metro",0
87212231,0.839689258344694,2,"Metro",0
87225961,1.00590682179438,4,"Metro",0
87375089,0.856782702535132,3,"Metro",0
87395310,1.02910304873513,3,"Metro",0
87395380,0.893410145353928,NA,"Metro",0
87430914,0.836502625775246,NA,"Metro",0
87448144,0.805873605527072,NA,"Metro",1
87454361,0.899637429815814,4,"Metro",0
87552426,1.30433017727133,4,"Metro",0
87556050,1.24680613310018,3,"Metro",0
87644739,0.953571918607351,6,"Metro",0
87797292,1.51968337463708,2,"Metro",0
87843497,1.13250705251046,4,"Metro",0
87886773,1.06872920288467,2,"Metro",1
87945177,1.08400778422544,5,"Metro",0
88101086,1.11161838640186,5,"Metro",0
88175545,0.805849653043474,5,"Metro",0
88187247,1.17776303245002,4,"Metro",0
88214727,0.693861078357692,4,"Metro",0
88376728,0.953571918607351,5,"Metro",0
88453052,0.926429798936584,3,"Metro",0
88581767,1.09145016707945,2,"Metro",0
88697604,0.925700502996009,6,"Metro",0
88815933,1.03853157643102,6,"Metro",0
88846895,0.887127539647235,4,"Metro",0
88852070,0.699590527406438,NA,"Metro",1
88863782,0.820965626364686,5,"Metro",1
88890276,0.969239054797089,4,"Metro",0
88996196,0.839860081798287,4,"Metro",0
89138724,1.0825660039839,5,"Metro",0
89157149,1.01138933330093,6,"Metro",0
89192000,0.77862929873562,2,"Metro",0
89197522,1.4495671132254,1,"Metro",0
89348169,0.915653346199629,2,"Metro",0
89514773,0.897206273270836,4,"Metro",0
89533086,0.888418977014057,NA,"Metro",0
89544009,0.9796952205825,7,"Metro",0
89611901,1.27334909394847,4,"Metro",0
89813503,1.45012730704295,5,"Metro",0
89979890,0.943463425742537,6,"Metro",0
90166728,1.03853157643102,6,"Metro",0
90219060,0.895919419067703,2,"Metro",0
90254014,1.15061164828363,4,"Metro",0
90381150,0.82265905296044,NA,"Metro",0
90424740,1.10082253700897,6,"Metro",0
90513789,0.708891150586484,5,"Metro",0
90631040,1.2639372538138,NA,"Metro",0
90666408,0.867936096035328,4,"Metro",0
90794456,1.15427201863317,4,"Metro",0
90973755,0.764849955428823,5,"Metro",0
91078485,1.15631417583776,6,"Metro",0
91107720,1.67951394701412,2,"Metro",0
91434316,0.926038398096802,5,"Metro",0
91692880,1.18230225531943,2,"Metro",0
91794625,0.833697652560433,3,"Metro",0
91973774,1.26369764959292,6,"Metro",0
92025454,0.869253928550596,3,"Metro",0
92078310,1.19552785698874,2,"Metro",0
92114235,0.837845148089798,5,"Metro",0
92123966,0.971117221620311,NA,"Metro",0
92147501,0.874509220133132,4,"Metro",0
92184363,1.02947117106712,3,"Metro",0
92447573,0.927989838243072,5,"Metro",0
92539548,1.05262917191583,3,"Metro",0
92588578,0.95586767490274,1,"Metro",0
92730874,0.876051973221552,5,"Metro",0
92927203,0.976320446993874,6,"Metro",0
92944629,0.916234397601368,4,"Metro",0
93183043,1.05178571365069,3,"Metro",0
93255477,0.704537469218781,3,"Metro",0
93269050,0.970137481428116,3,"Metro",1
93857292,0.745067997157877,3,"Metro",0
93862078,0.915653346199629,6,"Metro",0
94004694,1.06357507708395,4,"Metro",0
94105683,1.24798638660076,NA,"Metro",0
94182248,0.995931883737122,3,"Metro",0
94196047,0.772187080891405,NA,"Metro",0
94211620,1.05566772144886,NA,"Metro",0
94215666,0.978976128278049,3,"Metro",0
94259311,1.05197140174847,NA,"Metro",0
94367614,1.22093997358102,5,"Metro",0
94440945,0.86142096653516,2,"Metro",0
94565383,0.991768420920888,3,"Metro",0
94650844,1.18512538089011,5,"Metro",0
120326662,0.84389780870887,5,"Metro",0
120343066,0.831869113980052,5,"Metro",0
120369976,0.946310596250932,4,"Metro",0
120589886,0.978242405143564,4,"Metro",1
120922454,0.859126176588875,2,"Metro",1
121174670,1.01679535433635,4,"Metro",0
121402714,0.965426515585005,5,"Metro",1
121589486,0.868151573392356,6,"Metro",0
121777836,1.11600453612596,4,"Metro",0
121841078,0.920336105090097,3,"Metro",0
121899556,0.828783805784203,2,"Metro",0
122041638,1.33231582835925,3,"Metro",1
122190108,0.943949271093535,NA,"Metro",0
122439972,1.05178571365069,4,"Metro",0
122475974,0.757229189241172,3,"Metro",0
122532034,1.59424977956316,3,"Metro",0
122569846,0.863240279530685,NA,"Metro",0
122942128,1.0322725997338,1,"Metro",0
122974076,0.84389780870887,4,"Metro",1
123049164,0.892603978721498,2,"Metro",1
123069434,0.963008145891068,NA,"Metro",0
123129456,0.811949940596628,2,"Metro",0
123226836,0.869672230435079,3,"Metro",0
123340160,1.04821129985381,3,"Metro",0
123470048,1.06872920288467,2,"Metro",0
123505236,0.984176389471479,4,"Metro",0
123796126,0.902302814296871,4,"Metro",0
123841212,1.27495482301077,3,"Metro",0
124014530,0.942268376070261,3,"Metro",1
124128946,0.755605247248534,2,"Metro",0
124234864,1.02555497665766,NA,"Metro",0
124519236,1.1539860845772,2,"Metro",0
124554334,1.11601542794078,4,"Metro",0
124962302,1.04081740064865,2,"Metro",0
125145836,1.34812249136809,5,"Metro",0
125237882,0.736704114845716,NA,"Metro",0
125450522,1.27688534389301,6,"Metro",0
125595742,0.836210782345226,NA,"Metro",0
125930144,0.9089903978755,3,"Metro",0
126094720,0.953571918607351,4,"Metro",0
126305170,1.10636867735698,2,"Metro",1
126407392,0.802326909710037,2,"Metro",0
126569968,0.834883619569165,5,"Metro",1
126782660,0.976826118736406,5,"Metro",0
126837286,0.762987065229127,3,"Metro",0
127069188,1.14051234166405,3,"Metro",0
127199052,0.986904801539385,4,"Metro",0
127266336,1.20575973734044,5,"Metro",0
127532646,1.10946156701591,2,"Metro",0
128224236,0.78174125064334,NA,"Metro",0
128808020,1.15061164828363,3,"Metro",0
128932032,1.09149051834509,3,"Metro",0
128936438,0.872316496291049,3,"Metro",0
129009156,0.63259679316401,3,"Metro",0
129049190,1.03399176987092,3,"Metro",0
129221992,0.774551916533486,2,"Metro",0
129269348,1.13927855962421,6,"Metro",0
129351460,1.00522952111069,NA,"Metro",0
129398396,1.02450597084423,6,"Metro",0
129440134,0.669294118593821,3,"Metro",0
129920176,1.19378406791155,3,"Metro",0
130385402,1.14200536812351,NA,"Metro",0
130632162,1.11026399086635,4,"Metro",0
130752342,0.937734357591348,6,"Metro",0
130834756,0.666345568281436,4,"Metro",0
130952574,1.00936762401267,2,"Metro",0
131135914,0.911694273112051,5,"Metro",0
131628436,0.857985107542588,NA,"Metro",0
131861468,1.21197760964146,5,"Metro",0
131878190,1.03441445765973,5,"Metro",0
132022250,0.821260532291584,2,"Metro",0
132647858,0.797460058059336,2,"Metro",1
132727078,0.90818188399219,NA,"Metro",0
132853530,1.048423752777,3,"Metro",0
132918966,1.10038211214613,3,"Metro",0
133208252,1.14858804149964,4,"Metro",0
133223394,0.963921417359587,5,"Metro",0
133261328,0.824278599134494,3,"Metro",0
133777786,1.05135925023318,6,"Metro",0
134457430,0.90877666529352,NA,"Metro",0
134485322,1.25820502864148,4,"Metro",0
134499110,1.14698194567146,NA,"Metro",0
134628952,0.857985107542588,7,"Metro",0
134820540,1.27495482301077,NA,"Metro",0
134962620,0.993065273061458,3,"Metro",0
135359144,1.06375624165869,2,"Metro",1
135780698,0.872905228243007,NA,"Metro",0
135918352,0.817999730300118,3,"Metro",1
135967930,0.838923841810851,4,"Metro",0
135991860,0.682784414016442,1,"Metro",0
135997432,0.649326111125681,NA,"Metro",1
136059468,1.03381359308093,6,"Metro",0
136069262,0.862207368153404,2,"Metro",0
136211656,1.02691170127348,7,"Metro",0
136508396,1.11416747220947,4,"Metro",1
136623102,0.893509861951593,NA,"Metro",0
136645518,1.18588314935095,3,"Metro",0
136707034,0.782975765947996,4,"Metro",0
136753822,0.979191643263769,5,"Metro",0
136774392,0.906622172766907,NA,"Metro",0
136813356,1.06682943672262,2,"Metro",0
136955008,0.868151573392356,6,"Metro",0
137191062,0.764849955428823,5,"Metro",0
137759328,0.585632060317169,3,"Metro",0
138155466,0.972491709401142,4,"Metro",0
138601448,0.730925980995869,4,"Metro",1
138753556,0.750370362123011,3,"Metro",1
138805406,1.02007026408722,1,"Metro",0
138845202,1.14839652704821,6,"Metro",0
138849454,1.24694956932451,3,"Metro",1
138903188,0.700072511888228,4,"Metro",0
138917090,1.05382226674857,6,"Metro",0
139296200,1.11822631921253,3,"Metro",0
139380094,0.976826118736406,7,"Metro",0
139605998,0.865678203615754,4,"Metro",0
139629770,0.880807562031832,NA,"Metro",0
139630208,0.84277378624664,4,"Metro",0
139639092,0.706342798846843,5,"Metro",0
139831316,1.2296964925649,1,"Metro",0
139836402,0.740898889503389,2,"Metro",0
139837418,1.38978449370087,1,"Metro",0
140256904,1.20144716521654,3,"Metro",0
140421204,0.858195384763216,2,"Metro",0
140441586,1.17927293524207,3,"Metro",1
140794116,0.89411227307964,6,"Metro",0
141174764,1.10082253700897,5,"Metro",0
141340314,0.975508695406969,NA,"Metro",0
141833292,0.839345541875355,1,"Metro",0
142654884,0.890188799685929,NA,"Metro",1
142860412,1.11046185650768,NA,"Metro",0
142965710,0.787504052056882,7,"Metro",0
143053904,0.832108157433433,5,"Metro",0
143105480,0.928266803560279,2,"Metro",1
143268564,0.987495750750544,6,"Metro",0
143575254,0.953571918607351,6,"Metro",0
143693906,0.958163860997174,1,"Metro",0
144071164,0.990525052752926,4,"Metro",0
144169886,1.00955626182045,5,"Metro",0
144389668,0.788292694930814,5,"Metro",0
144426328,1.34809027730167,NA,"Metro",0
144653178,1.18551482304835,3,"Metro",1
144933844,0.876944037660098,5,"Metro",0
145091482,1.04453369554476,2,"Metro",0
145441734,0.837250160434279,6,"Metro",0
145602326,0.93157629109852,NA,"Metro",0
146057210,0.982443570758637,NA,"Metro",0
146213238,1.19980970131249,2,"Metro",0
146572054,1.17672062322091,3,"Metro",0
146685438,1.03924311384776,6,"Metro",0
146832782,1.02393473104551,6,"Metro",0
147155948,1.00583146913373,2,"Metro",0
147215636,1.02285253268996,NA,"Metro",0
147336178,1.16345960628326,5,"Metro",0
147524408,0.707912712655374,NA,"Metro",0
147859358,1.24842339100706,2,"Metro",0
147917420,1.41235305766719,4,"Metro",0
148125494,1.17345043405465,4,"Metro",0
148196884,1.03436469303264,NA,"Metro",0
148679746,1.1771220972616,4,"Metro",0
148728408,0.776958802273641,6,"Metro",0
148847940,0.793864477886055,4,"Metro",1
148882674,1.7217590388959,3,"Metro",0
149330148,0.86422055491541,NA,"Metro",0
149538874,1.17941117931108,4,"Metro",0
150273734,0.876079498305806,6,"Metro",0
150821408,0.987574614794489,NA,"Metro",0
151003736,0.767234183953987,4,"Metro",0
151429708,0.761624812464705,NA,"Metro",0
151503954,0.887013255982913,4,"Metro",0
151969556,1.25569569690048,3,"Metro",0
152845444,1.36428276147706,4,"Metro",0
153329282,0.712738015769537,3,"Metro",0
153981590,1.16480246223439,3,"Metro",0
154234736,0.968247335987236,4,"Metro",0
154648688,1.07274758838559,2,"Metro",0
154931132,1.08546716548142,NA,"Metro",0
155917640,0.952514054234276,2,"Metro",0
156245104,1.00484788705532,NA,"Metro",0
156343450,0.862207368153404,2,"Metro",0
156427766,0.933781680109807,NA,"Metro",0
156476418,0.801115360487898,3,"Metro",0
157265084,0.895154007402913,3,"Metro",0
157267588,1.67485030842223,NA,"Metro",0
157567934,0.662776397379452,6,"Metro",0
157626548,0.710076105774247,3,"Metro",0
157963488,1.22517298807507,3,"Metro",0
157978710,1.31534782878096,2,"Metro",0
158741306,1.01179623175891,NA,"Metro",0
158766086,1.11416747220947,4,"Metro",0
159096322,0.765437599816157,2,"Metro",0
159273260,0.892494544422774,5,"Metro",0
159311290,0.787712136084211,4,"Metro",0
159750334,1.18262480891063,NA,"Metro",0
160464668,0.895919419067703,4,"Metro",1
160718066,0.951296560837276,6,"Metro",0
160959772,1.10082253700897,6,"Metro",0
160986624,1.19920202677496,6,"Metro",0
161020706,0.810238724016875,1,"Metro",0
161099098,0.965567776144418,3,"Metro",0
161126840,1.15071974497183,3,"Metro",1
161207174,0.741043396526439,NA,"Metro",0
161477226,1.41758669966524,2,"Metro",0
161602500,1.01019313817515,6,"Metro",0
161825610,0.968859663882066,NA,"Metro",0
162152606,0.899073780798858,3,"Metro",0
162598204,1.00811828144339,5,"Metro",0
163453516,1.18539204557697,2,"Metro",0
163649532,0.898337165262982,3,"Metro",0
163848140,0.957146637712426,5,"Metro",0
164232918,0.726716343700419,NA,"Metro",0
164595042,1.13927611472968,4,"Metro",0
164603718,0.765512110495706,4,"Metro",1
165084220,0.897262769748551,4,"Metro",0
165168926,0.917885286825368,5,"Metro",1
165676662,0.938773806911833,5,"Metro",0
165745348,0.823005185848736,1,"Metro",0
166386150,0.995757096544904,4,"Metro",0
166713732,1.12345227352438,NA,"Metro",0
167462008,0.919563294984622,2,"Metro",0
167585868,0.9205756783726,NA,"Metro",0
167900308,0.932841445825631,4,"Metro",0
168268728,0.745913668457673,NA,"Metro",0
168654550,0.855169262354182,2,"Metro",0
170452704,0.998905754056296,2,"Metro",0
170486440,0.616491086355416,4,"Metro",0
170782372,1.32946956313657,6,"Metro",0
170784236,0.964503378728743,4,"Metro",0
171322684,1.17795013876667,NA,"Metro",0
171425086,0.708891150586484,3,"Metro",0
171455024,0.815368449823886,4,"Metro",0
171617676,0.89411227307964,4,"Metro",0
171640530,1.31433356138562,NA,"Metro",0
172053340,0.858707242933069,1,"Metro",0
172176296,0.758716631938431,2,"Metro",0
172243320,1.10519684233104,4,"Metro",0
172274214,1.33889147039214,5,"Metro",0
172274596,0.814600789831152,NA,"Metro",0
172761052,1.36575839065968,4,"Metro",0
172811610,1.04181433716981,3,"Metro",0
172851788,1.04869177396415,3,"Metro",0
173005182,1.25806440010956,4,"Metro",0
173126522,1.01940968496757,5,"Metro",0
173453780,0.863240279530685,4,"Metro",0
173980606,0.679643792079465,NA,"Metro",0
174186374,0.925208410912284,2,"Metro",0
174479090,0.924164122376536,NA,"Metro",0
174710530,0.925025294836487,NA,"Metro",0
174948898,0.876810347267765,4,"Metro",1
175121616,1.12410318225958,NA,"Metro",0
175217640,1.09295094620214,6,"Metro",0
175218554,0.841918816446721,NA,"Metro",0
175419284,0.741043566549617,4,"Metro",1
175611890,0.899030336135636,2,"Metro",0
175817480,1.17701045266944,4,"Metro",0
175915046,0.999602344564421,3,"Metro",0
176593474,1.11183460625749,4,"Metro",1
176819692,1.03212708763763,4,"Metro",0
176828934,1.27039863364042,NA,"Metro",0
176829758,0.967957797037201,2,"Metro",0
176835942,0.971925151485582,2,"Metro",1
176900100,0.989532289710028,2,"Metro",0
176900524,0.592968737937602,4,"Metro",0
176932712,0.877317937591494,5,"Metro",0
177098568,1.1162071194112,3,"Metro",0
177100894,1.17913068734863,7,"Metro",1
177123170,0.989532289710028,1,"Metro",0
177970974,1.03441445765973,5,"Metro",0
178467672,0.908226066873662,3,"Metro",0
178767174,0.818823208785384,2,"Metro",0
178770724,1.09996425764235,6,"Metro",0
178941796,1.01376970943464,4,"Metro",0
179119228,1.47082641994289,5,"Metro",0
179210476,1.20080418681121,4,"Metro",1
179402922,1.034793216811,2,"Metro",0
179531604,1.11161838640186,5,"Metro",1
180208204,1.08364178645029,4,"Metro",0
180728182,1.09605157545835,1,"Metro",0
181295198,0.697151148083204,4,"Metro",0
181430192,0.8446799787625,NA,"Metro",1
181560592,1.36428276147706,NA,"Metro",0
181576714,0.815368449823886,4,"Metro",0
181892164,0.789474934182,NA,"Metro",0
181949968,0.976826118736406,3,"Metro",1
182149862,1.10797213571897,6,"Metro",0
182190736,1.03468070498057,5,"Metro",0
182707632,1.21192966588612,NA,"Metro",0
183511162,0.976132435084288,4,"Metro",0
183942580,1.42081610668656,NA,"Metro",0
183945454,1.39508526149678,NA,"Metro",0
184165860,0.730423074421176,4,"Metro",0
184420202,0.850838952009086,2,"Metro",1
184475478,1.00522952111069,2,"Metro",0
184596766,1.49926428556886,4,"Metro",0
184737056,0.861340258855701,3,"Metro",0
184747726,1.02341348413936,2,"Metro",0
184775772,0.873115251898802,2,"Metro",1
184795088,1.20172439269095,6,"Metro",0
184927716,1.1906844891791,NA,"Metro",0
184988752,1.32755005925458,3,"Metro",0
185004518,0.914772568516223,6,"Metro",0
185010090,0.907934336325401,NA,"Metro",0
185093382,1.06216556273502,2,"Metro",0
185811376,0.682784414016442,4,"Metro",0
185849988,0.800831580832579,4,"Metro",1
186282784,0.912855054731037,NA,"Metro",0
186315340,0.766899671782288,6,"Metro",0
186318452,0.818299988261537,NA,"Metro",0
186849104,0.970690828252488,2,"Metro",0
186928756,1.19920202677496,5,"Metro",0
186948290,1.05613565137138,1,"Metro",0
186959676,1.01279537827209,NA,"Metro",0
188348876,0.965120972717638,4,"Metro",0
188424098,0.970799170414574,NA,"Metro",0
188840398,1.30233340834391,2,"Metro",1
189046702,0.975072513249008,NA,"Metro",0
189082642,1.18604835696065,1,"Metro",0
189086496,0.727222512558282,2,"Metro",0
189759828,0.917957054662802,2,"Metro",0
190575084,0.806861972777432,6,"Metro",0
190640408,0.847795777918023,3,"Metro",0
190714830,0.793071016324905,3,"Metro",0
190810426,1.12231538296698,5,"Metro",0
191216772,1.18588314935095,6,"Metro",0
191354140,1.32993731812631,3,"Metro",0
192093356,1.04364131810788,3,"Metro",0
192301082,1.03601628205551,2,"Metro",0
192302842,1.03628267738863,6,"Metro",0
192738790,1.31348228308953,NA,"Metro",0
192788082,1.0293082503822,NA,"Metro",0
192986326,0.850421468757355,NA,"Metro",0
193438418,0.559827695646724,3,"Metro",0
193471716,0.950521824371447,NA,"Metro",0
193473126,1.20518652843978,NA,"Metro",0
193544302,1.00884941991614,5,"Metro",0
193713002,1.17927293524207,1,"Metro",0
193943266,0.946971847396664,7,"Metro",0
193980716,1.12267941428684,NA,"Metro",0
194031350,0.808870595768758,5,"Metro",1
194041122,0.80098539826002,NA,"Metro",0
194178378,1.24840507385683,5,"Metro",0
194269272,0.81528337892241,2,"Metro",0
194345136,1.04557924262214,2,"Metro",0
195119722,1.44588252554272,4,"Metro",0
195211766,0.832482646043333,5,"Metro",0
195224124,0.768723332928738,NA,"Metro",0
195635554,1.04160818585092,1,"Metro",0
195714394,0.959811828111899,7,"Metro",0
195884584,1.04100206478313,3,"Metro",0
195924278,0.828473444331886,4,"Metro",0
195990542,1.04821129985381,3,"Metro",0
196132646,1.4788157828502,NA,"Metro",0
196368520,0.958454730686934,5,"Metro",1
196405804,0.886933958615908,4,"Metro",0
196526530,1.12734874109699,4,"Metro",0
196593526,1.13094910625205,NA,"Metro",0
196652590,0.742346153465333,NA,"Metro",0
196690722,0.985319154725954,5,"Metro",0
196694780,0.832226201120028,NA,"Metro",0
196792532,0.947042510160343,5,"Metro",1
196866924,1.21481217132518,5,"Metro",0
197041378,0.84594142827104,5,"Metro",0
197067946,1.02013704443961,2,"Metro",1
197490022,1.18981056905692,3,"Metro",0
197955374,0.89411227307964,5,"Metro",0
198335448,0.969858785669946,5,"Metro",0
198698140,0.789474934182,1,"Metro",0
198723850,1.20281220600616,4,"Metro",1
198824926,1.18976658300159,3,"Metro",0
199085488,1.15867496499055,3,"Metro",0
199183542,0.779758150051187,4,"Metro",0
199376640,1.10038211214613,NA,"Metro",0
199441442,0.80009662148118,NA,"Metro",0
199639714,1.22524279285158,2,"Metro",0
199724696,0.82225453973519,2,"Metro",0
199845104,1.15468781286833,5,"Metro",0
199905472,0.717236295518609,3,"Metro",0
200129336,0.963288512137392,5,"Metro",0
200175842,0.985720727774559,3,"Metro",0
200396460,0.89385541742505,5,"Metro",0
200426910,0.90877666529352,NA,"Metro",0
200696386,0.6988393995626,NA,"Metro",0
200893384,0.890013610463492,4,"Metro",0
200943018,1.21452379482099,3,"Metro",0
201031662,1.21426695834112,NA,"Metro",0
201133542,0.762200612482054,1,"Metro",0
201265918,0.953571918607351,4,"Metro",0
201367576,0.90245690193347,4,"Metro",0
201625112,1.18883583673466,5,"Metro",0
201709818,0.943964361016793,2,"Metro",1
201851786,1.15799984063728,2,"Metro",0
202076204,1.29934630807033,2,"Metro",0
202316304,0.698489546239543,2,"Metro",0
202403114,0.944236419376229,NA,"Metro",0
202537426,0.931813698325488,NA,"Metro",0
202680518,0.778813893510985,2,"Metro",0
202754734,0.968304046989479,3,"Metro",0
202764490,0.712410069598968,2,"Metro",0
202844662,0.742346153465333,NA,"Metro",0
202981238,0.848005193832514,2,"Metro",0
203212024,0.97469913494187,6,"Metro",0
203251140,0.823793349980589,4,"Metro",1
204090186,1.4425888890715,NA,"Metro",0
204102930,0.984700808826954,5,"Metro",1
204552288,0.863240279530685,NA,"Metro",0
204895206,1.00109334272386,2,"Metro",0
204996536,0.775060418258596,NA,"Metro",0
205484624,1.18588314935095,7,"Metro",0
205722142,0.784162620215093,3,"Metro",0
205793190,1.57811157523217,2,"Metro",0
206173236,0.857985107542588,NA,"Metro",1
206314330,0.95843569630638,1,"Metro",0
206318408,0.895102269380755,2,"Metro",0
206601182,0.879085018295835,NA,"Metro",0
207164462,0.912855054731037,NA,"Metro",0
207436264,0.7404200870223,1,"Metro",0
207599710,0.925208410912284,2,"Metro",0
207695406,1.09743024031428,4,"Metro",0
207786978,0.912183457423489,5,"Metro",0
208047094,1.10418313814952,3,"Metro",0
209165658,0.890565983102308,5,"Metro",0
209413126,1.52432453602188,7,"Metro",1
209866626,1.24761458191374,2,"Metro",1
209992246,0.729783196899742,2,"Metro",0
210427990,0.847795777918023,1,"Metro",0
210634698,1.05613565137138,1,"Metro",0
210705620,0.984872909070726,NA,"Metro",0
210973274,1.30206010169634,NA,"Metro",0
211557848,1.11026399086635,1,"Metro",0
211614162,0.868826907256223,4,"Metro",0
212594212,0.951089511121735,6,"Metro",0
212766598,0.839345541875355,1,"Metro",0
212814838,0.860016278737157,NA,"Metro",0
212911900,1.45585119904404,5,"Metro",0
213303222,0.918760708695607,NA,"Metro",0
213334672,0.912751045639224,4,"Metro",0
213683888,0.912407017716603,5,"Metro",0
213748474,0.903663392866233,7,"Metro",0
213828766,0.989809342081748,2,"Metro",0
214504362,0.895102269380755,1,"Metro",0
214542556,1.01514524843832,2,"Metro",0
214647688,1.09581237183483,2,"Metro",0
214705116,0.750261731491196,5,"Metro",0
214705540,0.943045294737587,6,"Metro",0
214782434,1.15663276814745,3,"Metro",1
214919442,1.47301391678228,6,"Metro",0
215182932,0.987360667155474,3,"Metro",0
215337708,0.908226066873662,NA,"Metro",0
215350336,1.2934980155536,3,"Metro",0
215847292,0.7974230904666,2,"Metro",1
216188834,0.776095978591184,2,"Metro",1
216272100,0.809073472065475,1,"Metro",0
216313362,0.830966332152616,3,"Metro",0
216418204,0.6867008585599,1,"Metro",0
216461404,1.11051619593532,4,"Metro",0
216637570,0.835560094170178,NA,"Metro",0
216723118,0.844139524106999,NA,"Metro",0
216725792,0.790229143481072,4,"Metro",0
216828318,0.919494704733774,4,"Metro",0
216895288,0.860016278737157,NA,"Metro",0
216908350,1.00163722436716,3,"Metro",0
216961206,1.18849329668165,5,"Metro",1
217018758,1.07256211393686,4,"Metro",0
217404998,1.4232523760552,4,"Metro",0
217434406,0.756132193432155,3,"Metro",0
217449106,0.737218226769749,2,"Metro",0
217460402,0.829410668184509,3,"Metro",0
217463830,1.32307302708996,5,"Metro",0
217528310,0.866212163931396,NA,"Metro",0
217553724,0.741189723475154,2,"Metro",0
217579366,0.899073780798858,4,"Metro",0
217681482,0.694959492473598,2,"Metro",0
217702220,1.00004306574514,3,"Metro",0
217929982,1.00522952111069,1,"Metro",0
218114698,0.70660062760802,NA,"Metro",0
218454384,0.983643282395186,3,"Metro",0
218620750,0.619355507032209,1,"Metro",0
218643398,0.771430872348229,5,"Metro",0
218656194,0.688828404463518,5,"Metro",0
218746690,1.16638330687677,5,"Metro",0
218934422,0.735912610954502,4,"Metro",0
218952050,0.882380503354242,1,"Metro",0
218963904,0.912183457423489,5,"Metro",1
219022438,0.882017873813367,5,"Metro",0
219038858,0.95586767490274,3,"Metro",0
219040804,0.985382473325205,4,"Metro",0
219112332,1.10082253700897,5,"Metro",0
219245036,0.891759271498008,2,"Metro",0
219346770,1.08983106013814,2,"Metro",0
219367528,1.30857673358798,NA,"Metro",0
219419076,1.02620147799138,6,"Metro",1
219867038,1.09964411176069,NA,"Metro",0
219883088,1.07026806359058,NA,"Metro",0
219891768,0.959524517418811,4,"Metro",0
219899294,0.839345541875355,NA,"Metro",0
219914870,1.27763193734344,4,"Metro",0
219936024,0.74673845948225,1,"Metro",1
220022946,0.888668334820385,NA,"Metro",0
220398446,0.959524517418811,2,"Metro",0
220611686,1.01785613990395,NA,"Metro",0
221034898,1.08919604901607,3,"Metro",0
221072708,1.44942208630729,4,"Metro",0
221163810,0.834442913150283,NA,"Metro",0
221239026,0.983653212257379,3,"Metro",0
221265120,0.917042901995385,NA,"Metro",0
221438034,1.0524006915959,2,"Metro",0
222078018,0.823793349980589,NA,"Metro",0
222674832,1.12381580180177,4,"Metro",0
222774356,1.14130896824919,2,"Metro",0
222783664,1.15799984063728,2,"Metro",0
222992888,0.979913830755939,6,"Metro",0
222997602,1.52432786858755,3,"Metro",0
223176024,0.900303511838918,NA,"Metro",0
223312110,1.01989585535132,2,"Metro",0
223582478,1.31605076340834,4,"Metro",0
223686784,0.864659880109122,5,"Metro",1
223778558,1.0825660039839,3,"Metro",0
223999722,0.874370005145519,5,"Metro",0
224004480,0.932744025468468,NA,"Metro",0
224143550,0.908203905617775,2,"Metro",0
224704992,0.81316501955558,5,"Metro",0
224758586,1.04154625420011,4,"Metro",0
224887896,1.20518652843978,3,"Metro",0
225386206,0.818563175004828,NA,"Metro",0
225867244,1.10956744760794,4,"Metro",0
226237464,0.748008777113973,NA,"Metro",0
226414622,1.20661248221301,3,"Metro",0
226528450,1.09996425764235,NA,"Metro",0
226709756,0.864648370610447,3,"Metro",0
226826130,1.08225092188429,4,"Metro",1
226855626,1.15071974497183,NA,"Metro",0
226882688,1.11090807244372,6,"Metro",0
227055894,0.858518971901073,5,"Metro",0
227287102,0.954906372808957,2,"Metro",0
227602660,0.950592752033376,6,"Metro",0
227944558,0.90877666529352,4,"Metro",0
227964436,1.14587098527074,2,"Metro",0
228016344,0.809224797923887,4,"Metro",0
228028350,0.755649031892398,3,"Metro",0
228033558,0.902234756709367,5,"Metro",1
228067372,1.18539204557697,2,"Metro",0
228282186,1.00522952111069,3,"Metro",0
228389346,1.19084117181984,5,"Metro",0
229108716,0.773514149606264,NA,"Metro",0
229201752,0.970690828252488,5,"Metro",0
229285242,1.13489395532347,5,"Metro",0
229327278,0.838923395031558,4,"Metro",0
229338436,1.31023536383949,NA,"Metro",0
229490082,0.825629512531082,NA,"Metro",0
229997250,0.937281405220983,6,"Metro",1
230016728,1.10038211214613,1,"Metro",0
230479568,0.710710158186194,3,"Metro",0
230516334,1.30744938561453,NA,"Metro",0
230656214,0.952514054234276,2,"Metro",0
230940244,0.777455531331569,5,"Metro",0
230963370,0.730423074421176,5,"Metro",1
231092038,1.25917004392884,NA,"Metro",0
231133080,0.863240279530685,NA,"Metro",0
231137692,1.11051619593532,2,"Metro",0
231255642,1.0157502681202,NA,"Metro",0
231417390,1.04821129985381,3,"Metro",0
231449930,0.893882382987373,3,"Metro",0
231502246,1.09687379397963,6,"Metro",0
231657460,1.00711738265362,5,"Metro",0
231680166,0.864648370610447,NA,"Metro",0
231824598,0.882380503354242,5,"Metro",0
231930060,1.15733318602746,6,"Metro",0
232199162,0.810238724016875,2,"Metro",0
232325042,0.88094433995283,3,"Metro",0
232456138,0.996756983269718,5,"Metro",1
232507610,0.966780512115836,6,"Metro",0
232565984,0.849860689645018,4,"Metro",0
232909178,1.85652836451132,3,"Metro",0
232912942,0.912183457423489,2,"Metro",0
233227326,0.973494560447607,6,"Metro",0
233229830,1.04545076860647,5,"Metro",0
233551168,0.907934336325401,NA,"Metro",0
234100332,1.37936339097195,4,"Metro",0
234264702,0.967262509779359,4,"Metro",0
234268414,1.139891498601,3,"Metro",1
234465532,0.941475061743225,7,"Metro",1
234502100,1.15663276814745,3,"Metro",0
234694572,0.981435454214154,NA,"Metro",0
234747608,0.716311934393466,NA,"Metro",0
234862160,0.916234397601368,2,"Metro",0
234910798,0.659365413068409,3,"Metro",0
234950940,1.1215982337261,NA,"Metro",0
234954360,0.815368449823886,6,"Metro",0
235025102,0.693175934117593,4,"Metro",0
235027802,1.21362380586101,3,"Metro",0
235102532,0.861340258855701,3,"Metro",0
235177924,1.00421857653253,4,"Metro",0
235178750,1.09149051834509,2,"Metro",0
235209238,1.54317816939359,NA,"Metro",0
235234060,1.31348228308953,NA,"Metro",0
235237936,0.791474064625286,3,"Metro",1
235244244,1.1904945761062,4,"Metro",0
235469740,0.748564002239245,4,"Metro",0
235517380,0.901411846932764,NA,"Metro",0
235565420,0.776014895656018,4,"Metro",0
235620462,1.43560410948649,3,"Metro",0
235628006,0.773399412103734,4,"Metro",0
235742916,0.913637010769501,1,"Metro",0
235783414,0.72111127939402,2,"Metro",0
235893704,1.46484040074194,5,"Metro",0
235955062,0.886822303562665,4,"Metro",0
236100192,1.25806440010956,5,"Metro",0
236114346,0.872905228243007,4,"Metro",0
236139646,1.156249547604,NA,"Metro",0
236168312,1.08546716548142,5,"Metro",0
236176102,1.08546716548142,7,"Metro",0
236332178,0.809073472065475,NA,"Metro",0
236358398,0.803926781539201,4,"Metro",0
236397790,0.802387953519758,4,"Metro",0
236408360,1.42346835608274,5,"Metro",0
236417094,0.931747268644087,5,"Metro",0
236424730,0.849112665727184,7,"Metro",0
236782462,0.722093620081988,NA,"Metro",0
236899074,0.902075513615672,5,"Metro",0
236903984,0.874509220133132,4,"Metro",0
236975626,1.38343570454086,5,"Metro",0
236984614,1.50841158285983,NA,"Metro",0
237155958,1.24425302684611,6,"Metro",0
237191118,0.886933958615908,1,"Metro",0
237284658,0.883636508279602,1,"Metro",0
237293988,1.26537557701981,NA,"Metro",0
237415254,0.854940286954503,5,"Metro",0
237533682,0.726716343700419,4,"Metro",0
237804168,0.829952927673403,NA,"Metro",0
237806992,1.0114882148568,3,"Metro",0
237861170,0.809224797923887,4,"Metro",0
237972620,0.986126522965511,NA,"Metro",0
237981932,0.992069247869398,1,"Metro",1
238043820,0.841918816446721,4,"Metro",0
238150478,1.03853157643102,4,"Metro",0
238207106,0.957109686868463,3,"Metro",0
238378106,1.14434386745079,2,"Metro",0
238537170,0.955189414368835,4,"Metro",0
238695936,0.949177425027681,7,"Metro",0
238837960,1.06872920288467,1,"Metro",0
238969016,0.918543414767566,2,"Metro",0
239021156,0.900631603709599,3,"Metro",0
239283474,0.860951706028191,4,"Metro",0
239295582,0.874612171631431,NA,"Metro",0
239328428,1.07274758838559,2,"Metro",0
239716750,0.788316125564276,5,"Metro",0
239717746,1.04639855996209,2,"Metro",0
239824926,0.992069247869398,6,"Metro",1
240252406,1.04825989369176,4,"Metro",0
240384426,0.882380503354242,6,"Metro",0
240428194,1.58697342450866,4,"Metro",0
240480492,0.722093620081988,2,"Metro",1
240592222,0.828602095447296,3,"Metro",0
241004572,1.31348228308953,2,"Metro",0
241259180,1.17416735801091,NA,"Metro",0
241260470,0.790256026834739,2,"Metro",0
241677794,0.682042595020447,2,"Metro",0
241770534,1.00067745746996,NA,"Metro",0
241910882,1.31348228308953,3,"Metro",0
241961008,0.706764486668654,NA,"Metro",0
241997550,1.18197456823178,6,"Metro",0
242019596,1.40736293547749,2,"Metro",0
242079690,1.34140664769378,4,"Metro",1
242113384,1.12734874109699,3,"Metro",0
242126000,1.07026806359058,3,"Metro",1
242131272,0.849860689645018,NA,"Metro",0
242184698,0.839466032239436,4,"Metro",0
242191316,1.11759417950103,NA,"Metro",0
242201262,1.07080007470534,2,"Metro",0
242614170,1.23719503916481,2,"Metro",1
242728716,1.17805730289448,3,"Metro",0
242734358,0.858195384763216,NA,"Metro",0
242982242,1.12231538296698,NA,"Metro",0
243033632,1.13006190461584,2,"Metro",0
243174734,1.42081610668656,NA,"Metro",0
243267978,0.952161368446369,4,"Metro",0
243270752,1.08189143205945,NA,"Metro",0
243275230,1.02210344133425,2,"Metro",0
243277344,1.12852173237047,3,"Metro",0
243282568,1.04821129985381,3,"Metro",0
243302040,1.18344743924511,6,"Metro",0
243360098,1.09149051834509,1,"Metro",0
243389836,1.08542077453939,NA,"Metro",0
243416922,1.27039863364042,6,"Metro",0
243513246,0.865819742700279,NA,"Metro",1
243570914,1.47853590299812,NA,"Metro",0
243621412,0.951296560837276,4,"Metro",0
243768256,1.10933996797269,4,"Metro",0
243770838,1.37004414647068,NA,"Metro",0
243811922,0.85145803757202,NA,"Metro",0
243856312,1.12852173237047,2,"Metro",0
243956104,1.00522952111069,3,"Metro",0
243962186,1.01471712560845,4,"Metro",0
244017652,1.50424951966136,NA,"Metro",0
244066224,1.30394983776155,2,"Metro",0
244225582,1.00717734988056,2,"Metro",0
244231600,1.09399861784537,4,"Metro",0
244239608,1.02450597084423,5,"Metro",0
244272520,0.666104197458307,3,"Metro",0
244363094,0.728004669895852,NA,"Metro",0
244459822,1.65135207820116,4,"Metro",0
244460394,0.731676761639663,5,"Metro",0
244471710,1.16537677294192,NA,"Metro",1
244472510,1.07552028946906,4,"Metro",0
244511076,1.14263281467796,3,"Metro",1
244520624,1.03853157643102,6,"Metro",0
244609110,0.907525909674223,1,"Metro",0
244670794,1.03436469303264,NA,"Metro",0
244675238,1.34791680346685,6,"Metro",0
244819998,0.982635894449724,5,"Metro",0
244835122,1.12711893978127,NA,"Metro",0
244934952,1.03399176987092,5,"Metro",1
244936998,0.835834619933641,NA,"Metro",0
244967280,0.617940442239118,5,"Metro",0
244975708,0.869645131123742,NA,"Metro",0
244991036,0.748709925131492,1,"Metro",1
245033894,0.965601687695346,NA,"Metro",0
245035084,0.82403318580157,2,"Metro",0
245041128,1.02785139550654,5,"Metro",0
245098012,0.811949940596628,NA,"Metro",0
245109482,1.17687254795235,5,"Metro",0
245112736,0.937792852445881,1,"Metro",0
245150468,0.962606283970557,2,"Metro",0
245172088,0.949997178024947,6,"Metro",0
245189310,0.760500356697638,1,"Metro",0
245226426,1.11161838640186,NA,"Metro",0
245495782,1.03935668286125,2,"Metro",0
245506204,1.46674226043578,4,"Metro",0
245527012,0.88152661190806,4,"Metro",0
245541078,0.906926594120061,2,"Metro",0
245581332,0.940979139985692,NA,"Metro",0
245664702,1.18512538089011,NA,"Metro",0
245696286,1.09141372224,6,"Metro",1
245725342,0.874228151225759,NA,"Metro",1
245732252,0.739042129788318,3,"Metro",1
245800866,0.970574089858866,3,"Metro",0
245898614,1.07026806359058,NA,"Metro",0
245915150,1.31076378105843,4,"Metro",0
245921714,0.985720727774559,NA,"Metro",0
245927260,1.2495897009648,6,"Metro",0
246036172,0.746752392074174,NA,"Metro",0
246117174,1.45275916279413,NA,"Metro",0
246119092,0.743709610051722,4,"Metro",0
246119930,1.20661248221301,5,"Metro",0
246180398,0.804905306198983,5,"Metro",0
246191638,0.905840002742017,6,"Metro",0
246192908,1.06641072555465,4,"Metro",1
246193934,1.09328485701699,5,"Metro",0
246309946,1.07399996424319,2,"Metro",0
246321994,0.915112869682585,2,"Metro",0
246353120,1.31775701534186,4,"Metro",0
246358096,1.04435282686173,4,"Metro",0
246374866,0.841427799185097,3,"Metro",0
246506818,1.03853157643102,6,"Metro",0
246516648,1.21001277884327,NA,"Metro",0
246520718,1.07925652353775,2,"Metro",0
246542616,0.844139524106999,3,"Metro",0
246592442,1.05676039073738,2,"Metro",1
246688526,1.05966422491494,1,"Metro",0
246714200,1.10801522637059,1,"Metro",0
246727592,0.924041284515153,5,"Metro",0
246735126,1.12410318225958,5,"Metro",0
246806450,1.08606873653083,5,"Metro",0
246938584,0.815344215130893,6,"Metro",0
246952162,0.957444009006743,3,"Metro",0
247027498,0.966585142604069,5,"Metro",0
247316044,0.836210782345226,1,"Metro",0
247330152,0.84389780870887,5,"Metro",0
247346276,1.07406539090756,4,"Metro",0
247392880,1.00153209041442,6,"Metro",0
247498812,1.389252481525,4,"Metro",0
247534644,1.25025791137697,2,"Metro",0
247760106,1.43923470614957,NA,"Metro",0
247791542,1.53191879472082,5,"Metro",0
247914468,1.03050753737529,2,"Metro",0
247918880,1.04081740064865,NA,"Metro",0
247935700,1.04225630605842,3,"Metro",0
247999208,0.809567149658432,4,"Metro",1
247999610,0.93157629109852,NA,"Metro",0
248011082,1.00675007248202,4,"Metro",0
248144518,1.46126432071995,NA,"Metro",0
248294862,1.1826186803262,2,"Metro",0
248308458,1.15970012963805,5,"Metro",0
248312342,1.15970012963805,5,"Metro",0
248371612,0.994700190974875,5,"Metro",0
248421386,0.800172571702637,2,"Metro",0
248471346,1.00593672063042,3,"Metro",0
248471944,1.15970012963805,5,"Metro",0
248772720,0.777455531331569,NA,"Metro",0
248793778,0.869672230435079,4,"Metro",0
248799736,1.35940734902808,NA,"Metro",0
248954192,0.72360665178835,4,"Metro",0
248970416,1.14649981273723,3,"Metro",0
248980952,1.18560985092296,4,"Metro",0
249046688,1.04639855996209,2,"Metro",0
249112664,1.15970012963805,5,"Metro",0
249120520,0.777751512521152,4,"Metro",0
249136112,0.98852660138264,NA,"Metro",0
249182422,1.01560192037423,5,"Metro",0
249193606,0.938422246637422,5,"Metro",0
249204898,1.67485030842223,4,"Metro",0
249310854,1.03628267738863,6,"Metro",0
249310956,0.837240561017362,NA,"Metro",0
249357128,0.779730772953144,NA,"Metro",0
249400044,0.937282210218467,NA,"Metro",0
249428076,1.02243301700971,4,"Metro",0
249636656,1.27061121852916,NA,"Metro",0
249641718,0.951296560837276,6,"Metro",0
249831400,0.900631603709599,NA,"Metro",0
249874586,1.03853157643102,5,"Metro",0
249882198,1.45736810296744,2,"Metro",0
249886344,0.844599804018056,2,"Metro",0
249933564,1.19920202677496,6,"Metro",0
249967960,1.24002630665162,4,"Metro",0
249988812,1.00446403073359,4,"Metro",0
250004016,1.39097574873337,NA,"Metro",0
250022452,1.00522952111069,2,"Metro",0
250144212,0.908992665360407,NA,"Metro",0
250315768,0.957146637712426,5,"Metro",0
250481724,1.21905665339257,2,"Metro",0
250524840,0.837240561017362,NA,"Metro",0
250528716,0.944539814233425,4,"Metro",0
250594856,0.911608550605073,2,"Metro",0
250603264,0.850421468757355,NA,"Metro",0
250778074,0.902302814296871,4,"Metro",0
250915674,0.959615992781274,4,"Metro",0
250955916,1.27061121852916,4,"Metro",0
251114406,1.64127489930417,NA,"Metro",0
251140312,1.06282532556844,1,"Metro",1
251195960,0.631352578789425,3,"Metro",0
251250296,1.29319229243722,5,"Metro",0
251292618,0.992069247869398,5,"Metro",0
251304660,1.03853157643102,4,"Metro",0
251336130,1.05966422491494,4,"Metro",0
251435988,1.01679535433635,2,"Metro",0
251441206,0.840379180947973,NA,"Metro",0
251520114,1.00055203366279,7,"Metro",0
251660972,1.2166313101662,NA,"Metro",0
251688052,1.2166313101662,NA,"Metro",0
251757978,1.01225185360331,4,"Metro",1
251947168,0.891999745501182,NA,"Metro",0
251955692,1.11306076189116,4,"Metro",0
252094444,0.877623404426673,2,"Metro",0
252282394,1.02393473104551,6,"Metro",0
252284636,1.35087488602065,1,"Metro",0
252344084,1.19686416781481,5,"Metro",0
252495830,0.634041537320341,4,"Metro",1
252572488,1.09295094620214,6,"Metro",0
252572592,0.860016278737157,NA,"Metro",0
252582704,0.781094152978036,3,"Metro",0
252620370,1.35087488602065,NA,"Metro",0
252701886,0.871249782440781,4,"Metro",0
252761092,0.847853503740656,3,"Metro",0
252892348,1.24722763970459,7,"Metro",0
252972498,1.17829308234422,5,"Metro",0
252991186,1.21628093886108,NA,"Metro",0
252993850,1.04545076860647,6,"Metro",0
253017160,0.996488849604868,5,"Metro",0
253047984,1.00013130418113,NA,"Metro",0
253058828,1.61207512336239,NA,"Metro",0
253094232,0.945516606100346,1,"Metro",1
253104970,0.986126522965511,NA,"Metro",0
253350012,1.09149051834509,4,"Metro",0
253366666,1.109981118125,4,"Metro",0
253372226,0.91533745396678,5,"Metro",0
253409710,1.15088794154556,NA,"Metro",0
253413920,1.44412465285759,2,"Metro",0
253414426,1.57263594352526,4,"Metro",0
253473946,1.35820553694131,3,"Metro",0
253583024,0.847853503740656,3,"Metro",0
253700274,1.2166313101662,NA,"Metro",0
253773196,0.830583986577563,2,"Metro",0
253971900,1.2296964925649,4,"Metro",0
254011828,1.19486633620577,NA,"Metro",0
254027902,0.947989673412706,NA,"Metro",1
254042094,0.702771877355593,3,"Metro",0
254043028,1.4050837777731,4,"Metro",0
254074910,0.839345541875355,NA,"Metro",0
254084544,1.00565586171353,NA,"Metro",0
254128848,1.25806440010956,2,"Metro",0
254143726,1.43726515314281,5,"Metro",0
254242758,0.853436779759635,6,"Metro",0
254279428,0.959461704892058,4,"Metro",1
254422914,0.667132118089837,5,"Metro",0
254516300,1.22413509579127,6,"Metro",0
254616818,1.12345227352438,NA,"Metro",0
254651770,1.11834396160192,3,"Metro",0
254662346,0.711854759046975,1,"Metro",0
254679304,1.26776673367235,3,"Metro",0
254763566,1.52805623909157,5,"Metro",0
254771514,1.74486379261252,5,"Metro",0
254814504,1.50409503337125,3,"Metro",1
254840058,0.908333257646119,2,"Metro",0
254858296,1.52805623909157,5,"Metro",0
254889174,1.28214454708282,2,"Metro",1
254900654,0.959719806232124,NA,"Metro",0
255120288,1.10221638715275,NA,"Metro",0
255179604,1.09149051834509,1,"Metro",0
255467932,1.32940283047737,4,"Metro",1
255508122,1.30210823927937,NA,"Metro",0
255533664,1.28495421012571,NA,"Metro",0
255575134,1.43726515314281,5,"Metro",0
255575162,1.43726515314281,5,"Metro",0
255830148,0.912183457423489,NA,"Metro",0
255842650,1.04080094107007,3,"Metro",0
255845516,0.822284956213542,5,"Metro",0
255876590,1.41931298375505,7,"Metro",0
255886052,1.53266790113363,5,"Metro",0
255930730,1.09587735077075,NA,"Metro",0
256296114,1.26354964734177,NA,"Metro",0
256372290,1.14698194567146,1,"Metro",1
256377332,1.03841065441449,3,"Metro",0
256382828,0.888668334820385,4,"Metro",0
256629652,1.46126432071995,NA,"Metro",0
256654994,1.5729540438391,5,"Metro",0
256716582,0.70660062760802,4,"Metro",0
256734410,1.62495476738903,3,"Metro",0
256744152,1.52805623909157,5,"Metro",0
256765230,0.992069247869398,1,"Metro",0
256829698,1.0280548645453,5,"Metro",0
256902536,0.895919419067703,3,"Metro",1
256948856,0.967182023077504,2,"Metro",0
256975524,1.25560707761896,4,"Metro",0
257056952,1.17672062322091,2,"Metro",1
257117462,0.864322424376335,4,"Metro",0
257140874,1.25560707761896,1,"Metro",0
257329310,1.00055203366279,4,"Metro",0
257439154,1.17076230068469,5,"Metro",0
257444136,1.13094910625205,4,"Metro",0
257447848,1.21050592719842,5,"Metro",0
257529088,1.5587940285612,4,"Metro",0
257568892,0.911337970760185,NA,"Metro",0
257571518,1.05966422491494,5,"Metro",0
257627044,1.58931555708301,NA,"Metro",1
257634768,1.11058474135198,4,"Metro",0
257649116,1.35313295653385,2,"Metro",1
257664948,0.861018752332383,7,"Metro",0
257675396,1.32098433130753,NA,"Metro",0
257690444,1.02764368463236,5,"Metro",0
257716944,0.907934336325401,NA,"Metro",0
257776224,0.802361947713291,2,"Metro",0
257781626,0.785667680325056,2,"Metro",0
257800766,1.05631709786659,NA,"Metro",0
257916366,0.947861602426335,5,"Metro",0
257929404,1.13781406477558,4,"Metro",0
258020620,0.789474934182,NA,"Metro",0
258224158,1.0118088844434,4,"Metro",0
258240248,1.0103637972367,5,"Metro",0
258247388,0.860016278737157,NA,"Metro",0
258329500,1.0103637972367,6,"Metro",0
258330704,0.933781680109807,NA,"Metro",0
258459848,0.879904344324191,2,"Metro",0
258526256,0.886933958615908,4,"Metro",0
258645752,1.34582968388196,1,"Metro",0
258665790,1.05463771209613,2,"Metro",0
258681212,1.17782370179777,2,"Metro",0
258709540,1.0114882148568,4,"Metro",0
258778800,0.805845311522441,2,"Metro",0
258819738,0.871182216099515,NA,"Metro",0
258826400,1.0114882148568,4,"Metro",0
258836194,1.44412647653647,6,"Metro",0
258837580,1.45876151575058,5,"Metro",0
258919130,0.865819742700279,3,"Metro",0
258964502,1.38207320158619,NA,"Metro",0
259003810,0.825730068556372,3,"Metro",0
259109580,1.17927293524207,3,"Metro",0
259142246,0.631957775386743,NA,"Metro",0
259159332,1.13811858320268,1,"Metro",0
259167646,0.874667222990687,1,"Metro",0
259184034,0.944478158961642,NA,"Metro",0
259225656,1.16974549913189,4,"Metro",0
259242222,1.15163773693288,NA,"Metro",0
259250984,1.41136041470365,NA,"Metro",0
259260544,0.668747674183253,1,"Metro",0
259290400,0.966585142604069,5,"Metro",0
259304028,0.753374999439595,4,"Metro",1
259475668,1.11651904920855,3,"Metro",0
259486672,1.35087488602065,3,"Metro",0
259523456,1.42304647564076,4,"Metro",0
259539898,1.14314704979682,5,"Metro",0
259540724,1.23947720042178,3,"Metro",0
259652418,1.52432786858755,6,"Metro",0
259691782,0.973446004714624,7,"Metro",1
259703584,0.767207246569012,3,"Metro",0
259787932,1.07791744583546,2,"Metro",0
259807156,1.13489395532347,6,"Metro",0
259814654,1.09329050988517,4,"Metro",0
259874450,0.9205756783726,NA,"Metro",0
259911830,0.844414264278832,NA,"Metro",0
259915756,1.14051234166405,4,"Metro",1
259921504,0.962434844103709,6,"Metro",0
259923704,0.972481734845992,1,"Metro",1
260065192,0.62334240367033,4,"Metro",0
260083968,1.21415512943999,3,"Metro",0
260138946,1.2166313101662,4,"Metro",0
260181550,1.3795942097128,3,"Metro",0
260182324,1.04186346589293,6,"Metro",0
260192104,1.12660251080514,4,"Metro",0
260214658,0.93624204253036,1,"Metro",0
260252636,0.738421552997824,NA,"Metro",0
260267474,0.878672242175325,2,"Metro",0
260287420,0.719925047398161,5,"Metro",1
260293456,0.922755024824995,NA,"Metro",0
260311614,0.818563175004828,NA,"Metro",0
260324730,0.741597558132564,4,"Metro",0
260327522,1.4748264475141,NA,"Metro",0
260350348,1.15970012963805,4,"Metro",0
260365118,1.07026806359058,4,"Metro",0
260383590,0.758716631938431,NA,"Metro",0
260392790,1.42614241546544,NA,"Metro",0
260394396,0.98804833730148,4,"Metro",0
260394922,0.847795777918023,4,"Metro",0
260409030,0.915477417633601,NA,"Metro",0
260450826,1.1535138247527,2,"Metro",0
260467546,1.24681825344492,NA,"Metro",0
260485980,1.10502380836018,1,"Metro",1
260488996,0.59860493491936,NA,"Metro",0
260515502,0.924164122376536,6,"Metro",0
260558310,0.883840804839242,6,"Metro",0
260584102,0.83672340058174,NA,"Metro",0
260638540,0.955375586826625,NA,"Metro",1
260714790,0.701845158958922,4,"Metro",0
260811908,0.984850686085726,4,"Metro",0
260931750,0.84389780870887,6,"Metro",0
260964070,0.978601517128702,NA,"Metro",1
261051208,1.20992764363874,1,"Metro",0
261062580,0.965616372392045,4,"Metro",0
261068880,0.59519163967669,1,"Metro",1
