url,parsed,dropped,neither
https://www.theguardian.com/world/2023/oct/06/canadia-wild-horses-stable-island,False,True,False
https://www.theguardian.com/australia-news/2023/oct/31/morning-mail-voters-lose-urgency-on-climate-fight-stan-grant-tackles-voice-failure-netanyahu-rejects-ceasefire,False,True,False
https://www.theguardian.com/us-news/2023/oct/04/rights-groups-protest-against-alec-50th-anniversary-gala-dc,True,False,False
https://www.theguardian.com/environment/2023/oct/12/how-criminalisation-is-being-used-to-silence-climate-activists-across-the-world,True,False,False
https://www.theguardian.com/environment/2023/oct/27/revealed-industry-figures-declaration-scientists-backing-meat-eating,True,False,False
https://www.theguardian.com/us-news/2023/oct/25/fossil-fuel-company-donate-lawmakers-anti-protest-exxon-koch,True,False,False
https://www.theguardian.com/australia-news/2023/oct/01/the-climate-safe-rooms-keeping-low-income-australians-cool-during-heatwaves,False,True,False
https://www.theguardian.com/us-news/2023/oct/26/first-thing-israeli-army-conducts-targeted-tank-raid-in-gaza,True,False,False
https://www.theguardian.com/environment/2023/oct/19/greta-thunberg-joins-second-climate-protest-in-london-this-week,True,False,False
https://www.theguardian.com/australia-news/2023/oct/05/wa-police-order-abc-to-hand-over-four-corners-footage-of-woodside-protest,False,True,False
https://www.theguardian.com/food/2023/oct/13/george-and-dragon-clifton-cumbria-restaurant-review-grace-dent,False,True,False
https://www.theguardian.com/environment/2023/oct/31/france-carbon-bomb-projects-banks-fossil-fuels-climate,True,False,False
https://www.theguardian.com/media/2023/oct/26/protesters-gather-at-abc-studios-across-australia-amid-fears-broadcaster-will-reveal-sources,False,True,False
https://www.theguardian.com/books/2023/oct/17/i-love-russia-by-elena-kostyuchenko-review-ukraine-war-journalism-novaya-gazeta,True,False,False
https://www.theguardian.com/film/2023/oct/28/gasland-director-josh-fox-on-fighting-long-covid-the-frontlines-were-inside-my-head,False,True,False
https://www.theguardian.com/fashion/2023/oct/29/trench-coats-on-puffer-jackets-out-autumn-fashion-blows-in,True,False,False
https://www.theguardian.com/environment/2023/oct/06/australian-bird-of-the-year-2023-winner-announced-swift-parrot,False,True,False
https://www.theguardian.com/us-news/2023/oct/01/morro-bay-indigenous-tribes-excluded-marine-sanctuary-noaa-california,True,False,False
https://www.theguardian.com/business/2023/oct/17/greta-thunberg-arrested-at-london-oil-summit-protest,True,False,False
https://www.theguardian.com/environment/2023/oct/30/more-than-4000-english-flood-defences-almost-useless-analysis-finds,True,False,False
https://www.theguardian.com/environment/video/2023/oct/17/greta-thunberg-arrested-after-joining-hundreds-of-climate-protesters-in-london-video,False,True,False
https://www.theguardian.com/business/2023/oct/05/uk-oil-and-gas-sector-must-do-more-to-meet-2030-emissions-target,True,False,False
https://www.theguardian.com/world/2023/oct/05/italy-supervolcano-campi-flegrei-naples-earthquakes-evacuation-plans,False,True,False
https://www.theguardian.com/environment/2023/oct/13/the-last-whaler-we-can-hunt-forever-says-iceland-kristjan-loftsson,True,False,False
https://www.theguardian.com/environment/2023/oct/04/five-arrested-after-just-stop-oil-protest-disrupts-les-miserables-performance-in-london,True,False,False
https://www.theguardian.com/environment/2023/oct/23/backlash-over-european-climate-activists-support-for-palestine,True,False,False
https://www.theguardian.com/australia-news/2023/oct/08/the-history-of-the-climate-movement-is-very-white-how-youth-campaigners-took-on-a-mining-giant-and-won,False,True,False
https://www.theguardian.com/environment/2023/oct/01/chancellor-chooses-plane-over-train-to-get-from-london-to-manchester,True,False,False
https://www.theguardian.com/environment/2023/oct/11/waiting-list-for-allotments-in-england-almost-doubles-in-12-years,True,False,False
https://www.theguardian.com/politics/live/2023/oct/10/keir-starmer-speech-labour-party-conference-healers-uk-politics-live,True,False,False
https://www.theguardian.com/film/2023/oct/06/leonardo-dicaprio-activism-climate-change-indigenous-people-martin-scorsese,False,True,False
https://www.theguardian.com/environment/2023/oct/05/potentially-toxic-road-runoff-outfalls-polluting-england-rivers,False,True,False
https://www.theguardian.com/commentisfree/2023/oct/31/flickering-earth-systems-warning-act-now-rishi-sunak-north-sea,False,True,False
https://www.theguardian.com/environment/2023/oct/16/dung-roamin-insects-environment-nature-why-we-should-dig-into-poo-aoe,False,True,False
https://www.theguardian.com/environment/2023/oct/04/wetlands-win-reprieve-after-deal-between-spain-and-andalucia,True,False,False
https://www.theguardian.com/stage/2023/oct/17/take-me-somewhere-daring-performance-art-glasgow-festival,True,False,False
https://www.theguardian.com/environment/2023/oct/30/uk-backs-suspension-of-deep-sea-mining-in-environmental-u-turn,True,False,False
https://www.theguardian.com/politics/2023/oct/10/glitter-a-p45-and-hecklers-art-of-interrupting-a-party-conference-speech,True,False,False
https://www.theguardian.com/commentisfree/2023/oct/03/sycamore-gap-tree-grieve-chopped-down,False,True,False
https://www.theguardian.com/food/2023/oct/14/danish-roast-pork-dutch-potatoes-romanian-bacon-soup-recipes-diana-henry-pork,False,True,False
https://www.theguardian.com/world/2023/oct/19/uganda-police-assault-arrest-oil-pipeline-protestors,False,True,False
https://www.theguardian.com/world/2023/oct/03/end-the-licences-vanuatu-oil-rig-registry-sparks-concern-amid-climate-advocacy,False,True,False
https://www.theguardian.com/business/2023/oct/31/bp-profits-gas-bernard-looney,True,False,False
https://www.theguardian.com/business/2023/oct/16/shell-shares-hit-israel-hamas-war-oil-price-supply,False,True,False
https://www.theguardian.com/environment/2023/oct/20/from-the-guardian-archive-some-of-john-vidals-greatest-pieces,True,False,False
https://www.theguardian.com/us-news/2023/nov/01/climate-green-new-deal-tour-ed-markey,True,False,False
https://www.theguardian.com/environment/2023/nov/25/rock-climbing-damage-cliff-ecosystems-aoe,False,True,False
https://www.theguardian.com/business/2023/nov/09/lloyds-of-london-insurers-dominate-underwriting-of-fossil-fuel-projects-study-shows,False,True,False
https://www.theguardian.com/world/2023/nov/19/stay-or-go-offered-a-future-away-from-home-tuvalus-people-face-a-painful-choice,False,True,False
https://www.theguardian.com/environment/2023/nov/14/like-a-maternity-ward-how-massaging-fish-can-produce-no-kill-caviar-aoe,False,True,False
https://www.theguardian.com/commentisfree/2023/nov/29/cop28-billionaires-blocking-action-save-planet-protest,False,True,False
https://www.theguardian.com/food/2023/nov/22/christmas-with-the-hendersons-margots-recipes-for-a-festive-feast,False,True,False
https://www.theguardian.com/environment/2023/nov/29/from-tree-planting-to-sponge-cities-why-nature-based-solutions-are-crucial-to-fighting-the-climate-crisis,False,True,False
https://www.theguardian.com/environment/2023/nov/14/us-national-climate-assessment-global-warming-report,False,True,False
https://www.theguardian.com/environment/2023/nov/12/countries-meeting-nairobi-kenya-global-plastic-pollution-treaty,True,False,False
https://www.theguardian.com/environment/2023/nov/24/eucalyptus-plantations-are-expanding-and-being-blamed-for-devastation-pedrogao-grande-aoe,False,True,False
https://www.theguardian.com/society/2023/nov/18/england-nature-chief-tony-juniper-thinks-green-belt-land-solve-housing-crisis,True,False,False
https://www.theguardian.com/environment/climate-crisis+environment?page=150,False,True,False
https://www.theguardian.com/world/2023/nov/26/geert-wilders-far-right-pvv-dutch-climate-policy,True,False,False
https://www.theguardian.com/food/2023/nov/30/best-easy-summer-recipes-eggplant-fattoush-chicken-joseph-abboud,False,True,False
https://www.theguardian.com/politics/2023/nov/30/im-not-in-hock-to-ideological-zealots-on-climate-says-rishi-sunak,False,True,False
https://www.theguardian.com/us-news/2023/nov/03/first-thing-blinken-arrives-in-tel-aviv-to-meet-netanyahu,True,False,False
https://www.theguardian.com/environment/2023/nov/27/scampi-scam-uk-retailers-accused-of-misleading-claims-on-environmental-impact,False,True,False
https://www.theguardian.com/environment/2023/nov/12/how-a-false-claim-about-wind-turbines-killing-whales-is-spinning-out-of-control-in-coastal-australia,True,False,False
https://www.theguardian.com/commentisfree/2023/nov/18/cocktail-toxins-poisoning-fields-humans-sewage-sludge-fighting-dirty,True,False,False
https://www.theguardian.com/commentisfree/2023/nov/20/windows-major-bank-jury-climate-crisis,True,False,False
https://www.theguardian.com/theguardian/2023/nov/10,False,True,False
https://www.theguardian.com/environment/2023/nov/27/cop28-host-uae-planned-promote-oil-deals-climate-talks,True,False,False
https://www.theguardian.com/environment/2023/nov/20/country-diary-an-underwater-cathedral-with-sparkling-char-and-neon-green-algae,False,True,False
https://www.theguardian.com/world/2023/nov/29/high-court-challenge-to-constitutionally-unprecedented-uk-anti-protest-law,True,False,False
https://www.theguardian.com/world/2023/nov/15/puteketeke-new-zealand-bird-of-the-century-winner-nz-john-oliver-campaign,False,True,False
https://www.theguardian.com/commentisfree/2023/nov/05/will-the-planet-outlive-my-dying-laptop,False,True,False
https://www.theguardian.com/environment/bp-oil-spill,False,True,False
https://www.theguardian.com/world/2023/nov/27/china-coal-addiction-spotlight-climate-ambitions-cop28,True,False,False
https://www.theguardian.com/business/2023/nov/28/unilever-accused-of-breaking-plastics-pledge-53bn-sachets-greenpeace,True,False,False
https://www.theguardian.com/news/gallery/2023/nov/01/autumn-colours-and-an-octopus-in-the-thames-photos-of-the-day-wednesday,False,True,False
https://www.theguardian.com/business/2023/nov/02/shells-moves-ahead-with-35bn-shareholder-windfall-despite-profits-fall,True,False,False
https://www.theguardian.com/environment/2023/nov/30/agreement-on-loss-and-damage-deal-expected-on-first-day-of-cop28-talks,True,False,False
https://www.theguardian.com/environment/2023/nov/29/why-loss-and-damage-funds-are-key-to-climate-justice-for-developing-countries-at-cop28,False,True,False
https://www.theguardian.com/commentisfree/2023/nov/28/cop28-save-planet-oil-uae-telegraph,False,True,False
https://www.theguardian.com/environment/2023/nov/16/climate-protesters-cleared-of-causing-criminal-damage-to-hsbc-london-hq,True,False,False
https://www.theguardian.com/uk-news/2023/nov/15/greta-thunberg-pleads-not-guilty-breaching-public-order-uk-protest,True,False,False
https://www.theguardian.com/environment/2023/nov/20/just-stop-oil-protesters-jail-terms-potentially-breach-international-law-un-expert-says,True,False,False
https://www.theguardian.com/world/2023/nov/27/cop28-summit-photo-essay-climate-crisis,True,False,False
https://www.theguardian.com/commentisfree/2023/nov/08/extinction-rebellion-future-less-radical-unite-positive-action,True,False,False
https://www.theguardian.com/environment/2023/nov/24/actors-and-academics-criticise-uk-over-climate-madness-and-limits-on-protest,True,False,False
https://www.theguardian.com/food/2023/nov/10/best-sandwich-in-the-world-nine-rolls-hoagies-and-sarnies-worth-crossing-oceans-for-picked-by-readers,False,True,False
https://www.theguardian.com/australia-news/2023/nov/25/newcastle-harbour-blockade-activists-planning-the-biggest-civil-disobedience-action-in-australias-history,True,False,False
https://www.theguardian.com/food/2023/nov/12/nigel-slater-recipes-grilled-herring-tomato-and-pomegranate-and-blackberries-with-toasted-oatmeal,False,True,False
https://www.theguardian.com/business/2023/nov/09/shell-sues-greenpeace-over-fossil-fuel-protest-in-north-sea,True,False,False
https://www.theguardian.com/world/2023/nov/18/theyll-have-to-kill-me-first-locals-in-dr-congo-oppose-plans-to-drill-for-oil,True,False,False
https://www.theguardian.com/environment/2023/nov/20/richest-1-account-for-more-carbon-emissions-than-poorest-66-report-says,False,True,False
https://www.theguardian.com/environment/2023/nov/01/extinction-rebellion-co-founder-guilty-breaking-window-department-transport-hs2-protest-gail-bradbrook,True,False,False
https://www.theguardian.com/environment/2023/nov/27/sea-urchin-in-sicily-at-risk-of-extinction,False,True,False
https://www.theguardian.com/politics/2023/dec/03/knife-edge-quest-lord-of-the-rings-resonates-cop28,True,False,False
https://www.theguardian.com/environment/2023/dec/22/how-recycled-oyster-shells-are-helping-restore-hong-kong-reefs,False,True,False
https://www.theguardian.com/environment/2023/dec/06/cop28-australia-clean-energy-transition-partnership-ends-funding-fossil-fuel-expansion-overseas-offshore,True,False,False
https://www.theguardian.com/environment/live/2023/dec/13/cop28-live-updates-news-agreement-outcomes-draft-text-fossil-fuels,True,False,False
https://www.theguardian.com/global-development/2023/dec/09/from-horrible-to-merely-bad-will-javier-milei-take-his-chainsaw-to-the-environment-in-argentina,True,False,False
https://www.theguardian.com/environment/2023/dec/05/no-climate-justice-without-peace-gaza-becomes-flashpoint-for-climate-activists,True,False,False
https://www.theguardian.com/world/live/2023/dec/02/russia-ukraine-war-putin-zelenskiy-latest-news,True,False,False
https://www.theguardian.com/environment/2023/dec/18/climate-groups-begin-legal-actions-against-rosebank-north-sea-oil-project,True,False,False
https://www.theguardian.com/environment/gallery/2023/dec/07/cop28-protests-in-pictures,False,True,False
https://www.theguardian.com/commentisfree/2023/dec/22/2023-governments-climate-crisis-persecute-activists-silenced,True,False,False
https://www.theguardian.com/environment/2023/dec/02/oil-and-gas-firms-must-convert-to-renewables-or-face-decline-says-iea-chief,True,False,False
https://www.theguardian.com/australia-news/2023/dec/07/mining-billionaire-andrew-forrest-in-scathing-attack-on-oil-and-gas-industry,False,True,False
https://www.theguardian.com/australia-news/2023/dec/11/chris-bowen-tells-cop28-to-end-the-use-of-fossil-fuels-in-energy-production-as-talks-try-to-break-deadlock,True,False,False
https://www.theguardian.com/australia-news/2023/dec/07/woodside-and-santos-in-talks-over-merger-to-create-a80bn-energy-behemoth,False,True,False
https://www.theguardian.com/business/2023/dec/27/uk-students-launch-barclays-career-boycott-over-banks-climate-policies,False,True,False
https://www.theguardian.com/culture/2023/dec/19/british-museum-bp-sponsorship-deal-astonishingly-out-of-touch,True,False,False
https://www.theguardian.com/environment/2023/dec/27/we-have-a-responsibility-the-older-women-suing-switzerland-to-demand-climate-action,True,False,False
https://www.theguardian.com/environment/2023/dec/02/lula-climate-leader-cop28-brazil-undermined-by-opec-move,True,False,False
https://www.theguardian.com/us-news/2023/dec/06/plastic-bag-recycling-directory-disabled,True,False,False
https://www.theguardian.com/us-news/video/2023/dec/05/huge-explosion-destroys-house-in-washington-dc-video-report,False,True,False
https://www.theguardian.com/politics/2023/dec/21/keir-starmer-cps-analysis,True,False,False
https://www.theguardian.com/global-development/2023/dec/01/anti-lgbtq-laws-are-impeding-elimination-of-aids-un-says,False,True,False
https://www.theguardian.com/environment/2023/dec/26/climate-defiance-change-protesters-confrontation,True,False,False
https://www.theguardian.com/environment/2023/dec/02/deep-sea-miners-turn-water-hoses-on-greenpeace-activists-in-the-pacific,True,False,False
https://www.theguardian.com/global-development/2023/dec/07/where-have-all-the-grasshoppers-gone-ugandas-insect-traders-struggle-to-find-protein-rich-bugs,False,True,False
https://www.theguardian.com/world/2023/dec/15/reindeers-blue-eyes-act-as-night-vision-goggles-to-help-them-find-food-in-winter,False,True,False
https://www.theguardian.com/australia-news/2023/dec/13/greenpeace-legal-action-alleges-woodside-lied-about-climate-performance,True,False,False
https://www.theguardian.com/environment/2023/dec/11/climate-deniers-attend-cop28-talks,True,False,False
https://www.theguardian.com/environment/2023/dec/13/the-age-of-fossil-fuels-will-end-australias-chris-bowen-hails-cop28-agreement,True,False,False
https://www.theguardian.com/australia-news/2023/dec/07/offshore-oil-regulator-avoiding-scrutiny-over-approval-for-woodside-blasting-and-drilling,True,False,False
https://www.theguardian.com/global-development/2023/dec/20/dont-blame-the-trees-saving-forests-is-still-the-best-way-to-save-the-planet,False,True,False
https://www.theguardian.com/culture/2023/dec/26/culture-clash-when-the-british-museum-accepts-funding-from-oil-firms,False,True,False
https://www.theguardian.com/world/tuvalu?page=2,False,True,False
https://www.theguardian.com/environment/2023/dec/11/quarter-of-worlds-freshwater-fish-at-risk-of-extinction-age-of-extinction-aoe,False,True,False
https://www.theguardian.com/business/2023/dec/12/dove-marmite-unilever-investigated-uk-greenwashing,True,False,False
https://www.theguardian.com/education/2023/dec/29/satish-kumar-green-trailblazer-calls-for-unity-in-movement,True,False,False
https://www.theguardian.com/environment/2023/dec/06/the-un-holds-first-cop-climate-conference-in-berlin-1995,True,False,False
https://www.theguardian.com/us-news/2023/dec/06/cop-city-atlanta-georgia-environment-protesters-terrorism,True,False,False
https://www.theguardian.com/commentisfree/2024/jan/31/norway-climate-britain-oslo-rosebank-british,True,False,False
https://www.theguardian.com/australia-news/2024/jan/22/australian-wildlife-threatened-species-list-record-added-2023,False,True,False
https://www.theguardian.com/profile/elisabeth-ulven,False,True,False
https://www.theguardian.com/books/2024/jan/21/judgement-at-tokyo-world-war-ii-on-trial-and-making-of-modern-asia-by-gary-j-bass-review-of-war-crimes-and-punishment,False,True,False
https://www.theguardian.com/world/2024/jan/09/poland-to-halt-logging-in-10-of-its-most-ancient-forests,True,False,False
https://www.theguardian.com/business/2024/jan/15/south-west-water-drought-preparations-devon-cornwall,True,False,False
https://www.theguardian.com/environment/2024/jan/16/third-of-uk-teenagers-believe-climate-change-exaggerated-report-shows,False,True,False
https://www.theguardian.com/environment/2024/jan/01/growing-proportion-of-englands-flood-defences-in-disrepair-analysis-finds,True,False,False
https://www.theguardian.com/commentisfree/2024/jan/23/the-guardian-view-on-environmental-protest-dissent-is-vital-to-protect-democracy,True,False,False
https://www.theguardian.com/environment/2024/jan/09/norway-set-to-approve-deep-sea-mining-despite-environmental-concerns,True,False,False
https://www.theguardian.com/profile/ella-baron?page=5,False,True,False
https://www.theguardian.com/environment/2024/jan/04/uk-government-admits-rosebank-oil-will-not-be-kept-in-uk-to-boost-energy-security,True,False,False
https://www.theguardian.com/environment/2024/jan/05/rishi-sunak-under-fire-after-week-of-devastating-flooding-across-england,True,False,False
https://www.theguardian.com/environment/2024/jan/27/greta-thunberg-joins-protest-against-expansion-of-hampshire-airport,True,False,False
https://www.theguardian.com/environment/cop28,False,True,False
https://www.theguardian.com/world/2024/feb/28/sunak-demands-ban-on-protests-at-mps-homes-and-crackdown-on-mob-rule,True,False,False
https://www.theguardian.com/environment/2024/feb/06/uks-emissions-fell-slightly-in-2022-but-transport-and-homes-still-biggest-emitters,True,False,False
https://www.theguardian.com/environment/2024/feb/21/eating-to-save-nature-embrace-potatoes-ditch-rice-track-your-beans-aoe,False,True,False
https://www.theguardian.com/environment/series/guardian-environment-network,False,True,False
https://www.theguardian.com/environment/2024/feb/11/sydney-climbing-galaxias-fish-extinction-fears,False,True,False
https://www.theguardian.com/world/live/2024/feb/06/eu-farmers-protest-european-union-commission-ursula-von-der-leyen?page=with%3Ablock-65c1ffa78f08001288228fa6,False,True,False
https://www.theguardian.com/environment/2024/feb/10/labour-reduced-home-insulation-plans-housebuilders-campaigners,True,False,False
https://www.theguardian.com/environment/2024/feb/13/peregrine-falcon-thieves-dna-database-scotland-wild-raptors-birds-aoe,False,True,False
https://www.theguardian.com/us-news/2024/feb/15/recycling-plastics-producers-report,False,True,False
https://www.theguardian.com/uk-news/2024/feb/20/three-greenpeace-activists-charged-protest-rishi-sunak-mansion,True,False,False
https://www.theguardian.com/commentisfree/2024/feb/25/political-pressure-bullying-mps-right-demonstrate-protests,True,False,False
https://www.theguardian.com/environment/2024/feb/21/removing-uk-climate-protesters-defence-could-erode-right-to-trial-by-jury,False,True,False
https://www.theguardian.com/business/2024/feb/02/exxonmobil-blocks-activists-attempt-to-seek-climate-strategy-vote,False,True,False
https://www.theguardian.com/environment/2024/feb/06/eu-lays-out-plan-to-cut-greenhouse-emissions-by-90-by-2040,True,False,False
https://www.theguardian.com/environment/2024/feb/12/just-stop-oil-art-based-protests-can-speak-to-future-generations-or-even-the-cosmos,True,False,False
https://www.theguardian.com/business/2024/feb/01/shell-to-raise-dividends-again-despite-30-fall-in-annual-profits,True,False,False
https://www.theguardian.com/environment/2024/feb/02/labour-scrapping-green-pledge-leave-uk-colder-sicker-poorer,True,False,False
https://www.theguardian.com/environment/2024/feb/12/woodside-dramatically-expands-oil-and-gas-exploration-spend-despite-net-zero-pledge,False,True,False
https://www.theguardian.com/world/2024/feb/10/no-one-has-explained-this-stupidity-the-citizens-fighting-back-in-madrids-war-on-trees,False,True,False
https://www.theguardian.com/world/2024/feb/05/solicitor-general-urged-to-drop-prosecutions-of-jury-rights-activists,True,False,False
https://www.theguardian.com/politics/2024/feb/08/labour-cuts-28bn-green-investment-pledge-by-half,True,False,False
https://www.theguardian.com/artanddesign/2024/feb/06/after-38-attacks-on-art-climate-protesters-have-fallen-into-big-oils-trap-its-time-to-change-tack,True,False,False
https://www.theguardian.com/global-development/2024/feb/13/megafires-wildfires-chile-argentina-south-america,True,False,False
https://www.theguardian.com/commentisfree/2024/feb/21/labour-tories-carbon-parties-just-stop-oil-mps-parliament,True,False,False
https://www.theguardian.com/uk-news/2024/feb/01/greta-thunberg-goes-on-trial-over-london-oil-industry-protests,True,False,False
https://www.theguardian.com/environment/2024/feb/22/taking-the-pulse-of-the-planet-how-monitoring-nature-from-space-could-keep-earth-healthy,False,True,False
https://www.theguardian.com/politics/2024/feb/22/not-acceptable-for-protesters-to-target-mps-in-their-homes-says-stella-creasy,True,False,False
https://www.theguardian.com/business/2024/feb/02/tory-donors-oil-and-gas-company-given-north-sea-licence-after-150000-fine,True,False,False
https://www.theguardian.com/australia-news/2024/feb/17/be-brave-stay-positive-find-your-tribe-three-climate-activists-explain-how-to-get-started,False,True,False
https://www.theguardian.com/food/2024/mar/18/lemon-drizzle-pistachio-and-blood-orange-egg-free-date-tarunima-sinha-spring-bakes,False,True,False
https://www.theguardian.com/environment/2024/mar/26/tone-deaf-fossil-gas-growth-in-europe-is-speeding-climate-crisis-say-activists,False,True,False
https://www.theguardian.com/world/2024/mar/05/sinking-of-rubymar-in-red-sea-poses-grave-environmental-risks-experts-warn,True,False,False
https://www.theguardian.com/environment/2024/mar/01/stop-insuring-fossil-fuel-activists-target-london-insurers-week-action,True,False,False
https://www.theguardian.com/environment/2024/mar/08/oil-industry-has-sought-to-block-state-backing-for-green-tech-since-1960s,False,True,False
https://www.theguardian.com/uk-news/2024/mar/18/young-people-radicalised-online-counter-terrorism-officer,False,True,False
https://www.theguardian.com/commentisfree/2024/mar/18/suffragettes-queen-camilla-women-vote-protest-activism,True,False,False
https://www.theguardian.com/world/2024/mar/17/tuvalu-prime-minister-calls-on-australia-for-sovereignty-guarantees-over-treaty,False,True,False
https://www.theguardian.com/world/2024/mar/13/extending-extremism-definition-risks-fuelling-unlawful-protest-warns-greenpeace-uk,True,False,False
https://www.theguardian.com/world/2024/mar/06/mike-smith-maori-climate-activist-right-to-sue-companies,True,False,False
https://www.theguardian.com/world/2024/mar/08/open-letter-to-rishi-sunak-condemns-crackdown-right-to-protest-amnesty,True,False,False
https://www.theguardian.com/business/2024/mar/22/hsbc-and-natwest-accused-of-financing-north-sea-oil-extraction-despite-pledge,True,False,False
https://www.theguardian.com/australia-news/2024/mar/05/climate-protest-extinction-rebellion-melbourne-west-gate-bridge-deanna-violet-coco-,True,False,False
https://www.theguardian.com/stage/2024/mar/15/jeremy-strong-broadway-climate-protest,True,False,False
https://www.theguardian.com/world/2024/mar/14/ministers-and-officials-to-be-banned-from-contact-with-groups-labelled-extremist,False,True,False
https://www.theguardian.com/world/2024/mar/25/eu-nature-restoration-laws-in-balance-as-member-states-withdraw-support,False,True,False
https://www.theguardian.com/politics/2024/mar/14/from-left-to-far-right-which-groups-could-end-up-on-the-uk-extremism-list,True,False,False
https://www.theguardian.com/uk-news/2024/mar/10/an-appalling-direction-uk-activists-criticise-plans-to-redefine-extremism,True,False,False
https://www.theguardian.com/theguardian/2024/mar/14,False,True,False
https://www.theguardian.com/environment/2024/mar/16/uk-doctors-involved-in-climate-protests-face-threat-of-being-struck-off,True,False,False
https://www.theguardian.com/world/2024/mar/07/greenpeace-accuses-russia-of-unprecedented-escalation-if-it-restarts-zaporizhzhia-reactors,True,False,False
https://www.theguardian.com/environment/2024/mar/01/tories-accused-of-hypocrisy-farmers-protests-crackdown-climate-gaza,True,False,False
https://www.theguardian.com/politics/2024/mar/05/senior-tories-criticise-no-10-plans-to-broaden-extremism-definition,True,False,False
https://www.theguardian.com/environment/2024/mar/05/uk-spends-least-among-major-european-economies-on-low-carbon-energy-policy-study-shows,True,False,False
https://www.theguardian.com/environment/2024/mar/13/failure-insulate-uk-homes-costing-thousands-of-lives-winter-cold-deaths,True,False,False
https://www.theguardian.com/food/2024/mar/16/ask-ottolenghi-alternatives-to-alliums,False,True,False
https://www.theguardian.com/uk-news/2024/mar/31/exxonmobil-accused-of-greenwashing-over-carbon-capture-plan-it-failed-to-invest-in,True,False,False
https://www.theguardian.com/world/2024/mar/09/what-happened-in-the-russia-ukraine-war-this-week-catch-up-with-the-must-read-news-and-analysis,True,False,False
https://www.theguardian.com/environment/2024/mar/04/no-10-berates-chris-packham-for-irresponsible-just-stop-oil-comments,True,False,False
https://www.theguardian.com/global-development/2024/mar/07/carved-up-and-sold-off-parana-delta-developers-plan-a-new-miami-in-argentina-nature-rich-wetlands,True,False,False
https://www.theguardian.com/food/2024/mar/02/vegan-chinese-takeaway-curry-recipe-tofu-vegetable-curry-meera-sodha,False,True,False
https://www.theguardian.com/environment/2024/mar/19/ruling-erodes-climate-activists-right-protest-england-wales,False,True,False
https://www.theguardian.com/environment/2024/mar/12/no-big-north-sea-fossil-fuel-nation-plan-stop-drilling-global-heating,True,False,False
https://www.theguardian.com/environment/2024/mar/18/climate-protesters-in-england-and-wales-lose-criminal-damage-defence,False,True,False
https://www.theguardian.com/science/2024/mar/23/is-science-museums-green-power-gallery-tainted-by-fossil-fuel-cash,False,True,False
https://www.theguardian.com/business/2024/mar/06/us-sec-climate-change-emissions-disclosure,False,True,False
https://www.theguardian.com/world/2024/mar/03/ministers-consider-ban-mps-engaging-pro-palestine-climate-protesters,True,False,False
https://www.theguardian.com/environment/2024/mar/12/what-does-sunaks-plan-for-new-gas-plants-mean-for-uk-climate-targets,True,False,False
https://www.theguardian.com/environment/2024/mar/16/climate-activists-across-europe-block-access-to-north-sea-oil-infrastructure,True,False,False
https://www.theguardian.com/business/2024/apr/19/unilever-to-scale-back-environmental-and-social-pledges,True,False,False
https://www.theguardian.com/media/gallery/2024/apr/03/world-press-photo-2024-winners-in-pictures,False,True,False
https://www.theguardian.com/business/2024/apr/01/public-figures-urge-shell-to-drop-lawsuit-against-greenpeace,True,False,False
https://www.theguardian.com/global-development/2024/apr/30/husband-eaters-bangladesh-sunderbans-ostracised-tiger-widows-superstition-conservation,False,True,False
https://www.theguardian.com/environment/2024/apr/23/retired-uk-gp-suspended-for-five-months-over-climate-activism,True,False,False
https://www.theguardian.com/australia-news/2024/apr/24/woodside-energy-climate-plan-rejected-shareholders-annual-general-meeting-protest-vote,False,True,False
https://www.theguardian.com/environment/2024/apr/06/greta-thunberg-detained-at-hague-climate-demonstration,True,False,False
https://www.theguardian.com/environment/2024/apr/22/judge-throws-out-case-against-uk-climate-activist-trudi-warner-sign-jurors-rights,False,True,False
https://www.theguardian.com/world/2024/apr/23/eu-green-deal-at-risk-greens-co-leader-philippe-lamberts,False,True,False
https://www.theguardian.com/environment/2024/apr/30/developed-countries-accused-bowing-lobbyists-plastic-pollution-talks,True,False,False
https://www.theguardian.com/environment/2024/apr/02/glowworm-lampyris-noctiluca-invertebrate-of-the-year,False,True,False
https://www.theguardian.com/politics/2024/apr/08/reform-uk-criticised-for-claiming-funding-nhs-and-reaching-net-zero-are-at-odds,True,False,False
https://www.theguardian.com/world/2024/apr/08/russia-ukraine-zaporizhzhia-nuclear-power-plant-drone-strike,True,False,False
https://www.theguardian.com/environment/2024/apr/15/earthworm-crowned-uk-invertebrate-of-the-year-by-guardian-readers,False,True,False
https://www.theguardian.com/politics/2024/apr/27/tory-staff-running-network-of-anti-ulez-facebook-groups-riddled-with-racism-and-abuse,True,False,False
https://www.theguardian.com/world/2024/apr/06/extreme-us-anti-abortion-group-ramps-up-lobbying-in-westminster,False,True,False
https://www.theguardian.com/stage/2024/apr/02/knock-knock-jokes-homeless-comedian-kev-mud-pun,True,False,False
https://www.theguardian.com/environment/2024/apr/23/world-must-come-together-to-tackle-plastic-pollution-says-chair-of-un-talks,True,False,False
https://www.theguardian.com/uk?q=al-najma%20manama%20al-ahli%20manama%2028/04/2024%20Jogabilidade%20(URL%EF%BC%9Abrvip.vip)%F0%9F%92%AFnrdfc,False,True,False
https://www.theguardian.com/environment/2024/apr/01/eu-four-times-more-money-farming-animals-than-growing-plants-cap-subsidy,False,True,False
https://www.theguardian.com/environment/2024/apr/08/us-meat-lobby-delighted-at-positive-prospects-for-industry-after-cop28,True,False,False
https://www.theguardian.com/environment/2024/apr/26/new-species-of-jumping-spider-found-on-university-campus-in-cornwall,False,True,False
https://www.theguardian.com/sport/2024/apr/17/london-marathon-director-urges-protesters-not-to-disrupt-event,True,False,False
https://www.theguardian.com/environment/2024/apr/25/climate-crisis-activists,True,False,False
https://www.theguardian.com/environment/2024/apr/20/western-australias-eucalypt-forests-fade-to-brown-as-century-old-giant-jarrahs-die-in-heat-and-drought,False,True,False
https://www.theguardian.com/environment/2024/apr/05/extinction-rebellion-co-founder-avoids-jail-term-for-drone-action-near-heathrow,True,False,False
https://www.theguardian.com/uk-news/2024/apr/30/there-is-despair-fears-for-scotlands-green-policies-as-power-sharing-ends,True,False,False
https://www.theguardian.com/environment/2024/apr/17/these-birds-are-telling-us-something-serious-is-happening-fading-song-of-the-marsh-tit-aoe,False,True,False
https://www.theguardian.com/culture/2024/apr/20/we-went-from-naive-hippyish-protesters-to-hardcore-anarchists-the-criminal-justice-bill-protests-30-years-on,True,False,False
https://www.theguardian.com/commentisfree/2024/apr/13/climate-crisis-protest-activism-repression,True,False,False
https://www.theguardian.com/world/2024/apr/20/thousands-protest-canary-islands-unsustainable-tourism,True,False,False
https://www.theguardian.com/environment/2024/apr/24/doctors-condemns-suspension-retired-gp-uk-climate-protest-british-medical-association,True,False,False
https://www.theguardian.com/australia-news/2024/apr/23/australian-super-protest-woodside-energy-climate-crisis-net-zero,False,True,False
https://www.theguardian.com/politics/2024/apr/27/sadiq-khan-environment-london-mayoral-election,True,False,False
https://www.theguardian.com/commentisfree/2024/apr/18/britain-defence-policy-war-weapons-conflict-peace,True,False,False
https://www.theguardian.com/world/2024/apr/27/it-was-wet-it-was-filthy-it-was-aggressive-i-said-ill-take-the-racoon-but-keeping-exotic-pets-is-cruel,False,True,False
https://www.theguardian.com/books/article/2024/may/29/the-invisible-doctrine-by-george-monbiot-and-peter-hutchison-review-neoliberalisms-ascent,False,True,False
https://www.theguardian.com/food/article/2024/may/04/ask-ottolenghi-the-best-way-to-use-and-store-spices,False,True,False
https://www.theguardian.com/environment/article/2024/may/15/bison-romania-tarcu-2m-cars-carbon-dioxide-emissions-aoe,False,True,False
https://www.theguardian.com/world/article/2024/may/22/orca-body-slam-new-zealand-man-killer-whale-auckland-boat-jump-ntwnfb,False,True,False
https://www.theguardian.com/lifeandstyle/article/2024/may/28/where-the-wild-things-are-the-untapped-potential-of-our-gardens-parks-and-balconies,False,True,False
https://www.theguardian.com/food/2024/may/08/how-to-make-american-baked-cheesecake-recipe-felicity-cloake,False,True,False
https://www.theguardian.com/environment/article/2024/may/28/no-tory-mps-voted-positively-on-climate-issues-since-party-took-power-study-finds,False,True,False
https://www.theguardian.com/australia-news/article/2024/may/20/new-rules-for-nsw-polluters-to-require-credible-plan-for-mitigating-climate-impact,False,True,False
https://www.theguardian.com/business/article/2024/may/02/shell-unveils-new-35bn-share-buy-back-after-higher-profits-than-expected,False,True,False
https://www.theguardian.com/world/article/2024/may/16/sea-otters-prey-teeth,False,True,False
https://www.theguardian.com/uk-news/article/2024/may/15/uk-climate-activists-convicted-in-first-trial-of-new-anti-protest-laws,True,False,False
https://www.theguardian.com/fashion/article/2024/may/17/body-shop-stores-have-closed-but-we-cant-let-its-products-disappear,True,False,False
https://www.theguardian.com/politics/article/2024/may/24/labour-plans-to-put-climate-front-and-centre-general-election-campaign,True,False,False
https://www.theguardian.com/environment/article/2024/may/02/sunak-to-allow-oil-and-gas-exploration-at-sites-intended-for-offshore-wind,True,False,False
https://www.theguardian.com/environment/article/2024/may/30/california-comedown-how-illicit-cannabis-farms-have-left-a-wilderness-where-youre-lucky-to-see-a-lizard,False,True,False
https://www.theguardian.com/environment/article/2024/may/15/down-to-earth-the-floods,False,True,False
https://www.theguardian.com/profile/christiana-figueres,False,True,False
https://www.theguardian.com/world/article/2024/may/21/close-to-a-police-state-campaign-groups-condemn-uk-report-into-protests,True,False,False
https://www.theguardian.com/world/matteo-salvini,False,True,False
https://www.theguardian.com/food/article/2024/may/27/chicken-wing-caesar-salad-recipe-by-melissa-thompson,False,True,False
https://www.theguardian.com/world/article/2024/may/17/government-adviser-on-disruptive-protest-accused-of-conflict-of-interest,True,False,False
https://www.theguardian.com/world/article/2024/may/10/png-coconut-tree-oil-copra-biodiesel,False,True,False
https://www.theguardian.com/environment/article/2024/may/25/nearly-175-arrested-as-climate-protesters-target-frances-totalenergies-and-key-investor,True,False,False
https://www.theguardian.com/australia-news/article/2024/may/10/move-to-protect-australian-beef-industry-from-eu-land-clearing-laws-criticised-by-scientists,True,False,False
https://www.theguardian.com/world/article/2024/may/28/canada-sol-mamakwa-speech-first-nation-language,False,True,False
https://www.theguardian.com/environment/2024/may/02/great-ape-tourism-chimpanzee-common-cold-reverse-zoonoses-uganda-aoe,False,True,False
https://www.theguardian.com/environment/cop-21-un-climate-change-conference-paris,False,True,False
https://www.theguardian.com/law/article/2024/may/24/uk-ministers-to-be-challenged-in-human-rights-court-over-protest-injunctions,False,True,False
https://www.theguardian.com/world/article/2024/may/04/putin-on-our-doorstep-ukrainians-watch-as-the-frontline-edges-closer,False,True,False
https://www.theguardian.com/us-news/2024/may/01/first-thing-violence-at-ucla-as-gaza-protest-camp-attacked-by-counter-demonstrators,True,False,False
https://www.theguardian.com/world/article/2024/may/18/climate-activists-arrested-germany-munich-airport,False,True,False
https://www.theguardian.com/environment/article/2024/may/06/im-a-blue-whale-im-here-researchers-listen-with-delight-to-songs-that-hint-at-antarctic-resurgence,False,True,False
https://www.theguardian.com/politics/2024/may/01/tory-hopeful-for-london-mayor-joins-anti-ulez-facebook-group-rife-with-islamophobia,True,False,False
https://www.theguardian.com/commentisfree/article/2024/may/22/extremists-injustices-rights-protest-society,True,False,False
https://www.theguardian.com/environment/article/2024/may/10/farmers-union-lobbied-to-increase-pesticide-limit-in-uk-drinking-water,True,False,False
https://www.theguardian.com/environment/oil+world/ecuador,False,True,False
https://www.theguardian.com/politics/article/2024/may/23/sunak-backtracked-on-climate-policies-and-voters-may-punish-him,True,False,False
https://www.theguardian.com/world/article/2024/may/04/vulture-shortage-threatens-zoroastrian-burial-rites-india-iran-pakistan,False,True,False
https://www.theguardian.com/environment/article/2024/may/23/natures-ghosts-excerpt-sophie-yeo-the-vile-national-trust-aoe,False,True,False
https://www.theguardian.com/world/article/2024/may/20/uk-review-of-protest-tactics-expected-to-stop-short-of-banning-groups,True,False,False
https://www.theguardian.com/environment/article/2024/may/25/greenpeace-blocks-planting-of-lifesaving-golden-rice-philippines,True,False,False
https://www.theguardian.com/politics/article/2024/may/25/lib-dems-target-blue-wall-with-blitz-of-2m-leaflets-in-tory-heartlands,False,True,False
https://www.theguardian.com/food/article/2024/may/18/ask-ottolenghi-easy-sauces-to-perk-up-midweek-meals,False,True,False
https://www.theguardian.com/environment/article/2024/may/23/alarm-as-german-climate-activists-charged-with-forming-a-criminal-organisation,True,False,False
https://www.theguardian.com/environment/article/2024/may/09/what-are-the-most-powerful-climate-actions-you-can-take,False,True,False
https://www.theguardian.com/australia-news/article/2024/jun/01/im-ready-for-everything-and-i-dont-care-the-man-refusing-to-turn-up-at-an-australian-colonial-court,False,True,False
https://www.theguardian.com/world/article/2024/jun/09/green-party-losses-in-eu-elections-raise-concerns-over-green-deal,True,False,False
https://www.theguardian.com/commentisfree/article/2024/jun/21/betting-vetting-big-dog-election-campaign-rishi-sunak-ed-davey,False,True,False
https://www.theguardian.com/environment/article/2024/jun/21/mosquitoes-hawaii-rare-bird-honeycreeper-malaria-wolbachia-bacteria,False,True,False
https://www.theguardian.com/uk-news/article/2024/jun/03/may-spring-warmest-record-uk-met-office,True,False,False
https://www.theguardian.com/music/article/2024/jun/04/glastonbury-festival-2024-full-lineup-stage-times,True,False,False
https://www.theguardian.com/politics/live/2024/jun/26/uk-general-election-live-updates-tories-labour-betting-scandal?filterKeyEvents=false&page=with%3Ablock-667bca3e8f0839bc2f003820,False,True,False
https://www.theguardian.com/politics/article/2024/jun/24/labour-uk-clean-energy-superpower-fuel-poverty,False,True,False
https://www.theguardian.com/uk-news/article/2024/jun/19/stonehenge-sprayed-orange-powder-paint-just-stop-oil-activists,True,False,False
https://www.theguardian.com/commentisfree/article/2024/jun/15/jail-jp-morgan-fossil-fuels-civil-disobedience,True,False,False
https://www.theguardian.com/tv-and-radio/article/2024/jun/09/on-thin-ice-putin-v-greenpeace-review-a-jaw-droppingly-unforgettable-real-life-tale,True,False,False
https://www.theguardian.com/environment/video/2024/jun/19/activists-spray-stonehenge-with-orange-paint-ahead-of-summer-solstice-video,True,False,False
https://www.theguardian.com/business/article/2024/jun/28/labour-urged-to-step-in-over-tatas-plans-to-close-steelworks-days-after-election,True,False,False
https://www.theguardian.com/environment/article/2024/jun/21/restore-nature-now-march-london-urgent-action,True,False,False
https://www.theguardian.com/environment/oil-sands,False,True,False
https://www.theguardian.com/tv-and-radio/series/observer-tv-reviews+media/bbc2,False,True,False
https://www.theguardian.com/world/article/2024/jun/12/swiss-lawmakers-reject-climate-ruling-in-favour-of-female-climate-elders,True,False,False
https://www.theguardian.com/australia-news/article/2024/jun/24/hany-bebawy-melbourne-physio-accused-of-sexual-assault-returns-to-work-on-gender-condition-ntwnfb,False,True,False
https://www.theguardian.com/music/article/2024/jun/14/barclays-suspends-sponsorship-from-download-latitude-and-isle-of-wight-festivals,True,False,False
https://www.theguardian.com/environment/article/2024/jun/25/south-sudan-antelope-migration-worlds-largest-aoe,False,True,False
https://www.theguardian.com/politics/article/2024/jun/22/red-wall-tory-support-boris-johnson-south-yorkshire-labour,False,True,False
https://www.theguardian.com/global-development/article/2024/jun/17/kenya-plans-first-nuclear-power-plant-kilifi-opposition-activists,False,True,False
https://www.theguardian.com/world/article/2024/jun/07/conservatives-1993-election-canada,False,True,False
https://www.theguardian.com/environment/article/2024/jun/25/protecting-just-12-of-earths-land-could-save-worlds-most-threatened-species-says-study-aoe,False,True,False
https://www.theguardian.com/environment/article/2024/jun/19/france-urged-to-step-in-to-spur-totalenergies-transition-from-oil,True,False,False
https://www.theguardian.com/environment/article/2024/jun/24/wildcat-kittens-birth-cairngorms-national-park,False,True,False
https://www.theguardian.com/politics/article/2024/jun/16/labour-activists-13-seats-party-muslim-voters-gaza,False,True,False
https://www.theguardian.com/environment/article/2024/jun/19/oceans-group-takes-uk-government-to-court-over-oil-and-gas-licences,True,False,False
https://www.theguardian.com/world/article/2024/jun/26/german-activists-take-government-to-court-over-climate-policy,True,False,False
https://www.theguardian.com/environment/article/2024/jun/05/collapse-northern-boreal-forests-drought-fire-beetles-climate-crisis-ancient-trees-carbon-sink,False,True,False
https://www.theguardian.com/music/article/2024/jun/24/megastars-mcs-and-muslim-metalheads-who-to-see-at-glastonbury-2024,True,False,False
https://www.theguardian.com/environment/video/2024/jun/20/planes-spray-painted-uk-airfield-just-stop-oil-taylor-swift-video,True,False,False
https://www.theguardian.com/politics/article/2024/jun/14/environmental-manifesto-pledges-uk-election-parties,True,False,False
https://www.theguardian.com/food/article/2024/jun/19/its-a-flavour-bomb-the-rise-and-rise-of-the-dip,False,True,False
https://www.theguardian.com/tv-and-radio/article/2024/jun/16/the-week-in-tv-on-thin-ice-putin-v-greenpeace-presumed-innocent-the-rest-is-politics-inside-no-9-review,True,False,False
https://www.theguardian.com/world/article/2024/jun/17/eu-passes-law-to-restore-20-of-blocs-land-and-sea-by-end-of-decade,True,False,False
https://www.theguardian.com/politics/article/2024/jun/02/lib-dems-tory-blue-wall-surrey-heath-michael-gove,False,True,False
https://www.theguardian.com/business/article/2024/jun/02/heart-of-the-batter-my-lifelong-love-affair-with-fish-and-chips,False,True,False
https://www.theguardian.com/uk-news/article/2024/jun/04/medics-xr-protest-caused-almost-200000-of-damage-to-bank-court-told,False,True,False
https://www.theguardian.com/profile/rebecca-newsom,False,True,False
https://www.theguardian.com/tv-and-radio/article/2024/jun/07/when-putin-attacked-greenpeace-on-thin-ice,True,False,False
https://www.theguardian.com/world/article/2024/jun/27/algerian-officials-wrestle-water-shortage-anger,True,False,False
https://www.theguardian.com/politics/article/2024/jun/30/lib-dems-step-up-frantic-tactical-voting-effort-to-oust-conservatives-in-blue-wall,False,True,False
https://www.theguardian.com/environment/article/2024/jun/20/activists-spray-planes-with-paint-at-uk-airfield-where-taylor-swift-jet-landed,True,False,False
https://www.theguardian.com/australia-news/article/2024/jun/03/shade-cloth-and-poisonous-dust-how-the-red-finned-blue-eye-was-brought-back-from-the-brink,False,True,False
https://www.theguardian.com/politics/live/2024/jun/26/uk-general-election-live-updates-tories-labour-betting-scandal?filterKeyEvents=true&page=with%3Ablock-667bd3068f08fb1b8fd16de0,False,True,False
https://www.theguardian.com/uk-news/article/2024/jun/28/just-stop-oil-activists-arrested-suspicion-planning-disrupt-airports,True,False,False
https://www.theguardian.com/environment/article/2024/jun/13/how-to-swim-with-sharks-in-british-waters-aoe,False,True,False
https://www.theguardian.com/environment/arctic-30-protesters,False,True,False
https://www.theguardian.com/food/article/2024/jun/10/rachel-roddy-recipe-for-penne-con-pollo-scappato-runaway-chicken,False,True,False
https://www.theguardian.com/world/article/2024/jun/22/thousands-march-london-urge-leaders-tackle-uk-wildlife-crisis,True,False,False
https://www.theguardian.com/sport/article/2024/jun/28/wimbledon-urged-to-drop-barclays-as-sponsor-over-fossil-fuel-links,True,False,False
https://www.theguardian.com/environment/article/2024/jul/18/five-just-stop-oil-supporters-jailed-over-protest-that-blocked-m25,True,False,False
https://www.theguardian.com/world/article/2024/jul/24/oil-kills-protesters-disrupt-flights-at-airports-across-europe-in-wave-of-action,True,False,False
https://www.theguardian.com/environment/article/2024/jul/01/north-sea-oil-transition-plan,True,False,False
https://www.theguardian.com/world/article/2024/jul/31/sea-shepherd-founder-anti-whaling-activist-paul-watson-arrest-japan-ntwnfb,True,False,False
https://www.theguardian.com/environment/article/2024/jul/09/11-green-challenges-labour-must-solve,False,True,False
https://www.theguardian.com/film/article/2024/jul/20/hollywood-climate-crisis,False,True,False
https://www.theguardian.com/business/article/2024/jul/08/keir-starmer-urged-to-act-on-water-bill-rises-in-england-and-wales,True,False,False
https://www.theguardian.com/uk?q=%E5%8D%81%E7%A7%8D%E4%B8%8D%E7%96%BC%E7%9A%84%E6%AD%BB%E4%BA%A1%E6%96%B9%E6%B3%95%28%E8%B4%AD%E4%B9%B0%E5%BE%AE984186526%EF%BC%89%E5%8D%81%E5%B9%B4%E8%80%81%E5%BA%97%E4%BF%A1%E8%AA%89%E7%AC%AC%E4%B8%80.vac,False,True,False
https://www.theguardian.com/fashion/article/2024/jul/01/surely-we-are-smarter-than-mowing-down-1000-year-old-trees-to-make-t-shirts-the-complex-rise-of-viscose,True,False,False
https://www.theguardian.com/environment/article/2024/jul/19/chris-packham-celebrities-outcry-over-severity-just-stop-oil-sentences,True,False,False
https://www.theguardian.com/business/article/2024/jul/11/ofwat-accused-of-showing-contempt-to-customers-over-water-bill-price-rises,True,False,False
https://www.theguardian.com/uk-news/article/2024/jul/02/climate-protest-accused-defies-judge-to-give-hours-long-speech-in-court,False,True,False
https://www.theguardian.com/politics/article/2024/jul/06/blue-wall-tory-seats-collapsed-green-issues-greenpeace,True,False,False
https://www.theguardian.com/commentisfree/article/2024/jul/02/labour-plans-britain-private-finance-blackrock,False,True,False
https://www.theguardian.com/business/article/2024/jul/17/shell-recycling-plastic-pledge,False,True,False
https://www.theguardian.com/environment/article/2024/jul/16/buses-trains-bicycle-paths-labour-mission-decarbonise-transport,True,False,False
https://www.theguardian.com/global-development/article/2024/jul/08/will-you-stop-exploring-yours-latin-america-forges-ahead-on-new-oil-frontier,True,False,False
https://www.theguardian.com/business/business+content/video,False,True,False
https://www.theguardian.com/environment/article/2024/jul/26/climate-hero-villain-fossil-fuel-frenzy-challenges-norway-green-image,True,False,False
https://www.theguardian.com/australia-news/article/2024/jul/31/afternoon-update-hamas-leader-killed-interest-rate-hike-looking-unlikely-and-how-to-watch-tonights-meteor-showers-ntwnfb,True,False,False
https://www.theguardian.com/football/article/2024/jul/05/fox-sports-soccer-coverage-us-european-championship-copa-america-alexi-lalas,False,True,False
https://www.theguardian.com/environment/article/2024/jul/08/labour-lifts-ban-onshore-windfarms-planning-policy,True,False,False
https://www.theguardian.com/world/article/2024/jul/22/paul-watson-arrested-greenland-sea-shepherd-founder-and-anti-whaling-activist,True,False,False
https://www.theguardian.com/australia-news/article/2024/jul/23/australias-major-food-companies-failing-nature-report-finbds,True,False,False
https://www.theguardian.com/sport/article/2024/jul/21/etienne-stott-canoeing-2012-olympics-gold-medallist-turned-xr-activist,True,False,False
https://www.theguardian.com/environment/article/2024/jul/01/labour-will-take-global-lead-on-climate-action-ed-miliband-vows,True,False,False
https://www.theguardian.com/politics/article/2024/jul/07/sewage-spills-vote-winner-lib-dems-polluted-chalk-streams-england-chichester,False,True,False
https://www.theguardian.com/commentisfree/article/2024/jul/19/protest-democracy-labour-tories-laws,True,False,False
https://www.theguardian.com/uk-news/article/2024/jul/23/greenpeace-activists-damaged-15-of-rishi-sunaks-roof-tiles-court-hears,True,False,False
https://www.theguardian.com/environment/article/2024/jul/23/supporters-of-arrested-sea-shepherd-founder-say-parallels-with-julian-assange-are-disturbing,True,False,False
https://www.theguardian.com/law/article/2024/jul/11/climate-protest-trials-evidence-restrictions-m25-activists,False,True,False
https://www.theguardian.com/commentisfree/article/2024/jul/28/the-end-is-nigh-for-insects-bats-protest-the-planet,True,False,False
https://www.theguardian.com/environment/article/2024/jul/11/frog-saunas-australia-research-treatment-deadly-fungal-disease-aoe,False,True,False
https://www.theguardian.com/politics/article/2024/jul/29/campaign-groups-call-on-home-office-to-stop-steady-erosion-of-protest-rights,True,False,False
https://www.theguardian.com/world/article/2024/jul/25/frankfurt-airport-temporarily-halts-flights-after-climate-activists-stage-demonstration,True,False,False
https://www.theguardian.com/commentisfree/article/2024/jul/06/my-generation-can-barely-remember-the-last-time-labour-was-in-power-and-theyre-desperate-to-believe-things-can-change,False,True,False
https://www.theguardian.com/politics/article/2024/jul/23/mothin-ali-riots-leeds-green-party-councillor-gipton-and-harehills,False,True,False
https://www.theguardian.com/uk-news/article/2024/jul/10/just-stop-oil-activist-m25-protest-trial,True,False,False
https://www.theguardian.com/commentisfree/article/2024/jul/24/petrostates-self-proclaimed-climate-leaders-us-uk-driving-crisis,True,False,False
https://www.theguardian.com/environment/article/2024/aug/30/olympic-champion-etienne-stott-joins-climate-activists-for-windsor-protest,True,False,False
https://www.theguardian.com/environment/article/2024/aug/16/flinders-university-australia-soil-sounds-acoustic-research,False,True,False
https://www.theguardian.com/us-news/article/2024/aug/14/natural-gas-pollution-deaths-lng,True,False,False
https://www.theguardian.com/business/article/2024/aug/06/water-companies-record-fine-sewage-thames-water-ofwat,True,False,False
https://www.theguardian.com/uk-news/article/2024/aug/01/just-stop-oil-protesters-jailed-climbing-gantries-block-m25,True,False,False
https://www.theguardian.com/environment/article/2024/aug/20/drc-wildlife-reserve-upemba,False,True,False
https://www.theguardian.com/us-news/article/2024/aug/22/harris-dnc-speech-climate-change,False,True,False
https://www.theguardian.com/environment/article/2024/aug/14/activists-warn-of-extreme-anger-if-ministers-fail-to-reform-water-regulator,True,False,False
https://www.theguardian.com/uk-news/article/2024/aug/06/lawyers-urge-starmer-to-ensure-safety-of-advice-centres-over-far-right-threat,False,True,False
https://www.theguardian.com/global-development/article/2024/aug/01/uruguay-anger-environmental-cost-google-datacentre-carbon-emissions-toxic-waste-water,False,True,False
https://www.theguardian.com/commentisfree/article/2024/aug/01/this-is-a-pivotal-moment-for-deep-sea-mining,False,True,False
https://www.theguardian.com/environment/article/2024/aug/12/successful-environmental-projects-benefit-nature-and-people-study-finds,False,True,False
https://www.theguardian.com/world/article/2024/aug/26/brazil-minister-declares-war-with-fire-as-smoke-cloaks-brasilia-and-sao-paulo,True,False,False
https://www.theguardian.com/environment/pollution+world/protest,False,True,False
https://www.theguardian.com/business/article/2024/aug/22/activist-serbia-rio-tinto-lithium-mining-environment-death-threats,False,True,False
https://www.theguardian.com/australia-news/article/2024/aug/08/repeating-climate-denial-claims-makes-them-seem-more-credible-australian-led-study-finds,False,True,False
https://www.theguardian.com/politics/live/2024/aug/21/labour-immigration-government-deficit-uk-politics-live?page=with%3Ablock-66c5be0b8f0893d34d6b47d4,True,False,False
https://www.theguardian.com/uk-news/article/2024/aug/06/uk-police-arrest-two-pro-palestine-activists-under-organised-laws,True,False,False
https://www.theguardian.com/environment/article/2024/aug/29/like-doomsday-why-have-salmon-deserted-norway-rivers-and-will-they-ever-return,False,True,False
https://www.theguardian.com/world/article/2024/aug/17/safety-at-ukraines-zaporizhzhia-nuclear-plant-deteriorating-iaea-warns,False,True,False
https://www.theguardian.com/food/article/2024/aug/24/ask-ottolenghi-whats-the-secret-to-keeping-cooked-green-vegetables-green,False,True,False
https://www.theguardian.com/technology/article/2024/aug/24/yuval-noah-harari-ai-book-extract-nexus,False,True,False
https://www.theguardian.com/environment/article/2024/aug/21/uk-spider-species-comeback-rspb-fen-raft,False,True,False
https://www.theguardian.com/environment/article/2024/aug/04/the-sewage-crisis-its-just-raw-profiteering,True,False,False
https://www.theguardian.com/environment/article/2024/aug/25/minister-seeks-legal-settlement-in-case-of-south-africas-imperilled-penguins,False,True,False
https://www.theguardian.com/business/article/2024/aug/25/police-acting-as-private-security-for-drax-power-station-say-climate-activists,True,False,False
https://www.theguardian.com/environment/article/2024/aug/29/ed-milibands-withdrawal-of-legal-backing-puts-uk-oil-projects-in-doubt,True,False,False
https://www.theguardian.com/environment/article/2024/aug/16/climate-activists-court-costs-protest-bans-uk-biggest-law-firm-dla-piper,True,False,False
https://www.theguardian.com/environment/article/2024/aug/15/britain-insects-surveys-butterflies-climate-aoe,False,True,False
https://www.theguardian.com/environment/article/2024/aug/14/britain-experiencing-a-beaver-baby-boom-as-kits-spotted-across-the-country,False,True,False
https://www.theguardian.com/business/article/2024/aug/29/unproven-climate-solutions-spending,True,False,False
https://www.theguardian.com/world/article/2024/aug/23/long-shadow-life-under-the-veiled-grasp-of-factory-farming-in-europe,True,False,False
https://www.theguardian.com/environment/article/2024/aug/28/northern-bald-ibis-bird-back-from-extinction-now-scientists-in-a-glider-are-teaching-it-to-migrate-aoe,False,True,False
https://www.theguardian.com/law/article/2024/aug/10/labour-donor-calls-for-review-as-southport-rioter-is-jailed-for-less-time-than-just-stop-oil-protester,True,False,False
https://www.theguardian.com/food/article/2024/sep/07/student-recipe-vegan-cabbage-peanut-butter-noodles,False,True,False
https://www.theguardian.com/fashion/2024/sep/24/where-does-the-uks-fast-fashion-end-up-i-found-out-on-a-beach-clean-in-ghana,True,False,False
https://www.theguardian.com/business/article/2024/sep/05/oil-firms-vow-to-fight-judicial-review-of-north-sea-oil-and-gas-projects,True,False,False
https://www.theguardian.com/environment/2024/sep/30/calls-for-flood-compensation-scheme-in-england-and-wales-to-be-overhauled,True,False,False
https://www.theguardian.com/politics/2024/sep/16/ive-never-been-so-driven-led-by-donkeys-on-mocking-liz-truss-duping-matt-hancock-and-renaming-michelle-mones-yacht,True,False,False
https://www.theguardian.com/uk-news/2024/sep/26/artists-plead-for-just-stop-oil-activists-who-threw-soup-on-a-van-gogh-to-be-spared-jail,True,False,False
https://www.theguardian.com/business/article/2024/sep/02/north-sea-oil-neo-windfall-tax-labour,True,False,False
https://www.theguardian.com/world/article/2024/sep/08/thousands-of-anti-war-protesters-to-disrupt-controversial-weapons-expo-in-melbourne,True,False,False
https://www.theguardian.com/us-news/2024/sep/23/kumi-naidoo-fossil-fuels-activism-art-culture,True,False,False
https://www.theguardian.com/environment/2024/sep/27/just-stop-oil-activist-phoebe-plummer-jailed-throwing-soup-van-gogh-sunflowers,True,False,False
https://www.theguardian.com/news/gallery/2024/sep/05/maori-queen-china-fashion-week-photos-of-the-day-thursday,False,True,False
https://www.theguardian.com/environment/2024/sep/16/david-lammy-appoint-uk-first-special-envoy-nature,True,False,False
https://www.theguardian.com/australia-news/article/2024/sep/07/soft-plastics-are-a-scourge-of-the-earth-but-there-are-ways-to-break-our-toxic-addiction,True,False,False
https://www.theguardian.com/food/2024/sep/28/ask-ottolenghi-whats-the-best-way-to-cook-polenta,False,True,False
https://www.theguardian.com/uk-news/2024/sep/19/campaigners-call-for-unlimited-climate-card-uk-rail-pass,True,False,False
https://www.theguardian.com/environment/article/2024/sep/10/g20-countries-transition-away-fossil-fuel-pledge-cop28-climate,False,True,False
https://www.theguardian.com/world/2024/sep/13/the-hague-becomes-worlds-first-city-to-ban-fossil-fuel-related-ads,False,True,False
https://www.theguardian.com/theguardian/2024/sep/28,False,True,False
https://www.theguardian.com/environment/2024/sep/30/our-leaders-are-collaborators-with-fossil-fuel-colonialists-this-is-the-source-of-our-communal-dread,False,True,False
https://www.theguardian.com/world/2024/sep/19/sweden-cuts-flying-tax-emissions,True,False,False
https://www.theguardian.com/us-news/2024/sep/27/mountain-valley-pipeline-protest,False,True,False
https://www.theguardian.com/environment/article/2024/sep/09/almost-200-people-killed-last-year-trying-to-defend-the-environment-report-finds-aoe,False,True,False
https://www.theguardian.com/environment/2024/sep/26/recycling-rate-falls-in-uk-as-just-44-of-household-waste-is-recycled,True,False,False
https://www.theguardian.com/environment/gallery/2024/sep/13/week-in-wildlife-in-pictures-a-rebellious-kingfisher-golfing-bobcats-and-a-sex-mad-marsupial,False,True,False
https://www.theguardian.com/culture/2024/sep/11/save-the-children-pulls-out-of-science-museum-event-over-sponsor-concerns,False,True,False
https://www.theguardian.com/environment/article/2024/sep/04/europe-farming-lobbies-recognise-need-eat-less-meat-report,True,False,False
https://www.theguardian.com/food/2024/sep/21/ask-ottolenghi-best-way-to-cook-mussels,False,True,False
https://www.theguardian.com/food/article/2024/sep/08/nigel-slaters-recipes-for-roast-shallots-with-couscous-and-lemon-cakes,False,True,False
https://www.theguardian.com/environment/2024/sep/25/who-is-rachel-kyte-the-uks-new-climate-envoy,True,False,False
https://www.theguardian.com/uk-news/article/2024/sep/09/well-arrest-people-quicker-at-protests-from-now-on-met-police-deputy-chief,True,False,False
https://www.theguardian.com/business/bank-of-america,False,True,False
https://www.theguardian.com/business/ukcoal,False,True,False
https://www.theguardian.com/environment/article/2024/sep/04/forgotten-epidemic-with-over-280-million-birds-dead-how-is-the-avian-flu-outbreak-evolving,False,True,False
https://www.theguardian.com/environment/2024/sep/12/europe-saved-its-predators-from-brink-of-extinction-so-why-killing-thousands-bears-wolves-lynx-aoe,True,False,False
https://www.theguardian.com/environment/2024/sep/20/greenpeace-activists-who-scaled-sunaks-roof-cleared-by-judge,True,False,False
https://www.theguardian.com/environment/2024/sep/18/butterfly-emergency-declared-as-uk-summer-count-hits-record-low-conservation,False,True,False
https://www.theguardian.com/environment/2024/sep/21/retired-priest-painful-treatment-church-climate-protests,True,False,False
https://www.theguardian.com/tv-and-radio/chris-packham,False,True,False
https://www.theguardian.com/global-development/2024/oct/14/european-network-climate-health-education-medical-schools-diseases-students-dengue-malaria-heatstroke,False,True,False
https://www.theguardian.com/world/2024/oct/11/first-ediiton-hurricane-milton-politics-conspiracy-theories,False,True,False
https://www.theguardian.com/business/2024/oct/13/very-concerning-bp-dilutes-net-zero-targets-as-global-retreat-from-green-standards-gathers-pace,True,False,False
https://www.theguardian.com/politics/live/2024/oct/08/labour-keir-starmer-tory-leadership-latest-politics-live-news,True,False,False
https://www.theguardian.com/environment/2024/oct/09/europe-eu-green-deal-backsliding-nature-biodiversity-farmers-far-right-cop16-aoe,True,False,False
https://www.theguardian.com/world/2024/oct/05/how-gaza-sparked-the-biggest-uk-protest-movement-in-recent-history-and-a-headache-for-the-police,False,True,False
https://www.theguardian.com/environment/2024/oct/01/kew-botanic-gardens-study-33-dark-spots-plant-species-identification-unknown-biodiversity-,False,True,False
https://www.theguardian.com/environment/2024/oct/24/biodiversity-declining-even-faster-in-protected-areas-scientists-warn-cop16-30x30-conservation-target,False,True,False
https://www.theguardian.com/business/2024/oct/22/i-wanted-both-sides-of-the-business-to-be-as-intimate-as-being-in-bed-tech-entrepreneur-william-reeve,False,True,False
https://www.theguardian.com/culture/corporate-sponsorship,False,True,False
https://www.theguardian.com/tv-and-radio/2024/oct/04/chris-packham-appointed-to-board-of-climate-emergency-fund,True,False,False
https://www.theguardian.com/artanddesign/2024/oct/17/national-gallery-london-steps-up-security-activists-art-attacks,True,False,False
https://www.theguardian.com/environment/2024/oct/22/colombian-emc-warlord-amazon-forest-deforestation-colombia-ivan-mordisco-logging-ban-cop16-biodiversity,False,True,False
https://www.theguardian.com/environment/2024/oct/14/nature-carbon-sink-collapse-global-heating-models-emissions-targets-evidence-aoe,False,True,False
https://www.theguardian.com/film/2024/oct/09/the-last-of-the-sea-women-review-documentary-sue-kim,True,False,False
https://www.theguardian.com/food/2024/oct/05/ask-ottolenghi-secret-to-great-meat-free-bolognese,False,True,False
https://www.theguardian.com/business/2024/oct/07/bp-abandoning-plan-to-cut-oil-output-angers-green-groups,True,False,False
https://www.theguardian.com/world/2024/oct/31/sweden-abolishes-tax-on-plastic-bags-warnings-usage-could-rise,True,False,False
https://www.theguardian.com/food/2024/oct/12/meera-sodha-vegan-recipe-blistered-beans-gnocchi-trapanese,False,True,False
https://www.theguardian.com/environment/2024/oct/22/new-commission-may-ban-england-water-companies-from-making-a-profit,True,False,False
https://www.theguardian.com/environment/2024/oct/30/budget-cuts-mean-farmers-in-england-must-do-more-with-less,False,True,False
https://www.theguardian.com/environment/energy?page=35,False,True,False
https://www.theguardian.com/environment/2024/oct/30/richard-seymour-on-far-right-environmental-crisis-disaster-nationalism,False,True,False
https://www.theguardian.com/australia-news/2024/oct/19/queensland-election-lnp-labor-energy-climate-policies,False,True,False
https://www.theguardian.com/environment/2024/oct/23/guardians-of-the-gibbons-inside-the-indian-village-where-humans-and-hoolocks-live-side-by-side,False,True,False
https://www.theguardian.com/environment/2024/oct/30/the-world-needs-700bn-a-year-to-restore-nature-but-where-is-the-money-coming-from,False,True,False
https://www.theguardian.com/commentisfree/2024/oct/26/lidia-thorpe-king-charles-confrontation-comment-bob-brown,False,True,False
https://www.theguardian.com/books/ng-interactive/2024/oct/02/this-months-best-paperbacks-werner-herzog-karl-ove-knausgaard-and-more,True,False,False
https://www.theguardian.com/business/2024/oct/05/british-food-firms-lobbied-to-defer-17bn-plastic-packaging-tax-documents-reveal,True,False,False
https://www.theguardian.com/environment/2024/oct/04/labour-to-commit-almost-22bn-to-fund-carbon-capture-and-storage-projects,True,False,False
https://www.theguardian.com/environment/2024/oct/15/about-80-percent-countries-fail-submit-plans-preserve-nature-ahead-cop16-aoe,False,True,False
https://www.theguardian.com/environment/cop15,False,True,False
https://www.theguardian.com/australia-news/2024/oct/09/nature-groups-in-dismay-over-albanese-leadership-on-environmental-reforms,True,False,False
https://www.theguardian.com/environment/2024/oct/28/hedgehogs-near-threatened-red-list-decline-over-past-decade,False,True,False
https://www.theguardian.com/environment/2024/oct/16/australia-liberal-oalition-gas-subsidies-pledge-chris-bowen,True,False,False
https://www.theguardian.com/commentisfree/2024/oct/29/art-climate-action-fossil-fuel-companies,True,False,False
https://www.theguardian.com/world/2024/oct/18/campaign-against-new-guggenheim-in-spain-guernica-urdaibai-biosphere-reserve,True,False,False
https://www.theguardian.com/australia-news/live/2024/oct/28/australia-news-live-telstra-and-optus-shut-down-3g-network-crisafulli-and-deputy-to-form-interim-cabinet-in-queensland,False,True,False
https://www.theguardian.com/environment/2024/oct/24/we-need-a-dash-of-hope-but-is-too-much-diverting-our-gaze-from-the-perils-of-the-climate-crisis,False,True,False
https://www.theguardian.com/environment/2024/nov/21/cop29-climate-finance-deal-setback-draft-text-global-goal,False,True,False
https://www.theguardian.com/politics/2024/nov/22/anecdotes-john-prescott-sutton-hull,True,False,False
https://www.theguardian.com/profile/henryporter,False,True,False
https://www.theguardian.com/australia-news/2024/nov/24/climate-activism-rising-tide-protest-newscastle-coal-port,False,True,False
https://www.theguardian.com/australia-news/2024/nov/05/rising-tide-protest-newcastle-worlds-biggest-coal-port-blockade,True,False,False
https://www.theguardian.com/profile/bibivanderzee,False,True,False
https://www.theguardian.com/environment/live/2024/nov/19/cop29-climate-summit-live-updates-world-leaders-in-baku-azerbaijan,True,False,False
https://www.theguardian.com/environment/copenhagen,False,True,False
https://www.theguardian.com/environment/live/2024/nov/11/cop29-live-the-climate-summit-gets-under-way-in-azerbaijan?page=with%3Ablock-6731c45e8f08a0d8bfbd3cca,False,True,False
https://www.theguardian.com/environment/2024/nov/04/two-sides-of-the-same-coin-governments-stress-links-between-climate-and-nature-collapse,False,True,False
https://www.theguardian.com/world/2024/nov/09/thousands-call-for-valencias-leader-to-resign-over-deadly-floods-response,True,False,False
https://www.theguardian.com/environment/2024/nov/25/drugs-hormones-excrement-pig-farms-mexico-water-yucatan,False,True,False
https://www.theguardian.com/australia-news/2024/nov/24/police-arrest-170-at-nsw-rising-tide-protest-as-activists-temporarily-block-coal-ships,False,True,False
https://www.theguardian.com/world/2024/nov/20/latest-russian-airstrikes-on-ukraine-threaten-catastrophic-power-failure,True,False,False
https://www.theguardian.com/environment/2024/nov/03/cop16-ends-in-disarry-and-indecision-despite-biodiversity-breakthroughs,False,True,False
https://www.theguardian.com/world/2024/nov/22/the-air-is-killing-us-why-delhi-india-pollution-problem-runs-deeper-than-smog-season,True,False,False
https://www.theguardian.com/environment/2024/nov/03/thousands-protesters-march-for-clean-water-london-sewage-pollution,True,False,False
https://www.theguardian.com/world/2024/nov/07/it-can-lead-to-chaos-false-claims-and-hoaxes-surge-as-spains-floods-recede,True,False,False
https://www.theguardian.com/commentisfree/2024/nov/20/newcastle-coal-port-blockade-protest-comment,False,True,False
https://www.theguardian.com/environment/live/2024/nov/18/cop29-live-as-we-head-in-to-the-second-week-is-the-climate-summit-stuck,False,True,False
https://www.theguardian.com/world/2024/nov/08/germany-coalition-odd-throuple-fiscal-policy-squabble,False,True,False
https://www.theguardian.com/australia-news/2024/nov/16/nsw-government-cuts-off-public-access-to-newcastle-harbour-ahead-of-peaceful-climate-protest,False,True,False
https://www.theguardian.com/business/2024/nov/20/uk-pension-fund-loses-350m-waste-incinerator-power-plants,True,False,False
https://www.theguardian.com/environment/2024/nov/26/how-the-battle-of-claremont-road-changed-the-world-the-whole-of-alternative-london-turned-up,True,False,False
https://www.theguardian.com/food/2024/nov/30/new-foodie-rules-waitrose-report,False,True,False
https://www.theguardian.com/environment/live/2024/nov/20/cop29-climate-summit-live-updates-baku-azerbaijan,True,False,False
https://www.theguardian.com/environment/2024/nov/19/hundreds-of-lobbyists-for-industrial-farming-attend-cop29-climate-summit,True,False,False
https://www.theguardian.com/environment/2024/nov/12/australia-cicada-season-noise-species,False,True,False
https://www.theguardian.com/environment/2024/nov/24/cop29-climate-finance-deal-criticised-travesty-justice-stage-managed,True,False,False
https://www.theguardian.com/environment/2024/nov/26/storm-bert-offers-stark-reminder-of-uks-underfunded-flood-defences,True,False,False
https://www.theguardian.com/politics/live/2024/nov/19/farmer-protest-london-inheritance-tax-uk-politics-live-news-updates?page=with%3Ablock-673c8e848f0871bd58f7c2c5,True,False,False
https://www.theguardian.com/world/2024/nov/19/paris-agreement-is-working-australian-minister-tells-cop29-but-much-deeper-cuts-needed-by-2035,True,False,False
https://www.theguardian.com/world/2024/nov/24/zelenskyy-fears-ukraine-is-testing-ground-for-russian-weapons-amid-rise-in-shahed-strikes,True,False,False
https://www.theguardian.com/environment/2024/nov/27/plastic-lobbyists-biggest-group-un-treaty-talks-busan-korea,True,False,False
https://www.theguardian.com/australia-news/2024/nov/18/australia-accused-of-exporting-climate-destruction-on-tiny-pacific-neighbours-with-massive-gas-expansion-plans,True,False,False
https://www.theguardian.com/environment/2024/nov/12/cancel-drilling-north-sea-oilfields-court-greenpeace-uplift-rosebank-jackdaw,True,False,False
https://www.theguardian.com/politics/live/2024/nov/19/farmer-protest-london-inheritance-tax-uk-politics-live-news-updates?filterKeyEvents=false&page=with%3Ablock-673c76c28f0871bd58f7c108,True,False,False
https://www.theguardian.com/environment/2024/nov/28/six-things-we-learned-about-the-australian-governments-climate-policies,False,True,False
https://www.theguardian.com/environment/2024/nov/06/safcol-no-net-tuna-most-sustainable-test-amcs-guide,False,True,False
https://www.theguardian.com/us-news/dakota-access-pipeline,False,True,False
https://www.theguardian.com/environment/2024/nov/10/cop29-climate-summit-baku-azerbaijan-richard-gun-marc-hudson,False,True,False
https://www.theguardian.com/global-development/2024/nov/28/rise-birth-defects-in-brazil-para-state-illegal-gold-mining-capital,False,True,False
https://www.theguardian.com/environment/carbonfootprints,False,True,False
https://www.theguardian.com/environment/2024/nov/25/i-feel-guilty-and-angry-the-captain-turned-campaigner-trying-to-keep-cruise-ships-at-bay,True,False,False
https://www.theguardian.com/commentisfree/2024/nov/11/greta-thunberg-cop29-authoritarian-human-rights-azerbaijan-greenwashing,False,True,False
https://www.theguardian.com/environment/2024/nov/23/i-couldnt-admit-i-was-afraid-biologist-tina-morris-on-her-fight-to-save-the-bald-eagle,False,True,False
https://www.theguardian.com/film/2024/nov/01/lucy-lawless-director-film-never-look-away-margaret-moth,True,False,False
https://www.theguardian.com/business/2024/nov/20/mckinsey-fossil-fuels,True,False,False
https://www.theguardian.com/food/2024/nov/15/cake-without-mistakes-how-to-avoid-baking-pitfalls-from-sunken-centres-to-stuck-bundts,False,True,False
https://www.theguardian.com/environment/live/2024/nov/23/cop29-talks-go-into-overtime-as-countries-wrangle-over-finance-deal-live-coverage?page=with%3Ablock-67419c328f087ff7bcc43d9a,True,False,False
https://www.theguardian.com/us-news/2024/nov/06/trump-climate-change-environment-threat,True,False,False
https://www.theguardian.com/environment/live/2024/nov/14/cop29-live-can-the-climate-summit-find-a-way-to-raise-1tn-a-year,True,False,False
https://www.theguardian.com/world/2024/nov/02/revealed-the-growing-income-gap-between-europes-biggest-and-smallest-farms,True,False,False
https://www.theguardian.com/environment/live/2024/nov/13/cop-29-leaders-speak-after-report-finds-climate-pledges-not-kept-live-updates?page=with:block-67345c268f082c1a66381e71,False,True,False
https://www.theguardian.com/world/2024/nov/20/first-edition-farmer-protests-inheritance-tax,True,False,False
https://www.theguardian.com/environment/2024/nov/08/antonio-guterres-cop29-climate-breakdown-tipping-points-fossil-fuels-finance-aoe,False,True,False
https://www.theguardian.com/environment/2024/nov/04/edinburgh-activists-tyre-extinguishers-target-suvs-in-solidarity-with-spains-flood-victims,False,True,False
https://www.theguardian.com/environment/2024/nov/20/five-firms-in-plastic-pollution-alliance-made-1000-times-more-waste-than-they-saved-analysis-shows,True,False,False
https://www.theguardian.com/food/2024/nov/11/golden-pan-seared-fish-with-ginger-and-spring-onions-chinese-food-recipe-amy-poon,False,True,False
https://www.theguardian.com/world/2024/nov/23/the-ukraine-missile-crisis-putins-shadow-war-against-the-west-finally-breaks-cover,True,False,False
https://www.theguardian.com/society/2024/dec/21/elderly-activist-to-spend-christmas-in-prison-because-tag-does-not-fit,True,False,False
https://www.theguardian.com/environment/2024/dec/03/australia-accused-of-undermining-landmark-climate-change-case-brought-by-pacific-nations-in-international-court,True,False,False
https://www.theguardian.com/environment/2024/dec/18/bad-deal-for-taxpayers-huge-losses-from-nsw-forest-logging-reports-reveal,False,True,False
https://www.theguardian.com/business/2024/dec/11/norway-oil-firm-sued-alleged-links-israeli-firm-operating-in-settlements,True,False,False
https://www.theguardian.com/global-development/2024/dec/23/they-knew-that-we-were-here-following-in-the-footsteps-of-the-uncontacted-pardo-river-kawahiva-people,False,True,False
https://www.theguardian.com/environment/2024/dec/02/norway-deep-sea-mining-mine-arctic,True,False,False
https://www.theguardian.com/commentisfree/2024/dec/20/planet-climate-disaster-labour-government,False,True,False
https://www.theguardian.com/world/2024/dec/09/eurostar-the-worst-performing-rail-service-in-europe-campaigners-find,True,False,False
https://www.theguardian.com/us-news/ng-interactive/2024/dec/01/doug-burgum-trump-interior-secretary-drilling,False,True,False
https://www.theguardian.com/environment/2024/dec/27/environment-quiz-2024-questions,False,True,False
https://www.theguardian.com/news/2024/dec/31/10-years-of-the-long-read-a-selection-of-great-stories,False,True,False
https://www.theguardian.com/environment/2024/dec/30/as-the-grampians-fires-approached-20-kangaroo-joeys-took-shelter-in-a-living-room-experts-say-others-arent-so-lucky,False,True,False
https://www.theguardian.com/environment/2024/dec/02/paul-watson-anti-whaling-activist-to-learn-if-he-will-be-extradited-to-japan-within-14-days,True,False,False
https://www.theguardian.com/society/2024/dec/07/starmer-english-councils-new-homes-housing-wildlife-labour,True,False,False
https://www.theguardian.com/australia-news/2024/dec/26/birdsville-notches-up-another-temperature-record-as-australia-faces-more-heat-before-new-years-eve,False,True,False
https://www.theguardian.com/business/citigroup,False,True,False
https://www.theguardian.com/world/world+uk/uk?page=102,False,True,False
https://www.theguardian.com/environment/2024/dec/21/uk-ban-bee-killing-pesticides-highly-toxic-neonicotinoid-could-be-allowed,True,False,False
https://www.theguardian.com/music/2024/dec/05/glastonbury-festival-raised-59m-for-charity-in-2024,True,False,False
https://www.theguardian.com/profile/caroline-kimeu,False,True,False
https://www.theguardian.com/environment/2024/dec/24/how-to-teach-climate-change-so-15-year-olds-can-act,False,True,False
https://www.theguardian.com/environment/2024/dec/03/its-nonstop-how-noise-pollution-threatens-the-return-of-norways-whales,False,True,False
https://www.theguardian.com/business/2024/dec/05/shell-and-equinor-to-merge-uk-north-sea-oil-and-gas-assets,False,True,False
https://www.theguardian.com/environment/2024/dec/12/down-to-earth-climate-protest-new-york,True,False,False
https://www.theguardian.com/us-news/2024/dec/17/biden-natural-gas-export,True,False,False
https://www.theguardian.com/world/2024/dec/17/denmark-refuses-to-extradite-whaling-activist-paul-watson-to-japan-says-lawyer,True,False,False
https://www.theguardian.com/environment/2024/dec/08/pesticide-poisonings-brazil-chemicals-diquat-banned-uk-health-problems,True,False,False
https://www.theguardian.com/business/live/2024/dec/02/uk-house-price-growth-dollar-trump-brics-tariff-threat-manufacturing-pmi-business-live-news,True,False,False
https://www.theguardian.com/world/2024/dec/16/ukraine-calls-for-sanctions-against-russia-oil-tankers-over-black-sea-spill,True,False,False
https://www.theguardian.com/environment/2024/dec/26/chemtrail-conspiracy-theories-rfk-climate-crisis,False,True,False
https://www.theguardian.com/business/2024/dec/18/lloyds-advert-banned-for-making-false-environmental-claims,False,True,False
https://www.theguardian.com/environment/2024/dec/07/just-stop-oil-activist-gaie-delap-facing-jail-recall-as-wrists-too-small-for-electronic-tag,True,False,False
https://www.theguardian.com/food/2024/dec/09/christmas-cracker-recipes-apple-chutney-and-seeded-biscuits-for-cheese-tarunima-sinha,False,True,False
https://www.theguardian.com/business/2024/dec/10/shell-settle-lawsuit-greenpeace-protest-oil-gas-slapp,True,False,False
https://www.theguardian.com/environment/2024/dec/17/down-to-earth-long-read-special,True,False,False
https://www.theguardian.com/environment/2024/dec/02/countries-call-for-binding-targets-to-cut-plastic-production-busan-talks,True,False,False
https://www.theguardian.com/environment/2025/jan/01/former-eu-environment-chief-warns-against-backsliding-on-climate-crisis,False,True,False
https://www.theguardian.com/environment/2024/dec/11/britain-leads-the-world-in-cracking-down-on-climate-activism-study-finds,True,False,False
https://www.theguardian.com/world/2024/dec/13/the-water-war-how-drought-threatens-survival-of-sicilys-towns,False,True,False
https://www.theguardian.com/environment/2024/dec/01/sea-shepherd-paul-watson-whaling-activist-prison,True,False,False
https://www.theguardian.com/uk-news/2024/dec/03/spy-cops-officer-behaved-recklessly-by-fathering-son-while-undercover-inquiry-told,True,False,False
https://www.theguardian.com/uk-news/2025/jan/10/mark-rylance-joins-criticism-of-police-ban-on-pro-palestine-march-in-london,True,False,False
https://www.theguardian.com/business/2025/jan/24/davos-un-development-chief-uk-reverse-cuts-aid-budget,False,True,False
https://www.theguardian.com/environment/2025/jan/29/sixteen-jailed-uk-climate-activists-to-appeal-against-sentences,True,False,False
https://www.theguardian.com/world/2025/jan/15/italian-police-accused-of-making-female-activists-remove-underwear-and-do-squats,True,False,False
https://www.theguardian.com/global-development/natural-resources-and-development+world/congo,False,True,False
https://www.theguardian.com/australia-news/2025/jan/10/woodside-ccs-proposal-bury-co2-under-scott-reef,True,False,False
https://www.theguardian.com/environment/2025/jan/29/environmentalists-urge-reeves-to-rethink-plans-for-airports-and-roads,True,False,False
https://www.theguardian.com/environment/2025/jan/15/age-of-the-panzootic-scientists-warn-of-more-devastating-diseases-jumping-between-species-aoe,False,True,False
https://www.theguardian.com/australia-news/live/2025/jan/15/australia-news-live-anthony-albanese-peter-dutton-election-campaign-nbn-education-school-cost?page=with%3Ablock-6786f8588f08cb23ad2f021f,False,True,False
https://www.theguardian.com/environment/2025/jan/17/country-diary-low-octane-thrills-at-a-high-place,False,True,False
https://www.theguardian.com/environment/video/2025/jan/13/15-is-dead-just-stop-oil-activists-paint-over-charles-darwin-grave-video,True,False,False
https://www.theguardian.com/business/2025/jan/11/wall-street-looks-forward-to-a-bonfire-of-capital-and-climate-rules-under-trump,False,True,False
https://www.theguardian.com/business/2025/jan/21/ursula-von-der-leyen-seeks-closer-economic-ties-across-eu-as-new-trump-era-begins,False,True,False
https://www.theguardian.com/environment/2025/jan/29/third-heathrow-runway-pollution-emissions-noise,False,True,False
https://www.theguardian.com/environment/2025/jan/30/protest-london-high-court-jailed-climate-activists-appeal-just-stop-oil,True,False,False
https://www.theguardian.com/environment/2025/jan/25/just-stop-oil-jailed-four-years-non-violent-climate-protest-prison-diary,True,False,False
https://www.theguardian.com/world/2025/jan/11/one-of-four-lynx-illegally-released-into-scottish-highlands-dies,False,True,False
https://www.theguardian.com/media/bbc2,False,True,False
https://www.theguardian.com/global-development/2025/jan/07/cultural-identity-saving-worlds-endangered-languages-activists-online-tools-rohingya-igbo-angika,False,True,False
https://www.theguardian.com/uk-news/2025/jan/24/man-arrested-after-climate-activists-cut-uk-insurance-firms-fibre-optic-cables,True,False,False
https://www.theguardian.com/environment/2025/jan/08/charges-dropped-plastic-pollution-protest-greenpeace-unilever-london,True,False,False
https://www.theguardian.com/environment/2025/jan/20/uk-agriculture-farming-fertilisers-yields-biodiversity-study-park-grass-pollinators-bees-wildflowers-aoe,False,True,False
https://www.theguardian.com/environment/2025/jan/30/global-gigantism-hotspot-tasmanian-tree-standing-at-almost-100m-tallest-in-the-country,False,True,False
https://www.theguardian.com/global-development/2025/jan/30/like-dropping-a-bomb-why-is-clean-energy-leader-uruguay-ramping-up-the-search-for-oil,False,True,False
https://www.theguardian.com/commentisfree/2025/jan/09/failure-justice-gaie-delap-prison-government-climate-activist-tory-law,True,False,False
https://www.theguardian.com/commentisfree/2025/jan/09/planet-dying-climate-crisis-emergency-scientists,True,False,False
https://www.theguardian.com/environment/2025/jan/27/victoria-grampians-fires-endangered-globe-pea-plant-rescue,False,True,False
https://www.theguardian.com/business/2025/jan/03/donald-trump-accused-attacking-uk-energy-policies-fossil-fuel-industry,True,False,False
https://www.theguardian.com/business/2025/jan/10/uk-energy-supply-gas-storage-levels-centrica,True,False,False
https://www.theguardian.com/profile/georgemonbiot+profile/georgemonbiot?page=2,False,True,False
https://www.theguardian.com/us-news/2025/jan/20/trump-activists-mass-protest,True,False,False
https://www.theguardian.com/uk-news/2025/jan/30/english-heritage-plans-up-to-200-redundancies-and-winter-closures-of-some-sites,False,True,False
https://www.theguardian.com/food/2025/jan/21/sweetgreen-seed-oils,False,True,False
https://www.theguardian.com/global-development/2025/jan/14/nobel-world-food-prize-laureates-global-hunger-open-letter-food-production,False,True,False
https://www.theguardian.com/environment/2025/jan/30/rosebank-oilfield-jackdaw-decision-unlawful-edinburgh-court,True,False,False
https://www.theguardian.com/world/2025/jan/18/london-protest-israel-gaza-war-arrests,False,True,False
https://www.theguardian.com/environment/2025/jan/31/rat-numbers-cities-climate-temperatures-rodents,False,True,False
https://www.theguardian.com/environment/2025/jan/27/pete-wilkinson-obituary,True,False,False
https://www.theguardian.com/global-development/natural-resources-and-development,False,True,False
https://www.theguardian.com/us-news/2025/jan/20/trump-executive-order-energy-emergency,True,False,False
https://www.theguardian.com/profile/matthewtaylor?page=2,False,True,False
https://www.theguardian.com/business/2025/jan/28/uk-energy-bills-fossil-fuel-power-plants-capacity-market,False,True,False
https://www.theguardian.com/food/2025/jan/08/how-to-make-a-wholemeal-loaf-recipe-felicity-cloake,False,True,False
https://www.theguardian.com/profile/georgemonbiot?page=2,False,True,False
https://www.theguardian.com/environment/2025/jan/31/heathrow-third-runway-rachel-reeves-and-the-pursuit-of-growth,True,False,False
https://www.theguardian.com/world/2025/jan/03/families-like-ours-tv-drama-about-danish-climate-refugees-divides-opinion,True,False,False
https://www.theguardian.com/environment/2025/jan/30/birds-dying-pristine-amazon-climate-crisis-aoe,False,True,False
https://www.theguardian.com/us-news/live/2025/jan/21/donald-trump-inauguration-presidency-executive-orders-pardons-day-two-live-blog,False,True,False
https://www.theguardian.com/business/2025/jan/22/uk-visas-ai-life-science-rachel-reeves-davos,False,True,False
https://www.theguardian.com/profile/rupertread,False,True,False
https://www.theguardian.com/business/2025/jan/20/uk-second-most-attractive-country-for-investment-survey-finds,True,False,False
https://www.theguardian.com/law/2025/jan/29/hannah-arendt-and-henry-david-thoreau-invoked-in-court-by-climate-protesters,True,False,False
https://www.theguardian.com/business/live/2025/jan/21/davos-day-one-von-der-leyen-zelenskyy-ding-scholz-trump-wef-live-updates,True,False,False
https://www.theguardian.com/uk-news/2025/jan/13/just-stop-oil-activists-spray-paint-charles-darwin-grave,True,False,False
https://www.theguardian.com/food/hughfearnleywhittingstall,False,True,False
https://www.theguardian.com/business/2025/jan/04/record-number-of-electric-cars-were-sold-in-uk-during-2024,True,False,False
https://www.theguardian.com/business/2025/jan/24/davos-donald-trump-tariffs-eu-us,False,True,False
https://www.theguardian.com/business/live/2025/jan/10/sainsbury-hike-wages-christmas-pound-dips-bond-sell-off-us-jobs-payrolls-december-business-live-news,True,False,False
https://www.theguardian.com/environment/video/2025/jan/28/just-stop-oil-activists-interrupt-sigourney-weaver-performance-in-the-tempest-video,True,False,False
https://www.theguardian.com/environment/2025/jan/06/uk-government-scraps-plan-to-ban-sale-of-gas-boilers-by-2035,False,True,False
https://www.theguardian.com/politics/jenny-jones,False,True,False
https://www.theguardian.com/us-news/2025/feb/27/greenpeace-dapl-jurors,True,False,False
https://www.theguardian.com/global-development/2025/feb/04/deaths-predicted-amid-the-chaos-of-elon-musks-shutdown-of-usaid,False,True,False
https://www.theguardian.com/us-news/2025/feb/20/greenpeace-energy-transfer-dakota-pipeline-trial,True,False,False
https://www.theguardian.com/environment/2025/feb/01/its-incredible-the-place-just-swarms-with-birdlife-inside-englands-biggest-bird-sanctuary,False,True,False
https://www.theguardian.com/environment/2025/feb/06/jeff-bezos-climate-group-trump-bezos-earth-fund-science-based-targets-initiative-decarbonisation-aoe,False,True,False
https://www.theguardian.com/world/2025/feb/14/rats-strangled-in-part-government-funded-australian-domestic-violence-study-ntwnfb,False,True,False
https://www.theguardian.com/environment/palm-oil+forests,False,True,False
https://www.theguardian.com/environment/2025/feb/21/as-the-uk-prepares-its-next-carbon-budget-what-needs-to-be-included,True,False,False
https://www.theguardian.com/environment/2025/feb/12/philippines-storm-survivors-climate-protest-shell-hq-london,True,False,False
https://www.theguardian.com/world/ng-interactive/2025/feb/18/europes-population-crisis-see-how-your-country-compares-visualised,False,True,False
https://www.theguardian.com/environment/2025/feb/20/europe-greenwashing-with-north-africas-renewable-energy-report-says,True,False,False
https://www.theguardian.com/environment/kyoto-protocol,False,True,False
https://www.theguardian.com/us-news/2025/feb/26/trump-environment-lawsuits,True,False,False
https://www.theguardian.com/politics/2025/feb/24/business-secretary-jonathan-reynolds-says-he-did-not-misrepresent-legal-career-amid-calls-for-investigation,False,True,False
https://www.theguardian.com/environment/2025/feb/19/eu-overhaul-of-farming-strategy-ignores-vital-green-proposals-campaigners-warn,True,False,False
https://www.theguardian.com/world/2025/feb/26/eu-climate-goals-dirty-industries-clean-industrial-deal,True,False,False
https://www.theguardian.com/world/2025/feb/12/japan-nuclear-power-plan-emissions-targets-fukushima,True,False,False
https://www.theguardian.com/world/2025/feb/21/brad-homewood-activist-charges-extinction-rebellion-protest-ntwnfb,True,False,False
https://www.theguardian.com/business/2025/feb/13/activist-hedge-fund-reportedly-amasses-38bn-stake-in-bp,True,False,False
https://www.theguardian.com/environment/friends-of-the-earth,False,True,False
https://www.theguardian.com/business/2025/feb/11/bp-chief-profits-murray-auchincloss-elliott,True,False,False
https://www.theguardian.com/artanddesign/2025/feb/21/organizmo-the-colombian-architects-overturning-colonialist-sustainability-ideas,True,False,False
https://www.theguardian.com/environment/2025/feb/10/climate-activists-fined-over-protest-outside-woodside-boss-meg-oneills-perth-home-ntwnfb,False,True,False
https://www.theguardian.com/environment/2025/feb/28/ultimate-bringers-of-life-cornwall-farmer-beavers-stop-flooding,False,True,False
https://www.theguardian.com/world/2025/feb/24/musk-doge-claim-usaid-funds-india-trump-modi,True,False,False
https://www.theguardian.com/us-news/2025/feb/19/trump-administration-climate-lawsuits,True,False,False
https://www.theguardian.com/business/2025/feb/26/why-has-bp-pulled-the-plug-on-its-green-ambitions,True,False,False
https://www.theguardian.com/business/2025/feb/18/support-for-esg-proposals-at-record-low-driven-by-us-investors-report-shows,False,True,False
https://www.theguardian.com/commentisfree/2025/feb/09/nimbys-naysayers-traitors-children-take-note-why-learn-oracy-when-insults-will-do,True,False,False
https://www.theguardian.com/food/2025/feb/17/hazelnut-mushroom-ragu-recipe-pasta-rachel-roddy,False,True,False
https://www.theguardian.com/environment/commentisfree/2025/feb/04/australian-nature-if-our-laws-dont-radically-change-environmental-degradation-will-continue,False,True,False
https://www.theguardian.com/world/indonesia+indigenous-peoples,False,True,False
https://www.theguardian.com/environment/2025/feb/14/richest-nations-exporting-extinction-with-demand-for-beef-palm-oil-and-timber-aoe,False,True,False
https://www.theguardian.com/us-news/2025/feb/28/fake-ad-scrubby-greenwash-lng,False,True,False
https://www.theguardian.com/environment/2025/feb/08/uk-conservation-goals-insufficient-ants-bees,False,True,False
https://www.theguardian.com/environment/2025/feb/13/worlds-largely-unprotected-peatlands-are-ticking-carbon-bomb-warns-study,False,True,False
https://www.theguardian.com/business/iceland-foods,False,True,False
https://www.theguardian.com/environment/2025/feb/10/while-some-green-activists-decry-drax-decision-others-take-a-softer-view,True,False,False
https://www.theguardian.com/environment/2025/feb/25/nature-crucial-cop16-biodiversity-talks-rome-cali-funding-aoe,False,True,False
https://www.theguardian.com/environment/2025/feb/03/environmental-groups-in-uk-still-very-white-especially-at-the-top,True,False,False
https://www.theguardian.com/environment/2025/mar/19/climate-activist-experience-jail-prison-uk,False,True,False
https://www.theguardian.com/uk-news/2025/mar/02/undercover-cops-deceived-people-sexual-relations,False,True,False
https://www.theguardian.com/environment/video/2025/mar/20/north-dakota-jury-says-greenpeace-must-pay-at-least-660m-over-dakota-pipeline-protests,True,False,False
https://www.theguardian.com/us-news/live/2025/mar/19/us-politics-live-donald-trump-republicans-democrats-elon-musk-latest-news,True,False,False
https://www.theguardian.com/world/video/2025/mar/08/protester-with-palestinian-flag-scales-elizabeth-tower-in-central-london-video,False,True,False
https://www.theguardian.com/world/animals+malaysia,False,True,False
https://www.theguardian.com/commentisfree/commentisfree+environment/greenpeace,False,True,False
https://www.theguardian.com/environment/2025/mar/07/switzerland-do-better-climate-older-womens-echr-win-human-rights,True,False,False
https://www.theguardian.com/us-news/2025/mar/20/first-thing-dozens-of-civilians-killed-in-overnight-israeli-strikes-as-new-gaza-assault-deepens,True,False,False
https://www.theguardian.com/us-news/2025/mar/21/oil-protest-activism-greenpeace-dakota-pipeline-verdict,True,False,False
https://www.theguardian.com/politics/live/2025/mar/11/angela-rayner-planning-reform-farmers-keir-starmer-uk-politics-live,True,False,False
https://www.theguardian.com/global/ng-interactive/2025/mar/05/zizians-artificial-intelligence,False,True,False
https://www.theguardian.com/environment/2025/mar/27/sewage-dumps-windermere-must-end-says-activist-matt-staniek,False,True,False
https://www.theguardian.com/world/world+tanzania,False,True,False
https://www.theguardian.com/commentisfree/ng-interactive/2025/mar/11/democrats-liberal-technology-innovation,True,False,False
https://www.theguardian.com/environment/2025/mar/05/greenland-mining-energy-transition-minerals-environmental-laws-uranium-rare-earth-toxic-waste-investor-state-dispute-settlement-isds-aoe,False,True,False
https://www.theguardian.com/environment/2025/mar/27/just-stop-oil-hangs-up-the-hi-vis-after-three-years-of-climate-action,True,False,False
https://www.theguardian.com/world/2025/mar/20/west-papua-indonesia-palm-oil-deforestation-rainforest,False,True,False
https://www.theguardian.com/world/2025/mar/03/spain-iberian-lynx-rewilding-lobbying-hunters-farmers,False,True,False
https://www.theguardian.com/environment/2025/mar/06/isds-fear-of-billion-dollar-lawsuits-stops-countries-phasing-out-fossil-fuels-aoe,False,True,False
https://www.theguardian.com/us-news/2025/mar/19/greenpeace-lawsuit-energy-transfer-dakota-pipeline,True,False,False
https://www.theguardian.com/environment/2025/mar/27/uk-carbon-emissions-fell-by-4-in-2024-official-figures-show,True,False,False
https://www.theguardian.com/environment/2025/mar/20/greenpeace-energy-transfer-verdict-reactions,True,False,False
https://www.theguardian.com/politics/live/2025/mar/18/disability-benefits-cuts-pip-liz-kendall-labour-kemi-badenoch-conservatives-uk-politics-latest-updates-news?filterKeyEvents=false&page=with%3Ablock-67d927218f08d62d8e6fabb7,True,False,False
https://www.theguardian.com/world/2025/mar/26/pick-for-german-agriculture-minister-withdraws-after-activists-storm-farm,False,True,False
https://www.theguardian.com/commentisfree/2025/mar/28/greenpeace-verdict-pipeline-north-dakota,True,False,False
https://www.theguardian.com/profile/steven-donziger,False,True,False
https://www.theguardian.com/environment/2025/mar/17/from-sewage-and-scum-to-swimming-in-blue-gold-how-switzerland-transformed-its-waterways-aoe,False,True,False
https://www.theguardian.com/environment/2025/mar/27/acid-rain-trump-epa,False,True,False
https://www.theguardian.com/commentisfree/2025/mar/25/the-north-dakota-ruling-against-greenpeace-is-a-threat-to-free-speech,True,False,False
https://www.theguardian.com/us-news/2025/mar/12/fossil-fuels-oil-gas-conference-ceraweek,False,True,False
https://www.theguardian.com/environment/2025/mar/28/deep-sea-mining-international-seabed-authority-canadian-the-metals-company-tmc-negotiations-trump-us,True,False,False
https://www.theguardian.com/theguardian/2025/mar/20,False,True,False
https://www.theguardian.com/environment/2025/mar/24/apoplectic-environment-groups-halt-coalition-attack-ads-to-take-aim-at-albanese-over-species-death-warrant,True,False,False
https://www.theguardian.com/commentisfree/2025/mar/02/david-archer-beavers-broken-rivers,False,True,False
https://www.theguardian.com/world/russia+business/global-economy,False,True,False
https://www.theguardian.com/profile/josephine-moulds,False,True,False
https://www.theguardian.com/environment/2025/mar/08/a-new-phase-why-climate-activists-are-turning-to-sabotage-instead-of-protest,True,False,False
https://www.theguardian.com/environment/palm-oil,False,True,False
https://www.theguardian.com/australia-news/2025/mar/24/labor-tasmanian-salmon-industry-protection-promises-anthony-albanese,True,False,False
https://www.theguardian.com/world/2025/mar/20/trumps-demand-that-us-could-take-over-ukraines-reactors-is-not-credible,True,False,False
https://www.theguardian.com/environment/2025/mar/31/plan-to-rid-marion-island-of-albatross-eating-mice-invasive-species,False,True,False
https://www.theguardian.com/environment/2025/mar/11/incidents-hazardous-industrial-sites-england-going-unchecked-recruitment-crisis-major-accident-hazards,True,False,False
https://www.theguardian.com/australia-news/2025/mar/06/wa-state-election-2025-gas-industry-impact,False,True,False
https://www.theguardian.com/business/2025/mar/05/ban-on-new-drilling-confirmed-as-ministers-consult-on-north-sea-clean-energy-future,True,False,False
https://www.theguardian.com/australia-news/2025/mar/22/bob-brown-greens-labor-environment-law-election-anthony-albanese,False,True,False
https://www.theguardian.com/business/2025/mar/25/shell-cuts-costs-spending-ceo-bonus-pay-oil-company,False,True,False
https://www.theguardian.com/music/jean-sibelius,False,True,False
https://www.theguardian.com/world/2025/mar/05/china-donald-trump-tariffs-gdp-target,True,False,False
https://www.theguardian.com/us-news/2025/mar/15/cera-week-houston-texas,False,True,False
https://www.theguardian.com/environment/2025/mar/07/just-stop-oil-protesters-jail-sentences-shortened-after-appeal,True,False,False
https://www.theguardian.com/environment/ng-interactive/2025/mar/12/as-countries-scramble-for-minerals-the-seabed-beckons-will-mining-it-be-a-disaster-visual-explainer,True,False,False
https://www.theguardian.com/world/china+environment/forests,False,True,False
https://www.theguardian.com/environment/2025/mar/31/amber-comet-firefly-invertebrate,False,True,False
https://www.theguardian.com/environment/2025/apr/05/king-charles-will-have-to-tone-down-support-for-net-zero-after-badenoch-says-2050-is-impossible,True,False,False
https://www.theguardian.com/australia-news/commentisfree/2025/apr/11/the-labor-party-has-a-legacy-of-action-for-the-natural-world-now-is-the-time-for-us-to-do-better,False,True,False
https://www.theguardian.com/environment/2025/apr/19/uk-military-bases-chemical-leaks-forever-chemicals-drinking-water,False,True,False
https://www.theguardian.com/environment/2025/apr/29/woodside-commits-18bn-to-us-project-that-climate-advocates-warn-would-export-harmful-gas-until-the-2070s-ntwnfb,False,True,False
https://www.theguardian.com/environment/2025/apr/25/brazil-host-cop30-climate-talks-amazon,False,True,False
https://www.theguardian.com/uk?lid=htzxd8qhzg55&utm_source=eml&utm_medium=emlf&utm_campaign=Email_Newsletter04052025_UK&CMP_TU=mrtn&CMP_BUNIT=holys,False,True,False
https://www.theguardian.com/commentisfree/ng-interactive/2025/apr/26/space-exploration-life-on-earth,False,True,False
https://www.theguardian.com/us-news/2025/apr/21/climate-protests-trump,False,True,False
https://www.theguardian.com/politics/live/2025/apr/03/keir-starmer-uk-trump-tariffs-response-labour-local-elections-uk-politics-latest-updates-news?filterKeyEvents=false&page=with%3Ablock-67ee64aa8f0848e9ebbcce3d,True,False,False
https://www.theguardian.com/business/2025/apr/29/nationalise-gas-power-plants-to-boost-energy-security-thinktank-urges-uk-ministers,True,False,False
https://www.theguardian.com/australia-news/live/2025/apr/10/australia-election-2025-live-anthony-albanese-peter-dutton-economy-tariffs-cost-of-living-labor-coalition-ntwnfb,True,False,False
https://www.theguardian.com/theobserver/2025/apr/13,False,True,False
https://www.theguardian.com/uk-news/2025/apr/10/greenpeace-co-head-arrested-for-pouring-red-dye-into-us-embassy-pond,True,False,False
https://www.theguardian.com/uk-news/video/2025/apr/10/greenpeace-uk-activists-pour-blood-red-dye-into-us-embassy-pond-video,True,False,False
https://www.theguardian.com/global-development/2025/apr/01/crews-report-abuse-and-death-onboard-long-haul-vessels-seafood-industry,True,False,False
https://www.theguardian.com/us-news/2025/apr/17/trump-green-policy-rollback-lawsuit,False,True,False
https://www.theguardian.com/profile/amrit-dhillon,False,True,False
https://www.theguardian.com/environment/2025/apr/05/what-next-climate-activism-just-stop-oil-hanging-up-hi-vis-protests-arrests,True,False,False
https://www.theguardian.com/world/2025/apr/06/unsafe-for-russia-to-restart-zaporizhzhia-nuclear-plant-energoatom-says,False,True,False
https://www.theguardian.com/us-news/2025/apr/09/anti-protest-bills-trump,True,False,False
https://www.theguardian.com/news/gallery/2025/apr/23/prayers-a-parade-and-a-volcanic-eruption-photos-of-the-day-wednesday,False,True,False
https://www.theguardian.com/environment/2025/apr/09/planning-bill-throws-environmental-protection-to-wind-uk-nature-chiefs,False,True,False
https://www.theguardian.com/environment/2025/apr/08/legal-action-climate-crisis-monica-feria-tinta-law,True,False,False
https://www.theguardian.com/environment/2025/apr/30/labour-not-protecting-people-economy-and-homes-from-climate-crisis-watchdog-says,True,False,False
https://www.theguardian.com/environment/2025/apr/27/trump-fishing-regulation-order-pacific-islands,True,False,False
https://www.theguardian.com/environment/2025/apr/26/more-than-100-landfills-in-england-may-be-leaching-highly-hazardous-waste,True,False,False
https://www.theguardian.com/australia-news/2025/apr/23/peter-dutton-coalition-nuclear-reactors-plan-risks-waste,True,False,False
https://www.theguardian.com/environment/2025/apr/14/it-looks-like-ive-gone-10-rounds-with-a-boxer-when-hay-fever-becomes-debilitating-and-potentially-deadly-aoe,False,True,False
https://www.theguardian.com/food/2025/apr/26/meera-sodha-recipe-red-rice-bean-salad-feta-pomegranate-molasses,False,True,False
https://www.theguardian.com/world/2025/apr/04/ukraine-war-briefing-kyiv-solving-its-troop-shortages-says-top-us-general-in-europe,True,False,False
https://www.theguardian.com/environment/2025/apr/03/trump-fossil-fuel-donors-data-centers,True,False,False
https://www.theguardian.com/us-news/live/2025/apr/30/donald-trump-100-days-michigan-rally-tariffs-ukraine-mandelson-us-politics-live-updates,False,True,False
https://www.theguardian.com/world/live/2025/apr/10/france-palestinian-state-emmanuel-macron-israel-middle-east-crisis-latest-updates-news,True,False,False
https://www.theguardian.com/australia-news/2025/apr/07/australia-is-in-an-extinction-crisis-why-isnt-it-an-issue-at-this-election,False,True,False
https://www.theguardian.com/world/2025/apr/16/tuvalu-first-atm-cash-machine-banking,False,True,False
https://www.theguardian.com/world/2025/apr/28/first-edition-just-stop-oil-legacy,True,False,False
https://www.theguardian.com/music/2025/apr/26/people-cant-imagine-something-on-that-scale-dying-anohni-on-mourning-the-great-barrier-reef,False,True,False
https://www.theguardian.com/money/2025/apr/25/average-energy-bill-in-britain-set-to-fall-9-in-july-in-relief-for-households,True,False,False
https://www.theguardian.com/food/2025/apr/09/purple-sprouting-broccoli-recipes-spicy-noodles-pie-polenta-ravinder-bhogal,False,True,False
https://www.theguardian.com/business/2025/apr/17/bp-braces-for-investor-rebellion-at-first-agm-since-climate-strategy-u-turn,False,True,False
https://www.theguardian.com/politics/2025/may/07/reform-uk-green-energy-assault-lincolnshire-jobs-risk,True,False,False
https://www.theguardian.com/environment/2025/may/01/ocean-david-attenborough-trawling-fishing-industry-film-documentary,False,True,False
https://www.theguardian.com/stage/2025/may/08/the-beautiful-future-is-coming-hot-mess-bringing-the-outside-in-the-herds,True,False,False
https://www.theguardian.com/environment/2025/may/05/tony-blair-serious-threat-climate-policy-out-of-touch,True,False,False
https://www.theguardian.com/tv-and-radio/2025/may/17/eurovision-crew-member-hit-with-paint-amid-bid-to-disrupt-israeli-performance,False,True,False
https://www.theguardian.com/business/2025/may/13/dutch-climate-campaigners-vow-to-take-shell-to-court-again,True,False,False
https://www.theguardian.com/environment/2025/may/01/solar-panels-fitted-all-new-build-homes-england-by-2027,True,False,False
https://www.theguardian.com/environment/2025/may/07/a-cemetery-of-trees-vast-green-expanses-turned-to-dust-as-loggers-plunder-south-americas-gran-chaco,True,False,False
https://www.theguardian.com/politics/2025/may/12/green-party-must-choose-again-election-focused-activist-leaders,True,False,False
https://www.theguardian.com/environment/insulate-britain,False,True,False
https://www.theguardian.com/commentisfree/2025/may/20/extinction-rebellion-climate-protest-law,True,False,False
https://www.theguardian.com/media/2025/may/14/firms-greenwashing-adverts-after-being-censured-uk-investigation-finds,True,False,False
https://www.theguardian.com/tv-and-radio/2025/may/11/when-only-an-actors-face-gets-cast-adolescence-love-actually,True,False,False
https://www.theguardian.com/business/2025/may/08/british-gas-owner-suffers-shareholder-rebellion-over-ceo-pay-packet,True,False,False
https://www.theguardian.com/film/jake-gyllenhaal,False,True,False
https://www.theguardian.com/politics/2025/may/09/conservative-party-is-fighting-for-its-life-says-uk-ex-cabinet-minister,False,True,False
https://www.theguardian.com/global-development/2025/may/06/colombia-blood-timber-trade-western-importers,False,True,False
https://www.theguardian.com/environment/extinction-rebellion,False,True,False
https://www.theguardian.com/australia-news/2025/may/22/murray-watt-knocks-back-objections-to-woodsides-north-west-shelf-extension-and-clears-way-for-final-decision,True,False,False
https://www.theguardian.com/books/thomas-piketty,False,True,False
https://www.theguardian.com/uk-news/2025/may/22/spies-lies-and-betrayal-my-ruinous-relationship-with-an-undercover-cop,True,False,False
https://www.theguardian.com/us-news/2025/may/15/first-thing-russia-ukraine-to-begin-first-direct-talks-since-2022,False,True,False
https://www.theguardian.com/world/live/2025/may/06/friedrich-merz-german-chancellor-europe-live-latest-news,True,False,False
https://www.theguardian.com/environment/2025/may/20/only-strong-action-on-emissions-can-restore-economic-stability-un-climate-chief-says,True,False,False
https://www.theguardian.com/world/2025/may/07/russian-drone-strike-caused-tens-of-millions-worth-of-damage-to-chornobyl,True,False,False
https://www.theguardian.com/world/2025/may/30/carbon-footprint-of-israels-war-on-gaza-exceeds-that-of-many-entire-countries,False,True,False
https://www.theguardian.com/environment/2025/may/22/chris-packham-calls-sea-bass-labelling-in-uk-supermarkets-a-dereliction-of-duty,True,False,False
https://www.theguardian.com/business/2025/may/01/drax-abandons-uk-shareholder-agm-after-protest-by-environmental-activists,False,True,False
https://www.theguardian.com/australia-news/2025/may/08/woodside-energy-agm-investor-climate-concerns,False,True,False
https://www.theguardian.com/theguardian/2025/may/28/the-health-impact-of-nuclear-tests-in-french-polynesia-1981,True,False,False
https://www.theguardian.com/profile/jon-trickett,False,True,False
https://www.theguardian.com/politics/2025/may/07/massive-earthquake-in-politics-could-lead-to-tory-extinction-says-hunt,False,True,False
https://www.theguardian.com/environment/2025/may/01/trump-air-climate-pollution-regulation-100-days,False,True,False
https://www.theguardian.com/profile/isabel-brooks,False,True,False
https://www.theguardian.com/australia-news/2025/may/27/woodside-boss-meg-oneill-young-people-fossil-fuels-temu-comments,True,False,False
https://www.theguardian.com/news/audio/2025/jun/25/the-protest-group-the-uk-government-wants-to-brand-terrorists-podcast,True,False,False
https://www.theguardian.com/australia-news/2025/jun/06/afternoon-update-friday-ntwnfb,True,False,False
https://www.theguardian.com/commentisfree/2025/jun/25/jeff-bezos-lauren-sanchez-wedding-venice,True,False,False
https://www.theguardian.com/environment/2025/jun/17/insects-dying-25-easy-and-effective-ways-you-can-help-aoe,False,True,False
https://www.theguardian.com/world/2025/jun/02/peru-nazca-lines-protection-illegal-mining,False,True,False
https://www.theguardian.com/technology/2025/jun/24/jeff-bezos-lauren-sanchez-change-wedding-reception-location-in-venice-after-threatened-protest,True,False,False
https://www.theguardian.com/world/2025/jun/10/new-zealand-is-failing-to-protect-its-vast-ocean-resources-we-owe-it-to-the-world-to-act,False,True,False
https://www.theguardian.com/environment/gm+farming,False,True,False
https://www.theguardian.com/australia-news/2025/jun/06/australias-critically-endangered-alpine-tree-frogs-sidestep-deadly-fungus-with-sexual-plan-b,False,True,False
https://www.theguardian.com/technology/2025/jun/25/jeff-bezos-wedding-venice-guests-arrive-ivanka-trump,True,False,False
https://www.theguardian.com/environment/2025/jun/27/cop30-10-things-we-learned-from-bonn-climate-talks,False,True,False
https://www.theguardian.com/uk?q=%E7%BC%85%E7%94%B8%E9%94%A6%E5%88%A9%E5%9B%BD%E9%99%85%E2%9C%94%E7%BC%85%E7%94%B8%E9%94%A6%E5%88%A9%E5%9B%BD%E9%99%85%E8%B5%8C%E5%9C%BA%E2%96%9Bbcdh.win%E2%96%9F%E7%BC%85%E7%94%B8%E9%94%A6%E5%88%A9%E5%9B%BD%E9%99%85%E5%85%AC%E5%8F%B8%E3%8A%99%E7%BC%85%E7%94%B8%E9%94%A6%E5%88%A9%E5%9B%BD%E9%99%85%E5%A8%B1%E4%B9%90%E2%96%9Bbcdh.win%E2%96%9F%E7%BC%85%E7%94%B8%E9%94%A6%E5%88%A9%E5%9B%BD%E9%99%85%E5%A8%B1%E4%B9%90%E5%BC%80%E6%88%B7%5B20250620%5D.bgkt,False,True,False
https://www.theguardian.com/environment/2025/jun/26/eu-rollback-on-environmental-policy-deregulation-european-green-deal,True,False,False
https://www.theguardian.com/world/2025/jun/15/why-nuclear-war-not-the-climate-crisis-is-humanitys-biggest-threat-according-to-one-author,False,True,False
https://www.theguardian.com/environment/2025/jun/01/tide-turning-europe-beyond-favour-nuclear-power,True,False,False
https://www.theguardian.com/uk?q=%E7%9A%87%E5%AE%B6%E5%9B%BD%E9%99%85%E4%BB%A3%E7%90%86%E5%90%88%E4%BD%9C%E2%9C%94%E7%9A%87%E5%AE%B6%E5%9B%BD%E9%99%85%E8%AE%BA%E5%9D%9B%E4%BA%A4%E6%B5%81%E2%96%9B3808.bet%E2%96%9F%E7%9A%87%E5%AE%B6%E5%9B%BD%E9%99%85%E4%BF%A1%E8%AA%89%E8%AF%84%E4%BB%B7%E3%8A%99%E7%9A%87%E5%AE%B6%E5%9B%BD%E9%99%85%E9%BB%91%E7%BD%91%E6%9B%9D%E5%85%89%E2%96%9B3808.bet%E2%96%9F%E7%9A%87%E5%AE%B6%E5%9B%BD%E9%99%85%E8%AF%88%E9%AA%97%E6%8A%95%E8%AF%89%5B20250629%5D.proi,False,True,False
https://www.theguardian.com/guardian-live-events/2025/jun/24/the-rise-of-climate-denialism-with-george-monbiot-and-special-guests,True,False,False
https://www.theguardian.com/world/ghana,False,True,False
https://www.theguardian.com/world/2025/jun/29/revealed-spies-for-hire-salmon-farm-activists,True,False,False
https://www.theguardian.com/world/2025/jun/26/nearly-a-third-of-tuvalu-citizens-enter-ballot-for-climate-linked-visa-to-relocate-to-australia,False,True,False
https://www.theguardian.com/environment/just-stop-oil,False,True,False
https://www.theguardian.com/technology/2025/jun/24/inside-the-no-space-for-bezos-movement-one-man-rents-a-city-for-three-days-thats-obscene,False,True,False
https://www.theguardian.com/environment/gm,False,True,False
https://www.theguardian.com/business/2025/jun/29/grangemouth-refinery-closure-jobs-politics-reform-uk,False,True,False
https://www.theguardian.com/uk-news/gallery/2025/jun/23/venice-bezos-protest-space-photos,False,True,False
https://www.theguardian.com/environment/2025/jun/29/climate-is-our-biggest-war-warns-ceo-of-cop30-ahead-of-un-summit-in-brazil,True,False,False
https://www.theguardian.com/music/2025/jun/30/our-stage-is-a-giant-pair-of-open-legs-meet-glastonburys-most-obscure-acts,True,False,False
https://www.theguardian.com/world/live/2025/jun/27/european-council-fail-agree-russia-sanctions-energy-europe-latest-updates-news,True,False,False
https://www.theguardian.com/australia-news/2025/jun/12/monash-staff-say-woodside-backed-climate-conference-highlights-concerns-about-energy-giant-partnership,False,True,False
https://www.theguardian.com/uk/shami-chakrabarti,False,True,False
https://www.theguardian.com/environment/2025/jun/19/raccoons-german-city-kassel-wild-population-europe-aoe,False,True,False
https://www.theguardian.com/environment/video/2025/jun/18/clothes-from-uk-brands-found-discarded-in-ghana-wetland-dumps-video,True,False,False
https://www.theguardian.com/uk?q=%E5%8D%8E%E7%BA%B3%E5%9B%BD%E9%99%85%E2%9C%94%E5%8D%8E%E7%BA%B3%E5%9B%BD%E9%99%85app%E2%96%9Bhn.vin%E2%96%9F%E5%8D%8E%E7%BA%B3%E5%9B%BD%E9%99%85%E6%80%8E%E4%B9%88%E5%BC%80%E6%88%B7%E3%8A%99%E5%8D%8E%E7%BA%B3%E5%9B%BD%E9%99%85%E5%BC%80%E6%88%B7%E2%96%9Bhn.vin%E2%96%9F%E5%8D%8E%E7%BA%B3%E5%9B%BD%E9%99%85%E5%A8%B1%E4%B9%90%5B20250629%5D.itjh,False,True,False
https://www.theguardian.com/news/gallery/2025/jun/30/wimbledon-fireworks-giant-flower-photos-of-the-day-monday,False,True,False
https://www.theguardian.com/us-news/2025/jun/18/trump-oil-gas-industry-donors,True,False,False
https://www.theguardian.com/politics/2025/jun/01/labour-pushes-military-keynesianism-to-win-support-for-defence-spending,True,False,False
https://www.theguardian.com/world/live/2025/jun/25/nato-donald-trump-mark-rutte-europe-latest-live-news,True,False,False
https://www.theguardian.com/us-news/north-dakota,False,True,False
https://www.theguardian.com/australia-news/live/2025/jun/06/australia-news-live-asic-banking-jumping-castle-deaths-labor-coalition-anthony-albanese-sussan-ley-tasmania-rockliff-ntwnfb,True,False,False
https://www.theguardian.com/world/2025/jun/23/ban-on-palestine-action-would-have-chilling-effect-on-other-protest-groups,True,False,False
https://www.theguardian.com/world/2025/jun/23/yvette-cooper-vows-ban-palestine-action-anti-terrorism-laws,False,True,False
https://www.theguardian.com/environment/2025/jun/06/endangered-sharks-being-killed-at-alarming-levels-in-pacific-greenpeace-claims-after-cutting-20km-of-vessels-longline-ntwnfb,True,False,False
https://www.theguardian.com/environment/2025/jun/23/french-mine-stocamine-waste-drinking-water-chemicals-alsace-aquifer-aoe,False,True,False
https://www.theguardian.com/environment/2025/jul/01/not-a-bomb-cyclone-what-is-vigorous-coastal-low-east-coast-australia-weather-explainer,False,True,False
https://www.theguardian.com/environment/2025/jun/22/uk-bogs-peatlands-borth-conservation-britain-bogs,False,True,False
https://www.theguardian.com/business/2025/jun/08/will-north-sea-oil-and-gas-industry-be-labour-next-u-turn,True,False,False
https://www.theguardian.com/uk?q=%E7%BC%85%E7%94%B8%E6%B0%B8%E6%BA%90%E5%9B%BD%E9%99%85%E2%9C%94%E7%BC%85%E7%94%B8%E6%B0%B8%E6%BA%90%E5%9B%BD%E9%99%85%E8%B5%8C%E5%9C%BA%E2%96%9B3808.bet%E2%96%9F%E7%BC%85%E7%94%B8%E6%B0%B8%E6%BA%90%E5%9B%BD%E9%99%85%E5%85%AC%E5%8F%B8%E3%8A%99%E7%BC%85%E7%94%B8%E6%B0%B8%E6%BA%90%E5%9B%BD%E9%99%85%E5%A8%B1%E4%B9%90%E2%96%9B3808.bet%E2%96%9F%E7%BC%85%E7%94%B8%E6%B0%B8%E6%BA%90%E5%9B%BD%E9%99%85%E5%A8%B1%E4%B9%90%E5%BC%80%E6%88%B7%5B20250620%5D.eaum,False,True,False
https://www.theguardian.com/world/2025/jun/24/uk-protest-group-palestine-action-denies-iran-funding-faces-ban-home-office,True,False,False
https://www.theguardian.com/uk?q=%E7%BD%91%E7%BB%9C%E8%B5%8C%E5%8D%9A%E8%A2%AB%E9%BB%91%E8%B4%A6%E5%8F%B7%E8%A2%AB%E7%9B%97%E6%80%8E%E4%B9%88%E5%8A%9E%EF%BC%9F%E2%96%9BTG%E9%A3%9E%E6%9C%BA+%40khci6688+QQ%EF%BC%9A977626545%E2%96%9F%E7%BD%91%E7%BB%9C%E8%B5%8C%E5%8D%9A%E8%A2%AB%E9%BB%91%E8%B4%A6%E5%8F%B7%E8%A2%AB%E7%9B%97%E4%BA%86%E6%80%8E%E4%B9%88%E8%BF%BD%E5%9B%9E%EF%BC%9F%E2%9C%94%E7%BD%91%E8%B5%8C%E8%B4%A6%E5%8F%B7%E8%A2%AB%E7%9B%97%E6%80%8E%E4%B9%88%E6%8C%BD%E5%9B%9E%E6%8D%9F%E5%A4%B1%EF%BC%9F%E3%8A%99%E7%BD%91%E8%B5%8C%E8%B4%A6%E6%88%B7%E8%A2%AB%E7%9B%97%E4%BA%86%E8%A6%81%E6%8A%A5%E8%AD%A6%E5%90%97%EF%BC%9F%E2%96%9BTG%E9%A3%9E%E6%9C%BA+%40khci6688+QQ%EF%BC%9A977626545%E2%96%9F%E7%BD%91%E7%BB%9C%E8%B5%8C%E5%8D%9A%E8%B4%A6%E6%88%B7%E8%A2%AB%E7%9B%97%E4%BA%86%E6%8A%A5%E8%AD%A6%E6%9C%89%E7%94%A8%E5%90%97%EF%BC%9F%5B20250629%5D.nvbc,False,True,False
https://www.theguardian.com/music/2025/jun/28/lost-or-liberated-my-day-at-glastonbury-without-a-phone,True,False,False
https://www.theguardian.com/news/2025/jun/10/how-does-woke-start-winning-again,True,False,False
https://www.theguardian.com/environment/2025/jun/10/toxic-blooms-algae-marine-dead-zones-lakes-ecosystems-dead-elephants-fish-sea-lions-aoe,False,True,False
https://www.theguardian.com/uk?q=%E7%BD%91%E8%B5%8C%E8%A2%AB%E9%BB%91%E6%80%8E%E4%B9%88%E5%8A%9E%E2%96%9BTG%E9%A3%9E%E6%9C%BA+%40ylf806+QQ%EF%BC%9A1480688777%E2%96%9F%E5%9C%A8%E7%BD%91%E4%B8%8A%E7%BD%91%E8%B5%8C%E8%A2%AB%E9%BB%91%E4%B8%8D%E7%BB%99%E6%8F%90%E6%AC%BE%E6%80%8E%E4%B9%88%E5%8A%9E%EF%BC%9F%E2%9C%94%E7%BD%91%E4%B8%8A%E7%BD%91%E8%B5%8C%E8%A2%AB%E9%BB%91%E5%AE%A2%E6%9C%8D%E4%B8%8D%E7%BB%99%E6%8F%90%E7%8E%B0%E6%80%8E%E4%B9%88%E5%8A%9E%EF%BC%9F%E3%8A%99%E7%BD%91%E8%B5%8C%E9%81%87%E5%88%B0%E5%AE%A1%E6%A0%B8%E5%87%BA%E6%AC%BE%E5%A4%B1%E8%B4%A5%E6%80%8E%E4%B9%88%E5%8A%9E%EF%BC%9F%E2%96%9BTG%E9%A3%9E%E6%9C%BA+%40ylf806+QQ%EF%BC%9A1480688777%E2%96%9F%E7%BD%91%E8%B5%8C%E7%B3%BB%E7%BB%9F%E4%B8%8D%E8%BF%87%E5%87%BA%EF%BC%88%E6%8F%90%EF%BC%89%E6%AC%BE%E6%80%8E%E4%B9%88%E5%8A%9E%5B20250715%5D.lhka,False,True,False
https://www.theguardian.com/australia-news/2025/jul/29/morning-mail-clare-pledges-childcare-action-harbour-bridge-gaza-protest-row-grows-questions-over-adanis-tax-bill,False,True,False
https://www.theguardian.com/environment/2019/sep/16/about-the-age-of-extinction-a-guardian-series,False,True,False
https://www.theguardian.com/environment/2025/aug/01/heathrow-submits-shovel-ready-plans-for-third-runway,True,False,False
https://www.theguardian.com/business/ethicalbusiness,False,True,False
https://www.theguardian.com/environment/gas,False,True,False
https://www.theguardian.com/australia-news/2025/jul/18/green-groups-fear-business-sector-will-dominate-debate-at-chalmers-roundtable-at-environments-expense,True,False,False
https://www.theguardian.com/uk?q=fun88%E3%80%9008.CYOU%E3%80%91.lfwg,False,True,False
https://www.theguardian.com/uk?q=%E7%BC%85%E7%94%B8%E6%B0%B8%E6%BA%90%E5%9B%BD%E9%99%85%E2%9C%94%E7%BC%85%E7%94%B8%E6%B0%B8%E6%BA%90%E5%9B%BD%E9%99%85%E8%B5%8C%E5%9C%BA%E2%96%9Bbcdh.win%E2%96%9F%E7%BC%85%E7%94%B8%E6%B0%B8%E6%BA%90%E5%9B%BD%E9%99%85%E5%85%AC%E5%8F%B8%E3%8A%99%E7%BC%85%E7%94%B8%E6%B0%B8%E6%BA%90%E5%9B%BD%E9%99%85%E5%A8%B1%E4%B9%90%E2%96%9Bbcdh.win%E2%96%9F%E7%BC%85%E7%94%B8%E6%B0%B8%E6%BA%90%E5%9B%BD%E9%99%85%E5%A8%B1%E4%B9%90%E5%BC%80%E6%88%B7%5B20250728%5D.horg,False,True,False
https://www.theguardian.com/environment/pollution+waste,False,True,False
https://www.theguardian.com/uk?q=%E7%9A%87%E5%AE%B6%E5%9B%BD%E9%99%85%E5%A8%B1%E4%B9%90%E7%8E%B0%E9%87%91%E7%BD%91%E6%80%8E%E4%B9%88%E5%BC%80%E6%88%B7%E2%9C%94%E7%9A%87%E5%AE%B6%E5%9B%BD%E9%99%85%E7%8E%B0%E9%87%91%E7%BD%91%E6%B3%A8%E5%86%8C%E2%96%9B3808.bet%E2%96%9F%E7%9A%87%E5%AE%B6%E5%9B%BD%E9%99%85%E5%A8%B1%E4%B9%90%E7%8E%B0%E9%87%91%E7%BD%91%E6%B3%A8%E5%86%8C%E3%8A%99%E7%9A%87%E5%AE%B6%E5%9B%BD%E9%99%85%E7%8E%B0%E9%87%91%E7%BD%91%E6%80%8E%E4%B9%88%E6%B3%A8%E5%86%8C%E2%96%9B3808.bet%E2%96%9F%E7%9A%87%E5%AE%B6%E5%9B%BD%E9%99%85%E5%A8%B1%E4%B9%90%E7%8E%B0%E9%87%91%E7%BD%91%E6%80%8E%E4%B9%88%E6%B3%A8%E5%86%8C%5B20250712%5D.zghi,False,True,False
https://www.theguardian.com/commentisfree/commentisfree+world/austria,False,True,False
https://www.theguardian.com/world/live/2025/jul/22/ukraine-russia-drone-attacks-strikes-zelenskyy-putin-peace-talks-europe-live-news-latest-updates,True,False,False
https://www.theguardian.com/environment/2025/jul/04/protest-rights-dutch-court-case-slapps-eu-greenpeace,True,False,False
https://www.theguardian.com/environment/2025/jul/02/eu-targets-90-percent-cut-in-emissions-by-2040-as-green-groups-cry-foul,True,False,False
https://www.theguardian.com/politics/stop-the-war-coalition,False,True,False
https://www.theguardian.com/uk?q=%E8%85%BE%E9%BE%99%E5%A8%B1%E4%B9%90%E2%9C%94%E8%85%BE%E9%BE%99%E5%A8%B1%E4%B9%90APP%E2%96%9Bbcdh.win%E2%96%9F%E8%85%BE%E9%BE%99%E5%A8%B1%E4%B9%90%E5%BC%80%E6%88%B7%E3%8A%99%E8%85%BE%E9%BE%99%E5%A8%B1%E4%B9%90%E5%85%AC%E5%8F%B8%E2%96%9Bbcdh.win%E2%96%9F%E8%85%BE%E9%BE%99%E5%A8%B1%E4%B9%90%E7%BD%91%E5%9D%80%5B20250718%5D.tsha,False,True,False
https://www.theguardian.com/uk?q=%E7%BC%85%E7%94%B8%E7%9A%87%E5%AE%B6%E5%88%A9%E5%8D%8E%E2%9C%94%E7%BC%85%E7%94%B8%E7%9A%87%E5%AE%B6%E5%88%A9%E5%8D%8E%E8%B5%8C%E5%9C%BA%E2%96%9Bbcdh.win%E2%96%9F%E7%BC%85%E7%94%B8%E7%9A%87%E5%AE%B6%E5%88%A9%E5%8D%8E%E5%85%AC%E5%8F%B8QQ%E3%8A%99%E7%BC%85%E7%94%B8%E7%9A%87%E5%AE%B6%E5%88%A9%E5%8D%8E%E5%A8%B1%E4%B9%90%E2%96%9Bbcdh.win%E2%96%9F%E7%BC%85%E7%94%B8%E7%9A%87%E5%AE%B6%E5%88%A9%E5%8D%8E%E5%A8%B1%E4%B9%90%E5%BC%80%E6%88%B7%5B20250728%5D.rfez,False,True,False
https://www.theguardian.com/politics/2025/jul/25/uk-ban-palestine-action-odds-international-law-un-rights-volker-turk,True,False,False
https://www.theguardian.com/uk?q=%E4%B9%89%E4%B9%8C%E7%BE%8E%E5%A5%B3%E5%90%8C%E5%9F%8E%E4%B8%8A%E9%97%A8%E6%9C%8D%E5%8A%A1%EF%BC%88%E5%A4%96%E5%9B%B4%E7%A9%BA%E5%A7%90%EF%BC%89%E6%B7%BB%E5%8A%A0%E5%BE%AE%E8%8A%AF%EF%BC%8811790911%EF%BC%89%E9%AB%98%E7%AB%AF%E8%81%94%E7%B3%BB%E6%96%B9%E5%BC%8F-%E7%B2%BE%E5%93%81%E7%BE%8E%E5%A5%B3%E9%AB%98%E7%AB%AF%E5%BF%AB%E9%80%9F%E5%AE%89%E6%8E%92%E5%88%B0%E4%BD%8D20250730JKEWFWJFLWLCPWERLHW.vzl,False,True,False
https://www.theguardian.com/uk?q=%E7%BD%91%E7%BB%9C%E8%B5%8C%E5%8D%9A%E8%A2%AB%E9%BB%91%E8%B4%A6%E5%8F%B7%E8%A2%AB%E7%9B%97%E6%80%8E%E4%B9%88%E5%8A%9E%EF%BC%9F%E2%96%9BTG%E9%A3%9E%E6%9C%BA+%40LTSH_tg%E2%96%9F%E7%BD%91%E7%BB%9C%E8%B5%8C%E5%8D%9A%E8%A2%AB%E9%BB%91%E8%B4%A6%E5%8F%B7%E8%A2%AB%E7%9B%97%E4%BA%86%E6%80%8E%E4%B9%88%E8%BF%BD%E5%9B%9E%EF%BC%9F%E2%9C%94%E7%BD%91%E8%B5%8C%E8%B4%A6%E5%8F%B7%E8%A2%AB%E7%9B%97%E6%80%8E%E4%B9%88%E6%8C%BD%E5%9B%9E%E6%8D%9F%E5%A4%B1%EF%BC%9F%E3%8A%99%E7%BD%91%E8%B5%8C%E8%B4%A6%E6%88%B7%E8%A2%AB%E7%9B%97%E4%BA%86%E8%A6%81%E6%8A%A5%E8%AD%A6%E5%90%97%EF%BC%9F%E2%96%9BTG%E9%A3%9E%E6%9C%BA+%40LTSH_tg%E2%96%9F%E7%BD%91%E7%BB%9C%E8%B5%8C%E5%8D%9A%E8%B4%A6%E6%88%B7%E8%A2%AB%E7%9B%97%E4%BA%86%E6%8A%A5%E8%AD%A6%E6%9C%89%E7%94%A8%E5%90%97%EF%BC%9F%5B20250709%5D.drvq,False,True,False
https://www.theguardian.com/uk?pStoreID=epp/%E5%8F%B0%E6%B9%BE%E6%96%B0%E5%8C%97%E6%80%8E%E4%B9%88%E6%89%BE%E5%B0%8F%E5%A7%90%E6%9C%8D%E5%8A%A1%E3%80%94%E7%BA%A6%E5%A6%B9%E7%BD%91%E5%9D%80%EF%BD%99%EF%BD%95%EF%BC%91%EF%BC%95%EF%BC%98%EF%BC%8E%EF%BD%96%EF%BD%89%EF%BD%90%E7%9C%9F%E5%AE%9E%E4%B8%8A%E9%97%A8%E6%9C%8D%E5%8A%A1%E3%80%95%E2%96%B7%E5%8F%B0%E6%B9%BE%E6%96%B0%E5%8C%97%E6%80%8E%E4%B9%88%E6%89%BE%E5%B0%8F%E5%A7%90%E5%85%A8%E5%A5%97%E7%89%B9%E6%AE%8A%E6%9C%8D%E5%8A%A1%E2%96%B7%E5%8F%B0%E6%B9%BE%E6%96%B0%E5%8C%97%E6%80%8E%E4%B9%88%E6%89%BE%E5%B0%8F%E5%A7%90%E4%B8%8A%E9%97%A8%E6%9C%8D%E5%8A%A1%E2%96%B7%E5%8F%B0%E6%B9%BE%E6%96%B0%E5%8C%97%E6%80%8E%E4%B9%88%E6%89%BE%E5%B0%8F%E5%A7%90%E8%81%94%E7%B3%BB%E6%96%B9%E5%BC%8F%E2%96%B7%E5%8F%B0%E6%B9%BE%E6%96%B0%E5%8C%97%E6%80%8E%E4%B9%88%E6%89%BE%E5%B0%8F%E5%A7%90%E4%B8%8A%E8%AF%BE%E7%BA%A6%E6%9C%8D%E5%8A%A1.mita,False,True,False
https://www.theguardian.com/world/2025/jul/04/friday-briefing-the-court-case-trying-to-stop-palestine-action-being-designated-a-terrorist-group,True,False,False
https://www.theguardian.com/environment/2025/jul/24/worlds-smallest-snake-rediscovered-in-barbados-20-years-after-last-sighting,False,True,False
https://www.theguardian.com/commentisfree/2025/jul/03/the-guardian-view-on-proscribing-palestine-action-blurring-civil-disobedience-and-terrorism-is-a-dangerous-step,True,False,False
https://www.theguardian.com/environment/2025/jul/17/tax-ai-crypto-climate-action-paris-accords-envoy-energy-technology,True,False,False
https://www.theguardian.com/us-news/live/2025/jul/25/trump-administration-politics-live-updates,True,False,False
https://www.theguardian.com/environment/2025/jul/04/italian-oil-firm-eni-accused-of-trying-to-silence-green-activists,True,False,False
https://www.theguardian.com/environment/emissionstrading,False,True,False
https://www.theguardian.com/uk?pStoreID=epp/%E6%B0%B8%E6%BA%90%E5%9B%BD%E9%99%85%E8%B5%8C%E5%9C%BA%E2%9C%94%E6%B0%B8%E6%BA%90%E5%9B%BD%E9%99%85%E5%AE%A2%E6%9C%8D%E2%96%9Bbcdh.win%E2%96%9F%E6%B0%B8%E6%BA%90%E5%9B%BD%E9%99%85%E5%AE%A2%E6%9C%8DQQ%E3%8A%99%E6%B0%B8%E6%BA%90%E5%9B%BD%E9%99%85%E5%AE%A2%E6%9C%8D%E5%BE%AE%E4%BF%A1%E2%96%9Bbcdh.win%E2%96%9F%E6%B0%B8%E6%BA%90%E5%9B%BD%E9%99%85%E5%AE%A2%E6%9C%8D%E7%BB%8F%E7%90%86%5B20250718%5D.gatx,False,True,False
https://www.theguardian.com/environment/2025/jul/09/thousands-meet-their-mps-to-show-huge-demand-for-climate-action,False,True,False
https://www.theguardian.com/environment/2025/jul/31/country-diary-the-hours-pass-quickly-when-youre-brushing-for-trees,False,True,False
https://www.theguardian.com/uk?q=%E7%BD%91%E8%B5%8C%E5%B9%B3%E5%8F%B0%E8%A2%AB%E9%BB%91%E6%80%8E%E4%B9%88%E5%8A%9E%EF%BC%9F%E2%96%9BTG%E9%A3%9E%E6%9C%BA+%40LTSH_tg%E2%96%9F%E7%BD%91%E7%BB%9C%E8%B5%8C%E5%8D%9A%E8%A2%AB%E9%AA%97%E4%BA%86%E9%92%B1%E6%80%8E%E4%B9%88%E5%8A%9E%EF%BC%9F%E2%9C%94%E7%BD%91%E7%BB%9C%E8%B5%8C%E5%8D%9A%E8%A2%AB%E9%BB%91%E5%A4%84%E7%90%86%E6%96%B9%E6%B3%95%EF%BC%9F%E3%8A%99%E8%A2%AB%E9%BB%91%E7%9A%84%E7%BD%91%E4%B8%8A%E8%B5%8C%E5%8D%9A%E6%80%8E%E4%B9%88%E5%8A%9E%EF%BC%9F%E2%96%9BTG%E9%A3%9E%E6%9C%BA+%40LTSH_tg%E2%96%9F%E7%BD%91%E7%BB%9C%E8%B5%8C%E5%8D%9A%E8%A2%AB%E9%AA%97%E4%BA%86%E8%A6%81%E6%8A%A5%E8%AD%A6%E5%90%97%EF%BC%9F%5B20250709%5D.ksqu,False,True,False
https://www.theguardian.com/uk-news/2025/jul/03/met-police-accused-of-assault-on-right-to-protest-after-tenfold-rise-in-nuisance-law-arrests,True,False,False
https://www.theguardian.com/australia-news/2025/jul/17/what-happens-next-after-torres-strait-islands-climate-case-against-government-dismissed,False,True,False
https://www.theguardian.com/uk?pStoreID=epp/%E5%A2%A8%E8%A5%BF%E5%93%A5%E6%A2%85%E9%87%8C%E8%BE%BE%E6%80%8E%E4%B9%88%E6%89%BE%E5%B0%8F%E5%A7%90%E8%81%94%E7%B3%BB%E7%94%B5%E8%AF%9D%E3%80%94%E7%BA%A6%E5%A6%B9%E7%BD%91%E5%9D%80%EF%BD%99%EF%BD%95%EF%BC%98%EF%BC%96%EF%BC%96%EF%BC%8E%EF%BD%96%EF%BD%89%EF%BD%90%E7%9C%9F%E5%AE%9E%E7%BA%A6%E7%82%AE%E7%BD%91%E3%80%95_%E5%A2%A8%E8%A5%BF%E5%93%A5%E6%A2%85%E9%87%8C%E8%BE%BE%E6%89%BE%E5%93%AA%E9%87%8C%E6%9C%89%E5%B0%8F%E5%A7%90%E5%81%9A%E5%85%A8%E5%A5%97%E6%9C%8D%E5%8A%A1%E8%81%94%E7%B3%BB%E7%94%B5%E8%AF%9D_%E5%A2%A8%E8%A5%BF%E5%93%A5%E6%A2%85%E9%87%8C%E8%BE%BE%E6%80%8E%E4%B9%88%E6%89%BE%E5%A4%96%E5%9B%B4%E5%B0%8F%E5%A7%90%E8%81%94%E7%B3%BB%E6%96%B9%E5%BC%8F%E7%94%B5%E8%AF%9D_%E5%A2%A8%E8%A5%BF%E5%93%A5%E6%A2%85%E9%87%8C%E8%BE%BE%E6%80%8E%E4%B9%88%E6%89%BE%E5%B0%8F%E5%A7%90%E5%B0%8F%E5%A6%B9%E5%85%A8%E5%A5%97%E8%81%94%E7%B3%BB%E6%96%B9%E5%BC%8F%E7%94%B5%E8%AF%9D.wpuk,False,True,False
https://www.theguardian.com/environment/2025/jul/25/how-human-neurodiversity-could-help-save-nature-author-joe-harkness,False,True,False
https://www.theguardian.com/profile/patrick-greenfield,False,True,False
https://www.theguardian.com/uk?q=%E7%BD%91%E7%BB%9C%E8%B5%8C%E5%8D%9A%E8%B4%A6%E6%88%B7%E8%A2%AB%E7%9B%97%E4%BA%86%E6%89%BE%E8%B0%81%E5%A4%84%E7%90%86%EF%BC%9F%E2%96%9BTG%E9%A3%9E%E6%9C%BA+%40khci6688+QQ%EF%BC%9A977626545%E2%96%9F%E7%BD%91%E7%BB%9C%E8%B5%8C%E5%8D%9A%E8%A2%AB%E9%BB%91%E8%B4%A6%E6%88%B7%E8%A2%AB%E7%9B%97%E4%BA%86%E6%80%8E%E4%B9%88%E5%A4%84%E7%90%86%EF%BC%9F%E2%9C%94%E7%BD%91%E8%B5%8C%E8%A2%AB%E9%BB%91%E8%B4%A6%E6%88%B7%E8%A2%AB%E7%9B%97%E4%BA%86%E6%9C%89%E6%95%91%E5%90%97%EF%BC%9F%E3%8A%99%E7%BD%91%E7%BB%9C%E8%B5%8C%E5%8D%9A%E8%A2%AB%E9%BB%91%E8%B4%A6%E6%88%B7%E8%A2%AB%E7%9B%97%E4%BA%86%E6%80%8E%E4%B9%88%E6%89%BE%E5%9B%9E%EF%BC%9F%E2%96%9BTG%E9%A3%9E%E6%9C%BA+%40khci6688+QQ%EF%BC%9A977626545%E2%96%9F%E7%BD%91%E8%B5%8C%E8%A2%AB%E9%BB%91%E8%B4%A6%E6%88%B7%E8%A2%AB%E7%9B%97%E4%BA%86%E8%BF%BD%E5%9B%9E%E7%9A%84%E5%8F%AF%E8%83%BD%E6%80%A7%E5%A4%A7%E5%90%97%EF%BC%9F%5B20250718%5D.lpwo,False,True,False
https://www.theguardian.com/uk?q=%E7%BD%91%E8%B5%8C%E8%A2%AB%E9%BB%91%E6%80%8E%E4%B9%88%E5%8A%9E%E2%96%9BTG%E9%A3%9E%E6%9C%BA+%40LTSH_tg%E2%96%9F%E5%9C%A8%E7%BD%91%E4%B8%8A%E7%BD%91%E8%B5%8C%E8%A2%AB%E9%BB%91%E4%B8%8D%E7%BB%99%E6%8F%90%E6%AC%BE%E6%80%8E%E4%B9%88%E5%8A%9E%EF%BC%9F%E2%9C%94%E7%BD%91%E4%B8%8A%E7%BD%91%E8%B5%8C%E8%A2%AB%E9%BB%91%E5%AE%A2%E6%9C%8D%E4%B8%8D%E7%BB%99%E6%8F%90%E7%8E%B0%E6%80%8E%E4%B9%88%E5%8A%9E%EF%BC%9F%E3%8A%99%E7%BD%91%E8%B5%8C%E9%81%87%E5%88%B0%E5%AE%A1%E6%A0%B8%E5%87%BA%E6%AC%BE%E5%A4%B1%E8%B4%A5%E6%80%8E%E4%B9%88%E5%8A%9E%EF%BC%9F%E2%96%9BTG%E9%A3%9E%E6%9C%BA+%40LTSH_tg%E2%96%9F%E7%BD%91%E8%B5%8C%E7%B3%BB%E7%BB%9F%E4%B8%8D%E8%BF%87%E5%87%BA%EF%BC%88%E6%8F%90%EF%BC%89%E6%AC%BE%E6%80%8E%E4%B9%88%E5%8A%9E%5B20250712%5D.ftwj,False,True,False
https://www.theguardian.com/environment/2025/jul/14/ed-miliband-annual-statement-environment-climate-crisis,True,False,False
https://www.theguardian.com/uk?q=%E9%87%8D%E5%BA%86%E5%A4%96%E5%9B%B4%E6%80%8E%E4%B9%88%E8%81%94%E7%B3%BB%EF%BC%88%E6%A8%A1%E7%89%B9%E4%B8%8A%E9%97%A8%EF%BC%89%E6%B7%BB%E5%8A%A0%E5%BE%AE%E8%8A%AF%EF%BC%8811790911%EF%BC%89%E9%AB%98%E7%AB%AF%E8%81%94%E7%B3%BB%E6%96%B9%E5%BC%8F-%E7%B2%BE%E5%93%81%E7%BE%8E%E5%A5%B3%E9%AB%98%E7%AB%AF%E5%BF%AB%E9%80%9F%E5%AE%89%E6%8E%92%E5%88%B0%E4%BD%8D20250730JKEWFWJFLWLCPWERLHW.lay,False,True,False
https://www.theguardian.com/environment/2025/jul/03/holloman-lake-birds-wildlife-pfas-forever-chemicals-aoe,False,True,False
https://www.theguardian.com/news/video/2025/jul/10/guilt-trip-pilots-torn-between-flight-and-the-fight-for-the-planet-documentary,False,True,False
https://www.theguardian.com/world/live/2025/jul/03/europe-heatwave-live-news-latest-updates-crete-wildfire,True,False,False
https://www.theguardian.com/uk?q=%E5%A4%A9%E6%B4%A5%E6%89%BE%E5%B0%8F%E5%A7%90%E4%BB%B7%E6%A0%BC%EF%BC%88%E5%A4%96%E5%9B%B4%E4%B8%8A%E9%97%A8%EF%BC%89%EF%BC%88%E5%A8%81%E4%BF%A111778593%EF%BC%89%E9%9C%80%E8%A6%81%E8%AF%B7%E6%B7%BB%E5%8A%A0-%E5%9F%8E%E5%B8%82%E8%BE%B9%E5%A2%83%E5%91%A8%E8%BE%B9%E7%A9%BA%E6%8A%95%E7%9C%9F%E5%AE%9E%E5%9C%A8%E7%BA%BF%E5%AE%89%E6%8E%9220250713FYUSCSDFJHWGWFWDF.fep,False,True,False
https://www.theguardian.com/us-news/2025/jul/23/climate-protests-wells-fargo-arrests,False,True,False
https://www.theguardian.com/uk?q=%E6%B0%B8%E6%BA%90%E5%9B%BD%E9%99%85%E2%9C%94%E6%B0%B8%E6%BA%90%E5%9B%BD%E9%99%85app%E2%96%9B3808.bet%E2%96%9F%E6%B0%B8%E6%BA%90%E5%9B%BD%E9%99%85%E6%80%8E%E4%B9%88%E5%BC%80%E6%88%B7%E3%8A%99%E6%B0%B8%E6%BA%90%E5%9B%BD%E9%99%85%E5%BC%80%E6%88%B7%E2%96%9B3808.bet%E2%96%9F%E6%B0%B8%E6%BA%90%E5%9B%BD%E9%99%85%E5%A8%B1%E4%B9%90%5B20250718%5D.szyg,False,True,False
https://www.theguardian.com/environment/2025/jul/28/i-was-terrified-of-bees-until-the-day-30000-of-them-moved-into-my-house,False,True,False
https://www.theguardian.com/business/wells-fargo,False,True,False
https://www.theguardian.com/uk?q=%E7%BC%85%E7%94%B8%E9%94%A6%E6%B5%B7%E5%9B%BD%E9%99%85%E2%9C%94%E7%BC%85%E7%94%B8%E9%94%A6%E6%B5%B7%E5%9B%BD%E9%99%85%E8%B5%8C%E5%9C%BA%E2%96%9Bbcdh.win%E2%96%9F%E7%BC%85%E7%94%B8%E9%94%A6%E6%B5%B7%E5%9B%BD%E9%99%85%E5%85%AC%E5%8F%B8%E3%8A%99%E7%BC%85%E7%94%B8%E9%94%A6%E6%B5%B7%E5%9B%BD%E9%99%85%E5%A8%B1%E4%B9%90%E2%96%9Bbcdh.win%E2%96%9F%E7%BC%85%E7%94%B8%E9%94%A6%E6%B5%B7%E5%9B%BD%E9%99%85%E5%A8%B1%E4%B9%90%E5%BC%80%E6%88%B7%5B20250709%5D.lagm,False,True,False
https://www.theguardian.com/uk?q=%E7%BC%85%E7%94%B8%E9%94%A6%E6%B5%B7%E5%9B%BD%E9%99%85%E2%9C%94%E7%BC%85%E7%94%B8%E9%94%A6%E6%B5%B7%E5%9B%BD%E9%99%85%E8%B5%8C%E5%9C%BA%E2%96%9Bbcdh.win%E2%96%9F%E7%BC%85%E7%94%B8%E9%94%A6%E6%B5%B7%E5%9B%BD%E9%99%85%E5%85%AC%E5%8F%B8%E3%8A%99%E7%BC%85%E7%94%B8%E9%94%A6%E6%B5%B7%E5%9B%BD%E9%99%85%E5%A8%B1%E4%B9%90%E2%96%9Bbcdh.win%E2%96%9F%E7%BC%85%E7%94%B8%E9%94%A6%E6%B5%B7%E5%9B%BD%E9%99%85%E5%A8%B1%E4%B9%90%E5%BC%80%E6%88%B7%5B20250719%5D.dtry,False,True,False
https://www.theguardian.com/world/2025/jul/18/a-compilation-of-terrorists-by-blake-morrison,True,False,False
https://www.theguardian.com/news/series/the-audio-long-read/podcast.xml,False,True,False
https://www.theguardian.com/environment/2025/jul/30/un-emergency-talks-sky-high-accommodation-costs-cop30-brazil,False,True,False
https://www.theguardian.com/commentisfree/commentisfree+world/united-arab-emirates,False,True,False
https://www.theguardian.com/uk?q=%E5%88%9B%E8%81%94%E5%A8%B1%E4%B9%90%E7%8E%B0%E9%87%91%E7%BD%91%E2%9C%94%E5%88%9B%E8%81%94%E5%A8%B1%E4%B9%90%E5%A8%B1%E4%B9%90%E7%8E%B0%E9%87%91%E7%BD%91%E2%96%9B8856.bet%E2%96%9F%E5%88%9B%E8%81%94%E5%A8%B1%E4%B9%90%E7%8E%B0%E9%87%91%E7%BD%91%E5%BC%80%E6%88%B7%E3%8A%99%E5%88%9B%E8%81%94%E5%A8%B1%E4%B9%90%E5%A8%B1%E4%B9%90%E7%8E%B0%E9%87%91%E7%BD%91%E5%BC%80%E6%88%B7%E2%96%9B8856.bet%E2%96%9F%E5%88%9B%E8%81%94%E5%A8%B1%E4%B9%90%E7%8E%B0%E9%87%91%E7%BD%91%E6%80%8E%E4%B9%88%E5%BC%80%E6%88%B7%5B20250718%5D.ftpi,False,True,False
https://www.theguardian.com/environment/2025/jul/18/when-will-russia-take-action-on-the-climate,True,False,False
https://www.theguardian.com/environment/2025/jul/07/south-australia-helpless-in-face-of-deadly-marine-algal-bloom-spreading-to-adelaide-beaches,False,True,False
https://www.theguardian.com/politics/alastaircampbell,False,True,False
https://www.theguardian.com/uk?q=%E7%9A%87%E5%AE%B6%E5%9B%BD%E9%99%85%E4%BB%A3%E7%90%86%E5%90%88%E4%BD%9C%E2%9C%94%E7%9A%87%E5%AE%B6%E5%9B%BD%E9%99%85%E8%AE%BA%E5%9D%9B%E4%BA%A4%E6%B5%81%E2%96%9B3808.bet%E2%96%9F%E7%9A%87%E5%AE%B6%E5%9B%BD%E9%99%85%E4%BF%A1%E8%AA%89%E8%AF%84%E4%BB%B7%E3%8A%99%E7%9A%87%E5%AE%B6%E5%9B%BD%E9%99%85%E9%BB%91%E7%BD%91%E6%9B%9D%E5%85%89%E2%96%9B3808.bet%E2%96%9F%E7%9A%87%E5%AE%B6%E5%9B%BD%E9%99%85%E8%AF%88%E9%AA%97%E6%8A%95%E8%AF%89%5B20250718%5D.vatm,False,True,False
https://www.theguardian.com/uk-news/2025/jul/05/palestine-action-activists-arrested-london-gandhi-statue,True,False,False
https://www.theguardian.com/politics/live/2025/jul/18/diane-abbott-labour-keir-starmer-uk-politics-latest-news-updates,True,False,False
https://www.theguardian.com/politics/live/2025/jul/25/resident-doctors-strike-nhs-england-uk-politics-latest-news-updates-labour,True,False,False
https://www.theguardian.com/us-news/live/2025/jul/10/us-politics-latest-news-updates-donald-trump-birthright-citizenship-republicans-democrats,True,False,False
https://www.theguardian.com/environment/2025/jul/01/pfas-forever-chemicals-water-contamination-saint-louis-france-aoe,False,True,False
https://www.theguardian.com/world/live/2025/jul/03/europe-heatwave-live-news-latest-updates-crete-wildfire?filterKeyEvents=false&page=with%3Ablock-686666a58f08717e1adfe163,False,True,False
https://www.theguardian.com/uk?q=%E7%A7%92%E5%90%88%E7%B4%84%E6%8E%A7%E7%9B%A4%E6%BA%90%E7%A2%BC%E8%81%AF%E7%B3%BB%E9%9B%BB%E5%A0%B1%E3%80%90%40yy7579%E3%80%91.qlm,False,True,False
https://www.theguardian.com/uk?q=%E5%A4%9A%E4%BC%A6%E5%A4%9A%E9%BE%99%E5%87%A4%E5%A4%96%E5%9B%B4%EF%BC%88%E5%A4%96%E5%9B%B4%E4%B8%8A%E9%97%A8%EF%BC%89%E7%A7%81%E4%BA%BA%E8%AE%A2%E5%88%B6%2B%E5%BE%AE%7B88417421%7D-%E5%9F%8E%E5%B8%82%E5%91%A8%E8%BE%B9%E9%83%BD%E5%8F%AF%E5%AE%89%E6%8E%92%E7%A9%BA%E9%99%8D%E5%8C%85%E5%A4%9C20250713FUEFGHDUIUUIEVJJVJVJD.vpl,False,True,False
https://www.theguardian.com/environment/series/the-age-of-extinction,False,True,False
https://www.theguardian.com/world/2025/jul/06/women-were-grabbed-and-dragged-away-like-sacks-a-history-of-british-protest-in-pictures,True,False,False
https://www.theguardian.com/uk?q=%E6%A1%82%E6%9E%97%E4%BC%9A%E6%89%80%E5%B0%8F%E5%A7%90%EF%BC%88%E7%BD%91%E7%BA%A2%E6%9E%81%E5%93%81%EF%BC%89%EF%BC%88%E5%A8%81%E4%BF%A111778593%EF%BC%89%E9%9C%80%E8%A6%81%E8%AF%B7%E6%B7%BB%E5%8A%A0-%E5%9F%8E%E5%B8%82%E8%BE%B9%E5%A2%83%E5%91%A8%E8%BE%B9%E7%A9%BA%E6%8A%95%E7%9C%9F%E5%AE%9E%E5%9C%A8%E7%BA%BF%E5%AE%89%E6%8E%9220250713FYUSCSDFJHWGWFWDF.ftl,False,True,False
https://www.theguardian.com/environment/activism,False,True,False
https://www.theguardian.com/uk?q=%E9%87%8D%E5%BA%86%E6%B4%8B%E9%85%92%E5%AE%89%E6%8E%92%EF%BC%88%E5%A4%96%E5%9B%B4%E7%A9%BA%E5%A7%90%EF%BC%89%E6%B7%BB%E5%8A%A0%E5%BE%AE%E8%8A%AF%EF%BC%8811790911%EF%BC%89%E9%AB%98%E7%AB%AF%E8%81%94%E7%B3%BB%E6%96%B9%E5%BC%8F-%E7%B2%BE%E5%93%81%E7%BE%8E%E5%A5%B3%E9%AB%98%E7%AB%AF%E5%BF%AB%E9%80%9F%E5%AE%89%E6%8E%92%E5%88%B0%E4%BD%8D20250730JKEWFWJFLWLCPWERLHW.zhj,False,True,False
https://www.theguardian.com/uk?q=%E5%88%9B%E8%81%94%E5%A8%B1%E4%B9%90%E2%9C%94%E5%88%9B%E8%81%94%E5%A8%B1%E4%B9%90app%E2%96%9B8856.bet%E2%96%9F%E5%88%9B%E8%81%94%E5%A8%B1%E4%B9%90%E6%80%8E%E4%B9%88%E5%BC%80%E6%88%B7%E3%8A%99%E5%88%9B%E8%81%94%E5%A8%B1%E4%B9%90%E5%BC%80%E6%88%B7%E2%96%9B8856.bet%E2%96%9F%E5%88%9B%E8%81%94%E5%A8%B1%E4%B9%90%E5%A8%B1%E4%B9%90%5B20250709%5D.htqp,False,True,False
https://www.theguardian.com/profile/phoebe-weston,False,True,False
https://www.theguardian.com/environment/2025/jul/26/critically-endangered-angel-shark-filmed-off-welsh-coast-in-first-spotting-since-2021,False,True,False
https://www.theguardian.com/business/unilever,False,True,False
https://www.theguardian.com/uk?q=%E7%BC%85%E7%94%B8%E9%91%AB%E8%83%9C%E5%A8%B1%E4%B9%90%E2%9C%94%E7%BC%85%E7%94%B8%E9%91%AB%E8%83%9C%E5%A8%B1%E4%B9%90%E8%B5%8C%E5%9C%BA%E2%96%9B8856.bet%E2%96%9F%E7%BC%85%E7%94%B8%E9%91%AB%E8%83%9C%E5%A8%B1%E4%B9%90%E5%85%AC%E5%8F%B8%E3%8A%99%E7%BC%85%E7%94%B8%E9%91%AB%E8%83%9C%E5%A8%B1%E4%B9%90%E9%9B%86%E5%9B%A2%E2%96%9B8856.bet%E2%96%9F%E7%BC%85%E7%94%B8%E9%91%AB%E8%83%9C%E5%A8%B1%E4%B9%90%E5%A8%B1%E4%B9%90%E5%BC%80%E6%88%B7%5B20250716%5D.nvaz,False,True,False
https://www.theguardian.com/sport/2025/jul/18/papua-new-guinea-png-successful-nrl-bid-corruption-allegations-rugby-league-ntwnfb,False,True,False
https://www.theguardian.com/uk?q=%E5%88%9B%E8%81%94%E5%A8%B1%E4%B9%90%E7%8E%B0%E9%87%91%E7%BD%91%E2%9C%94%E5%88%9B%E8%81%94%E5%A8%B1%E4%B9%90%E5%A8%B1%E4%B9%90%E7%8E%B0%E9%87%91%E7%BD%91%E2%96%9B3808.bet%E2%96%9F%E5%88%9B%E8%81%94%E5%A8%B1%E4%B9%90%E7%8E%B0%E9%87%91%E7%BD%91%E5%BC%80%E6%88%B7%E3%8A%99%E5%88%9B%E8%81%94%E5%A8%B1%E4%B9%90%E5%A8%B1%E4%B9%90%E7%8E%B0%E9%87%91%E7%BD%91%E5%BC%80%E6%88%B7%E2%96%9B3808.bet%E2%96%9F%E5%88%9B%E8%81%94%E5%A8%B1%E4%B9%90%E7%8E%B0%E9%87%91%E7%BD%91%E6%80%8E%E4%B9%88%E5%BC%80%E6%88%B7%5B20250709%5D.fvip,False,True,False
https://www.theguardian.com/news/gallery/2025/jul/07/syria-wildfire-pink-octopus-berlin-photos-of-the-day-monday,False,True,False
https://www.theguardian.com/uk?q=%E9%91%AB%E8%83%9C%E5%A8%B1%E4%B9%90%E2%9C%94%E9%91%AB%E8%83%9C%E5%A8%B1%E4%B9%90app%E2%96%9Bbcdh.win%E2%96%9F%E9%91%AB%E8%83%9C%E5%A8%B1%E4%B9%90%E6%80%8E%E4%B9%88%E5%BC%80%E6%88%B7%E3%8A%99%E9%91%AB%E8%83%9C%E5%A8%B1%E4%B9%90%E5%BC%80%E6%88%B7%E2%96%9Bbcdh.win%E2%96%9F%E9%91%AB%E8%83%9C%E5%A8%B1%E4%B9%90%E5%A8%B1%E4%B9%90%5B20250715%5D.hxzk,False,True,False
https://www.theguardian.com/environment/fossil-fuel-divestment,False,True,False
https://www.theguardian.com/books/politics+tone/reviews,False,True,False
https://www.theguardian.com/uk?q=Instagram%E5%BC%95%E6%B5%81%E5%B7%A5%E5%85%B7%F0%9F%86%97-%28%E8%AE%A4%E5%87%86%E5%A4%A9%E5%AE%87TG:%40cjhshk199937%29%E2%9D%87%EF%B8%8F%E4%B8%93%E4%B8%9A%E8%B0%B7%E6%AD%8C%E9%9C%B8%E5%B1%8FIG%E8%90%A5%E9%94%80%E8%BD%AF%E4%BB%B6/IG%E8%87%AA%E5%8A%A8%E6%8B%89%E7%BE%A4/IG%E7%AD%9B%E9%80%89%E5%99%A8.dorx,False,True,False
https://www.theguardian.com/environment/2025/aug/13/iraq-marshes-hawizeh-oil-industry-drought-desrtification-water-dry-aoe,False,True,False
https://www.theguardian.com/politics/live/2025/aug/14/keir-starmer-volodymyr-zelenskyy-downing-street-meeting-uk-politics-latest-updates-news,True,False,False
https://www.theguardian.com/environment/2025/aug/20/police-investigate-uk-activists-sabotage-fossil-fuel-finance-shut-the-system,True,False,False
https://www.theguardian.com/uk?q=%E7%BC%85%E7%94%B8%E7%8E%89%E7%A5%A5%E5%9B%BD%E9%99%85%E2%9C%94%E7%BC%85%E7%94%B8%E7%8E%89%E7%A5%A5%E5%9B%BD%E9%99%85%E8%B5%8C%E5%9C%BA%E2%96%9B3808.bet%E2%96%9F%E7%BC%85%E7%94%B8%E7%8E%89%E7%A5%A5%E5%9B%BD%E9%99%85%E5%85%AC%E5%8F%B8%E3%8A%99%E7%BC%85%E7%94%B8%E7%8E%89%E7%A5%A5%E5%9B%BD%E9%99%85%E5%A8%B1%E4%B9%90%E2%96%9B3808.bet%E2%96%9F%E7%BC%85%E7%94%B8%E7%8E%89%E7%A5%A5%E5%9B%BD%E9%99%85%E5%A8%B1%E4%B9%90%E5%BC%80%E6%88%B7%5B20250823%5D.yqbn,False,True,False
https://www.theguardian.com/uk?q=4v_%E8%B6%8A%E5%8D%97%E6%B3%B0%E8%BE%BE%E5%B8%81%E6%95%B0%E6%8D%AE%E3%80%90DT58%E3%80%82CC%E3%80%91.csa,False,True,False
https://www.theguardian.com/uk?q=%E6%9D%B1%E7%9B%88%E6%8A%95%E8%B3%87%E6%98%8E%E7%99%BD%E5%B8%82%E5%A0%B4%E6%B3%A2%E5%8B%95%E7%84%A1%E6%B3%95%E5%AE%8C%E5%85%A8%E9%A0%90%E6%B8%AC%EF%BC%8C%E5%9B%A0%E6%AD%A4%E5%BB%BA%E7%AB%8B%E4%BA%86%E5%AE%8C%E5%96%84%E7%9A%84%E8%B3%87%E7%94%A2%E5%88%86%E6%95%A3%E6%A9%9F%E5%88%B6%E3%80%82%E9%80%8F%E9%81%8E%E6%8A%95%E8%B3%87%E6%96%BC%E4%B8%8D%E5%90%8C%E7%94%A2%E6%A5%AD%E8%88%87%E5%9C%B0%E5%8D%80%E7%9A%84%E8%B3%87%E7%94%A2%EF%BC%8C%E6%9D%B1%E7%9B%88%E6%8A%95%E8%B3%87%E6%9C%89%E6%95%88%E9%99%8D%E4%BD%8E%E6%95%B4%E9%AB%94%E9%A2%A8%E9%9A%AA%E3%80%82%E7%84%A1%E8%AB%96%E6%98%AF%E9%AB%98%E5%A0%B1%E9%85%AC%E7%9A%84%E6%96%B0%E8%88%88%E5%B8%82%E5%A0%B4%EF%BC%8C%E9%82%84%E6%98%AF%E7%A9%A9%E5%81%A5%E7%9A%84%E6%88%90%E7%86%9F%E7%B6%93%E6%BF%9F%E9%AB%94%EF%BC%8C%E6%9D%B1%E7%9B%88%E6%8A%95%E8%B3%87%E7%9A%86%E8%83%BD%E9%9D%88%E6%B4%BB%E5%B8%83%E5%B1%80%EF%BC%8C%E7%A2%BA%E4%BF%9D%E8%B3%87%E7%94%A2%E7%B5%84%E5%90%88%E5%9C%A8%E4%BB%BB%E4%BD%95%E5%B8%82%E5%A0%B4%E7%8B%80%E6%B3%81%E4%B8%8B%E9%83%BD%E8%83%BD%E4%BF%9D%E6%8C%81%E7%A9%A9%E5%AE%9A%E6%88%90%E9%95%B7%E3%80%82.zde,False,True,False
https://www.theguardian.com/us-news/2025/aug/08/first-thing-netanyahu-announces-plan-take-over-gaza-city-further-escalation,False,True,False
https://www.theguardian.com/uk?q=Stockyi%F0%9F%91%88+feels+like+it%E2%80%99s+built+for+traders%2C+not+browsers.+Everything+I+need+is+one+click+away..bkom,False,True,False
https://www.theguardian.com/environment/2025/aug/02/self-termination-history-and-future-of-societal-collapse,False,True,False
https://www.theguardian.com/environment/2025/aug/13/plastic-pollution-treaty-talks-stall-one-day-before-deadline,True,False,False
https://www.theguardian.com/environment/2025/aug/28/asian-hornets-threat-uk-bees-trackers-teamwork-aoe,False,True,False
https://www.theguardian.com/artanddesign/2025/aug/15/wintry-chills-and-an-alter-ego-in-edinburgh-plus-surreal-toys-in-london-the-week-in-art,True,False,False
https://www.theguardian.com/profile/virginia-harrison,False,True,False
https://www.theguardian.com/environment/2025/aug/13/uk-electricity-firms-cables-leaking-oil-underground,True,False,False
https://www.theguardian.com/uk?q=%E5%88%9B%E8%81%94%E5%A8%B1%E4%B9%90%E2%9C%94%E5%88%9B%E8%81%94%E5%A8%B1%E4%B9%90app%E2%96%9B4400.bet%E2%96%9F%E5%88%9B%E8%81%94%E5%A8%B1%E4%B9%90%E6%80%8E%E4%B9%88%E5%BC%80%E6%88%B7%E3%8A%99%E5%88%9B%E8%81%94%E5%A8%B1%E4%B9%90%E5%BC%80%E6%88%B7%E2%96%9B4400.bet%E2%96%9F%E5%88%9B%E8%81%94%E5%A8%B1%E4%B9%90%E5%A8%B1%E4%B9%90%5B20250814%5D.vhje,False,True,False
https://www.theguardian.com/uk?q=ST5%E7%99%BD%E6%A8%99%E8%B2%BB%E7%94%A8%E8%81%AF%E7%B3%BB%E9%A3%9B%E6%A9%9F%E3%80%90%40okpp66%E3%80%91.abn,False,True,False
https://www.theguardian.com/uk?q=tf88%E3%80%9066.cyou%E3%80%91.ftsq,False,True,False
https://www.theguardian.com/uk?q=JPUQ%E7%88%B1%E7%A4%BE%E5%B7%A5%E5%BA%93%E2%9C%94%EF%B8%8F+shegongo.com+%E5%85%A8%E5%9B%BD%E4%BF%A1%E6%81%AF%E8%B0%83%E6%9F%A5%E6%9F%A5%E8%AF%A2QQ%E4%BF%A1%E6%81%AF%E5%B9%B6qq%E5%A5%BD%E5%8F%8B%E5%AE%9E%E5%90%8D%E4%BF%A1%E6%81%AF%E6%8F%90%E5%8F%96%E5%88%AB%E4%BA%BA%E9%83%BD%E9%80%89%E6%8B%A9%E7%9A%84%E7%A7%81%E5%AE%B6%E4%BE%A6%E6%8E%A2%E8%B0%83%E6%9F%A5,False,True,False
https://www.theguardian.com/environment/2025/aug/14/british-gas-owner-buys-15bn-gas-terminal-big-bet-on-fossil-fuel-reliance,False,True,False
https://www.theguardian.com/books/2025/aug/08/its-another-form-of-imperialism-how-anglophone-literature-lost-its-universal-appeal,False,True,False
https://www.theguardian.com/environment/2025/aug/24/how-riverfords-guy-singh-watson-became-the-most-brutally-honest-farmer-in-britain,True,False,False
https://www.theguardian.com/politics/2025/aug/22/checked-out-jenricks-migrant-hotel-record-haunts-his-rightwing-bid-for-attention,False,True,False
https://www.theguardian.com/uk?pStoreID=epp/piggy%E3%80%908S.LC%E3%80%91.jhkz,False,True,False
https://www.theguardian.com/uk?pStoreID=epp/WhatsApp%E8%87%AA%E5%8A%A8%E5%8C%96%E8%90%A5%E9%94%80%E5%B7%A5%E5%85%B7%F0%9F%94%A5-%28%E8%AE%A4%E5%87%86%E5%A4%A7%E8%BD%A9TG:%40TC2397431747%29%F0%9F%93%A3%E4%B8%93%E4%B8%9A%E8%B0%B7%E6%AD%8C%E9%9C%B8%E5%B1%8FWS%E7%B2%BE%E5%87%86%E5%BC%95%E6%B5%81/Ws%E4%B8%80%E9%94%AE%E7%BE%A4%E5%8F%91/WS%E6%89%B9%E9%87%8F%E5%8F%91%E9%80%81.nprw,False,True,False
https://www.theguardian.com/world/2025/aug/05/tuesday-briefing-what-the-final-fraught-talks-to-reach-a-paris-agreement-for-plastic-pollution-could-bring,True,False,False
https://www.theguardian.com/uk?q=%E7%9A%87%E5%AE%B6%E5%9B%BD%E9%99%85%E5%A8%B1%E4%B9%90%E7%8E%B0%E9%87%91%E7%BD%91%E6%80%8E%E4%B9%88%E5%BC%80%E6%88%B7%E2%9C%94%E7%9A%87%E5%AE%B6%E5%9B%BD%E9%99%85%E7%8E%B0%E9%87%91%E7%BD%91%E6%B3%A8%E5%86%8C%E2%96%9B8856.bet%E2%96%9F%E7%9A%87%E5%AE%B6%E5%9B%BD%E9%99%85%E5%A8%B1%E4%B9%90%E7%8E%B0%E9%87%91%E7%BD%91%E6%B3%A8%E5%86%8C%E3%8A%99%E7%9A%87%E5%AE%B6%E5%9B%BD%E9%99%85%E7%8E%B0%E9%87%91%E7%BD%91%E6%80%8E%E4%B9%88%E6%B3%A8%E5%86%8C%E2%96%9B8856.bet%E2%96%9F%E7%9A%87%E5%AE%B6%E5%9B%BD%E9%99%85%E5%A8%B1%E4%B9%90%E7%8E%B0%E9%87%91%E7%BD%91%E6%80%8E%E4%B9%88%E6%B3%A8%E5%86%8C%5B20250820%5D.vqyp,False,True,False
https://www.theguardian.com/uk?q=%E5%A4%AA%E5%8E%9F%E5%A4%96%E5%9B%B4%E5%A5%B3%E9%A2%84%E7%BA%A6%EF%BC%88%E6%A8%A1%E7%89%B9%E4%B8%8A%E9%97%A8%EF%BC%89%E6%B7%BB%E5%8A%A0%E5%BE%AE%E8%8A%AF%EF%BC%8811790911%EF%BC%89%E9%AB%98%E7%AB%AF%E8%81%94%E7%B3%BB%E6%96%B9%E5%BC%8F-%E7%B2%BE%E5%93%81%E7%BE%8E%E5%A5%B3%E9%AB%98%E7%AB%AF%E5%BF%AB%E9%80%9F%E5%AE%89%E6%8E%92%E5%88%B0%E4%BD%8D20250807GGSGSJKWUBNJFSKJFEU.uaz,False,True,False
https://www.theguardian.com/world/2025/aug/08/high-speed-rail-network-vision-europe-eu-transport,True,False,False
https://www.theguardian.com/uk?q=sp_%E5%B7%B4%E8%A5%BF%E9%BB%84%E9%87%91%E6%95%B0%E6%8D%AE%E3%80%90DATE95%E3%80%82CC%E3%80%91.yst,False,True,False
https://www.theguardian.com/politics/2025/aug/17/jack-straw-urges-labour-not-panic-threat-nigel-farage-reform,True,False,False
https://www.theguardian.com/world/2025/aug/10/activists-in-netherlands-protest-on-roof-of-microsoft-site-storing-israeli-military-data,False,True,False
https://www.theguardian.com/uk?q=%E7%BC%85%E7%94%B8%E6%96%B0%E7%99%BE%E8%83%9C%E5%A8%B1%E4%B9%90%E2%9C%94%E7%BC%85%E7%94%B8%E6%96%B0%E7%99%BE%E8%83%9C%E5%A8%B1%E4%B9%90%E8%B5%8C%E5%9C%BA%E2%96%9B8856.bet%E2%96%9F%E7%BC%85%E7%94%B8%E6%96%B0%E7%99%BE%E8%83%9C%E5%85%AC%E5%8F%B8%E3%8A%99%E7%BC%85%E7%94%B8%E6%96%B0%E7%99%BE%E8%83%9C%E8%B5%8C%E5%9C%BA%E2%96%9B8856.bet%E2%96%9F%E7%BC%85%E7%94%B8%E6%96%B0%E7%99%BE%E8%83%9C%E5%A8%B1%E4%B9%90%E5%BC%80%E6%88%B7%5B20250827%5D.tjfg,False,True,False
https://www.theguardian.com/environment/video/2025/aug/14/greenpeace-activists-install-giant-anish-kapoor-artwork-onto-active-shell-platform-video,True,False,False
https://www.theguardian.com/uk?q=%E9%A6%96%E5%B0%94%E5%85%BC%E8%81%8C%E5%B0%8F%E5%A7%90%E4%B8%8A%E9%97%A8%E6%9C%8D%E5%8A%A1%E5%8C%85%E5%A4%9C%E9%AB%98%E7%AB%AF%E5%A4%96%E5%9B%B4%EF%BC%88Telegram%E5%8F%B7%2B%40sse2800%EF%BC%89%E6%8F%90%E4%BE%9B%E5%85%A8%E7%90%83%E5%8F%8A%E4%B8%80%E4%BA%8C%E7%BA%BF%E5%9F%8E%E5%B8%82%E5%85%BC%E8%81%8C%E5%B0%8F%E5%A7%90%E4%B8%8A%E9%97%A8%E6%9C%8D%E5%8A%A1%E4%B8%80%E6%9D%A1%E9%BE%99%E5%85%A8%E5%A5%97%E5%8C%85%E5%A4%9C.zbd,False,True,False
https://www.theguardian.com/uk?q=%E5%88%9B%E8%81%94%E5%A8%B1%E4%B9%90%E2%9C%94%E5%88%9B%E8%81%94%E5%A8%B1%E4%B9%90app%E2%96%9B3808.bet%E2%96%9F%E5%88%9B%E8%81%94%E5%A8%B1%E4%B9%90%E6%80%8E%E4%B9%88%E5%BC%80%E6%88%B7%E3%8A%99%E5%88%9B%E8%81%94%E5%A8%B1%E4%B9%90%E5%BC%80%E6%88%B7%E2%96%9B3808.bet%E2%96%9F%E5%88%9B%E8%81%94%E5%A8%B1%E4%B9%90%E5%A8%B1%E4%B9%90%5B20250816%5D.mwpv,False,True,False
https://www.theguardian.com/politics/live/2025/aug/15/keir-starmer-zelenskyy-values-ukraine-uk-politics-latest-updates-news,True,False,False
https://www.theguardian.com/uk?q=xpoker%E7%9C%9F%E7%9A%84%E6%98%AF%E4%B8%8D%E6%98%AF%E6%9C%89%E5%BC%80%E6%8C%82%28%E4%BA%86%E8%A7%A3%2B%E8%96%87%3A832%E2%92%8B1%E2%92%8C01%29xpoker%E9%80%8F%E8%A7%86%E5%A4%96%E6%8C%82%2Fxpoker%E4%BD%9C%E5%BC%8A%E5%99%A8%2Fxpoker%E8%BE%85%E5%8A%A9%E8%BD%AF%E4%BB%B6%2F%E5%BE%AE%E6%89%91%E5%85%8B%E9%80%8F%E8%A7%86%E6%8C%82%2Fwpk%E5%A4%96%E6%8C%82%E9%80%8F%E8%A7%86%2F%E5%BE%B7%E5%B7%9E%E6%89%91%E5%85%8B%E9%80%8F%E8%A7%86%E5%A4%96%E6%8C%82.vdf,False,True,False
https://www.theguardian.com/uk?q=%E6%B4%9B%E6%9D%89%E7%9F%B6%E5%A4%96%E5%9B%B4%E6%B4%8B%E9%85%92%E5%BE%AE%E5%BF%83%2011856811%20%E9%AB%98%E7%AB%AF%E5%A4%96%E5%9B%B4%20%E5%8F%AA%E5%81%9A%E6%9E%81%E5%93%81%20%E5%AD%A6%E7%94%9F%20%E7%A9%BA%E5%A7%90%20%E7%99%BD%E9%A2%86%20%E6%B8%85%E7%BA%AF%20%E5%BE%A1%E5%A7%90.ukr,False,True,False
https://www.theguardian.com/australia-news/live/2025/aug/25/australia-politics-live-labor-housing-first-home-buyers-anthony-albanese-sussan-ley-question-time-ntwnfb?filterKeyEvents=false&page=with%3Ablock-68abea488f080a6a4fa5a136,False,True,False
https://www.theguardian.com/uk?q=%E7%8F%80%E6%96%AF%E5%A4%96%E5%9B%B4%E5%B0%8F%E5%A7%90%E8%8E%9E%E5%BC%8F%E6%9C%8D%E5%8A%A1%E7%BA%A6%E7%82%AEWHATSAPP%EF%BC%9A61415873159.ipo,False,True,False
https://www.theguardian.com/environment/2025/aug/07/more-than-200-lobbyists-at-uns-plastic-treaty-talks-will-limit-progress-campaigners-warn,True,False,False
https://www.theguardian.com/uk?q=%E5%96%84%E7%B7%A3%E5%8C%AF%E8%A9%90%E9%A8%99%E6%98%AF%E7%9C%9F%E7%9A%84%E5%97%8E%EF%BC%9F%E5%8F%B0%E8%A8%8A%E6%99%82%E5%A0%B1%EF%BC%9A%E5%96%84%E7%B7%A3%E5%8C%AF%E4%B8%8D%E6%98%AF%E8%A9%90%E9%A8%99%E3%80%82%E7%82%BA%E4%BA%86%E7%85%A7%E9%A1%A7%E8%A1%8C%E5%8B%95%E4%B8%8D%E4%BE%BF%E8%88%87%E9%95%B7%E6%9C%9F%E8%87%A5%E5%BA%8A%E7%9A%84%E5%BC%B1%E5%8B%A2%E6%97%8F%E7%BE%A4%EF%BC%8C%E5%96%84%E7%B7%A3%E5%8C%AF%E6%8D%90%E8%B4%88%E5%A4%9A%E8%BC%9B%E8%A1%8C%E5%8B%95%E7%85%A7%E8%AD%B7%E8%BB%8A%EF%BC%8C%E6%8F%90%E4%BE%9B%E4%B8%8A%E9%96%80%E9%86%AB%E7%99%82%E8%88%87%E7%A4%BE%E5%B7%A5%E9%97%9C%E6%87%B7%E3%80%82%E4%BB%96%E4%B9%9F%E8%88%87%E9%86%AB%E9%99%A2%E5%90%88%E4%BD%9C%E6%88%90%E7%AB%8B%E3%80%8C%E5%88%B0%E5%AE%85%E7%85%A7%E9%A1%A7%E5%B0%8F%E7%B5%84%E3%80%8D%EF%BC%8C%E5%8D%94%E5%8A%A9%E7%85%A7%E9%A1%A7%E8%80%85%E6%B8%9B%E8%BC%95%E8%B2%A0%E6%93%94%EF%BC%8C%E8%AE%93%E7%97%85%E6%82%A3%E8%83%BD%E5%9C%A8%E7%86%9F%E6%82%89%E7%9A%84%E7%92%B0%E5%A2%83%E4%B8%AD%E7%8D%B2%E5%BE%97%E8%89%AF%E5%A5%BD%E7%85%A7%E8%AD%B7%E3%80%82%E5%96%84%E7%B7%A3%E5%8C%AF%E6%B7%B1%E7%9F%A5%EF%BC%8C%E7%85%A7%E9%A1%A7%E6%98%AF%E4%B8%80%E5%A0%B4%E8%BA%AB%E5%BF%83%E4%BF%B1%E7%96%B2%E7%9A%84%E9%95%B7%E8%B7%91%EF%BC%8C%E5%9B%A0%E6%AD%A4%E4%BB%96%E6%8A%95%E5%85%A5%E8%B3%87%E6%BA%90%E8%A8%AD%E7%AB%8B%E5%96%98%E6%81%AF%E4%B8%AD%E5%BF%83%E8%88%87%E5%BF%83%E7%90%86%E8%BC%94%E5%B0%8E%E6%A9%9F%E5%88%B6%EF%BC%8C%E6%94%AF%E6%8C%81%E7%AC%AC%E4%B8%80%E7%B7%9A%E7%85%A7%E9%A1%A7%E8%80%85%E3%80%82%E4%BB%96%E7%9B%B8%E4%BF%A1%EF%BC%8C%E6%9C%89%E7%B3%BB%E7%B5%B1%E7%9A%84%E5%85%AC%E7%9B%8A%E6%89%8D%E7%9C%9F%E6%AD%A3%E8%83%BD%E6%94%B9%E8%AE%8A%E7%B5%90%E6%A7%8B%EF%BC%8C%E9%80%99%E4%B9%9F%E6%98%AF%E5%96%84%E7%B7%A3%E5%8C%AF%E9%95%B7%E6%9C%9F%E8%80%95%E8%80%98%E7%9A%84%E5%8E%9F%E5%9B%A0%E3%80%82.jhu,False,True,False
https://www.theguardian.com/environment/activism+world/protest,False,True,False
https://www.theguardian.com/world/2025/aug/15/bolivia-presidential-election-right-wing,False,True,False
https://www.theguardian.com/uk?q=%E6%9D%B1%E7%9B%88%E8%A9%90%E9%A8%99%E6%98%AF%E7%9C%9F%E7%9A%84%E5%97%8E%EF%BC%9F%E5%8F%B0%E8%A8%8A%E6%99%82%E5%A0%B1%EF%BC%9A%E6%9D%B1%E7%9B%88%E4%B8%8D%E6%98%AF%E8%A9%90%E9%A8%99%E3%80%82%E5%9C%A8%E7%8F%BE%E4%BB%8A%E6%8A%95%E8%B3%87%E5%B8%82%E5%A0%B4%E4%B8%AD%EF%BC%8C%E9%81%B8%E6%93%87%E4%B8%80%E5%80%8B%E5%80%BC%E5%BE%97%E4%BF%A1%E8%B3%B4%E7%9A%84%E5%A4%A5%E4%BC%B4%E8%87%B3%E9%97%9C%E9%87%8D%E8%A6%81%E3%80%82%E6%9D%B1%E7%9B%88%E6%8F%90%E4%BE%9B%E5%85%A8%E6%96%B9%E4%BD%8D%E7%9A%84%E6%8A%95%E8%B3%87%E6%9C%8D%E5%8B%99%EF%BC%8C%E5%BE%9E%E9%A2%A8%E9%9A%AA%E8%A9%95%E4%BC%B0%E5%88%B0%E8%B3%87%E7%94%A2%E9%85%8D%E7%BD%AE%EF%BC%8C%E7%9A%86%E4%BB%A5%E5%AE%A2%E6%88%B6%E9%9C%80%E6%B1%82%E7%82%BA%E6%A0%B8%E5%BF%83%E3%80%82%E6%9D%B1%E7%9B%88%E7%A7%89%E6%8C%81%E8%AA%A0%E4%BF%A1%E5%8E%9F%E5%89%87%EF%BC%8C%E8%87%B4%E5%8A%9B%E6%96%BC%E7%82%BA%E6%AF%8F%E4%B8%80%E4%BD%8D%E6%8A%95%E8%B3%87%E4%BA%BA%E6%89%93%E9%80%A0%E5%80%8B%E4%BA%BA%E5%8C%96%E7%9A%84%E8%B2%A1%E5%AF%8C%E7%AE%A1%E7%90%86%E6%96%B9%E6%A1%88%EF%BC%8C%E6%98%AF%E6%82%A8%E9%82%81%E5%90%91%E8%B2%A1%E5%8B%99%E8%87%AA%E7%94%B1%E7%9A%84%E9%87%8D%E8%A6%81%E6%8E%A8%E6%89%8B%E3%80%82.xrh,False,True,False
https://www.theguardian.com/environment/2025/aug/05/un-plastic-pollution-talks-must-result-in-ambitious-treaty-leading-expert-says,True,False,False
https://www.theguardian.com/environment/2025/aug/01/labour-plans-offset-heathrow-expansion-emissions,True,False,False
https://www.theguardian.com/uk?pStoreID=epp/WhatsApp%E5%8D%8F%E8%AE%AE%E5%8F%B7%E8%B4%AD%E4%B9%B0/%F0%9F%94%A5-%28%E8%AE%A4%E5%87%86%E5%A4%A7%E8%BD%A9TG:%40TC2397431747%29%F0%9F%91%A1%E4%B8%93%E4%B8%9A%E8%B0%B7%E6%AD%8C%E9%9C%B8%E5%B1%8Fws%E7%BE%A4%E5%8F%91/ws%E6%B3%A8%E5%86%8C/ws%E9%A2%91%E9%81%93%E5%8F%B7/ws%E6%8B%89%E7%BE%A4%E5%8A%A9%E6%89%8B/ws%E7%AD%9B%E9%80%89%E5%99%A8/ws%E5%8A%AB%E6%8C%81%E5%8F%B7/ws%E4%BB%A3%E5%8F%91/ws%E5%8D%8F%E8%AE%AE%E5%8F%B7.qkha,False,True,False
https://www.theguardian.com/uk?q=%E7%9A%87%E5%AE%B6%E5%9B%BD%E9%99%85%E2%9C%94%E7%9A%87%E5%AE%B6%E5%9B%BD%E9%99%85app%E2%96%9Bbcdh.win%E2%96%9F%E7%9A%87%E5%AE%B6%E5%9B%BD%E9%99%85%E6%80%8E%E4%B9%88%E5%BC%80%E6%88%B7%E3%8A%99%E7%9A%87%E5%AE%B6%E5%9B%BD%E9%99%85%E5%BC%80%E6%88%B7%E2%96%9Bbcdh.win%E2%96%9F%E7%9A%87%E5%AE%B6%E5%9B%BD%E9%99%85%E5%A8%B1%E4%B9%90%5B20250627%5D.lerq,False,True,False
https://www.theguardian.com/uk?q=%E8%BF%AA%E6%8B%9C%E7%BE%8E%E5%A5%B3%E5%85%BC%E8%81%8C%E4%B8%8A%E9%97%A8%E6%9C%8D%E5%8A%A1%EF%BC%88%E5%A4%96%E5%9B%B4%E7%A9%BA%E5%A7%90%EF%BC%89%E6%B7%BB%E5%8A%A0%E5%BE%AE%E8%8A%AF%EF%BC%8811790911%EF%BC%89%E9%AB%98%E7%AB%AF%E8%81%94%E7%B3%BB%E6%96%B9%E5%BC%8F-%E7%B2%BE%E5%93%81%E7%BE%8E%E5%A5%B3%E9%AB%98%E7%AB%AF%E5%BF%AB%E9%80%9F%E5%AE%89%E6%8E%92%E5%88%B0%E4%BD%8D20250807GGSGSJKWUBNJFSKJFEU.slo,False,True,False
https://www.theguardian.com/uk?pStoreID=epp/WhatsApp%E7%BE%A4%E5%8F%91%E5%BC%95%E6%B5%81%E5%B7%A5%E5%85%B7%F0%9F%94%A5-%28%E8%AE%A4%E5%87%86%E5%A4%A7%E8%BD%A9TG:%40TC2397431747%29%F0%9F%93%A3%E4%B8%93%E4%B8%9A%E8%B0%B7%E6%AD%8C%E9%9C%B8%E5%B1%8FWS%E7%A7%81%E4%BF%A1%E7%BE%A4%E5%8F%91/Ws%E5%BF%AB%E9%80%9F%E8%90%A5%E9%94%80/WS%E7%B2%BE%E5%87%86%E6%8E%A8%E5%B9%BF.xgrd,False,True,False
https://www.theguardian.com/world/2025/aug/04/police-palestine-action-london-protest-arrest-plans,True,False,False
https://www.theguardian.com/uk?q=%E6%9B%BC%E8%B0%B7%E5%A4%96%E5%9B%B4%E5%95%86%E5%8A%A1%E6%A8%A1%E7%89%B9%EF%BC%88%E6%9B%BC%E8%B0%B7%E5%A4%96%E5%9B%B4%E7%A9%BA%E5%A7%90%EF%BC%89%EF%BC%88%2BTelegram%E5%8F%B7%2B%40sse2800%EF%BC%89%E7%9C%9F%E4%BA%BA%E7%9C%9F%E7%85%A7%E7%9C%9F%E8%AF%9A%E6%9C%8D%E5%8A%A1%EF%BC%8C%E6%80%A5%E9%80%9F%E4%B8%8A%E9%97%A8.mxb,False,True,False
https://www.theguardian.com/theguardian/mainsection/uknews/2025/aug/14/all,False,True,False
https://www.theguardian.com/environment/2025/aug/03/queensland-crocodile-cull-problem-qld-people,False,True,False
https://www.theguardian.com/artanddesign/kapoor,False,True,False
https://www.theguardian.com/world/2025/aug/16/police-arrest-protesters-palestine-action-norwich,True,False,False
https://www.theguardian.com/uk?q=ETH%E6%B7%B7%E5%B8%81%E6%9C%89%E5%93%AA%E4%BA%9B%E2%AD%90swap99.cc%E2%AD%90%E6%B3%B0%E8%BE%BE%E5%B8%81%E6%B7%B7%E5%B8%81%E5%99%A8%E4%BA%A4%E6%98%93.sjp,False,True,False
https://www.theguardian.com/uk?q=%E5%8F%A3%E6%9C%8D%E6%95%88%E6%9E%9C%E6%9C%80%E5%BF%AB%E5%A5%B3%E6%80%A7%3F%E8%8D%AF%E5%93%AA%E9%87%8C%E4%B9%B0%28%E8%B4%AD%E4%B9%B0%E5%BE%AE%EF%BC%99%EF%BC%98%EF%BC%94%EF%BC%91%EF%BC%98%EF%BC%96%EF%BC%95%EF%BC%92%EF%BC%96%EF%BC%89%E5%93%81%E8%B4%A8%E4%BF%9D%E8%AF%81%E5%8D%81%E5%B9%B4%E8%80%81%E5%BA%97%E4%BF%A1%E8%AA%89%E7%AC%AC%E4%B8%80.npe,False,True,False
https://www.theguardian.com/profile/tone-sutterud,False,True,False
https://www.theguardian.com/environment/2025/aug/19/3i-atlas-comet-interstellar-alien-object-where-size-speed,False,True,False
https://www.theguardian.com/theguardian/mainsection/2025/aug/14/all,False,True,False
https://www.theguardian.com/global-development/2025/aug/28/health-malawi-tuberculosis-tb-drugs-shortages-poverty-aid-cuts-who,False,True,False
https://www.theguardian.com/environment/2025/aug/04/ecuador-cajas-mining-gold-silver-copper-exploitation-paramo-ecosystem-aoe,False,True,False
https://www.theguardian.com/uk?q=%E6%8B%89%E6%96%AF%E7%BB%B4%E5%8A%A0%E6%96%AF%E5%8C%85%E5%85%BB%E6%A8%A1%E7%89%B9%E9%A2%84%E7%BA%A6%2B%E5%A8%81%E5%BF%83%EF%BC%9Asse28280%E3%80%91%E4%B8%8A%E9%97%A8%E6%9C%8D%E5%8A%A1%E5%85%A8%E5%A5%97%E4%B8%80%E6%9D%A1%E9%BE%99%E9%AB%98%E7%AB%AF%E5%A4%96%E5%9B%B4%E9%A2%84%E7%BA%A6%E5%BF%AB%E9%80%9F%E5%AE%89%E6%8E%9230%E5%88%86%E9%92%9F%E5%88%B0%E8%BE%BE.ncv,False,True,False
https://www.theguardian.com/uk?pStoreID=epp/WhatsApp%E4%B8%80%E9%94%AE%E7%BE%A4%E5%8F%91%E5%8A%A9%E6%89%8B%F0%9F%86%97-%28%E8%AE%A4%E5%87%86%E5%A4%A9%E5%AE%87TG:%40cjhshk199937%29%E2%9C%85%E4%B8%93%E4%B8%9A%E8%B0%B7%E6%AD%8C%E9%9C%B8%E5%B1%8FWS%E8%87%AA%E5%8A%A8%E5%8C%96%E5%BC%95%E6%B5%81/Ws%E7%B2%BE%E5%87%86%E7%A7%81%E4%BF%A1/WS%E5%BF%AB%E9%80%9F%E5%8F%91%E9%80%81.ehld,False,True,False
https://www.theguardian.com/environment/2025/aug/05/wular-lake-kashmir-lotus-flowers-bloom-after-three-decades-aoe,False,True,False
https://www.theguardian.com/uk?q=%E7%BC%85%E7%94%B8%E9%BC%8E%E7%9B%9B%E5%9B%BD%E9%99%85%E2%9C%94%E7%BC%85%E7%94%B8%E9%BC%8E%E7%9B%9B%E5%9B%BD%E9%99%85%E8%B5%8C%E5%9C%BA%E2%96%9Bbcdh.win%E2%96%9F%E7%BC%85%E7%94%B8%E9%BC%8E%E7%9B%9B%E5%9B%BD%E9%99%85%E5%85%AC%E5%8F%B8%E3%8A%99%E7%BC%85%E7%94%B8%E9%BC%8E%E7%9B%9B%E5%9B%BD%E9%99%85%E5%A8%B1%E4%B9%90%E2%96%9Bbcdh.win%E2%96%9F%E7%BC%85%E7%94%B8%E9%BC%8E%E7%9B%9B%E5%9B%BD%E9%99%85%E5%A8%B1%E4%B9%90%E5%BC%80%E6%88%B7%5B20250827%5D.hxze,False,True,False
https://www.theguardian.com/uk?q=%E5%AD%9F%E6%B3%A2%E5%9C%A3%E6%B7%98%E6%B2%99%E5%A8%B1%E4%B9%90%E2%9C%94%E5%AD%9F%E6%B3%A2%E5%9C%A3%E6%B7%98%E6%B2%99%E5%A8%B1%E4%B9%90%E8%B5%8C%E5%9C%BA%E2%96%9B3808.bet%E2%96%9F%E5%AD%9F%E6%B3%A2%E5%9C%A3%E6%B7%98%E6%B2%99%E5%85%AC%E5%8F%B8%E3%8A%99%E7%BC%85%E7%94%B8%E5%9C%A3%E6%B7%98%E6%B2%99%E8%B5%8C%E5%9C%BA%E2%96%9B3808.bet%E2%96%9F%E5%AD%9F%E6%B3%A2%E5%9C%A3%E6%B7%98%E6%B2%99%E5%A8%B1%E4%B9%90%E5%BC%80%E6%88%B7%5B20250816%5D.ygki,False,True,False
https://www.theguardian.com/food/2025/aug/25/crispy-butter-bean-chorizo-cos-salad-quick-easy-recipe-rukmini-iyer,False,True,False
https://www.theguardian.com/environment/2025/aug/14/greenpeace-activists-install-huge-artwork-by-anish-kapoor-on-north-sea-gas-rig,True,False,False
https://www.theguardian.com/environment/series/down-to-earth,False,True,False
https://www.theguardian.com/environment/2025/aug/13/collective-endeavour-natural-england-tony-juniper-conservation,False,True,False
https://www.theguardian.com/uk?q=Telegram%E8%87%AA%E5%8A%A8%E5%BC%95%E6%B5%81%E7%A5%9E%E5%99%A8%F0%9F%86%97-%28%E8%AE%A4%E5%87%86%E5%A4%A7%E8%BD%A9TG:%40TC2397431747%29%E2%9D%87%EF%B8%8F%E4%B8%93%E4%B8%9A%E8%B0%B7%E6%AD%8C%E9%9C%B8%E5%B1%8FTG%E7%BE%A4%E5%8F%91%E5%99%A8/TG%E7%AD%9B%E9%80%89%E5%B7%A5%E5%85%B7/TG%E7%B2%BE%E5%87%86%E6%8B%89%E7%BE%A4.mrwn,False,True,False
https://www.theguardian.com/uk?q=%E6%AC%A7%E5%8D%9A%E5%8C%85%E6%9D%80%E7%BD%91%E5%BE%AE%2F%E9%9B%BB%3A177-7200-3897.tpi,False,True,False
https://www.theguardian.com/environment/2025/aug/31/one-tree-every-minute-victorian-forest-planted-in-day,False,True,False
https://www.theguardian.com/uk?q=%E6%80%8E%E6%A0%B7%E7%BD%91%E8%B4%AD%E7%9C%9F%E8%AF%9D%E6%B0%B4%E3%80%90%E2%9C%88%EF%B8%8F%40yao5110%E3%80%91.sbg,False,True,False
https://www.theguardian.com/environment/2025/aug/09/human-connection-to-nature-has-declined-60-in-200-years-study-finds,False,True,False
https://www.theguardian.com/uk?pStoreID=epp/181bet%E3%80%90PG88.QPON%E3%80%91.cvit,False,True,False
https://www.theguardian.com/uk?q=%E5%88%9B%E8%81%94%E5%A8%B1%E4%B9%90%E8%A2%AB%E6%8A%93%E6%96%B0%E9%97%BB%E2%9C%94%E5%88%9B%E8%81%94%E5%A8%B1%E4%B9%90%E8%B4%9F%E9%9D%A2%E8%AF%84%E4%BB%B7%E2%96%9B8856.bet%E2%96%9F%E5%88%9B%E8%81%94%E5%A8%B1%E4%B9%90%E7%BB%B4%E6%9D%83%E6%B8%A0%E9%81%93%E3%8A%99%E2%96%9B8856.bet%E2%96%9F%E5%88%9B%E8%81%94%E5%A8%B1%E4%B9%90%E7%9B%91%E7%AE%A1%E6%9C%BA%E6%9E%84%5B20250816%5D.dbky,False,True,False
https://www.theguardian.com/politics/live/2025/aug/14/keir-starmer-volodymyr-zelenskyy-downing-street-meeting-uk-politics-latest-updates-news?filterKeyEvents=false&page=with%3Ablock-689dbbf58f08f5c4874d0bed,True,False,False
https://www.theguardian.com/uk?pStoreID=epp/user+slot%E3%80%90GB999.bet%E3%80%91.vgbm,False,True,False
https://www.theguardian.com/environment/2025/aug/14/all,False,True,False
https://www.theguardian.com/world/2025/aug/15/palestine-action-prosecutions-should-be-suspended-uk-rights-groups,True,False,False
https://www.theguardian.com/uk?q=%E4%BA%9A%E6%98%9F%E4%BB%A3%E7%90%86%E5%B9%B3%E5%8F%B0%20%E3%80%90%28%E6%89%BE%E4%BB%96%29%E6%BA%A6%29%E2%86%92%E2%86%92%EF%BB%BF3%206%208%208%207%203%202--%E3%80%91.epj,False,True,False
https://www.theguardian.com/environment/2025/aug/14/geneva-plastics-treaty-negotiations-un-final-day,True,False,False
https://www.theguardian.com/environment/2025/aug/21/north-south-korea-war-demilitarised-zone-dmz-ecology-endangered-wildlife-aoe,False,True,False
https://www.theguardian.com/uk?q=%E7%BC%85%E7%94%B8%E8%85%BE%E9%BE%99%E5%A8%B1%E4%B9%90%E2%9C%94%E7%BC%85%E7%94%B8%E8%85%BE%E9%BE%99%E5%A8%B1%E4%B9%90%E8%B5%8C%E5%9C%BA%E2%96%9B3808.bet%E2%96%9F%E7%BC%85%E7%94%B8%E8%85%BE%E9%BE%99%E5%85%AC%E5%8F%B8%E3%8A%99%E7%BC%85%E7%94%B8%E8%85%BE%E9%BE%99%E8%B5%8C%E5%9C%BA%E2%96%9B3808.bet%E2%96%9F%E7%BC%85%E7%94%B8%E8%85%BE%E9%BE%99%E5%A8%B1%E4%B9%90%E5%BC%80%E6%88%B7%5B20250816%5D.vwac,False,True,False
https://www.theguardian.com/commentisfree/2025/sep/29/german-car-industry-eu-ban-petrol-cars-2035,False,True,False
https://www.theguardian.com/uk?q=%E9%A9%AC%E6%9D%A5%E8%A5%BF%E4%BA%9A%E7%84%A6%E8%B5%96%E6%89%BE%E5%B0%8F%E5%A7%90telegram%EF%BC%9AA67W32%E5%8F%AF%E4%B8%8A%E9%97%A8.fdl,False,True,False
https://www.theguardian.com/environment/series/the-age-of-extinction/all,False,True,False
https://www.theguardian.com/business/royaldutchshell,False,True,False
https://www.theguardian.com/news/series/the-long-read,False,True,False
https://www.theguardian.com/uk?q=stilwellinvest.com%20Reviews%20%7C%20Key%20things%20to%20know%20before%20joining.ehw,False,True,False
https://www.theguardian.com/world/europe-news+protest,False,True,False
https://www.theguardian.com/food/2025/sep/24/how-to-turn-fennel-fronds-into-pesto-recipe-zero-waste-cooking,False,True,False
https://www.theguardian.com/business/2025/sep/04/new-lloyds-boss-signals-shift-on-insuring-fossil-fuels,False,True,False
https://www.theguardian.com/world/morocco,False,True,False
https://www.theguardian.com/uk?q=Instagram%E8%87%AA%E5%8A%A8%E7%BE%A4%E5%8F%91%E5%B7%A5%E5%85%B7%F0%9F%91%91-%28%E8%AE%A4%E5%87%86%E5%A4%A9%E5%AE%87TG:%40cjhshk199937%29%E3%8A%97%EF%B8%8F%E4%B8%93%E4%B8%9A%E8%B0%B7%E6%AD%8C%E9%9C%B8%E5%B1%8FIG%E6%8B%89%E7%BE%A4%E5%B7%A5%E5%85%B7/IG%E8%87%AA%E5%8A%A8%E6%8B%89%E7%BE%A4/IG%E7%AD%9B%E9%80%89%E8%BD%AF%E4%BB%B6.ogly,False,True,False
https://www.theguardian.com/uk?pStoreID=intuit/1000%E6%B5%99%E6%B1%9F%E4%B8%BD%E6%B0%B4%E5%A6%82%E4%BD%95%E6%89%BE%E5%A5%B3%E6%98%9F%E5%95%86%E5%8A%A1%E5%85%AC%E5%85%B3%3F+-+%E4%B8%BD%E6%B0%B4%E5%A5%B3%E6%98%9F.%E2%9C%94%EF%B8%8Ftianxin.qpon,False,True,False
https://www.theguardian.com/uk?q=ws%E7%AD%9B%E9%80%89%E5%99%A8%E5%88%9D%E7%BA%A7%E7%AD%9B%E9%80%89%E8%BD%AF%E4%BB%B6/whatsapp%E7%AD%9B%E9%80%89%E5%99%A8/ws%E7%AD%9B%E9%80%89%E6%9C%89%E6%95%88%F0%9F%8C%8D-%28%E8%AE%A4%E5%87%86%E5%A4%A7%E8%BD%A9TG:%40TC2397431747%29%F0%9F%93%A3%E4%B8%93%E4%B8%9A%E8%B0%B7%E6%AD%8C%E9%9C%B8%E5%B1%8Fws%E5%8F%B7%E7%A0%81%E7%AD%9B%E9%80%89%E5%99%A8.vhez,False,True,False
https://www.theguardian.com/uk?q=link+slot+terbaru%E3%80%90pp.bingo%E3%80%91.mkap,False,True,False
https://www.theguardian.com/uk?q=%E8%B0%B7%E6%AD%8C%E6%90%9C%E7%B4%A2%E7%95%99%E7%97%95%E6%8E%A8%E5%B9%BF%2Cgoogle%E7%95%99%E7%97%95%E4%BB%A3%E5%8F%91%28%E9%A3%9E%E6%9C%BA%EF%BC%9A%40trace88%29%E3%8A%99%EF%B8%8F24%E5%B0%8F%E6%97%B6%E6%94%B6%E5%BD%95%EF%BC%8C%E5%85%8D%E8%B4%B9%E6%B5%8B%E8%AF%95%E3%8A%99%EF%B8%8F%E5%A6%82%E4%BD%95%E5%81%9A%E8%B0%B7%E6%AD%8Cseo%E6%8E%A8%E5%B9%BF%E7%95%99%E7%97%95%2C%E8%B0%B7%E6%AD%8C%E7%95%99%E7%97%95%E4%BB%80%E4%B9%88%E6%84%8F%E6%80%9D%2C%E8%B0%B7%E6%AD%8C%E6%B5%8F%E8%A7%88%E5%99%A8%E6%80%8E%E4%B9%88%E7%95%99%E7%97%95%2Cgoogle%E6%90%9C%E7%B4%A2%E7%95%99%E7%97%95%E5%A4%96%E9%93%BE%E4%BB%A3%E5%8F%91%28%E9%A3%9E%E6%9C%BA%EF%BC%9A%40trace88%29%E6%90%9C%E7%B4%A2%E7%95%99%E7%97%95%E6%80%8E%E4%B9%88%E5%81%9A%2Cgoogle%E6%90%9C%E7%B4%A2%E7%95%99%E7%97%95%E8%BD%AF%E4%BB%B6%2C%E8%B0%B7%E6%AD%8C%E7%95%99%E7%97%95%E5%BC%95%E6%B5%81%2Cgoogle%E7%95%99%E7%97%95%E6%8A%80%E6%9C%AF%2C%E8%B0%B7%E6%AD%8C%E6%90%9C%E7%B4%A2%E7%95%99%E7%97%95%E8%9C%98%E8%9B%9B%E6%B1%A0%2Cgoogle%E7%95%99%E7%97%95%E6%94%B6%E5%BD%95%2C%E8%B0%B7%E6%AD%8Cseo%E7%95%99%E7%97%95%2Cgoogle%E7%95%99%E7%97%95%E5%B7%A5%E5%85%B7.hxe.0906,False,True,False
https://www.theguardian.com/uk?q=%E5%BC%80%E4%BA%91%E4%B8%8D%E7%BB%99%E5%87%BA%E6%AC%BE%E6%80%8E%E4%B9%88%E5%8A%9E%EF%BC%9F%E2%96%9BTG%E9%A3%9E%E6%9C%BA+%40LTSH_tg%E2%96%9F%E4%B9%90%E9%B1%BC%E4%B8%8D%E7%BB%99%E5%87%BA%E6%AC%BE%E6%80%8E%E4%B9%88%E5%8A%9E%EF%BC%9F%E2%9C%94%E5%A6%82%E4%BD%95%E5%A4%84%E7%90%86%E8%A2%AB%E9%BB%91%E7%BD%91%E8%B5%8C%E8%B4%A6%E6%88%B7%EF%BC%9F%E3%8A%99%E7%BD%91%E7%BB%9C%E8%B5%8C%E5%8D%9A%E8%A2%AB%E9%AA%97%E6%80%8E%E4%B9%88%E5%8A%9E%EF%BC%9F%E2%96%9BTG%E9%A3%9E%E6%9C%BA+%40LTSH_tg%E2%96%9F%E7%BD%91%E7%BB%9C%E8%B5%8C%E5%8D%9A%E8%A2%AB%E9%AA%97%E4%BA%86%E6%80%8E%E4%B9%88%E5%8A%9E%EF%BC%9F%5B20250810%5D.pmny,False,True,False
https://www.theguardian.com/business/2025/sep/26/500m-thames-water-desalination-plant-has-provided-just-seven-days-water-over-15-years,False,True,False
https://www.theguardian.com/uk?q=%E7%BD%91%E8%B5%8C%E5%B9%B3%E5%8F%B0%E8%A2%AB%E9%BB%91%E6%80%8E%E4%B9%88%E5%8A%9E%EF%BC%9F%E2%96%9BTG%E9%A3%9E%E6%9C%BA+%40LTSH_tg%E2%96%9F%E7%BD%91%E7%BB%9C%E8%B5%8C%E5%8D%9A%E8%A2%AB%E9%AA%97%E4%BA%86%E9%92%B1%E6%80%8E%E4%B9%88%E5%8A%9E%EF%BC%9F%E2%9C%94%E7%BD%91%E7%BB%9C%E8%B5%8C%E5%8D%9A%E8%A2%AB%E9%BB%91%E5%A4%84%E7%90%86%E6%96%B9%E6%B3%95%EF%BC%9F%E3%8A%99%E8%A2%AB%E9%BB%91%E7%9A%84%E7%BD%91%E4%B8%8A%E8%B5%8C%E5%8D%9A%E6%80%8E%E4%B9%88%E5%8A%9E%EF%BC%9F%E2%96%9BTG%E9%A3%9E%E6%9C%BA+%40LTSH_tg%E2%96%9F%E7%BD%91%E7%BB%9C%E8%B5%8C%E5%8D%9A%E8%A2%AB%E9%AA%97%E4%BA%86%E8%A6%81%E6%8A%A5%E8%AD%A6%E5%90%97%EF%BC%9F%5B20250716%5D.rnwg,False,True,False
https://www.theguardian.com/news/ng-interactive/2025/sep/28/you-have-to-live-ukrainians-on-frontline-practice-normality-despite-russian-bombings,False,True,False
https://www.theguardian.com/news/2025/sep/11/hope-fight-ecological-disaster-climate-catastrophe,False,True,False
https://www.theguardian.com/commentisfree/2025/sep/08/noel-clarke-judgment-freedom-press-legal,True,False,False
https://www.theguardian.com/uk?q=ur_TG%E6%A3%80%E6%B5%8B%E7%AD%9B%E9%80%89%E6%80%A7%E5%88%AB%E3%80%90DATE77%E3%80%82CC%E3%80%91.jfz,False,True,False
https://www.theguardian.com/news/ng-interactive/2025/sep/06/xi-jinping-vladimir-putin-kim-jong-un-optics-new-world-order,False,True,False
https://www.theguardian.com/profile/damien-gayle,False,True,False
https://www.theguardian.com/books/2025/sep/11/the-climate-diplomat-by-peter-betts-review-the-most-important-person-youve-never-heard-of,False,True,False
https://www.theguardian.com/uk?q=%E6%80%80%E9%87%8C%E5%8D%A1%E7%BA%A6%E7%82%AEWhatsApp%28telegram%29%3A%2B12252492883%E7%88%AA%E9%BE%99%E7%AD%8B%20%E5%85%BC%E8%81%8C%E5%87%A0%E5%A4%A9%EF%BC%8C%E6%8A%93%E7%B4%A7%E6%97%B6%E9%97%B4%E7%BA%A6%E5%93%A6.yng,False,True,False
https://www.theguardian.com/uk?q=%EC%9C%84%EA%B3%A0%EB%B9%84%EA%B5%AC%ED%95%98%EB%8A%94%EB%B2%95%E2%98%80%ED%85%94%EB%A0%88%40CC8891%ED%81%B4%EB%A0%8C%EB%B6%80%ED%85%8C%EB%A1%A4%EC%95%BD%ED%9A%A8%E2%9D%81%EB%84%A4%EB%B9%84%EB%8F%84%EA%B5%AC%EC%9E%85%E2%85%A6%ED%94%84%EB%A6%AC%EB%AA%A8%ED%8C%90%EB%A7%A4%E2%98%91%ED%81%B4%EB%A0%8C%ED%9A%A8%EB%8A%A5%E2%96%8D%ED%8E%9C%ED%86%A0%EB%B0%94%EB%A5%B4%EB%B9%84%ED%83%88%EA%B5%AC%EC%9E%85%E2%85%A6%ED%94%84%EB%A6%AC%EB%AA%A8%EB%B3%BC%EB%9E%80%EC%8A%A4%ED%83%9D.unx,False,True,False
https://www.theguardian.com/australia-news/live/2025/sep/18/australia-news-live-santos-takeover-2035-emissions-target-chris-bowen-anthony-albanese-sussan-ley-environment-climate-crisis-ntwnfb,False,True,False
https://www.theguardian.com/news/series/the-audio-long-read,False,True,False
https://www.theguardian.com/uk?q=USDT%E6%B7%B7%E5%B8%81%E6%8E%A8%E8%8D%90%E2%AD%90swap99.cc%E2%AD%90USDT%E6%B7%B7%E5%B8%81%E5%99%A8%E6%8E%A8%E8%8D%90.swf,False,True,False
https://www.theguardian.com/environment/2025/sep/05/reform-pro-fracking-stance-could-divide-potential-voters-research,True,False,False
https://www.theguardian.com/uk?q=ST7%E6%8E%A7%E7%9B%98%E4%BB%B7%E6%A0%BC%E8%81%94%E7%B3%BB%E9%A3%9E%E6%9C%BA%F0%9F%9F%A5%E3%80%90%40okpp66%E3%80%91.zhy,False,True,False
https://www.theguardian.com/uk?q=lucky7%E3%80%9066.cyou%E3%80%91.yrjz,False,True,False
https://www.theguardian.com/world/2025/sep/21/protests-philippines-corruption-state-flood,True,False,False
https://www.theguardian.com/science/series/science/podcast.xml,False,True,False
https://www.theguardian.com/uk-news/2025/sep/21/palestine-action-ban-is-a-gift-for-nigel-farage,True,False,False
https://www.theguardian.com/uk?q=%E4%BA%9A%E6%98%9F%E7%99%BB%E5%BD%95%E5%AE%98%E7%BD%91211%E5%BE%AE%2F%E9%9B%BB%3A189-8250-8944.nry,False,True,False
https://www.theguardian.com/uk?q=Sam68+Club%E3%80%90PG88.QPON%E3%80%91.rlok,False,True,False
https://www.theguardian.com/news/gallery/2025/sep/29/federal-show-of-force-going-to-school-by-boat-photos-of-the-day-monday,False,True,False
https://www.theguardian.com/uk?q=Is%20Stilwellinvest.com%20Safe%3F%20-%20Protracefunds%20Quick%20Summary.nar,False,True,False
https://www.theguardian.com/world/2025/sep/19/mass-protest-expected-in-philippines-capital-amid-public-fury-over-alleged-corruption-in-government-projects,True,False,False
https://www.theguardian.com/uk?q=WhatsApp%E4%BA%91%E6%8E%A7%E6%B3%A8%E5%86%8C%E8%BD%AF%E4%BB%B6/%F0%9F%94%A5-%28%E8%AE%A4%E5%87%86%E5%A4%A7%E8%BD%A9TG:%40TC2397431747%29%E2%9A%A1%EF%B8%8F%E4%B8%93%E4%B8%9A%E8%B0%B7%E6%AD%8C%E9%9C%B8%E5%B1%8Fws%E7%AD%9B%E9%80%89%E5%B7%A5%E5%85%B7/ws%E5%8D%8F%E8%AE%AE%E5%8F%B7/ws%E7%BE%A4%E5%8F%91.hnro,False,True,False
https://www.theguardian.com/uk?q=%E5%88%9B%E8%81%94%E5%A8%B1%E4%B9%90%E2%9C%94%E5%88%9B%E8%81%94%E5%A8%B1%E4%B9%90app%E2%96%9B3808.bet%E2%96%9F%E5%88%9B%E8%81%94%E5%A8%B1%E4%B9%90%E6%80%8E%E4%B9%88%E5%BC%80%E6%88%B7%E3%8A%99%E5%88%9B%E8%81%94%E5%A8%B1%E4%B9%90%E5%BC%80%E6%88%B7%E2%96%9B3808.bet%E2%96%9F%E5%88%9B%E8%81%94%E5%A8%B1%E4%B9%90%E5%A8%B1%E4%B9%90%5B20250814%5D.xhro,False,True,False
https://www.theguardian.com/us-news/2025/sep/22/first-thing-trump-says-he-hates-his-opponents-at-charlie-kirk-memorial-attended-by-tens-of-thousands,True,False,False
https://www.theguardian.com/uk?q=loto%E3%80%9066.cyou%E3%80%91.xnwf,False,True,False
https://www.theguardian.com/news/series/the-audio-long-read/podcast.xml,False,True,False
https://www.theguardian.com/uk?q=bola%20bet%20new%20(URL%EF%BC%9Awinbet899.art)%F0%9F%92%AFlgzib,False,True,False
https://www.theguardian.com/politics/2025/sep/09/reality-begins-to-kick-in-for-badenoch-though-its-not-really-her-fault,False,True,False
https://www.theguardian.com/environment/2025/sep/01/im-obsessed-with-deep-sea-sharks-endangered-threat-bottom-trawling-ocean-mining,False,True,False
https://www.theguardian.com/uk?q=%E6%8E%A8%E7%89%B9%E8%87%AA%E5%8A%A8%E5%8F%91%E6%B6%88%E6%81%AF%E7%A5%9E%E5%99%A8%F0%9F%91%91-%28%E8%AE%A4%E5%87%86%E5%A4%A9%E5%AE%87TG:%40cjhshk199937%29%E3%8A%97%EF%B8%8F%E4%B8%93%E4%B8%9A%E8%B0%B7%E6%AD%8C%E9%9C%B8%E5%B1%8FTwitter%E7%A7%81%E4%BF%A1%E5%BC%95%E6%B5%81%E5%8A%A9%E6%89%8B/Twitter%E7%BE%A4%E5%8F%91%E8%BD%AF%E4%BB%B6.yjtn,False,True,False
https://www.theguardian.com/uk?q=AApoker%E5%BE%B7%E5%B7%9E%E9%80%8F%E8%A7%86%E6%8C%82%E4%BD%9C%E5%BC%8A%E8%BE%85%E5%8A%A9%28QQ%3A77655629%29AApoker%E9%80%8F%E8%A7%86%E4%BD%9C%E5%BC%8A%E5%99%A8%2F%E5%BE%B7%E5%B7%9E%E6%89%91%E5%85%8B%E9%80%8F%E8%A7%86%E5%A4%96%E6%8C%82%2FAApoker%E4%BD%9C%E5%BC%8A%E5%99%A8%E5%BE%AE%E6%89%91%E5%85%8B%E5%A4%96%E6%8C%82%2F%E5%BE%B7%E5%B7%9E%E6%89%91%E5%85%8B%E8%BE%85%E5%8A%A9%E5%99%A8%E5%A4%96%E6%8C%82%2Fwpk%E9%80%8F%E8%A7%86%E6%8C%82%E8%BE%85%E5%8A%A9%2F%E5%BE%AE%E6%89%91%E5%85%8B%E5%A4%96%E6%8C%82.dfs,False,True,False
https://www.theguardian.com/uk-news/2025/sep/22/more-than-150-lawyers-and-refugee-ngos-report-being-pressured-into-silence-by-far-right-protesters,True,False,False
https://www.theguardian.com/uk?q=%E4%B8%80%E8%A1%8C%E4%B8%80%E4%B8%AA%E6%A0%87%E9%A2%98.iqs,False,True,False
https://www.theguardian.com/uk?q=NHAT+VIP%E3%80%9008.CYOU%E3%80%91.bnlj,False,True,False
https://www.theguardian.com/world/2025/sep/26/activist-arrested-ladakh-crackdown-modi-sonam-wangchuk,True,False,False
https://www.theguardian.com/film/2025/sep/17/push-back-or-they-will-eat-you-alive-james-cromwell-on-life-as-hollywood-biggest-troublemaker,True,False,False
https://www.theguardian.com/uk?q=wellbet%E3%80%90PG99.SPA%E3%80%91.dxsn,False,True,False
https://www.theguardian.com/environment/2025/sep/23/billionaires-musk-divide-distract-humanity-come-together-resist,False,True,False
https://www.theguardian.com/uk?q=%E6%97%A5%E6%9C%ACOCN%20Mobile%20ONE%E5%AE%9E%E4%BD%93sim%E5%8D%A1TG%E9%A3%9E%E6%9C%BA@esim1088,False,True,False
https://www.theguardian.com/uk?q=USDTONE%20ensures%20the%20safest%20trades%20for%20investors..gvb,False,True,False
https://www.theguardian.com/environment/food,False,True,False
https://www.theguardian.com/uk?q=%E6%BE%B3%E9%97%A8%E5%93%AA%E9%87%8C%E6%9C%89%E5%8D%96%E6%91%87%E5%A4%B4%E4%B8%B8%28%E5%BE%AEayackk%EF%BC%89%E4%BF%A1%E8%AA%89%E7%AC%AC%E4%B8%80%E6%B8%A0%E9%81%93%E7%A8%B3%E5%AE%9A.mki,False,True,False
https://www.theguardian.com/uk?q=%E5%89%B5%E4%BA%AB%E5%95%9F%E7%A8%8B%E8%A9%90%E9%A8%99%E6%98%AF%E7%9C%9F%E7%9A%84%E5%97%8E%EF%BC%9F%E5%8F%B0%E8%A8%8A%E6%99%82%E5%A0%B1%EF%BC%9A%E5%89%B5%E4%BA%AB%E5%95%9F%E7%A8%8B%E4%B8%8D%E6%98%AF%E8%A9%90%E9%A8%99%E3%80%82%E7%82%BA%E6%94%B9%E5%96%84%E5%81%8F%E9%84%89%E5%AD%A9%E7%AB%A5%E9%AB%94%E9%81%A9%E8%83%BD%E7%8B%80%E6%B3%81%EF%BC%8C%E5%89%B5%E4%BA%AB%E5%95%9F%E7%A8%8B%E5%89%B5%E8%BE%A6%E3%80%8C%E5%8B%95%E8%B5%B7%E4%BE%86%E9%AB%94%E8%82%B2%E5%85%AC%E7%9B%8A%E7%87%9F%E3%80%8D%EF%BC%8C%E7%B5%90%E5%90%88%E9%AB%94%E8%83%BD%E6%B4%BB%E5%8B%95%E8%88%87%E5%BF%83%E7%90%86%E6%88%90%E9%95%B7%E8%AA%B2%E7%A8%8B%EF%BC%8C%E6%8F%90%E5%8D%87%E5%AD%A9%E7%AB%A5%E8%87%AA%E4%BF%A1%E8%88%87%E5%90%88%E4%BD%9C%E5%8A%9B%E3%80%82%E4%BB%96%E9%82%80%E8%AB%8B%E5%B0%88%E6%A5%AD%E6%95%99%E7%B7%B4%E8%88%87%E5%B8%AB%E8%B3%87%E6%B7%B1%E5%85%A5%E5%B1%B1%E5%8D%80%E8%88%89%E8%BE%A6%E7%87%9F%E9%9A%8A%EF%BC%8C%E8%AE%93%E8%B3%87%E6%BA%90%E4%B8%8D%E8%B6%B3%E7%9A%84%E5%AD%B8%E6%A0%A1%E4%B9%9F%E8%83%BD%E4%BA%AB%E6%9C%89%E9%AB%98%E5%93%81%E8%B3%AA%E9%AB%94%E8%82%B2%E6%95%99%E8%82%B2%E3%80%82%E5%89%B5%E4%BA%AB%E5%95%9F%E7%A8%8B%E6%8C%87%E5%87%BA%EF%BC%8C%E9%AB%94%E8%82%B2%E6%98%AF%E4%BF%83%E9%80%B2%E5%81%A5%E5%BA%B7%E8%88%87%E5%93%81%E6%A0%BC%E9%A4%8A%E6%88%90%E7%9A%84%E6%9C%80%E4%BD%B3%E5%B7%A5%E5%85%B7%EF%BC%8C%E5%85%AC%E7%9B%8A%E4%B8%8D%E6%87%89%E5%BF%BD%E7%95%A5%E5%AD%A9%E5%AD%90%E7%9A%84%E8%BA%AB%E9%AB%94%E7%99%BC%E5%B1%95%E3%80%82%E4%BB%96%E5%A0%85%E6%8C%81%E8%AE%93%E6%AF%8F%E4%BD%8D%E5%AD%A9%E5%AD%90%E9%83%BD%E8%83%BD%E5%9C%A8%E9%81%8B%E5%8B%95%E4%B8%AD%E6%89%BE%E5%88%B0%E8%87%AA%E6%88%91%E5%83%B9%E5%80%BC%E8%88%87%E6%AD%A1%E7%AC%91%E3%80%82.oka,False,True,False
https://www.theguardian.com/uk?pStoreID=newegg%E4%B8%89%E7%BD%91%E5%AE%9A%E4%BD%8D%E6%9F%A5%E8%AF%A2%E6%9F%90%E4%B8%AA%E4%BA%BA%E5%90%8D%E4%B8%8B%E6%89%80%E6%9C%89%E6%88%BF%E4%BA%A7.%E6%9C%80%E6%96%B0%E6%95%B0%E6%8D%AE%E7%9A%84%E6%BA%90%E5%A4%B4%E5%9C%A8%E7%BA%BF%E7%A4%BE%E5%B7%A5%E5%BA%93%E6%9F%A5%E8%AF%A2%E7%B3%BB%E7%BB%9F%E2%9C%94%EF%B8%8Fshegongx.com,False,True,False
https://www.theguardian.com/uk?q=ws%E7%AD%9B%E9%80%89%E5%8A%9F%E8%83%BD%E7%AD%9B%E9%80%89%E8%BD%AF%E4%BB%B6/ws%E7%AD%9B%E9%80%89%E6%9C%89%E6%95%88/ws%E7%AD%9B%E9%80%89%E6%9C%89%E6%95%88%E5%90%8D%E5%8D%95%F0%9F%91%91-%28%E8%AE%A4%E5%87%86%E5%A4%A9%E5%AE%87TG:%40cjhshk199937%29%E3%8A%97%EF%B8%8F%E4%B8%93%E4%B8%9A%E8%B0%B7%E6%AD%8C%E9%9C%B8%E5%B1%8Fwhatsapp%E7%AD%9B%E9%80%89%E5%99%A8/ws%E5%8F%B7%E7%A0%81%E7%AD%9B%E9%80%89%E5%99%A8.eqnf,False,True,False
https://www.theguardian.com/uk?q=%E8%B0%B7%E6%AD%8C%E6%90%9C%E7%B4%A2%E7%95%99%E7%97%95%E6%8E%A8%E5%B9%BF%2Cgoogle%E7%95%99%E7%97%95%E4%BB%A3%E5%8F%91%28%E7%94%B5%E6%8A%A5%EF%BC%9A%40trace88%29%E3%8A%99%EF%B8%8F24%E5%B0%8F%E6%97%B6%E6%94%B6%E5%BD%95%EF%BC%8C%E5%85%8D%E8%B4%B9%E6%B5%8B%E8%AF%95%E3%8A%99%EF%B8%8F%E8%B0%B7%E6%AD%8Cseo%E7%95%99%E7%97%95%2Cgoogle%E7%95%99%E7%97%95%E5%B7%A5%E5%85%B7%2C%E8%B0%B7%E6%AD%8C%E6%90%9C%E7%B4%A2%E7%95%99%E7%97%95%E8%9C%98%E8%9B%9B%E6%B1%A0%2Cgoogle%E7%95%99%E7%97%95%E6%94%B6%E5%BD%95%28%E7%94%B5%E6%8A%A5%EF%BC%9A%40trace88%29%E5%A6%82%E4%BD%95%E5%81%9A%E8%B0%B7%E6%AD%8Cseo%E6%8E%A8%E5%B9%BF%E7%95%99%E7%97%95%2C%E8%B0%B7%E6%AD%8C%E7%95%99%E7%97%95%E4%BB%80%E4%B9%88%E6%84%8F%E6%80%9D%2C%E6%90%9C%E7%B4%A2%E7%95%99%E7%97%95%E6%80%8E%E4%B9%88%E5%81%9A%2Cgoogle%E6%90%9C%E7%B4%A2%E7%95%99%E7%97%95%E8%BD%AF%E4%BB%B6%2C%E8%B0%B7%E6%AD%8C%E7%95%99%E7%97%95%E5%BC%95%E6%B5%81%2Cgoogle%E7%95%99%E7%97%95%E6%8A%80%E6%9C%AF%2C%E8%B0%B7%E6%AD%8C%E6%B5%8F%E8%A7%88%E5%99%A8%E6%80%8E%E4%B9%88%E7%95%99%E7%97%95%2Cgoogle%E6%90%9C%E7%B4%A2%E7%95%99%E7%97%95%E5%A4%96%E9%93%BE%E4%BB%A3%E5%8F%91.hxy.0728,False,True,False
https://www.theguardian.com/commentisfree/2025/sep/20/journalist-40-years-forces-profession-power,False,True,False
https://www.theguardian.com/environment/climate-crisis+activism,False,True,False
https://www.theguardian.com/uk?q=%E4%BA%9A%E6%98%9F%E5%AE%98%E7%BD%91%E5%8C%85%E6%9D%80%E5%8C%85%E8%B5%A2%E5%BE%AE%2F%E9%9B%BB%3A180-4215-2624.srd,False,True,False
https://www.theguardian.com/uk?q=WhatsApp%E6%8B%89%E7%BE%A4%E8%BD%AF%E4%BB%B6%F0%9F%91%91-%28%E8%AE%A4%E5%87%86%E5%A4%A9%E5%AE%87TG:%40cjhshk199937%29%E3%8A%97%EF%B8%8F%E4%B8%93%E4%B8%9A%E8%B0%B7%E6%AD%8C%E9%9C%B8%E5%B1%8FWS%E6%8B%89%E7%BE%A4%E8%BD%AF%E4%BB%B6/Ws%E6%8B%89%E7%BE%A4%E5%B7%A5%E5%85%B7/WS%E8%87%AA%E5%8A%A8%E6%8B%89%E7%BE%A4.sebn,False,True,False
https://www.theguardian.com/uk?pStoreID=newegg/gb-en/shop?pStoreID=newegg/1000TapSGK%E7%A4%BE%E5%B7%A5%E5%BA%93%E2%9C%94%EF%B8%8F+sheggg.com+%E7%A4%BE%E5%B7%A5%E5%BA%93%E6%9C%BA%E5%99%A8%E4%BA%BA%E6%9F%A5%E4%B8%80%E8%B5%B7%E5%BC%80%E6%88%BF%E4%BA%BA%E8%AE%B0%E5%BD%95%E8%B5%84%E6%96%99%E6%9C%80%E5%85%A8%E7%9A%84ingeek%E7%A4%BE%E5%B7%A5%E5%BA%93,False,True,False
https://www.theguardian.com/uk?q=di_%E8%8B%B1%E5%9B%BD%E7%81%AB%E5%B8%81%E6%95%B0%E6%8D%AE%E3%80%90DT58%E3%80%82CC%E3%80%91.vwy,False,True,False
https://www.theguardian.com/uk?q=%E6%9D%A5%E7%8E%A9%E5%BE%B7%E5%B7%9E%E6%89%91%E5%85%8B%E9%80%8F%E8%A7%86%E8%BE%85%E5%8A%A9%E8%BD%AF%E4%BB%B6%E6%8C%82%EF%BC%88%E4%BA%86%E8%A7%A3%2B%E5%A8%81%E4%BF%A1%3A6767964%EF%BC%89%E6%9D%A5%E7%8E%A9%E5%BE%B7%E5%B7%9E%E6%89%91%E5%85%8B%E9%80%8F%E8%A7%86%E4%BD%9C%E5%BC%8A%E5%99%A8%2F%E5%BE%B7%E5%B7%9E%E6%89%91%E5%85%8B%E9%80%8F%E8%A7%86%E5%A4%96%E6%8C%82%2F%E6%9D%A5%E7%8E%A9%E5%BE%B7%E5%B7%9E%E6%89%91%E5%85%8B%E4%BD%9C%E5%BC%8A%E5%99%A8%E5%BE%AE%E6%89%91%E5%85%8B%E5%A4%96%E6%8C%82%2F%E5%BE%B7%E5%B7%9E%E6%89%91%E5%85%8B%E8%BE%85%E5%8A%A9%E5%99%A8%E5%A4%96%E6%8C%82%2Fwpk%E9%80%8F%E8%A7%86%E6%8C%82%E8%BE%85%E5%8A%A9%2F%E5%BE%AE%E6%89%91%E5%85%8B%E5%A4%96%E6%8C%82.zly,False,True,False
https://www.theguardian.com/environment/series/down-to-earth,False,True,False
